ean,product_id,manufacturer,article_type,source_file,tyre_width,tyre_aspect_ratio,tyre_construction,tyre_diameter,tyre_load_index,tyre_speed_index,tyre_tread,tyre_tt_tl,provider,rim_width,rim_diameter,rim_offset,rim_color,rim_load_index,rim_speed_index
3188649811151,ART002593,DUNLOP,REIFEN,03.csv,,175,,15,84,H,,,03,,,,,,
3188649813858,ART002878,DUNLOP,REIFEN,03.csv,,235,,16,115,R,,,03,,,,,,
3188649815197,ART003303,DUNLOP,REIFEN,03.csv,,245,,18,104,V,,,03,,,,,,
3188649817955,ART003021,DUNLOP,REIFEN,03.csv,,195,,16,87,T,,,03,,,,,,
3188649818570,ART003032,DUNLOP,REIFEN,03.csv,,185,,14,82,H,,,03,,,,,,
3188649818587,ART003034,DUNLOP,REIFEN,03.csv,,185,,15,88,H,,,03,,,,,,
3188649818662,ART003041,DUNLOP,REIFEN,03.csv,,195,,15,85,H,,,03,,,,,,
3188649818679,ART003042,DUNLOP,REIFEN,03.csv,,195,,15,85,V,,,03,,,,,,
3188649818723,ART003028,DUNLOP,REIFEN,03.csv,,195,,15,95,H,,,03,,,,,,
3188649819225,ART003027,DUNLOP,REIFEN,03.csv,,195,,15,91,H,,,03,,,,,,
3188649819256,ART003044,DUNLOP,REIFEN,03.csv,,205,,16,91,V,,,03,,,,,,
3188649819263,ART003045,DUNLOP,REIFEN,03.csv,,205,,16,91,W,,,03,,,,,,
3188649819287,ART003046,DUNLOP,REIFEN,03.csv,,215,,16,93,V,,,03,,,,,,
3188649819324,ART003017,DUNLOP,REIFEN,03.csv,,215,,17,91,Y,,,03,,,,,,
3188649820504,ART003310,DUNLOP,REIFEN,03.csv,,195,,15,91,T,,,03,,,,,,
3188649821730,ART003023,DUNLOP,REIFEN,03.csv,,215,,18,95,H,,,03,,,,,,
3188649821808,ART003687,DUNLOP,REIFEN,03.csv,,205,,17,88,W,,,03,,,,,,
3286340296113,ART039232,BRIDGESTONE,REIFEN,03.csv,,245,,17,95,W,,,03,,,,,,
3286340451918,ART002257,BRIDGESTONE,REIFEN,03.csv,,185,,16,86,H,,,03,,,,,,
3286340535519,ART006261,BRIDGESTONE,REIFEN,03.csv,,245,,20,95,Y,,,03,,,,,,
3286340618618,ART003999,BRIDGESTONE,REIFEN,03.csv,,225,,17,94,H,,,03,,,,,,
3286340646918,ART005627,BRIDGESTONE,REIFEN,03.csv,,245,,19,93,Y,,,03,,,,,,
3286340655613,ART003791,BRIDGESTONE,REIFEN,03.csv,,245,,16,111,S,,,03,,,,,,
3286340767118,ART005634,BRIDGESTONE,REIFEN,03.csv,,225,,18,95,H,,,03,,,,,,
3286340786119,ART005884,BRIDGESTONE,REIFEN,03.csv,,185,,16,81,H,,,03,,,,,,
3286340874816,ART009136,BRIDGESTONE,REIFEN,03.csv,,205,,17,84,V,,,03,,,,,,
3286340878913,ART039350,BRIDGESTONE,REIFEN,03.csv,,205,,17,84,W,,,03,,,,,,
3286340890410,ART010723,BRIDGESTONE,REIFEN,03.csv,,195,,15,91,H,,,03,,,,,,
3286340925914,ART006731,BRIDGESTONE,REIFEN,03.csv,,175,,19,86,Q,,,03,,,,,,
3286340936316,ART011363,BRIDGESTONE,REIFEN,03.csv,,225,,19,93,W,,,03,,,,,,
3286340936811,ART039628,BRIDGESTONE,REIFEN,03.csv,,235,,20,96,H,,,03,,,,,,
3286340990417,ART011791,BRIDGESTONE,REIFEN,03.csv,,245,,19,98,Y,,,03,,,,,,
3286340998819,ART009432,BRIDGESTONE,REIFEN,03.csv,,225,,18,104,H,,,03,,,,,,
3286340998918,ART009435,BRIDGESTONE,REIFEN,03.csv,,245,,19,105,V,,,03,,,,,,
3286340999014,ART009436,BRIDGESTONE,REIFEN,03.csv,,225,,18,104,H,,,03,,,,,,
3286341003017,ART014868,BRIDGESTONE,REIFEN,03.csv,,225,,18,92,V,,,03,,,,,,
3286341003314,ART008794,BRIDGESTONE,REIFEN,03.csv,,245,,18,100,H,,,03,,,,,,
3286341005615,ART015568,BRIDGESTONE,REIFEN,03.csv,,225,,17,102,V,,,03,,,,,,
3286341006315,ART013196,BRIDGESTONE,REIFEN,03.csv,,275,,21,103,Y,,,03,,,,,,
3286341043518,ART011368,BRIDGESTONE,REIFEN,03.csv,,225,,18,91,W,,,03,,,,,,
3286341087512,ART010746,BRIDGESTONE,REIFEN,03.csv,,195,,15,85,V,,,03,,,,,,
3286341374612,ART013597,BRIDGESTONE,REIFEN,03.csv,,205,,16,94,W,,,03,,,,,,
3286341388411,ART017945,BRIDGESTONE,REIFEN,03.csv,,235,,19,101,V,,,03,,,,,,
3286341390414,ART013614,BRIDGESTONE,REIFEN,03.csv,,245,,18,97,Y,,,03,,,,,,
3286341397710,ART014872,BRIDGESTONE,REIFEN,03.csv,,225,,17,91,H,,,03,,,,,,
3286341401219,ART012183,BRIDGESTONE,REIFEN,03.csv,,225,,19,92,W,,,03,,,,,,
3286341503616,ART014884,BRIDGESTONE,REIFEN,03.csv,,225,,17,106,H,,,03,,,,,,
3286341506914,ART014894,BRIDGESTONE,REIFEN,03.csv,,255,,18,112,V,,,03,,,,,,
3286341507317,ART014896,BRIDGESTONE,REIFEN,03.csv,,235,,18,110,H,,,03,,,,,,
3286341513615,ART039740,BRIDGESTONE,REIFEN,03.csv,,275,,22,107,V,,,03,,,,,,
3286341516517,ART014908,BRIDGESTONE,REIFEN,03.csv,,175,,14,88,T,,,03,,,,,,
3286341516814,ART014911,BRIDGESTONE,REIFEN,03.csv,,185,,15,84,T,,,03,,,,,,
3286341517217,ART014913,BRIDGESTONE,REIFEN,03.csv,,175,,15,88,T,,,03,,,,,,
3286341517316,ART014914,BRIDGESTONE,REIFEN,03.csv,,185,,15,88,T,,,03,,,,,,
3286341530117,ART014922,BRIDGESTONE,REIFEN,03.csv,,195,,16,87,H,,,03,,,,,,
3286341531015,ART014929,BRIDGESTONE,REIFEN,03.csv,,205,,16,96,H,,,03,,,,,,
3286341531411,ART014932,BRIDGESTONE,REIFEN,03.csv,,205,,17,88,V,,,03,,,,,,
3286341533712,ART014950,BRIDGESTONE,REIFEN,03.csv,,215,,18,93,V,,,03,,,,,,
3286341535419,ART019202,BRIDGESTONE,REIFEN,03.csv,,235,,19,99,V,,,03,,,,,,
3286341535716,ART014958,BRIDGESTONE,REIFEN,03.csv,,245,,20,95,W,,,03,,,,,,
3286341535815,ART014959,BRIDGESTONE,REIFEN,03.csv,,255,,20,97,W,,,03,,,,,,
3286341536010,ART014960,BRIDGESTONE,REIFEN,03.csv,,195,,20,95,H,,,03,,,,,,
3286341657517,ART039701,BRIDGESTONE,REIFEN,03.csv,,225,,17,94,Y,,,03,,,,,,
3286341671711,ART019207,BRIDGESTONE,REIFEN,03.csv,,225,,18,95,V,,,03,,,,,,
3286341672411,ART013664,FIRESTONE,REIFEN,03.csv,,205,,17,93,V,,,03,,,,,,
3286341672619,ART031231,FIRESTONE,REIFEN,03.csv,,165,,15,81,H,,,03,,,,,,
3286341672718,ART013665,FIRESTONE,REIFEN,03.csv,,195,,16,89,H,,,03,,,,,,
3286341673012,ART013666,FIRESTONE,REIFEN,03.csv,,195,,16,91,H,,,03,,,,,,
3286341673111,ART031233,FIRESTONE,REIFEN,03.csv,,175,,14,86,T,,,03,,,,,,
3286341673319,ART013668,FIRESTONE,REIFEN,03.csv,,185,,15,88,H,,,03,,,,,,
3286341673418,ART013669,FIRESTONE,REIFEN,03.csv,,205,,16,91,H,,,03,,,,,,
3286341673517,ART031234,FIRESTONE,REIFEN,03.csv,,215,,16,97,V,,,03,,,,,,
3286341673616,ART013670,FIRESTONE,REIFEN,03.csv,,205,,16,94,V,,,03,,,,,,
3286341673814,ART013671,FIRESTONE,REIFEN,03.csv,,195,,15,88,H,,,03,,,,,,
3286341673913,ART013672,FIRESTONE,REIFEN,03.csv,,185,,15,92,H,,,03,,,,,,
3286341674019,ART013673,FIRESTONE,REIFEN,03.csv,,225,,17,99,V,,,03,,,,,,
3286341674217,ART031236,FIRESTONE,REIFEN,03.csv,,195,,15,86,H,,,03,,,,,,
3286341674316,ART013675,FIRESTONE,REIFEN,03.csv,,185,,14,86,H,,,03,,,,,,
3286341674514,ART031237,FIRESTONE,REIFEN,03.csv,,165,,14,83,T,,,03,,,,,,
3286341674712,ART031238,FIRESTONE,REIFEN,03.csv,,195,,16,84,V,,,03,,,,,,
3286341674910,ART013676,FIRESTONE,REIFEN,03.csv,,225,,17,94,V,,,03,,,,,,
3286341675016,ART031240,FIRESTONE,REIFEN,03.csv,,185,,15,86,H,,,03,,,,,,
3286341675115,ART013677,FIRESTONE,REIFEN,03.csv,,195,,16,91,V,,,03,,,,,,
3286341675214,ART013678,FIRESTONE,REIFEN,03.csv,,225,,17,101,W,,,03,,,,,,
3286341675313,ART031241,FIRESTONE,REIFEN,03.csv,,215,,17,98,W,,,03,,,,,,
3286341675412,ART031242,FIRESTONE,REIFEN,03.csv,,185,,15,92,T,,,03,,,,,,
3286341675511,ART031243,FIRESTONE,REIFEN,03.csv,,225,,18,92,Y,,,03,,,,,,
3286341675610,ART031244,FIRESTONE,REIFEN,03.csv,,225,,17,98,V,,,03,,,,,,
3286341675719,ART013679,FIRESTONE,REIFEN,03.csv,,215,,17,95,W,,,03,,,,,,
3286341675917,ART013681,FIRESTONE,REIFEN,03.csv,,175,,15,88,H,,,03,,,,,,
3286341676013,ART031245,FIRESTONE,REIFEN,03.csv,,175,,14,88,T,,,03,,,,,,
3286341676112,ART031246,FIRESTONE,REIFEN,03.csv,,185,,14,90,H,,,03,,,,,,
3286341676211,ART031247,FIRESTONE,REIFEN,03.csv,,205,,17,95,V,,,03,,,,,,
3286341676716,ART013682,FIRESTONE,REIFEN,03.csv,,225,,17,102,H,,,03,,,,,,
3286341676815,ART031251,FIRESTONE,REIFEN,03.csv,,215,,17,100,V,,,03,,,,,,
3286341676914,ART013683,FIRESTONE,REIFEN,03.csv,,235,,17,108,V,,,03,,,,,,
3286341677119,ART031252,FIRESTONE,REIFEN,03.csv,,235,,18,107,V,,,03,,,,,,
3286341677218,ART013685,FIRESTONE,REIFEN,03.csv,,215,,16,102,V,,,03,,,,,,
3286341677317,ART013686,FIRESTONE,REIFEN,03.csv,,235,,17,103,V,,,03,,,,,,
3286341764215,ART017966,BRIDGESTONE,REIFEN,03.csv,,225,,18,95,W,,,03,,,,,,
3286341770513,ART014972,BRIDGESTONE,REIFEN,03.csv,,185,,15,86,H,,,03,,,,,,
3286341801118,ART019240,FIRESTONE,REIFEN,03.csv,,255,,19,107,V,,,03,,,,,,
3286341801613,ART019243,FIRESTONE,REIFEN,03.csv,,215,,16,102,H,,,03,,,,,,
3286341803716,ART019252,FIRESTONE,REIFEN,03.csv,,185,,15,88,T,,,03,,,,,,
3286341803914,ART019253,FIRESTONE,REIFEN,03.csv,,205,,16,91,T,,,03,,,,,,
3286341804713,ART019258,FIRESTONE,REIFEN,03.csv,,185,,15,92,T,,,03,,,,,,
3286341805116,ART019261,FIRESTONE,REIFEN,03.csv,,195,,15,85,H,,,03,,,,,,
3286341805215,ART019262,FIRESTONE,REIFEN,03.csv,,235,,17,103,V,,,03,,,,,,
3286341805918,ART031289,FIRESTONE,REIFEN,03.csv,,235,,17,97,V,,,03,,,,,,
3286341806113,ART019268,FIRESTONE,REIFEN,03.csv,,205,,16,92,H,,,03,,,,,,
3286341806311,ART031290,FIRESTONE,REIFEN,03.csv,,245,,18,97,V,,,03,,,,,,
3286341806410,ART019270,FIRESTONE,REIFEN,03.csv,,225,,17,94,V,,,03,,,,,,
3286341806816,ART019273,FIRESTONE,REIFEN,03.csv,,215,,18,99,V,,,03,,,,,,
3286341807912,ART019281,FIRESTONE,REIFEN,03.csv,,245,,17,99,V,,,03,,,,,,
3286341808216,ART031292,FIRESTONE,REIFEN,03.csv,,255,,19,100,V,,,03,,,,,,
3286341809114,ART019291,FIRESTONE,REIFEN,03.csv,,215,,17,95,V,,,03,,,,,,
3286341809312,ART031294,FIRESTONE,REIFEN,03.csv,,255,,19,96,V,,,03,,,,,,
3286341809411,ART019292,FIRESTONE,REIFEN,03.csv,,215,,16,93,H,,,03,,,,,,
3286341830316,ART017974,BRIDGESTONE,REIFEN,03.csv,,255,,20,92,Y,,,03,,,,,,
3286341832617,ART015023,FIRESTONE,REIFEN,03.csv,,195,,16,104,T,,,03,,,,,,
3286341833218,ART015026,FIRESTONE,REIFEN,03.csv,,215,,16,113,R,,,03,,,,,,
3286341833317,ART015027,FIRESTONE,REIFEN,03.csv,,195,,16,107,R,,,03,,,,,,
3286341833416,ART015028,FIRESTONE,REIFEN,03.csv,,205,,16,110,R,,,03,,,,,,
3286341833515,ART015029,FIRESTONE,REIFEN,03.csv,,215,,15,109,R,,,03,,,,,,
3286341833713,ART015030,FIRESTONE,REIFEN,03.csv,,195,,15,104,R,,,03,,,,,,
3286341858112,ART017976,BRIDGESTONE,REIFEN,03.csv,,255,,19,103,T,,,03,,,,,,
3286341866810,ART017978,BRIDGESTONE,REIFEN,03.csv,,235,,18,94,W,,,03,,,,,,
3286341873313,ART014978,BRIDGESTONE,REIFEN,03.csv,,215,,18,92,V,,,03,,,,,,
3286341889918,ART039751,BRIDGESTONE,REIFEN,03.csv,,265,,16,112,R,,,03,,,,,,
3286341890013,ART019213,BRIDGESTONE,REIFEN,03.csv,,265,,17,112,R,,,03,,,,,,
3286341890112,ART039752,BRIDGESTONE,REIFEN,03.csv,,265,,18,110,R,,,03,,,,,,
3286341891218,ART019214,BRIDGESTONE,REIFEN,03.csv,,225,,18,100,S,,,03,,,,,,
3286341894813,ART039788,BRIDGESTONE,REIFEN,03.csv,,275,,16,114,R,,,03,,,,,,
3286341895315,ART019218,BRIDGESTONE,REIFEN,03.csv,,225,,16,103,S,,,03,,,,,,
3286341895612,ART019220,BRIDGESTONE,REIFEN,03.csv,,285,,20,116,T,,,03,,,,,,
3286341895711,ART039794,BRIDGESTONE,REIFEN,03.csv,,265,,15,112,R,,,03,,,,,,
3286341896718,ART039804,BRIDGESTONE,REIFEN,03.csv,,285,,18,116,R,,,03,,,,,,
3286341923612,ART017982,BRIDGESTONE,REIFEN,03.csv,,205,,16,92,H,,,03,,,,,,
3286341925814,ART016531,BRIDGESTONE,REIFEN,03.csv,,215,,19,93,T,,,03,,,,,,
3286341935516,ART042211,BRIDGESTONE,REIFEN,03.csv,,215,,18,89,Y,,,03,,,,,,
3286341936216,ART019295,FIRESTONE,REIFEN,03.csv,,195,,15,86,H,,,03,,,,,,
3286341936513,ART019298,FIRESTONE,REIFEN,03.csv,,225,,19,96,V,,,03,,,,,,
3286341937817,ART019448,BRIDGESTONE,REIFEN,03.csv,,175,,15,88,H,,,03,,,,,,
3286341937916,ART019449,BRIDGESTONE,REIFEN,03.csv,,185,,15,86,H,,,03,,,,,,
3286341938111,ART019451,BRIDGESTONE,REIFEN,03.csv,,185,,15,88,V,,,03,,,,,,
3286341938210,ART019452,BRIDGESTONE,REIFEN,03.csv,,185,,15,92,V,,,03,,,,,,
3286341938517,ART019454,BRIDGESTONE,REIFEN,03.csv,,195,,15,82,V,,,03,,,,,,
3286341938913,ART019458,BRIDGESTONE,REIFEN,03.csv,,195,,15,92,V,,,03,,,,,,
3286341939316,ART019461,BRIDGESTONE,REIFEN,03.csv,,195,,15,95,V,,,03,,,,,,
3286341940312,ART019469,BRIDGESTONE,REIFEN,03.csv,,205,,15,99,V,,,03,,,,,,
3286341954616,ART039820,BRIDGESTONE,REIFEN,03.csv,,205,,16,110,R,,,03,,,,,,
3286341960112,ART019226,BRIDGESTONE,REIFEN,03.csv,,215,,17,99,H,,,03,,,,,,
3286341960518,ART039722,BRIDGESTONE,REIFEN,03.csv,,215,,18,95,T,,,03,,,,,,
3286342045115,ART042151,BRIDGESTONE,REIFEN,03.csv,,225,,17,106,V,,,03,,,,,,
3286342045719,ART042163,BRIDGESTONE,REIFEN,03.csv,,245,,17,111,V,,,03,,,,,,
3286342046013,ART042174,BRIDGESTONE,REIFEN,03.csv,,265,,17,116,V,,,03,,,,,,
3286342046211,ART042149,BRIDGESTONE,REIFEN,03.csv,,225,,18,104,V,,,03,,,,,,
3286342047010,ART042173,BRIDGESTONE,REIFEN,03.csv,,265,,18,114,V,,,03,,,,,,
3286342047317,ART042156,BRIDGESTONE,REIFEN,03.csv,,235,,19,105,W,,,03,,,,,,
3286342051710,ART041206,BRIDGESTONE,REIFEN,03.csv,,215,,16,98,H,,,03,,,,,,
3286342051918,ART041208,BRIDGESTONE,REIFEN,03.csv,,215,,16,102,V,,,03,,,,,,
3286342052113,ART041209,BRIDGESTONE,REIFEN,03.csv,,235,,16,104,H,,,03,,,,,,
3286342052618,ART040076,BRIDGESTONE,REIFEN,03.csv,,205,,17,88,W,,,03,,,,,,
3286342052816,ART040078,BRIDGESTONE,REIFEN,03.csv,,215,,17,100,H,,,03,,,,,,
3286342053813,ART027674,BRIDGESTONE,REIFEN,03.csv,,245,,17,111,H,,,03,,,,,,
3286342053912,ART027675,BRIDGESTONE,REIFEN,03.csv,,245,,17,95,Y,,,03,,,,,,
3286342054612,ART027676,BRIDGESTONE,REIFEN,03.csv,,215,,18,99,V,,,03,,,,,,
3286342054919,ART027677,BRIDGESTONE,REIFEN,03.csv,,225,,18,98,V,,,03,,,,,,
3286342055015,ART027678,BRIDGESTONE,REIFEN,03.csv,,225,,18,100,V,,,03,,,,,,
3286342055312,ART027679,BRIDGESTONE,REIFEN,03.csv,,235,,18,100,V,,,03,,,,,,
3286342056012,ART027680,BRIDGESTONE,REIFEN,03.csv,,225,,19,99,V,,,03,,,,,,
3286342056418,ART027683,BRIDGESTONE,REIFEN,03.csv,,255,,19,107,Y,,,03,,,,,,
3286342056913,ART027685,BRIDGESTONE,REIFEN,03.csv,,235,,20,100,W,,,03,,,,,,
3286342057415,ART027688,BRIDGESTONE,REIFEN,03.csv,,255,,20,101,W,,,03,,,,,,
3286342058511,ART040102,BRIDGESTONE,REIFEN,03.csv,,255,,21,102,Y,,,03,,,,,,
3286342062419,ART040729,FIRESTONE,REIFEN,03.csv,,225,,17,99,H,,,03,,,,,,
3286342062617,ART040730,FIRESTONE,REIFEN,03.csv,,235,,17,103,Y,,,03,,,,,,
3286342066011,ART040717,FIRESTONE,REIFEN,03.csv,,225,,19,99,V,,,03,,,,,,
3286342068510,ART021254,BRIDGESTONE,REIFEN,03.csv,,235,,19,105,Y,,,03,,,,,,
3286342068718,ART039839,BRIDGESTONE,REIFEN,03.csv,,265,,19,110,Y,,,03,,,,,,
3286342076713,ART019535,BRIDGESTONE,REIFEN,03.csv,,235,,17,117,R,,,03,,,,,,
3286342077017,ART019537,BRIDGESTONE,REIFEN,03.csv,,215,,15,104,T,,,03,,,,,,
3286342077116,ART019538,BRIDGESTONE,REIFEN,03.csv,,215,,15,109,S,,,03,,,,,,
3286342077215,ART019539,BRIDGESTONE,REIFEN,03.csv,,225,,15,112,S,,,03,,,,,,
3286342078212,ART019545,BRIDGESTONE,REIFEN,03.csv,,215,,16,103,T,,,03,,,,,,
3286342078915,ART019547,BRIDGESTONE,REIFEN,03.csv,,215,,17,109,T,,,03,,,,,,
3286342079219,ART055349,BRIDGESTONE,REIFEN,03.csv,,215,,17,109,T,,,03,,,,,,
3286342079516,ART055358,BRIDGESTONE,REIFEN,03.csv,,205,,16,110,R,,,03,,,,,,
3286342084718,ART031302,FIRESTONE,REIFEN,03.csv,,195,,16,104,T,,,03,,,,,,
3286342084817,ART031303,FIRESTONE,REIFEN,03.csv,,195,,16,107,R,,,03,,,,,,
3286342084916,ART031304,FIRESTONE,REIFEN,03.csv,,205,,16,110,R,,,03,,,,,,
3286342085012,ART031305,FIRESTONE,REIFEN,03.csv,,205,,16,107,T,,,03,,,,,,
3286342085319,ART031308,FIRESTONE,REIFEN,03.csv,,215,,16,116,R,,,03,,,,,,
3286342085418,ART031309,FIRESTONE,REIFEN,03.csv,,215,,16,109,T,,,03,,,,,,
3286342085814,ART031312,FIRESTONE,REIFEN,03.csv,,225,,16,112,R,,,03,,,,,,
3286342088112,ART040107,BRIDGESTONE,REIFEN,03.csv,,195,,15,104,S,,,03,,,,,,
3286342091518,ART042291,BRIDGESTONE,REIFEN,03.csv,,225,,15,112,R,,,03,,,,,,
3286342092218,ART041205,BRIDGESTONE,REIFEN,03.csv,,205,,16,107,T,,,03,,,,,,
3286342119717,ART042312,BRIDGESTONE,REIFEN,03.csv,,215,,17,95,V,,,03,,,,,,
3286342120010,ART042324,BRIDGESTONE,REIFEN,03.csv,,225,,17,94,V,,,03,,,,,,
3286342121611,ART042321,BRIDGESTONE,REIFEN,03.csv,,225,,18,92,V,,,03,,,,,,
3286342121819,ART042328,BRIDGESTONE,REIFEN,03.csv,,225,,18,99,V,,,03,,,,,,
3286342122618,ART042349,BRIDGESTONE,REIFEN,03.csv,,245,,18,104,V,,,03,,,,,,
3286342123110,ART042323,BRIDGESTONE,REIFEN,03.csv,,225,,19,93,W,,,03,,,,,,
3286342123615,ART042344,BRIDGESTONE,REIFEN,03.csv,,245,,19,93,W,,,03,,,,,,
3286342123813,ART042348,BRIDGESTONE,REIFEN,03.csv,,245,,19,102,W,,,03,,,,,,
3286342130019,ART040127,BRIDGESTONE,REIFEN,03.csv,,205,,17,89,V,,,03,,,,,,
3286342130217,ART027691,BRIDGESTONE,REIFEN,03.csv,,205,,17,93,W,,,03,,,,,,
3286342130316,ART027692,BRIDGESTONE,REIFEN,03.csv,,215,,17,98,W,,,03,,,,,,
3286342130415,ART027693,BRIDGESTONE,REIFEN,03.csv,,215,,17,87,W,,,03,,,,,,
3286342130514,ART027694,BRIDGESTONE,REIFEN,03.csv,,215,,17,95,W,,,03,,,,,,
3286342130811,ART040128,BRIDGESTONE,REIFEN,03.csv,,215,,17,91,Y,,,03,,,,,,
3286342131016,ART027695,BRIDGESTONE,REIFEN,03.csv,,225,,17,94,Y,,,03,,,,,,
3286342131115,ART027696,BRIDGESTONE,REIFEN,03.csv,,225,,17,91,Y,,,03,,,,,,
3286342131719,ART027699,BRIDGESTONE,REIFEN,03.csv,,225,,17,98,Y,,,03,,,,,,
3286342147116,ART072839,FIRESTONE,REIFEN,03.csv,,195,,16,87,V,,,03,,,,,,
3286342149615,ART040739,FIRESTONE,REIFEN,03.csv,,205,,17,84,W,,,03,,,,,,
3286342150314,ART040743,FIRESTONE,REIFEN,03.csv,,225,,17,91,Y,,,03,,,,,,
3286342150611,ART040747,FIRESTONE,REIFEN,03.csv,,225,,17,101,W,,,03,,,,,,
3286342152714,ART021259,BRIDGESTONE,REIFEN,03.csv,,245,,19,98,Y,,,03,,,,,,
3286342155012,ART021263,BRIDGESTONE,REIFEN,03.csv,,245,,20,95,Y,,,03,,,,,,
3286342155517,ART021264,BRIDGESTONE,REIFEN,03.csv,,255,,20,97,Y,,,03,,,,,,
3286342227610,ART041217,BRIDGESTONE,REIFEN,03.csv,,195,,16,87,V,,,03,,,,,,
3286342227917,ART041220,BRIDGESTONE,REIFEN,03.csv,,205,,16,96,V,,,03,,,,,,
3286342228310,ART041223,BRIDGESTONE,REIFEN,03.csv,,205,,16,91,V,,,03,,,,,,
3286342228518,ART041224,BRIDGESTONE,REIFEN,03.csv,,205,,16,87,W,,,03,,,,,,
3286342228617,ART041225,BRIDGESTONE,REIFEN,03.csv,,205,,16,91,W,,,03,,,,,,
3286342229911,ART041227,BRIDGESTONE,REIFEN,03.csv,,205,,16,92,V,,,03,,,,,,
3286342230214,ART041216,BRIDGESTONE,REIFEN,03.csv,,215,,16,99,V,,,03,,,,,,
3286342235615,ART027701,BRIDGESTONE,REIFEN,03.csv,,245,,17,99,Y,,,03,,,,,,
3286342237510,ART027702,BRIDGESTONE,REIFEN,03.csv,,225,,18,95,Y,,,03,,,,,,
3286342237817,ART027705,BRIDGESTONE,REIFEN,03.csv,,235,,18,97,V,,,03,,,,,,
3286342237916,ART027706,BRIDGESTONE,REIFEN,03.csv,,235,,18,95,Y,,,03,,,,,,
3286342238111,ART027708,BRIDGESTONE,REIFEN,03.csv,,245,,18,97,Y,,,03,,,,,,
3286342238418,ART027709,BRIDGESTONE,REIFEN,03.csv,,245,,18,100,Y,,,03,,,,,,
3286342238517,ART027710,BRIDGESTONE,REIFEN,03.csv,,255,,18,94,Y,,,03,,,,,,
3286342238913,ART027713,BRIDGESTONE,REIFEN,03.csv,,225,,19,88,Y,,,03,,,,,,
3286342239019,ART027714,BRIDGESTONE,REIFEN,03.csv,,225,,19,96,W,,,03,,,,,,
3286342239118,ART040133,BRIDGESTONE,REIFEN,03.csv,,235,,19,91,Y,,,03,,,,,,
3286342239514,ART027718,BRIDGESTONE,REIFEN,03.csv,,245,,19,102,Y,,,03,,,,,,
3286342239712,ART027719,BRIDGESTONE,REIFEN,03.csv,,255,,19,96,Y,,,03,,,,,,
3286342239910,ART027721,BRIDGESTONE,REIFEN,03.csv,,275,,19,105,Y,,,03,,,,,,
3286342245119,ART040756,FIRESTONE,REIFEN,03.csv,,245,,19,98,Y,,,03,,,,,,
3286342245416,ART040757,FIRESTONE,REIFEN,03.csv,,255,,19,100,Y,,,03,,,,,,
3286342247014,ART021268,BRIDGESTONE,REIFEN,03.csv,,215,,17,91,Y,,,03,,,,,,
3286342247519,ART021269,BRIDGESTONE,REIFEN,03.csv,,225,,17,94,Y,,,03,,,,,,
3286342251110,ART021274,BRIDGESTONE,REIFEN,03.csv,,225,,19,93,Y,,,03,,,,,,
3286342295510,ART055350,BRIDGESTONE,REIFEN,03.csv,,225,,15,112,S,,,03,,,,,,
3286342296111,ART055360,BRIDGESTONE,REIFEN,03.csv,,205,,16,113,R,,,03,,,,,,
3286342383910,ART042302,BRIDGESTONE,REIFEN,03.csv,,205,,17,84,V,,,03,,,,,,
3286342384115,ART042314,BRIDGESTONE,REIFEN,03.csv,,215,,19,93,W,,,03,,,,,,
3286342386416,ART075962,FIRESTONE,REIFEN,03.csv,,215,,15,109,S,,,03,,,,,,
3286342387017,ART075963,FIRESTONE,REIFEN,03.csv,,195,,16,107,T,,,03,,,,,,
3286342388212,ART041236,BRIDGESTONE,REIFEN,03.csv,,205,,16,94,V,,,03,,,,,,
3286342388618,ART041238,BRIDGESTONE,REIFEN,03.csv,,225,,17,98,V,,,03,,,,,,
3286342389714,ART040224,BRIDGESTONE,REIFEN,03.csv,,185,,16,87,V,,,03,,,,,,
3286342389813,ART029449,BRIDGESTONE,REIFEN,03.csv,,195,,16,84,H,,,03,,,,,,
3286342389912,ART028772,BRIDGESTONE,REIFEN,03.csv,,195,,16,91,V,,,03,,,,,,
3286342390215,ART028774,BRIDGESTONE,REIFEN,03.csv,,205,,16,94,V,,,03,,,,,,
3286342390413,ART040266,BRIDGESTONE,REIFEN,03.csv,,215,,16,90,V,,,03,,,,,,
3286342390819,ART040269,BRIDGESTONE,REIFEN,03.csv,,215,,16,100,H,,,03,,,,,,
3286342390918,ART040270,BRIDGESTONE,REIFEN,03.csv,,225,,16,99,W,,,03,,,,,,
3286342391113,ART040272,BRIDGESTONE,REIFEN,03.csv,,235,,16,104,V,,,03,,,,,,
3286342391311,ART028778,BRIDGESTONE,REIFEN,03.csv,,205,,17,88,V,,,03,,,,,,
3286342391410,ART040273,BRIDGESTONE,REIFEN,03.csv,,205,,17,93,V,,,03,,,,,,
3286342391519,ART041239,BRIDGESTONE,REIFEN,03.csv,,205,,17,93,W,,,03,,,,,,
3286342391618,ART028779,BRIDGESTONE,REIFEN,03.csv,,205,,17,95,V,,,03,,,,,,
3286342391717,ART040274,BRIDGESTONE,REIFEN,03.csv,,215,,17,87,Y,,,03,,,,,,
3286342391816,ART040275,BRIDGESTONE,REIFEN,03.csv,,215,,17,91,W,,,03,,,,,,
3286342391915,ART040276,BRIDGESTONE,REIFEN,03.csv,,215,,17,95,W,,,03,,,,,,
3286342392011,ART028780,BRIDGESTONE,REIFEN,03.csv,,215,,17,98,W,,,03,,,,,,
3286342392219,ART028782,BRIDGESTONE,REIFEN,03.csv,,215,,17,103,V,,,03,,,,,,
3286342392318,ART040264,BRIDGESTONE,REIFEN,03.csv,,225,,17,94,V,,,03,,,,,,
3286342392417,ART028783,BRIDGESTONE,REIFEN,03.csv,,225,,17,94,W,,,03,,,,,,
3286342392516,ART028784,BRIDGESTONE,REIFEN,03.csv,,225,,17,98,V,,,03,,,,,,
3286342392714,ART040278,BRIDGESTONE,REIFEN,03.csv,,225,,17,103,V,,,03,,,,,,
3286342392813,ART040279,BRIDGESTONE,REIFEN,03.csv,,225,,17,106,V,,,03,,,,,,
3286342392912,ART040280,BRIDGESTONE,REIFEN,03.csv,,235,,17,97,Y,,,03,,,,,,
3286342393018,ART028785,BRIDGESTONE,REIFEN,03.csv,,235,,17,103,V,,,03,,,,,,
3286342393315,ART028787,BRIDGESTONE,REIFEN,03.csv,,215,,18,92,W,,,03,,,,,,
3286342393414,ART028788,BRIDGESTONE,REIFEN,03.csv,,215,,18,99,V,,,03,,,,,,
3286342393513,ART028789,BRIDGESTONE,REIFEN,03.csv,,225,,18,92,Y,,,03,,,,,,
3286342393810,ART040283,BRIDGESTONE,REIFEN,03.csv,,225,,18,102,V,,,03,,,,,,
3286342393919,ART028791,BRIDGESTONE,REIFEN,03.csv,,225,,18,100,V,,,03,,,,,,
3286342394114,ART040284,BRIDGESTONE,REIFEN,03.csv,,235,,18,98,Y,,,03,,,,,,
3286342394213,ART040285,BRIDGESTONE,REIFEN,03.csv,,235,,18,101,V,,,03,,,,,,
3286342394312,ART028793,BRIDGESTONE,REIFEN,03.csv,,235,,18,104,V,,,03,,,,,,
3286342394411,ART028794,BRIDGESTONE,REIFEN,03.csv,,235,,18,107,V,,,03,,,,,,
3286342394510,ART040286,BRIDGESTONE,REIFEN,03.csv,,235,,18,110,V,,,03,,,,,,
3286342394718,ART040288,BRIDGESTONE,REIFEN,03.csv,,245,,18,100,Y,,,03,,,,,,
3286342394817,ART040289,BRIDGESTONE,REIFEN,03.csv,,245,,18,100,V,,,03,,,,,,
3286342394916,ART040290,BRIDGESTONE,REIFEN,03.csv,,255,,18,94,Y,,,03,,,,,,
3286342395111,ART040292,BRIDGESTONE,REIFEN,03.csv,,255,,18,109,V,,,03,,,,,,
3286342395210,ART040293,BRIDGESTONE,REIFEN,03.csv,,255,,18,112,V,,,03,,,,,,
3286342395319,ART040294,BRIDGESTONE,REIFEN,03.csv,,225,,19,93,Y,,,03,,,,,,
3286342395418,ART040295,BRIDGESTONE,REIFEN,03.csv,,225,,19,96,W,,,03,,,,,,
3286342395517,ART028795,BRIDGESTONE,REIFEN,03.csv,,225,,19,99,V,,,03,,,,,,
3286342395715,ART040297,BRIDGESTONE,REIFEN,03.csv,,235,,19,96,Y,,,03,,,,,,
3286342395814,ART040298,BRIDGESTONE,REIFEN,03.csv,,235,,19,99,W,,,03,,,,,,
3286342395913,ART040299,BRIDGESTONE,REIFEN,03.csv,,235,,19,103,W,,,03,,,,,,
3286342396019,ART040225,BRIDGESTONE,REIFEN,03.csv,,235,,19,105,W,,,03,,,,,,
3286342396118,ART040300,BRIDGESTONE,REIFEN,03.csv,,245,,19,98,Y,,,03,,,,,,
3286342396217,ART040226,BRIDGESTONE,REIFEN,03.csv,,245,,19,102,W,,,03,,,,,,
3286342396316,ART040301,BRIDGESTONE,REIFEN,03.csv,,255,,19,96,Y,,,03,,,,,,
3286342396415,ART040302,BRIDGESTONE,REIFEN,03.csv,,255,,19,100,W,,,03,,,,,,
3286342396514,ART040303,BRIDGESTONE,REIFEN,03.csv,,255,,19,107,W,,,03,,,,,,
3286342396712,ART040304,BRIDGESTONE,REIFEN,03.csv,,275,,19,105,Y,,,03,,,,,,
3286342396811,ART040305,BRIDGESTONE,REIFEN,03.csv,,195,,20,95,H,,,03,,,,,,
3286342396910,ART040306,BRIDGESTONE,REIFEN,03.csv,,245,,20,103,W,,,03,,,,,,
3286342397115,ART040228,BRIDGESTONE,REIFEN,03.csv,,275,,20,110,W,,,03,,,,,,
3286342397214,ART028796,BRIDGESTONE,REIFEN,03.csv,,275,,21,110,W,,,03,,,,,,
3286342433813,ART022670,BRIDGESTONE,REIFEN,03.csv,,255,,20,101,T,,,03,,,,,,
3286342601212,ART027723,BRIDGESTONE,REIFEN,03.csv,,215,,18,92,W,,,03,,,,,,
3286342662312,ART042289,BRIDGESTONE,REIFEN,03.csv,,225,,17,109,H,,,03,,,,,,
3286342673219,ART040308,BRIDGESTONE,REIFEN,03.csv,,235,,20,100,W,,,03,,,,,,
3286342673318,ART040309,BRIDGESTONE,REIFEN,03.csv,,215,,18,93,Y,,,03,,,,,,
3286342673417,ART040310,BRIDGESTONE,REIFEN,03.csv,,215,,18,89,Y,,,03,,,,,,
3286342673615,ART040312,BRIDGESTONE,REIFEN,03.csv,,255,,19,104,Y,,,03,,,,,,
3286342786513,ART024819,BRIDGESTONE,REIFEN,03.csv,,265,,20,94,Y,,,03,,,,,,
3286342788111,ART024821,BRIDGESTONE,REIFEN,03.csv,,285,,21,100,Y,,,03,,,,,,
3286342821511,ART026170,BRIDGESTONE,REIFEN,03.csv,,225,,15,112,R,,,03,,,,,,
3286342840314,ART024827,BRIDGESTONE,REIFEN,03.csv,,225,,19,93,Y,,,03,,,,,,
3286342851013,ART025750,FIRESTONE,REIFEN,03.csv,,195,,15,95,V,,,03,,,,,,
3286342851112,ART025751,FIRESTONE,REIFEN,03.csv,,205,,16,96,V,,,03,,,,,,
3286342855912,ART040046,BRIDGESTONE,REIFEN,03.csv,,215,,18,95,T,,,03,,,,,,
3286342859514,ART026756,FIRESTONE,REIFEN,03.csv,,205,,17,88,V,,,03,,,,,,
3286342859712,ART031348,FIRESTONE,REIFEN,03.csv,,225,,19,96,V,,,03,,,,,,
3286342859811,ART031349,FIRESTONE,REIFEN,03.csv,,225,,18,102,V,,,03,,,,,,
3286342859910,ART031350,FIRESTONE,REIFEN,03.csv,,235,,18,98,Y,,,03,,,,,,
3286342860015,ART031342,FIRESTONE,REIFEN,03.csv,,235,,18,101,V,,,03,,,,,,
3286342860114,ART031351,FIRESTONE,REIFEN,03.csv,,235,,18,104,V,,,03,,,,,,
3286342860213,ART031352,FIRESTONE,REIFEN,03.csv,,235,,19,105,W,,,03,,,,,,
3286342860312,ART031353,FIRESTONE,REIFEN,03.csv,,245,,18,100,Y,,,03,,,,,,
3286342885216,ART040317,BRIDGESTONE,REIFEN,03.csv,,235,,16,115,R,,,03,,,,,,
3286342890210,ART042303,BRIDGESTONE,REIFEN,03.csv,,205,,18,86,V,,,03,,,,,,
3286342890319,ART042304,BRIDGESTONE,REIFEN,03.csv,,205,,18,90,V,,,03,,,,,,
3286342892313,ART042169,BRIDGESTONE,REIFEN,03.csv,,255,,20,113,W,,,03,,,,,,
3286342894416,ART041251,BRIDGESTONE,REIFEN,03.csv,,225,,18,92,Y,,,03,,,,,,
3286343121214,ART055333,BRIDGESTONE,REIFEN,03.csv,,235,,18,98,Y,,,03,,,,,,
3286343121818,ART054757,BRIDGESTONE,REIFEN,03.csv,,205,,17,93,W,,,03,,,,,,
3286343122013,ART042194,BRIDGESTONE,REIFEN,03.csv,,215,,17,98,W,,,03,,,,,,
3286343147115,ART042218,BRIDGESTONE,REIFEN,03.csv,,235,,19,91,Y,,,03,,,,,,
3286343251812,ART055329,BRIDGESTONE,REIFEN,03.csv,,265,,20,108,Y,,,03,,,,,,
3286343251911,ART042128,BRIDGESTONE,REIFEN,03.csv,,215,,20,95,W,,,03,,,,,,
3286343252017,ART042127,BRIDGESTONE,REIFEN,03.csv,,195,,18,96,H,,,03,,,,,,
3286343252116,ART042130,BRIDGESTONE,REIFEN,03.csv,,235,,20,104,Y,,,03,,,,,,
3286343252710,ART055327,BRIDGESTONE,REIFEN,03.csv,,275,,20,106,Y,,,03,,,,,,
3286343252918,ART042132,BRIDGESTONE,REIFEN,03.csv,,255,,20,101,Y,,,03,,,,,,
3286343253014,ART042129,BRIDGESTONE,REIFEN,03.csv,,215,,19,93,H,,,03,,,,,,
3286343253113,ART042133,BRIDGESTONE,REIFEN,03.csv,,255,,20,110,Y,,,03,,,,,,
3286347895715,ART000411,BRIDGESTONE,REIFEN,03.csv,,225,,16,92,W,,,03,,,,,,
3528700007817,ART029549,BFGOODRICH,REIFEN,03.csv,,215,,16,109,T,,,03,,,,,,
3528700021646,ART062569,MICHELIN,REIFEN,03.csv,,195,,16,91,H,,,03,,,,,,
3528700026382,ART021657,MICHELIN,REIFEN,03.csv,,235,,18,104,H,,,03,,,,,,
3528700026665,ART029551,BFGOODRICH,REIFEN,03.csv,,215,,17,103,V,,,03,,,,,,
3528700029024,ART082151,BFGOODRICH,REIFEN,03.csv,,185,,14,82,H,,,03,,,,,,
3528700034905,ART011986,MICHELIN,REIFEN,03.csv,,215,,16,109,T,,,03,,,,,,
3528700038132,ART029553,BFGOODRICH,REIFEN,03.csv,,255,,20,101,W,,,03,,,,,,
3528700074345,ART026188,MICHELIN,REIFEN,03.csv,,225,,17,102,H,,,03,,,,,,
3528700079944,ART040507,KLEBER,REIFEN,03.csv,,195,,16,99,H,,,03,,,,,,
3528700135695,ART082161,BFGOODRICH,REIFEN,03.csv,,205,,17,93,Y,,,03,,,,,,
3528700137842,ART082162,BFGOODRICH,REIFEN,03.csv,,235,,18,101,Y,,,03,,,,,,
3528700140323,ART043102,MICHELIN,REIFEN,03.csv,,225,,17,91,H,,,03,,,,,,
3528700143041,ART026189,MICHELIN,REIFEN,03.csv,,255,,17,110,H,,,03,,,,,,
3528700158991,ART029561,BFGOODRICH,REIFEN,03.csv,,195,,18,96,H,,,03,,,,,,
3528700166415,ART082163,BFGOODRICH,REIFEN,03.csv,,235,,18,98,Y,,,03,,,,,,
3528700169362,ART082164,BFGOODRICH,REIFEN,03.csv,,225,,19,93,Y,,,03,,,,,,
3528700183474,ART015074,MICHELIN,REIFEN,03.csv,,315,,21,115,Y,,,03,,,,,,
3528700193091,ART027750,KLEBER,REIFEN,03.csv,,235,,16,115,R,,,03,,,,,,
3528700266368,ART023184,MICHELIN,REIFEN,03.csv,,275,,21,103,Y,,,03,,,,,,
3528700284461,ART011977,MICHELIN,REIFEN,03.csv,,225,,16,112,R,,,03,,,,,,
3528700306125,ART043095,MICHELIN,REIFEN,03.csv,,215,,16,99,T,,,03,,,,,,
3528700306590,ART021661,MICHELIN,REIFEN,03.csv,,195,,15,91,H,,,03,,,,,,
3528700309843,ART029562,BFGOODRICH,REIFEN,03.csv,,175,,15,81,H,,,03,,,,,,
3528700315165,ART015478,MICHELIN,REIFEN,03.csv,,235,,17,117,R,,,03,,,,,,
3528700325140,ART013798,KLEBER,REIFEN,03.csv,,195,,15,85,H,,,03,,,,,,
3528700349740,ART023185,MICHELIN,REIFEN,03.csv,,235,,19,103,H,,,03,,,,,,
3528700355451,ART032528,MICHELIN,REIFEN,03.csv,,255,,21,102,W,,,03,,,,,,
3528700358391,ART027752,KLEBER,REIFEN,03.csv,,185,,14,86,T,,,03,,,,,,
3528700368161,ART021042,KLEBER,REIFEN,03.csv,,215,,18,95,H,,,03,,,,,,
3528700381894,ART082174,BFGOODRICH,REIFEN,03.csv,,225,,17,94,Y,,,03,,,,,,
3528700413878,ART012061,MICHELIN,REIFEN,03.csv,,225,,16,118,R,,,03,,,,,,
3528700420876,ART009847,MICHELIN,REIFEN,03.csv,,235,,16,104,V,,,03,,,,,,
3528700444957,ART076592,MICHELIN,REIFEN,03.csv,,215,,18,99,V,,,03,,,,,,
3528700476842,ART076593,MICHELIN,REIFEN,03.csv,,225,,18,91,W,,,03,,,,,,
3528700494433,ART021663,MICHELIN,REIFEN,03.csv,,235,,17,97,Y,,,03,,,,,,
3528700501063,ART029572,BFGOODRICH,REIFEN,03.csv,,195,,15,85,V,,,03,,,,,,
3528700512328,ART024953,MICHELIN,REIFEN,03.csv,,205,,17,88,Y,,,03,,,,,,
3528700539684,ART029573,BFGOODRICH,REIFEN,03.csv,,215,,16,97,V,,,03,,,,,,
3528700563306,ART026192,MICHELIN,REIFEN,03.csv,,235,,18,103,V,,,03,,,,,,
3528700568721,ART029575,BFGOODRICH,REIFEN,03.csv,,215,,16,103,T,,,03,,,,,,
3528700584493,ART032529,MICHELIN,REIFEN,03.csv,,225,,18,99,Y,,,03,,,,,,
3528700599817,ART029576,BFGOODRICH,REIFEN,03.csv,,205,,17,88,V,,,03,,,,,,
3528700644937,ART029577,BFGOODRICH,REIFEN,03.csv,,205,,15,99,V,,,03,,,,,,
3528700650686,ART076595,MICHELIN,REIFEN,03.csv,,245,,18,100,W,,,03,,,,,,
3528700682731,ART027756,KLEBER,REIFEN,03.csv,,225,,19,99,V,,,03,,,,,,
3528700717617,ART026193,MICHELIN,REIFEN,03.csv,,265,,20,111,V,,,03,,,,,,
3528700718690,ART021667,MICHELIN,REIFEN,03.csv,,215,,17,100,V,,,03,,,,,,
3528700722444,ART019437,KLEBER,REIFEN,03.csv,,225,,19,99,V,,,03,,,,,,
3528700723809,ART012718,MICHELIN,REIFEN,03.csv,,315,,21,111,Y,,,03,,,,,,
3528700730074,ART013794,KLEBER,REIFEN,03.csv,,215,,16,97,W,,,03,,,,,,
3528700731576,ART021036,KLEBER,REIFEN,03.csv,,205,,15,94,V,,,03,,,,,,
3528700763188,ART043091,MICHELIN,REIFEN,03.csv,,215,,16,97,H,,,03,,,,,,
3528700763942,ART007235,KLEBER,REIFEN,03.csv,,195,,15,91,T,,,03,,,,,,
3528700764048,ART009411,MICHELIN,REIFEN,03.csv,,215,,16,100,H,,,03,,,,,,
3528700784305,ART024956,MICHELIN,REIFEN,03.csv,,205,,16,96,W,,,03,,,,,,
3528700859911,ART026194,MICHELIN,REIFEN,03.csv,,265,,20,108,Y,,,03,,,,,,
3528700864748,ART011969,BFGOODRICH,REIFEN,03.csv,,275,,20,115,S,,,03,,,,,,
3528700869743,ART012073,MICHELIN,REIFEN,03.csv,,185,,16,104,R,,,03,,,,,,
3528700879056,ART024958,MICHELIN,REIFEN,03.csv,,225,,19,93,Y,,,03,,,,,,
3528700881035,ART024959,MICHELIN,REIFEN,03.csv,,255,,20,105,W,,,03,,,,,,
3528700945225,ART012717,BFGOODRICH,REIFEN,03.csv,,275,,20,119,S,,,03,,,,,,
3528700952582,ART021670,MICHELIN,REIFEN,03.csv,,195,,16,92,V,,,03,,,,,,
3528700971774,ART007246,KLEBER,REIFEN,03.csv,,215,,16,99,H,,,03,,,,,,
3528700975819,ART040523,KLEBER,REIFEN,03.csv,,205,,16,107,T,,,03,,,,,,
3528700981025,ART023187,MICHELIN,REIFEN,03.csv,,235,,20,100,H,,,03,,,,,,
3528700985580,ART027761,KLEBER,REIFEN,03.csv,,225,,18,99,W,,,03,,,,,,
3528701013640,ART021623,KLEBER,REIFEN,03.csv,,235,,18,101,V,,,03,,,,,,
3528701019383,ART015474,MICHELIN,REIFEN,03.csv,,175,,15,85,H,,,03,,,,,,
3528701125459,ART015146,KLEBER,REIFEN,03.csv,,185,,14,82,H,,,03,,,,,,
3528701201603,ART008497,KLEBER,REIFEN,03.csv,,215,,17,98,V,,,03,,,,,,
3528701208596,ART029598,BFGOODRICH,REIFEN,03.csv,,195,,15,95,H,,,03,,,,,,
3528701208862,ART026196,MICHELIN,REIFEN,03.csv,,235,,18,107,V,,,03,,,,,,
3528701211916,ART027764,KLEBER,REIFEN,03.csv,,205,,16,107,T,,,03,,,,,,
3528701213194,ART076598,MICHELIN,REIFEN,03.csv,,225,,17,94,V,,,03,,,,,,
3528701241616,ART018082,MICHELIN,REIFEN,03.csv,,315,,21,105,Y,,,03,,,,,,
3528701242156,ART007016,BFGOODRICH,REIFEN,03.csv,,265,,17,121,S,,,03,,,,,,
3528701242620,ART043093,MICHELIN,REIFEN,03.csv,,215,,17,98,V,,,03,,,,,,
3528701263052,ART018083,MICHELIN,REIFEN,03.csv,,205,,16,107,T,,,03,,,,,,
3528701269894,ART024967,MICHELIN,REIFEN,03.csv,,235,,19,91,Y,,,03,,,,,,
3528701294513,ART007979,BFGOODRICH,REIFEN,03.csv,,30,,15,104,S,,,03,,,,,,
3528701314068,ART023188,MICHELIN,REIFEN,03.csv,,185,,16,83,V,,,03,,,,,,
3528701341361,ART012418,MICHELIN,REIFEN,03.csv,,215,,16,116,R,,,03,,,,,,
3528701348636,ART021628,KLEBER,REIFEN,03.csv,,235,,17,99,H,,,03,,,,,,
3528701422633,ART026202,MICHELIN,REIFEN,03.csv,,245,,20,105,V,,,03,,,,,,
3528701461045,ART007994,BFGOODRICH,REIFEN,03.csv,,315,,17,121,S,,,03,,,,,,
3528701461083,ART004394,MICHELIN,REIFEN,03.csv,,315,,20,110,Y,,,03,,,,,,
3528701462165,ART010942,MICHELIN,REIFEN,03.csv,,185,,15,88,T,,,03,,,,,,
3528701494463,ART026204,MICHELIN,REIFEN,03.csv,,255,,19,107,Y,,,03,,,,,,
3528701511900,ART021675,MICHELIN,REIFEN,03.csv,,225,,17,94,W,,,03,,,,,,
3528701515175,ART024221,MICHELIN,REIFEN,03.csv,,175,,17,87,H,,,03,,,,,,
3528701534398,ART029613,BFGOODRICH,REIFEN,03.csv,,225,,17,98,V,,,03,,,,,,
3528701542706,ART028213,MICHELIN,REIFEN,03.csv,,235,,18,91,W,,,03,,,,,,
3528701586045,ART029615,BFGOODRICH,REIFEN,03.csv,,205,,16,91,W,,,03,,,,,,
3528701627205,ART043082,MICHELIN,REIFEN,03.csv,,205,,16,91,T,,,03,,,,,,
3528701627533,ART012054,MICHELIN,REIFEN,03.csv,,225,,17,98,W,,,03,,,,,,
3528701687308,ART015132,KLEBER,REIFEN,03.csv,,175,,14,84,T,,,03,,,,,,
3528701727950,ART001632,MICHELIN,REIFEN,03.csv,,295,,19,100,Y,,,03,,,,,,
3528701742915,ART013834,KLEBER,REIFEN,03.csv,,255,,19,96,Y,,,03,,,,,,
3528701744568,ART043116,MICHELIN,REIFEN,03.csv,,235,,19,99,V,,,03,,,,,,
3528701748191,ART043081,MICHELIN,REIFEN,03.csv,,205,,16,94,H,,,03,,,,,,
3528701763682,ART021682,MICHELIN,REIFEN,03.csv,,235,,18,101,Y,,,03,,,,,,
3528701775081,ART082318,BFGOODRICH,REIFEN,03.csv,,215,,16,99,V,,,03,,,,,,
3528701777054,ART021683,MICHELIN,REIFEN,03.csv,,235,,17,94,Y,,,03,,,,,,
3528701789590,ART021684,MICHELIN,REIFEN,03.csv,,175,,15,88,H,,,03,,,,,,
3528701799650,ART021648,KLEBER,REIFEN,03.csv,,255,,20,101,W,,,03,,,,,,
3528701838823,ART029622,BFGOODRICH,REIFEN,03.csv,,195,,15,95,T,,,03,,,,,,
3528701844381,ART027200,MICHELIN,REIFEN,03.csv,,205,,17,97,W,,,03,,,,,,
3528701869773,ART043066,MICHELIN,REIFEN,03.csv,,185,,15,88,T,,,03,,,,,,
3528701878881,ART021685,MICHELIN,REIFEN,03.csv,,205,,17,88,V,,,03,,,,,,
3528701920030,ART076610,MICHELIN,REIFEN,03.csv,,235,,19,105,W,,,03,,,,,,
3528701922522,ART029627,BFGOODRICH,REIFEN,03.csv,,195,,16,91,H,,,03,,,,,,
3528701934099,ART024972,MICHELIN,REIFEN,03.csv,,245,,19,98,Y,,,03,,,,,,
3528701953328,ART026207,MICHELIN,REIFEN,03.csv,,255,,18,109,W,,,03,,,,,,
3528701955063,ART028214,MICHELIN,REIFEN,03.csv,,175,,15,84,H,,,03,,,,,,
3528701969626,ART021615,KLEBER,REIFEN,03.csv,,225,,17,103,V,,,03,,,,,,
3528701984704,ART021686,MICHELIN,REIFEN,03.csv,,235,,18,97,V,,,03,,,,,,
3528702022795,ART005728,MICHELIN,REIFEN,03.csv,,275,,20,97,Y,,,03,,,,,,
3528702089903,ART029632,BFGOODRICH,REIFEN,03.csv,,255,,20,101,W,,,03,,,,,,
3528702094983,ART021688,MICHELIN,REIFEN,03.csv,,215,,16,97,W,,,03,,,,,,
3528702133774,ART021689,MICHELIN,REIFEN,03.csv,,245,,17,95,Y,,,03,,,,,,
3528702145227,ART023192,MICHELIN,REIFEN,03.csv,,245,,19,93,Y,,,03,,,,,,
3528702161494,ART029635,BFGOODRICH,REIFEN,03.csv,,215,,16,90,V,,,03,,,,,,
3528702175026,ART024976,MICHELIN,REIFEN,03.csv,,215,,17,91,Y,,,03,,,,,,
3528702175644,ART021690,MICHELIN,REIFEN,03.csv,,245,,18,100,Y,,,03,,,,,,
3528702184349,ART076613,MICHELIN,REIFEN,03.csv,,205,,16,91,W,,,03,,,,,,
3528702184905,ART007234,KLEBER,REIFEN,03.csv,,185,,15,92,T,,,03,,,,,,
3528702187050,ART021691,MICHELIN,REIFEN,03.csv,,215,,17,91,Y,,,03,,,,,,
3528702191262,ART076614,MICHELIN,REIFEN,03.csv,,205,,17,95,V,,,03,,,,,,
3528702198810,ART029638,BFGOODRICH,REIFEN,03.csv,,245,,17,99,Y,,,03,,,,,,
3528702212639,ART007985,BFGOODRICH,REIFEN,03.csv,,255,,18,109,R,,,03,,,,,,
3528702221433,ART082334,BFGOODRICH,REIFEN,03.csv,,215,,17,98,W,,,03,,,,,,
3528702247280,ART026208,MICHELIN,REIFEN,03.csv,,285,,20,112,V,,,03,,,,,,
3528702309124,ART076617,MICHELIN,REIFEN,03.csv,,215,,17,98,W,,,03,,,,,,
3528702324387,ART027771,KLEBER,REIFEN,03.csv,,215,,16,116,R,,,03,,,,,,
3528702380147,ART076618,MICHELIN,REIFEN,03.csv,,205,,17,93,V,,,03,,,,,,
3528702403983,ART043076,MICHELIN,REIFEN,03.csv,,195,,18,96,H,,,03,,,,,,
3528702405390,ART008504,KLEBER,REIFEN,03.csv,,225,,18,92,V,,,03,,,,,,
3528702428443,ART021695,MICHELIN,REIFEN,03.csv,,235,,17,99,V,,,03,,,,,,
3528702437636,ART026211,MICHELIN,REIFEN,03.csv,,215,,18,93,W,,,03,,,,,,
3528702447956,ART041359,MICHELIN,REIFEN,03.csv,,215,,17,100,H,,,03,,,,,,
3528702465004,ART021698,MICHELIN,REIFEN,03.csv,,215,,16,90,V,,,03,,,,,,
3528702496527,ART025511,KLEBER,REIFEN,03.csv,,195,,15,82,H,,,03,,,,,,
3528702557938,ART076619,MICHELIN,REIFEN,03.csv,,215,,17,99,V,,,03,,,,,,
3528702590751,ART029663,BFGOODRICH,REIFEN,03.csv,,225,,18,95,W,,,03,,,,,,
3528702597682,ART003816,MICHELIN,REIFEN,03.csv,,265,,17,116,H,,,03,,,,,,
3528702614051,ART024979,MICHELIN,REIFEN,03.csv,,285,,19,107,Y,,,03,,,,,,
3528702663257,ART043068,MICHELIN,REIFEN,03.csv,,195,,17,81,V,,,03,,,,,,
3528702688151,ART082349,BFGOODRICH,REIFEN,03.csv,,255,,19,96,Y,,,03,,,,,,
3528702691359,ART042104,BFGOODRICH,REIFEN,03.csv,,225,,18,92,V,,,03,,,,,,
3528702707609,ART029667,BFGOODRICH,REIFEN,03.csv,,175,,15,84,T,,,03,,,,,,
3528702707760,ART024983,MICHELIN,REIFEN,03.csv,,275,,19,100,Y,,,03,,,,,,
3528702719114,ART021705,MICHELIN,REIFEN,03.csv,,205,,16,83,H,,,03,,,,,,
3528702749807,ART012128,KLEBER,REIFEN,03.csv,,235,,18,98,Y,,,03,,,,,,
3528702783603,ART026212,MICHELIN,REIFEN,03.csv,,265,,18,110,H,,,03,,,,,,
3528702788066,ART010935,MICHELIN,REIFEN,03.csv,,195,,15,95,H,,,03,,,,,,
3528702794920,ART019010,MICHELIN,REIFEN,03.csv,,185,,15,88,H,,,03,,,,,,
3528702813591,ART082356,BFGOODRICH,REIFEN,03.csv,,225,,18,98,V,,,03,,,,,,
3528702823828,ART029671,BFGOODRICH,REIFEN,03.csv,,215,,16,116,R,,,03,,,,,,
3528702827468,ART029672,BFGOODRICH,REIFEN,03.csv,,195,,16,104,R,,,03,,,,,,
3528702869208,ART032356,MICHELIN,REIFEN,03.csv,,285,,22,114,H,,,03,,,,,,
3528702885062,ART082360,BFGOODRICH,REIFEN,03.csv,,205,,17,88,Y,,,03,,,,,,
3528702885437,ART005726,MICHELIN,REIFEN,03.csv,,275,,19,100,Y,,,03,,,,,,
3528702971130,ART029677,BFGOODRICH,REIFEN,03.csv,,235,,17,97,Y,,,03,,,,,,
3528703001799,ART009294,MICHELIN,REIFEN,03.csv,,295,,20,101,Y,,,03,,,,,,
3528703007050,ART025500,KLEBER,REIFEN,03.csv,,165,,15,77,H,,,03,,,,,,
3528703084686,ART029685,BFGOODRICH,REIFEN,03.csv,,215,,17,95,W,,,03,,,,,,
3528703102823,ART082367,BFGOODRICH,REIFEN,03.csv,,215,,17,91,V,,,03,,,,,,
3528703123354,ART082369,BFGOODRICH,REIFEN,03.csv,,225,,17,101,Y,,,03,,,,,,
3528703166429,ART082370,BFGOODRICH,REIFEN,03.csv,,175,,14,84,T,,,03,,,,,,
3528703184034,ART026213,MICHELIN,REIFEN,03.csv,,285,,19,111,W,,,03,,,,,,
3528703223443,ART015094,MICHELIN,REIFEN,03.csv,,195,,16,88,H,,,03,,,,,,
3528703246961,ART021710,MICHELIN,REIFEN,03.csv,,215,,17,87,W,,,03,,,,,,
3528703280170,ART029692,BFGOODRICH,REIFEN,03.csv,,205,,16,94,V,,,03,,,,,,
3528703287995,ART029693,BFGOODRICH,REIFEN,03.csv,,225,,16,112,R,,,03,,,,,,
3528703298007,ART076622,MICHELIN,REIFEN,03.csv,,205,,19,97,V,,,03,,,,,,
3528703319184,ART025387,MICHELIN,REIFEN,03.csv,,235,,19,91,Y,,,03,,,,,,
3528703342458,ART021711,MICHELIN,REIFEN,03.csv,,215,,17,98,W,,,03,,,,,,
3528703378655,ART082375,BFGOODRICH,REIFEN,03.csv,,235,,17,97,Y,,,03,,,,,,
3528703382317,ART032271,MICHELIN,REIFEN,03.csv,,285,,19,98,Y,,,03,,,,,,
3528703403081,ART082376,BFGOODRICH,REIFEN,03.csv,,245,,19,93,Y,,,03,,,,,,
3528703415350,ART043079,MICHELIN,REIFEN,03.csv,,205,,17,88,V,,,03,,,,,,
3528703420439,ART076624,MICHELIN,REIFEN,03.csv,,215,,17,96,H,,,03,,,,,,
3528703428190,ART026215,MICHELIN,REIFEN,03.csv,,225,,18,98,V,,,03,,,,,,
3528703507215,ART007983,BFGOODRICH,REIFEN,03.csv,,265,,16,121,S,,,03,,,,,,
3528703507239,ART029705,BFGOODRICH,REIFEN,03.csv,,265,,16,121,Q,,,03,,,,,,
3528703516293,ART027781,KLEBER,REIFEN,03.csv,,195,,20,95,H,,,03,,,,,,
3528703518839,ART021714,MICHELIN,REIFEN,03.csv,,205,,19,97,V,,,03,,,,,,
3528703520368,ART013790,KLEBER,REIFEN,03.csv,,195,,15,82,V,,,03,,,,,,
3528703572176,ART026217,MICHELIN,REIFEN,03.csv,,225,,18,95,V,,,03,,,,,,
3528703620419,ART029715,BFGOODRICH,REIFEN,03.csv,,195,,15,91,H,,,03,,,,,,
3528703626411,ART040895,KLEBER,REIFEN,03.csv,,225,,16,103,H,,,03,,,,,,
3528703688686,ART010946,KLEBER,REIFEN,03.csv,,215,,15,104,T,,,03,,,,,,
3528703707493,ART007971,BFGOODRICH,REIFEN,03.csv,,225,,16,115,S,,,03,,,,,,
3528703711261,ART013807,KLEBER,REIFEN,03.csv,,205,,15,94,H,,,03,,,,,,
3528703714026,ART018104,MICHELIN,REIFEN,03.csv,,215,,16,109,T,,,03,,,,,,
3528703755395,ART023200,MICHELIN,REIFEN,03.csv,,195,,16,88,V,,,03,,,,,,
3528703796510,ART021719,MICHELIN,REIFEN,03.csv,,255,,19,100,Y,,,03,,,,,,
3528703803546,ART026219,MICHELIN,REIFEN,03.csv,,265,,19,110,W,,,03,,,,,,
3528703812678,ART082389,BFGOODRICH,REIFEN,03.csv,,195,,16,89,H,,,03,,,,,,
3528703831822,ART021631,KLEBER,REIFEN,03.csv,,235,,17,99,H,,,03,,,,,,
3528703885146,ART019019,MICHELIN,REIFEN,03.csv,,255,,19,96,Y,,,03,,,,,,
3528703887683,ART076625,MICHELIN,REIFEN,03.csv,,225,,17,97,W,,,03,,,,,,
3528703928119,ART027620,KLEBER,REIFEN,03.csv,,185,,15,88,T,,,03,,,,,,
3528703930600,ART006312,MICHELIN,REIFEN,03.csv,,235,,20,92,V,,,03,,,,,,
3528703936473,ART006651,MICHELIN,REIFEN,03.csv,,195,,16,89,H,,,03,,,,,,
3528703947622,ART032043,MICHELIN,REIFEN,03.csv,,325,,19,105,Y,,,03,,,,,,
3528703970095,ART027784,KLEBER,REIFEN,03.csv,,195,,20,95,H,,,03,,,,,,
3528703995876,ART042111,BFGOODRICH,REIFEN,03.csv,,215,,17,109,T,,,03,,,,,,
3528704001897,ART024996,MICHELIN,REIFEN,03.csv,,235,,19,96,Y,,,03,,,,,,
3528704007882,ART026630,MICHELIN,REIFEN,03.csv,,225,,16,112,R,,,03,,,,,,
3528704008001,ART015141,KLEBER,REIFEN,03.csv,,165,,14,81,T,,,03,,,,,,
3528704010523,ART024606,MICHELIN,REIFEN,03.csv,,225,,17,97,Y,,,03,,,,,,
3528704026128,ART076626,MICHELIN,REIFEN,03.csv,,225,,18,102,V,,,03,,,,,,
3528704027484,ART013763,MICHELIN,REIFEN,03.csv,,275,,22,108,Y,,,03,,,,,,
3528704033003,ART024998,MICHELIN,REIFEN,03.csv,,195,,16,107,R,,,03,,,,,,
3528704034673,ART029735,BFGOODRICH,REIFEN,03.csv,,205,,17,84,W,,,03,,,,,,
3528704079124,ART029737,BFGOODRICH,REIFEN,03.csv,,195,,16,87,H,,,03,,,,,,
3528704115587,ART027787,KLEBER,REIFEN,03.csv,,175,,15,84,H,,,03,,,,,,
3528704149667,ART010934,MICHELIN,REIFEN,03.csv,,195,,15,91,V,,,03,,,,,,
3528704157648,ART025000,MICHELIN,REIFEN,03.csv,,235,,19,99,Y,,,03,,,,,,
3528704161010,ART062512,MICHELIN,REIFEN,03.csv,,205,,16,91,H,,,03,,,,,,
3528704163618,ART012105,MICHELIN,REIFEN,03.csv,,195,,16,99,H,,,03,,,,,,
3528704163854,ART027788,KLEBER,REIFEN,03.csv,,165,,14,75,H,,,03,,,,,,
3528704176748,ART026220,MICHELIN,REIFEN,03.csv,,215,,18,99,V,,,03,,,,,,
3528704182794,ART076628,MICHELIN,REIFEN,03.csv,,215,,17,94,W,,,03,,,,,,
3528704192557,ART076629,MICHELIN,REIFEN,03.csv,,245,,19,102,W,,,03,,,,,,
3528704194384,ART029746,BFGOODRICH,REIFEN,03.csv,,205,,16,91,H,,,03,,,,,,
3528704197682,ART014234,MICHELIN,REIFEN,03.csv,,225,,17,106,V,,,03,,,,,,
3528704216055,ART018106,MICHELIN,REIFEN,03.csv,,205,,16,113,R,,,03,,,,,,
3528704220915,ART021722,MICHELIN,REIFEN,03.csv,,235,,19,105,H,,,03,,,,,,
3528704223367,ART018107,MICHELIN,REIFEN,03.csv,,255,,20,105,V,,,03,,,,,,
3528704229918,ART076630,MICHELIN,REIFEN,03.csv,,205,,17,91,V,,,03,,,,,,
3528704242627,ART043090,MICHELIN,REIFEN,03.csv,,215,,16,93,H,,,03,,,,,,
3528704245789,ART013769,MICHELIN,REIFEN,03.csv,,275,,19,111,V,,,03,,,,,,
3528704252589,ART008512,KLEBER,REIFEN,03.csv,,225,,17,101,V,,,03,,,,,,
3528704258314,ART013746,MICHELIN,REIFEN,03.csv,,255,,21,102,Y,,,03,,,,,,
3528704302031,ART021725,MICHELIN,REIFEN,03.csv,,225,,16,102,W,,,03,,,,,,
3528704303328,ART076633,MICHELIN,REIFEN,03.csv,,215,,17,94,V,,,03,,,,,,
3528704309757,ART082401,BFGOODRICH,REIFEN,03.csv,,255,,19,100,Y,,,03,,,,,,
3528704333851,ART021726,MICHELIN,REIFEN,03.csv,,225,,17,101,W,,,03,,,,,,
3528704351466,ART027790,KLEBER,REIFEN,03.csv,,205,,16,110,R,,,03,,,,,,
3528704381852,ART021727,MICHELIN,REIFEN,03.csv,,225,,17,99,V,,,03,,,,,,
3528704408986,ART021728,MICHELIN,REIFEN,03.csv,,205,,16,96,H,,,03,,,,,,
3528704424122,ART021337,MICHELIN,REIFEN,03.csv,,255,,20,105,W,,,03,,,,,,
3528704434978,ART076635,MICHELIN,REIFEN,03.csv,,215,,17,103,V,,,03,,,,,,
3528704440573,ART025002,MICHELIN,REIFEN,03.csv,,205,,16,91,V,,,03,,,,,,
3528704469451,ART021614,KLEBER,REIFEN,03.csv,,225,,17,103,H,,,03,,,,,,
3528704481743,ART076637,MICHELIN,REIFEN,03.csv,,225,,17,98,W,,,03,,,,,,
3528704495610,ART021640,KLEBER,REIFEN,03.csv,,235,,19,105,V,,,03,,,,,,
3528704529858,ART010913,MICHELIN,REIFEN,03.csv,,185,,15,84,H,,,03,,,,,,
3528704556250,ART076638,MICHELIN,REIFEN,03.csv,,225,,17,94,V,,,03,,,,,,
3528704560769,ART076639,MICHELIN,REIFEN,03.csv,,225,,18,95,Y,,,03,,,,,,
3528704581382,ART025004,MICHELIN,REIFEN,03.csv,,175,,18,85,H,,,03,,,,,,
3528704582280,ART029762,BFGOODRICH,REIFEN,03.csv,,225,,16,102,W,,,03,,,,,,
3528704598250,ART029763,BFGOODRICH,REIFEN,03.csv,,205,,16,91,H,,,03,,,,,,
3528704606702,ART021730,MICHELIN,REIFEN,03.csv,,225,,17,91,Y,,,03,,,,,,
3528704617500,ART015147,KLEBER,REIFEN,03.csv,,175,,14,82,T,,,03,,,,,,
3528704687619,ART019024,MICHELIN,REIFEN,03.csv,,315,,21,105,V,,,03,,,,,,
3528704728732,ART004402,MICHELIN,REIFEN,03.csv,,255,,20,101,V,,,03,,,,,,
3528704754229,ART041506,MICHELIN,REIFEN,03.csv,,245,,19,107,V,,,03,,,,,,
3528704761661,ART076640,MICHELIN,REIFEN,03.csv,,225,,18,92,Y,,,03,,,,,,
3528704808915,ART013838,KLEBER,REIFEN,03.csv,,205,,15,91,V,,,03,,,,,,
3528704854097,ART011982,MICHELIN,REIFEN,03.csv,,195,,15,104,T,,,03,,,,,,
3528704882090,ART042106,BFGOODRICH,REIFEN,03.csv,,265,,20,111,V,,,03,,,,,,
3528704890651,ART026782,MICHELIN,REIFEN,03.csv,,195,,18,96,H,,,03,,,,,,
3528704937318,ART029780,BFGOODRICH,REIFEN,03.csv,,235,,16,115,R,,,03,,,,,,
3528704954759,ART029783,BFGOODRICH,REIFEN,03.csv,,185,,15,86,H,,,03,,,,,,
3528704984411,ART021736,MICHELIN,REIFEN,03.csv,,195,,15,85,V,,,03,,,,,,
3528704994588,ART040932,BFGOODRICH,REIFEN,03.csv,,235,,18,107,W,,,03,,,,,,
3528704995813,ART025009,MICHELIN,REIFEN,03.csv,,235,,16,115,R,,,03,,,,,,
3528705001834,ART021737,MICHELIN,REIFEN,03.csv,,215,,16,98,H,,,03,,,,,,
3528705002015,ART082421,BFGOODRICH,REIFEN,03.csv,,225,,19,96,Y,,,03,,,,,,
3528705011802,ART029787,BFGOODRICH,REIFEN,03.csv,,215,,17,87,W,,,03,,,,,,
3528705015589,ART026223,MICHELIN,REIFEN,03.csv,,275,,20,110,Y,,,03,,,,,,
3528705023881,ART025010,MICHELIN,REIFEN,03.csv,,215,,18,92,W,,,03,,,,,,
3528705037369,ART026224,MICHELIN,REIFEN,03.csv,,255,,20,101,W,,,03,,,,,,
3528705107437,ART082424,BFGOODRICH,REIFEN,03.csv,,245,,18,97,Y,,,03,,,,,,
3528705108359,ART043106,MICHELIN,REIFEN,03.csv,,225,,18,99,V,,,03,,,,,,
3528705124526,ART026225,MICHELIN,REIFEN,03.csv,,235,,19,103,V,,,03,,,,,,
3528705124595,ART076644,MICHELIN,REIFEN,03.csv,,205,,16,91,H,,,03,,,,,,
3528705130213,ART076645,MICHELIN,REIFEN,03.csv,,235,,17,99,V,,,03,,,,,,
3528705137120,ART040990,KLEBER,REIFEN,03.csv,,215,,16,113,R,,,03,,,,,,
3528705166281,ART082427,BFGOODRICH,REIFEN,03.csv,,245,,19,102,Y,,,03,,,,,,
3528705172961,ART032448,MICHELIN,REIFEN,03.csv,,195,,15,88,H,,,03,,,,,,
3528705181925,ART027797,KLEBER,REIFEN,03.csv,,225,,17,102,H,,,03,,,,,,
3528705183936,ART008499,KLEBER,REIFEN,03.csv,,235,,18,98,V,,,03,,,,,,
3528705211202,ART015614,BFGOODRICH,REIFEN,03.csv,,285,,18,121,R,,,03,,,,,,
3528705224349,ART076646,MICHELIN,REIFEN,03.csv,,225,,17,91,Y,,,03,,,,,,
3528705248291,ART015619,MICHELIN,REIFEN,03.csv,,225,,17,98,H,,,03,,,,,,
3528705257903,ART082430,BFGOODRICH,REIFEN,03.csv,,225,,18,92,Y,,,03,,,,,,
3528705260934,ART026226,MICHELIN,REIFEN,03.csv,,245,,18,105,V,,,03,,,,,,
3528705262976,ART029800,BFGOODRICH,REIFEN,03.csv,,195,,16,91,V,,,03,,,,,,
3528705268800,ART029801,BFGOODRICH,REIFEN,03.csv,,205,,16,110,R,,,03,,,,,,
3528705281991,ART026227,MICHELIN,REIFEN,03.csv,,255,,20,105,V,,,03,,,,,,
3528705331818,ART018644,MICHELIN,REIFEN,03.csv,,215,,15,104,T,,,03,,,,,,
3528705351700,ART032092,MICHELIN,REIFEN,03.csv,,245,,21,96,Y,,,03,,,,,,
3528705371654,ART082434,BFGOODRICH,REIFEN,03.csv,,215,,16,90,V,,,03,,,,,,
3528705387174,ART032071,MICHELIN,REIFEN,03.csv,,235,,19,105,V,,,03,,,,,,
3528705407216,ART026228,MICHELIN,REIFEN,03.csv,,235,,17,102,H,,,03,,,,,,
3528705407964,ART009291,MICHELIN,REIFEN,03.csv,,285,,20,104,W,,,03,,,,,,
3528705410681,ART008726,MICHELIN,REIFEN,03.csv,,235,,20,92,Y,,,03,,,,,,
3528705419752,ART021742,MICHELIN,REIFEN,03.csv,,185,,15,92,V,,,03,,,,,,
3528705448691,ART026229,MICHELIN,REIFEN,03.csv,,285,,20,108,V,,,03,,,,,,
3528705488949,ART025017,MICHELIN,REIFEN,03.csv,,255,,21,98,Y,,,03,,,,,,
3528705513610,ART015498,MICHELIN,REIFEN,03.csv,,225,,17,109,H,,,03,,,,,,
3528705515713,ART025018,MICHELIN,REIFEN,03.csv,,255,,18,99,Y,,,03,,,,,,
3528705528331,ART029817,BFGOODRICH,REIFEN,03.csv,,205,,16,107,T,,,03,,,,,,
3528705536008,ART040992,BFGOODRICH,REIFEN,03.csv,,255,,19,107,Y,,,03,,,,,,
3528705550905,ART082436,BFGOODRICH,REIFEN,03.csv,,195,,16,84,V,,,03,,,,,,
3528705565428,ART026783,MICHELIN,REIFEN,03.csv,,155,,19,88,H,,,03,,,,,,
3528705576332,ART016260,MICHELIN,REIFEN,03.csv,,205,,17,91,W,,,03,,,,,,
3528705580094,ART076647,MICHELIN,REIFEN,03.csv,,205,,16,94,V,,,03,,,,,,
3528705583088,ART029819,BFGOODRICH,REIFEN,03.csv,,225,,17,94,V,,,03,,,,,,
3528705593551,ART026784,MICHELIN,REIFEN,03.csv,,215,,16,113,R,,,03,,,,,,
3528705595869,ART041510,MICHELIN,REIFEN,03.csv,,235,,19,101,T,,,03,,,,,,
3528705638818,ART025019,MICHELIN,REIFEN,03.csv,,225,,19,96,W,,,03,,,,,,
3528705688165,ART023205,MICHELIN,REIFEN,03.csv,,195,,15,92,V,,,03,,,,,,
3528705694838,ART010947,KLEBER,REIFEN,03.csv,,195,,16,99,H,,,03,,,,,,
3528705700492,ART003848,KLEBER,REIFEN,03.csv,,225,,16,118,R,,,03,,,,,,
3528705732646,ART003862,MICHELIN,REIFEN,03.csv,,285,,20,104,V,,,03,,,,,,
3528705735289,ART021746,MICHELIN,REIFEN,03.csv,,225,,17,94,V,,,03,,,,,,
3528705770334,ART021747,MICHELIN,REIFEN,03.csv,,215,,16,93,V,,,03,,,,,,
3528705770877,ART026231,MICHELIN,REIFEN,03.csv,,235,,18,110,V,,,03,,,,,,
3528705814335,ART026232,MICHELIN,REIFEN,03.csv,,225,,19,96,W,,,03,,,,,,
3528705824341,ART026233,MICHELIN,REIFEN,03.csv,,265,,18,110,T,,,03,,,,,,
3528705871772,ART043086,MICHELIN,REIFEN,03.csv,,205,,16,92,T,,,03,,,,,,
3528705896539,ART029835,BFGOODRICH,REIFEN,03.csv,,205,,17,84,W,,,03,,,,,,
3528705918439,ART002754,MICHELIN,REIFEN,03.csv,,235,,20,92,W,,,03,,,,,,
3528705933098,ART029843,BFGOODRICH,REIFEN,03.csv,,205,,16,96,V,,,03,,,,,,
3528705954918,ART041517,MICHELIN,REIFEN,03.csv,,285,,20,104,Y,,,03,,,,,,
3528705955564,ART021751,MICHELIN,REIFEN,03.csv,,185,,15,84,H,,,03,,,,,,
3528706030031,ART082446,BFGOODRICH,REIFEN,03.csv,,215,,16,95,V,,,03,,,,,,
3528706044854,ART025027,MICHELIN,REIFEN,03.csv,,255,,19,100,Y,,,03,,,,,,
3528706051616,ART025028,MICHELIN,REIFEN,03.csv,,215,,17,95,W,,,03,,,,,,
3528706052828,ART008501,KLEBER,REIFEN,03.csv,,235,,16,115,R,,,03,,,,,,
3528706067723,ART040996,KLEBER,REIFEN,03.csv,,205,,15,102,T,,,03,,,,,,
3528706083303,ART082450,BFGOODRICH,REIFEN,03.csv,,215,,16,86,H,,,03,,,,,,
3528706094910,ART006315,MICHELIN,REIFEN,03.csv,,225,,17,97,H,,,03,,,,,,
3528706125928,ART021753,MICHELIN,REIFEN,03.csv,,205,,16,91,H,,,03,,,,,,
3528706137372,ART011639,MICHELIN,REIFEN,03.csv,,225,,18,102,V,,,03,,,,,,
3528706164026,ART002271,MICHELIN,REIFEN,03.csv,,175,,14,82,T,,,03,,,,,,
3528706166815,ART010896,MICHELIN,REIFEN,03.csv,,175,,15,88,H,,,03,,,,,,
3528706175466,ART010897,MICHELIN,REIFEN,03.csv,,245,,20,95,Y,,,03,,,,,,
3528706187742,ART082456,BFGOODRICH,REIFEN,03.csv,,225,,17,99,V,,,03,,,,,,
3528706188589,ART029857,BFGOODRICH,REIFEN,03.csv,,225,,17,103,V,,,03,,,,,,
3528706216121,ART026236,MICHELIN,REIFEN,03.csv,,245,,20,99,V,,,03,,,,,,
3528706224348,ART029859,BFGOODRICH,REIFEN,03.csv,,215,,18,93,Y,,,03,,,,,,
3528706233401,ART027807,KLEBER,REIFEN,03.csv,,225,,19,96,V,,,03,,,,,,
3528706244896,ART019438,KLEBER,REIFEN,03.csv,,225,,18,98,V,,,03,,,,,,
3528706264344,ART021755,MICHELIN,REIFEN,03.csv,,215,,17,96,H,,,03,,,,,,
3528706266850,ART021622,KLEBER,REIFEN,03.csv,,235,,18,97,V,,,03,,,,,,
3528706280085,ART025031,MICHELIN,REIFEN,03.csv,,225,,16,118,R,,,03,,,,,,
3528706317705,ART021757,MICHELIN,REIFEN,03.csv,,195,,16,91,V,,,03,,,,,,
3528706346828,ART026238,MICHELIN,REIFEN,03.csv,,225,,19,100,V,,,03,,,,,,
3528706346835,ART021758,MICHELIN,REIFEN,03.csv,,215,,18,95,T,,,03,,,,,,
3528706377624,ART029864,BFGOODRICH,REIFEN,03.csv,,235,,18,104,V,,,03,,,,,,
3528706449178,ART076653,MICHELIN,REIFEN,03.csv,,225,,17,98,V,,,03,,,,,,
3528706462177,ART023207,MICHELIN,REIFEN,03.csv,,255,,18,94,Y,,,03,,,,,,
3528706529634,ART026239,MICHELIN,REIFEN,03.csv,,245,,20,95,Y,,,03,,,,,,
3528706538926,ART003865,MICHELIN,REIFEN,03.csv,,225,,18,91,W,,,03,,,,,,
3528706540547,ART021760,MICHELIN,REIFEN,03.csv,,205,,16,96,V,,,03,,,,,,
3528706545610,ART082465,BFGOODRICH,REIFEN,03.csv,,225,,18,99,W,,,03,,,,,,
3528706602344,ART025539,KLEBER,REIFEN,03.csv,,225,,17,94,Y,,,03,,,,,,
3528706618284,ART013750,MICHELIN,REIFEN,03.csv,,255,,18,109,Y,,,03,,,,,,
3528706618437,ART026240,MICHELIN,REIFEN,03.csv,,235,,19,105,W,,,03,,,,,,
3528706624230,ART021763,MICHELIN,REIFEN,03.csv,,175,,19,86,Q,,,03,,,,,,
3528706656750,ART026241,MICHELIN,REIFEN,03.csv,,255,,18,112,V,,,03,,,,,,
3528706674358,ART021764,MICHELIN,REIFEN,03.csv,,195,,16,87,H,,,03,,,,,,
3528706677762,ART025450,MICHELIN,REIFEN,03.csv,,205,,17,84,W,,,03,,,,,,
3528706680359,ART029880,BFGOODRICH,REIFEN,03.csv,,215,,15,109,S,,,03,,,,,,
3528706694707,ART021765,MICHELIN,REIFEN,03.csv,,225,,17,91,W,,,03,,,,,,
3528706695568,ART082471,BFGOODRICH,REIFEN,03.csv,,225,,18,95,Y,,,03,,,,,,
3528706703560,ART082473,BFGOODRICH,REIFEN,03.csv,,165,,14,79,T,,,03,,,,,,
3528706712678,ART018127,MICHELIN,REIFEN,03.csv,,175,,14,86,H,,,03,,,,,,
3528706714566,ART021766,MICHELIN,REIFEN,03.csv,,195,,16,93,H,,,03,,,,,,
3528706714993,ART029882,BFGOODRICH,REIFEN,03.csv,,225,,17,94,Y,,,03,,,,,,
3528706747144,ART026242,MICHELIN,REIFEN,03.csv,,255,,20,109,Y,,,03,,,,,,
3528706754821,ART029883,BFGOODRICH,REIFEN,03.csv,,195,,15,82,H,,,03,,,,,,
3528706762079,ART021768,MICHELIN,REIFEN,03.csv,,245,,18,93,Y,,,03,,,,,,
3528706768859,ART026243,MICHELIN,REIFEN,03.csv,,245,,17,111,H,,,03,,,,,,
3528706769221,ART026244,MICHELIN,REIFEN,03.csv,,235,,20,102,V,,,03,,,,,,
3528706772252,ART007244,KLEBER,REIFEN,03.csv,,205,,16,92,H,,,03,,,,,,
3528706783500,ART001740,MICHELIN,REIFEN,03.csv,,185,,15,88,T,,,03,,,,,,
3528706835070,ART021601,KLEBER,REIFEN,03.csv,,215,,17,99,V,,,03,,,,,,
3528706880285,ART025043,MICHELIN,REIFEN,03.csv,,245,,20,95,Y,,,03,,,,,,
3528706935596,ART025044,MICHELIN,REIFEN,03.csv,,245,,18,100,Y,,,03,,,,,,
3528706945311,ART018645,MICHELIN,REIFEN,03.csv,,225,,16,121,R,,,03,,,,,,
3528706968617,ART076655,MICHELIN,REIFEN,03.csv,,225,,17,101,W,,,03,,,,,,
3528706973079,ART076656,MICHELIN,REIFEN,03.csv,,205,,17,89,V,,,03,,,,,,
3528706982910,ART029892,BFGOODRICH,REIFEN,03.csv,,195,,15,82,V,,,03,,,,,,
3528707019738,ART021771,MICHELIN,REIFEN,03.csv,,245,,18,96,Y,,,03,,,,,,
3528707061348,ART029897,BFGOODRICH,REIFEN,03.csv,,195,,15,91,T,,,03,,,,,,
3528707067081,ART076658,MICHELIN,REIFEN,03.csv,,245,,18,96,W,,,03,,,,,,
3528707073327,ART026246,MICHELIN,REIFEN,03.csv,,205,,16,95,H,,,03,,,,,,
3528707084910,ART032557,MICHELIN,REIFEN,03.csv,,215,,20,95,T,,,03,,,,,,
3528707089830,ART021772,MICHELIN,REIFEN,03.csv,,215,,16,102,V,,,03,,,,,,
3528707089977,ART029898,BFGOODRICH,REIFEN,03.csv,,225,,17,101,W,,,03,,,,,,
3528707103451,ART007978,BFGOODRICH,REIFEN,03.csv,,265,,18,117,R,,,03,,,,,,
3528707151797,ART012035,MICHELIN,REIFEN,03.csv,,225,,16,121,R,,,03,,,,,,
3528707174604,ART021775,MICHELIN,REIFEN,03.csv,,275,,20,110,H,,,03,,,,,,
3528707183637,ART013815,KLEBER,REIFEN,03.csv,,195,,15,91,V,,,03,,,,,,
3528707242716,ART005727,MICHELIN,REIFEN,03.csv,,245,,20,95,Y,,,03,,,,,,
3528707244147,ART021777,MICHELIN,REIFEN,03.csv,,245,,19,102,Y,,,03,,,,,,
3528707278821,ART025537,KLEBER,REIFEN,03.csv,,205,,17,88,V,,,03,,,,,,
3528707357434,ART082498,BFGOODRICH,REIFEN,03.csv,,165,,14,81,T,,,03,,,,,,
3528707392695,ART018646,MICHELIN,REIFEN,03.csv,,215,,17,109,T,,,03,,,,,,
3528707410948,ART012722,MICHELIN,REIFEN,03.csv,,275,,21,103,Y,,,03,,,,,,
3528707468956,ART029917,BFGOODRICH,REIFEN,03.csv,,195,,15,104,R,,,03,,,,,,
3528707481986,ART029920,BFGOODRICH,REIFEN,03.csv,,235,,19,91,Y,,,03,,,,,,
3528707556752,ART029924,BFGOODRICH,REIFEN,03.csv,,175,,15,88,H,,,03,,,,,,
3528707568571,ART021784,MICHELIN,REIFEN,03.csv,,205,,17,89,V,,,03,,,,,,
3528707603890,ART013810,KLEBER,REIFEN,03.csv,,215,,16,95,H,,,03,,,,,,
3528707663948,ART013847,KLEBER,REIFEN,03.csv,,195,,15,78,V,,,03,,,,,,
3528707782083,ART029933,BFGOODRICH,REIFEN,03.csv,,205,,15,95,H,,,03,,,,,,
3528707783196,ART021788,MICHELIN,REIFEN,03.csv,,235,,19,96,Y,,,03,,,,,,
3528707783332,ART009560,MICHELIN,REIFEN,03.csv,,205,,15,99,V,,,03,,,,,,
3528707803252,ART029935,BFGOODRICH,REIFEN,03.csv,,215,,17,87,V,,,03,,,,,,
3528707811158,ART082074,BFGOODRICH,REIFEN,03.csv,,195,,16,87,H,,,03,,,,,,
3528707837660,ART021027,KLEBER,REIFEN,03.csv,,175,,13,82,T,,,03,,,,,,
3528707856463,ART025054,MICHELIN,REIFEN,03.csv,,245,,19,93,Y,,,03,,,,,,
3528707876119,ART015473,MICHELIN,REIFEN,03.csv,,195,,15,86,V,,,03,,,,,,
3528707882264,ART026250,MICHELIN,REIFEN,03.csv,,225,,18,104,W,,,03,,,,,,
3528707942234,ART029942,BFGOODRICH,REIFEN,03.csv,,225,,17,98,W,,,03,,,,,,
3528707948649,ART025056,MICHELIN,REIFEN,03.csv,,255,,19,96,Y,,,03,,,,,,
3528707976086,ART005321,MICHELIN,REIFEN,03.csv,,265,,19,98,Y,,,03,,,,,,
3528708131408,ART029948,BFGOODRICH,REIFEN,03.csv,,215,,17,98,W,,,03,,,,,,
3528708147874,ART029952,BFGOODRICH,REIFEN,03.csv,,185,,15,88,H,,,03,,,,,,
3528708177567,ART029957,BFGOODRICH,REIFEN,03.csv,,195,,15,92,V,,,03,,,,,,
3528708180215,ART082085,BFGOODRICH,REIFEN,03.csv,,215,,17,96,H,,,03,,,,,,
3528708190955,ART021795,MICHELIN,REIFEN,03.csv,,185,,15,84,H,,,03,,,,,,
3528708215795,ART076671,MICHELIN,REIFEN,03.csv,,225,,19,96,W,,,03,,,,,,
3528708260191,ART021796,MICHELIN,REIFEN,03.csv,,215,,17,95,W,,,03,,,,,,
3528708261907,ART029965,BFGOODRICH,REIFEN,03.csv,,205,,16,91,V,,,03,,,,,,
3528708303515,ART029967,BFGOODRICH,REIFEN,03.csv,,175,,15,84,H,,,03,,,,,,
3528708309371,ART026254,MICHELIN,REIFEN,03.csv,,255,,19,111,W,,,03,,,,,,
3528708318991,ART005723,MICHELIN,REIFEN,03.csv,,245,,18,100,Y,,,03,,,,,,
3528708323018,ART043072,MICHELIN,REIFEN,03.csv,,195,,16,91,T,,,03,,,,,,
3528708377653,ART023212,MICHELIN,REIFEN,03.csv,,245,,18,92,Y,,,03,,,,,,
3528708415812,ART002831,MICHELIN,REIFEN,03.csv,,185,,14,86,T,,,03,,,,,,
3528708428676,ART082092,BFGOODRICH,REIFEN,03.csv,,235,,18,95,Y,,,03,,,,,,
3528708431652,ART021798,MICHELIN,REIFEN,03.csv,,235,,19,103,V,,,03,,,,,,
3528708458987,ART027824,KLEBER,REIFEN,03.csv,,165,,15,81,T,,,03,,,,,,
3528708461086,ART023214,MICHELIN,REIFEN,03.csv,,205,,17,95,V,,,03,,,,,,
3528708479012,ART076673,MICHELIN,REIFEN,03.csv,,235,,17,103,W,,,03,,,,,,
3528708507159,ART021022,KLEBER,REIFEN,03.csv,,165,,14,79,T,,,03,,,,,,
3528708533103,ART029975,BFGOODRICH,REIFEN,03.csv,,195,,15,88,H,,,03,,,,,,
3528708537682,ART023215,MICHELIN,REIFEN,03.csv,,255,,20,101,H,,,03,,,,,,
3528708575653,ART076675,MICHELIN,REIFEN,03.csv,,225,,17,94,W,,,03,,,,,,
3528708582606,ART076676,MICHELIN,REIFEN,03.csv,,215,,17,91,W,,,03,,,,,,
3528708612853,ART021802,MICHELIN,REIFEN,03.csv,,185,,15,88,H,,,03,,,,,,
3528708649637,ART076677,MICHELIN,REIFEN,03.csv,,215,,17,95,W,,,03,,,,,,
3528708652026,ART019910,MICHELIN,REIFEN,03.csv,,225,,18,92,Y,,,03,,,,,,
3528708667433,ART026255,MICHELIN,REIFEN,03.csv,,215,,18,95,H,,,03,,,,,,
3528708673618,ART076678,MICHELIN,REIFEN,03.csv,,225,,17,91,V,,,03,,,,,,
3528708706651,ART043094,MICHELIN,REIFEN,03.csv,,215,,18,99,V,,,03,,,,,,
3528708717329,ART004390,MICHELIN,REIFEN,03.csv,,205,,16,91,W,,,03,,,,,,
3528708725072,ART023216,MICHELIN,REIFEN,03.csv,,195,,15,89,V,,,03,,,,,,
3528708736245,ART076680,MICHELIN,REIFEN,03.csv,,205,,17,93,W,,,03,,,,,,
3528708745209,ART076681,MICHELIN,REIFEN,03.csv,,225,,18,99,W,,,03,,,,,,
3528708750678,ART021343,MICHELIN,REIFEN,03.csv,,195,,20,95,H,,,03,,,,,,
3528708768055,ART026257,MICHELIN,REIFEN,03.csv,,235,,20,104,W,,,03,,,,,,
3528708775107,ART015523,MICHELIN,REIFEN,03.csv,,215,,17,109,T,,,03,,,,,,
3528708784697,ART021633,KLEBER,REIFEN,03.csv,,235,,17,103,V,,,03,,,,,,
3528708817654,ART025554,KLEBER,REIFEN,03.csv,,235,,19,96,Y,,,03,,,,,,
3528708826229,ART022378,MICHELIN,REIFEN,03.csv,,215,,19,93,T,,,03,,,,,,
3528708846531,ART030000,BFGOODRICH,REIFEN,03.csv,,225,,19,93,Y,,,03,,,,,,
3528708859838,ART032561,MICHELIN,REIFEN,03.csv,,245,,21,100,W,,,03,,,,,,
3528708878068,ART012069,MICHELIN,REIFEN,03.csv,,185,,16,81,H,,,03,,,,,,
3528708879461,ART082113,BFGOODRICH,REIFEN,03.csv,,155,,14,75,T,,,03,,,,,,
3528708885455,ART021031,KLEBER,REIFEN,03.csv,,195,,20,95,H,,,03,,,,,,
3528708934139,ART030009,BFGOODRICH,REIFEN,03.csv,,225,,15,112,R,,,03,,,,,,
3528708946583,ART030011,BFGOODRICH,REIFEN,03.csv,,185,,15,82,H,,,03,,,,,,
3528708947740,ART021803,MICHELIN,REIFEN,03.csv,,245,,18,97,Y,,,03,,,,,,
3528708974036,ART030012,BFGOODRICH,REIFEN,03.csv,,255,,19,96,Y,,,03,,,,,,
3528709009119,ART018152,MICHELIN,REIFEN,03.csv,,235,,16,115,R,,,03,,,,,,
3528709053907,ART023218,MICHELIN,REIFEN,03.csv,,215,,18,89,V,,,03,,,,,,
3528709064705,ART030016,BFGOODRICH,REIFEN,03.csv,,205,,15,106,R,,,03,,,,,,
3528709069236,ART019441,KLEBER,REIFEN,03.csv,,205,,16,87,V,,,03,,,,,,
3528709080545,ART023219,MICHELIN,REIFEN,03.csv,,195,,15,88,H,,,03,,,,,,
3528709087032,ART021593,KLEBER,REIFEN,03.csv,,215,,16,98,H,,,03,,,,,,
3528709163576,ART001257,MICHELIN,REIFEN,03.csv,,225,,16,92,Y,,,03,,,,,,
3528709205306,ART030022,BFGOODRICH,REIFEN,03.csv,,195,,15,91,H,,,03,,,,,,
3528709221511,ART015629,MICHELIN,REIFEN,03.csv,,225,,16,92,Y,,,03,,,,,,
3528709239295,ART030033,BFGOODRICH,REIFEN,03.csv,,215,,16,102,V,,,03,,,,,,
3528709252607,ART008228,MICHELIN,REIFEN,03.csv,,285,,18,101,Y,,,03,,,,,,
3528709268349,ART030035,BFGOODRICH,REIFEN,03.csv,,205,,16,92,H,,,03,,,,,,
3528709325462,ART026260,MICHELIN,REIFEN,03.csv,,225,,18,95,W,,,03,,,,,,
3528709403603,ART011854,MICHELIN,REIFEN,03.csv,,235,,17,104,V,,,03,,,,,,
3528709431514,ART011973,BFGOODRICH,REIFEN,03.csv,,225,,16,115,Q,,,03,,,,,,
3528709437059,ART030039,BFGOODRICH,REIFEN,03.csv,,165,,15,81,T,,,03,,,,,,
3528709441223,ART026261,MICHELIN,REIFEN,03.csv,,255,,20,101,V,,,03,,,,,,
3528709458276,ART043067,MICHELIN,REIFEN,03.csv,,185,,15,92,T,,,03,,,,,,
3528709469692,ART010271,MICHELIN,REIFEN,03.csv,,275,,19,105,Y,,,03,,,,,,
3528709499385,ART012028,MICHELIN,REIFEN,03.csv,,215,,15,104,T,,,03,,,,,,
3528709566025,ART010936,MICHELIN,REIFEN,03.csv,,195,,15,91,H,,,03,,,,,,
3528709598217,ART030048,BFGOODRICH,REIFEN,03.csv,,205,,16,96,H,,,03,,,,,,
3528709643498,ART032020,MICHELIN,REIFEN,03.csv,,315,,20,110,W,,,03,,,,,,
3528709660099,ART002822,MICHELIN,REIFEN,03.csv,,185,,14,82,H,,,03,,,,,,
3528709670418,ART082139,BFGOODRICH,REIFEN,03.csv,,235,,17,99,V,,,03,,,,,,
3528709671286,ART021811,MICHELIN,REIFEN,03.csv,,235,,19,99,Y,,,03,,,,,,
3528709739528,ART001450,MICHELIN,REIFEN,03.csv,,195,,16,104,R,,,03,,,,,,
3528709741781,ART082141,BFGOODRICH,REIFEN,03.csv,,195,,16,91,V,,,03,,,,,,
3528709745680,ART021813,MICHELIN,REIFEN,03.csv,,245,,19,98,Y,,,03,,,,,,
3528709755511,ART030054,BFGOODRICH,REIFEN,03.csv,,195,,15,95,V,,,03,,,,,,
3528709759694,ART076694,MICHELIN,REIFEN,03.csv,,205,,16,92,V,,,03,,,,,,
3528709768375,ART025087,MICHELIN,REIFEN,03.csv,,255,,19,104,Y,,,03,,,,,,
3528709772716,ART030055,BFGOODRICH,REIFEN,03.csv,,245,,18,100,Y,,,03,,,,,,
3528709817905,ART026262,MICHELIN,REIFEN,03.csv,,225,,17,106,V,,,03,,,,,,
3528709820424,ART015641,MICHELIN,REIFEN,03.csv,,185,,15,92,T,,,03,,,,,,
3528709823531,ART026263,MICHELIN,REIFEN,03.csv,,245,,18,103,V,,,03,,,,,,
3528709880213,ART030057,BFGOODRICH,REIFEN,03.csv,,185,,16,104,R,,,03,,,,,,
3528709946285,ART023223,MICHELIN,REIFEN,03.csv,,205,,17,91,W,,,03,,,,,,
3528709969536,ART027846,KLEBER,REIFEN,03.csv,,185,,14,82,T,,,03,,,,,,
4019238001945,ART010209,CONTINENTAL,REIFEN,03.csv,,275,,19,111,H,,,03,,,,,,
4019238002348,ART009113,CONTINENTAL,REIFEN,03.csv,,275,,20,102,Y,,,03,,,,,,
4019238003895,ART009792,CONTINENTAL,REIFEN,03.csv,,235,,18,95,Y,,,03,,,,,,
4019238004908,ART010468,CONTINENTAL,REIFEN,03.csv,,265,,21,105,Y,,,03,,,,,,
4019238005004,ART010595,CONTINENTAL,REIFEN,03.csv,,255,,20,105,Y,,,03,,,,,,
4019238005059,ART011223,CONTINENTAL,REIFEN,03.csv,,235,,20,100,W,,,03,,,,,,
4019238005110,ART012407,CONTINENTAL,REIFEN,03.csv,,205,,16,107,T,,,03,,,,,,
4019238005639,ART011553,CONTINENTAL,REIFEN,03.csv,,215,,15,104,T,,,03,,,,,,
4019238006155,ART011256,CONTINENTAL,REIFEN,03.csv,,215,,17,109,T,,,03,,,,,,
4019238006193,ART010835,CONTINENTAL,REIFEN,03.csv,,215,,16,116,R,,,03,,,,,,
4019238006247,ART011800,CONTINENTAL,REIFEN,03.csv,,255,,20,113,V,,,03,,,,,,
4019238006261,ART011799,CONTINENTAL,REIFEN,03.csv,,275,,22,112,W,,,03,,,,,,
4019238006667,ART010469,CONTINENTAL,REIFEN,03.csv,,275,,21,113,Y,,,03,,,,,,
4019238008777,ART011554,CONTINENTAL,REIFEN,03.csv,,225,,16,112,T,,,03,,,,,,
4019238009187,ART011555,CONTINENTAL,REIFEN,03.csv,,225,,16,112,T,,,03,,,,,,
4019238009200,ART011664,CONTINENTAL,REIFEN,03.csv,,275,,19,100,V,,,03,,,,,,
4019238010251,ART010183,CONTINENTAL,REIFEN,03.csv,,205,,16,96,V,,,03,,,,,,
4019238010633,ART010821,CONTINENTAL,REIFEN,03.csv,,175,,15,84,H,,,03,,,,,,
4019238010640,ART010822,CONTINENTAL,REIFEN,03.csv,,185,,14,90,T,,,03,,,,,,
4019238010657,ART010823,CONTINENTAL,REIFEN,03.csv,,155,,14,75,T,,,03,,,,,,
4019238010664,ART010824,CONTINENTAL,REIFEN,03.csv,,195,,15,86,H,,,03,,,,,,
4019238010688,ART011797,CONTINENTAL,REIFEN,03.csv,,215,,18,95,H,,,03,,,,,,
4019238010770,ART012402,CONTINENTAL,REIFEN,03.csv,,235,,19,99,V,,,03,,,,,,
4019238012453,ART011641,CONTINENTAL,REIFEN,03.csv,,255,,22,103,V,,,03,,,,,,
4019238012477,ART011642,CONTINENTAL,REIFEN,03.csv,,255,,16,111,T,,,03,,,,,,
4019238012484,ART012714,CONTINENTAL,REIFEN,03.csv,,265,,18,110,T,,,03,,,,,,
4019238012996,ART027588,CONTINENTAL,REIFEN,03.csv,,225,,18,92,Y,,,03,,,,,,
4019238013078,ART011249,CONTINENTAL,REIFEN,03.csv,,265,,22,102,W,,,03,,,,,,
4019238013351,ART011804,CONTINENTAL,REIFEN,03.csv,,125,,13,65,Q,,,03,,,,,,
4019238013511,ART011838,CONTINENTAL,REIFEN,03.csv,,255,,19,100,Y,,,03,,,,,,
4019238013795,ART011570,CONTINENTAL,REIFEN,03.csv,,295,,21,107,Y,,,03,,,,,,
4019238013931,ART011571,CONTINENTAL,REIFEN,03.csv,,285,,19,98,Y,,,03,,,,,,
4019238014020,ART012385,CONTINENTAL,REIFEN,03.csv,,205,,16,91,V,,,03,,,,,,
4019238014945,ART011574,CONTINENTAL,REIFEN,03.csv,,225,,15,112,R,,,03,,,,,,
4019238014990,ART012388,CONTINENTAL,REIFEN,03.csv,,165,,15,87,T,,,03,,,,,,
4019238015027,ART014708,CONTINENTAL,REIFEN,03.csv,,235,,18,94,W,,,03,,,,,,
4019238016192,ART014481,CONTINENTAL,REIFEN,03.csv,,235,,18,100,V,,,03,,,,,,
4019238016291,ART027592,CONTINENTAL,REIFEN,03.csv,,205,,16,91,W,,,03,,,,,,
4019238020007,ART017527,CONTINENTAL,REIFEN,03.csv,,275,,21,107,H,,,03,,,,,,
4019238020397,ART014482,CONTINENTAL,REIFEN,03.csv,,225,,18,91,W,,,03,,,,,,
4019238020410,ART014713,CONTINENTAL,REIFEN,03.csv,,235,,19,99,W,,,03,,,,,,
4019238020793,ART012709,CONTINENTAL,REIFEN,03.csv,,175,,14,82,H,,,03,,,,,,
4019238020892,ART013204,CONTINENTAL,REIFEN,03.csv,,235,,17,97,Y,,,03,,,,,,
4019238020922,ART013333,CONTINENTAL,REIFEN,03.csv,,215,,16,100,H,,,03,,,,,,
4019238020977,ART011829,CONTINENTAL,REIFEN,03.csv,,285,,22,110,Y,,,03,,,,,,
4019238021851,ART011831,CONTINENTAL,REIFEN,03.csv,,225,,17,98,H,,,03,,,,,,
4019238021967,ART011845,CONTINENTAL,REIFEN,03.csv,,235,,17,114,R,,,03,,,,,,
4019238022209,ART012387,CONTINENTAL,REIFEN,03.csv,,195,,15,91,V,,,03,,,,,,
4019238022216,ART014706,CONTINENTAL,REIFEN,03.csv,,195,,15,91,H,,,03,,,,,,
4019238022773,ART012962,CONTINENTAL,REIFEN,03.csv,,275,,19,100,Y,,,03,,,,,,
4019238022841,ART012704,CONTINENTAL,REIFEN,03.csv,,215,,17,99,V,,,03,,,,,,
4019238023190,ART012966,CONTINENTAL,REIFEN,03.csv,,255,,19,111,Y,,,03,,,,,,
4019238023213,ART014690,CONTINENTAL,REIFEN,03.csv,,215,,17,94,V,,,03,,,,,,
4019238023770,ART016159,CONTINENTAL,REIFEN,03.csv,,235,,19,103,V,,,03,,,,,,
4019238024104,ART013076,CONTINENTAL,REIFEN,03.csv,,235,,16,100,H,,,03,,,,,,
4019238024593,ART013339,CONTINENTAL,REIFEN,03.csv,,265,,22,106,V,,,03,,,,,,
4019238024814,ART013336,CONTINENTAL,REIFEN,03.csv,,265,,21,108,V,,,03,,,,,,
4019238025927,ART016160,CONTINENTAL,REIFEN,03.csv,,235,,19,105,V,,,03,,,,,,
4019238026054,ART012707,CONTINENTAL,REIFEN,03.csv,,225,,17,94,W,,,03,,,,,,
4019238030617,ART013213,CONTINENTAL,REIFEN,03.csv,,215,,16,98,H,,,03,,,,,,
4019238030792,ART013093,CONTINENTAL,REIFEN,03.csv,,245,,18,97,Y,,,03,,,,,,
4019238030969,ART013063,CONTINENTAL,REIFEN,03.csv,,275,,21,107,Y,,,03,,,,,,
4019238031041,ART013065,CONTINENTAL,REIFEN,03.csv,,295,,22,103,Y,,,03,,,,,,
4019238031775,ART014716,CONTINENTAL,REIFEN,03.csv,,215,,15,109,S,,,03,,,,,,
4019238032055,ART016170,CONTINENTAL,REIFEN,03.csv,,235,,19,99,V,,,03,,,,,,
4019238032062,ART013332,CONTINENTAL,REIFEN,03.csv,,195,,16,87,H,,,03,,,,,,
4019238032192,ART017529,CONTINENTAL,REIFEN,03.csv,,215,,17,98,H,,,03,,,,,,
4019238032208,ART013693,CONTINENTAL,REIFEN,03.csv,,265,,21,105,Y,,,03,,,,,,
4019238032215,ART013694,CONTINENTAL,REIFEN,03.csv,,255,,21,102,Y,,,03,,,,,,
4019238032536,ART015605,CONTINENTAL,REIFEN,03.csv,,235,,17,103,W,,,03,,,,,,
4019238032543,ART016171,CONTINENTAL,REIFEN,03.csv,,235,,17,103,W,,,03,,,,,,
4019238033113,ART014477,CONTINENTAL,REIFEN,03.csv,,185,,15,88,H,,,03,,,,,,
4019238034172,ART026757,CONTINENTAL,REIFEN,03.csv,,235,,16,115,R,,,03,,,,,,
4019238034226,ART015038,CONTINENTAL,REIFEN,03.csv,,245,,19,102,Y,,,03,,,,,,
4019238034691,ART016173,CONTINENTAL,REIFEN,03.csv,,285,,16,126,N,,,03,,,,,,
4019238035377,ART014705,CONTINENTAL,REIFEN,03.csv,,235,,17,99,H,,,03,,,,,,
4019238035681,ART015047,CONTINENTAL,REIFEN,03.csv,,215,,16,102,H,,,03,,,,,,
4019238036893,ART015603,CONTINENTAL,REIFEN,03.csv,,235,,17,103,H,,,03,,,,,,
4019238036909,ART015604,CONTINENTAL,REIFEN,03.csv,,175,,15,88,T,,,03,,,,,,
4019238036954,ART015042,CONTINENTAL,REIFEN,03.csv,,235,,18,95,Y,,,03,,,,,,
4019238037494,ART016178,CONTINENTAL,REIFEN,03.csv,,215,,15,104,T,,,03,,,,,,
4019238037500,ART016179,CONTINENTAL,REIFEN,03.csv,,225,,17,109,H,,,03,,,,,,
4019238038071,ART015372,CONTINENTAL,REIFEN,03.csv,,165,,15,81,T,,,03,,,,,,
4019238038200,ART016183,CONTINENTAL,REIFEN,03.csv,,185,,15,88,T,,,03,,,,,,
4019238038217,ART018834,CONTINENTAL,REIFEN,03.csv,,205,,16,91,H,,,03,,,,,,
4019238038224,ART018835,CONTINENTAL,REIFEN,03.csv,,205,,16,91,T,,,03,,,,,,
4019238038231,ART018836,CONTINENTAL,REIFEN,03.csv,,205,,16,92,T,,,03,,,,,,
4019238038255,ART016185,CONTINENTAL,REIFEN,03.csv,,185,,15,92,T,,,03,,,,,,
4019238038286,ART018838,CONTINENTAL,REIFEN,03.csv,,195,,15,91,T,,,03,,,,,,
4019238038293,ART018839,CONTINENTAL,REIFEN,03.csv,,195,,15,95,T,,,03,,,,,,
4019238038309,ART022789,CONTINENTAL,REIFEN,03.csv,,205,,16,94,H,,,03,,,,,,
4019238038316,ART022790,CONTINENTAL,REIFEN,03.csv,,205,,16,94,V,,,03,,,,,,
4019238038330,ART022791,CONTINENTAL,REIFEN,03.csv,,225,,17,94,H,,,03,,,,,,
4019238038446,ART016188,CONTINENTAL,REIFEN,03.csv,,215,,19,93,T,,,03,,,,,,
4019238038453,ART016189,CONTINENTAL,REIFEN,03.csv,,215,,18,95,T,,,03,,,,,,
4019238039160,ART024840,CONTINENTAL,REIFEN,03.csv,,265,,20,94,Y,,,03,,,,,,
4019238039177,ART025614,CONTINENTAL,REIFEN,03.csv,,265,,21,96,Y,,,03,,,,,,
4019238039870,ART017548,CONTINENTAL,REIFEN,03.csv,,265,,19,98,W,,,03,,,,,,
4019238039900,ART017551,CONTINENTAL,REIFEN,03.csv,,295,,20,114,V,,,03,,,,,,
4019238039993,ART016556,CONTINENTAL,REIFEN,03.csv,,245,,21,104,Y,,,03,,,,,,
4019238040029,ART017553,CONTINENTAL,REIFEN,03.csv,,175,,15,77,T,,,03,,,,,,
4019238040098,ART017558,CONTINENTAL,REIFEN,03.csv,,185,,14,88,T,,,03,,,,,,
4019238040128,ART017561,CONTINENTAL,REIFEN,03.csv,,235,,17,102,V,,,03,,,,,,
4019238040265,ART016194,CONTINENTAL,REIFEN,03.csv,,235,,18,100,V,,,03,,,,,,
4019238040272,ART016195,CONTINENTAL,REIFEN,03.csv,,235,,18,100,V,,,03,,,,,,
4019238040340,ART019317,CONTINENTAL,REIFEN,03.csv,,195,,16,104,T,,,03,,,,,,
4019238040357,ART019318,CONTINENTAL,REIFEN,03.csv,,195,,15,104,R,,,03,,,,,,
4019238040463,ART016199,CONTINENTAL,REIFEN,03.csv,,235,,16,115,R,,,03,,,,,,
4019238040548,ART024846,CONTINENTAL,REIFEN,03.csv,,225,,19,88,Y,,,03,,,,,,
4019238040555,ART024329,CONTINENTAL,REIFEN,03.csv,,245,,19,98,Y,,,03,,,,,,
4019238040579,ART024331,CONTINENTAL,REIFEN,03.csv,,245,,20,95,Y,,,03,,,,,,
4019238040586,ART023917,CONTINENTAL,REIFEN,03.csv,,225,,19,93,Y,,,03,,,,,,
4019238040593,ART023918,CONTINENTAL,REIFEN,03.csv,,245,,19,93,Y,,,03,,,,,,
4019238040616,ART024847,CONTINENTAL,REIFEN,03.csv,,275,,19,100,Y,,,03,,,,,,
4019238040708,ART024850,CONTINENTAL,REIFEN,03.csv,,235,,19,96,Y,,,03,,,,,,
4019238040722,ART024851,CONTINENTAL,REIFEN,03.csv,,285,,20,99,Y,,,03,,,,,,
4019238040753,ART024589,CONTINENTAL,REIFEN,03.csv,,285,,19,103,Y,,,03,,,,,,
4019238040784,ART024592,CONTINENTAL,REIFEN,03.csv,,305,,19,102,Y,,,03,,,,,,
4019238040807,ART024852,CONTINENTAL,REIFEN,03.csv,,325,,20,101,Y,,,03,,,,,,
4019238041002,ART016203,CONTINENTAL,REIFEN,03.csv,,265,,20,108,Y,,,03,,,,,,
4019238041095,ART016205,CONTINENTAL,REIFEN,03.csv,,245,,20,95,W,,,03,,,,,,
4019238041798,ART016210,CONTINENTAL,REIFEN,03.csv,,255,,20,101,W,,,03,,,,,,
4019238042023,ART022332,CONTINENTAL,REIFEN,03.csv,,235,,19,105,W,,,03,,,,,,
4019238042900,ART018619,CONTINENTAL,REIFEN,03.csv,,225,,17,99,Y,,,03,,,,,,
4019238042986,ART023919,CONTINENTAL,REIFEN,03.csv,,195,,15,88,T,,,03,,,,,,
4019238043006,ART024340,CONTINENTAL,REIFEN,03.csv,,165,,14,81,T,,,03,,,,,,
4019238043020,ART023920,CONTINENTAL,REIFEN,03.csv,,185,,15,82,T,,,03,,,,,,
4019238043051,ART024343,CONTINENTAL,REIFEN,03.csv,,195,,15,82,T,,,03,,,,,,
4019238043419,ART018016,CONTINENTAL,REIFEN,03.csv,,245,,18,96,W,,,03,,,,,,
4019238043426,ART016561,CONTINENTAL,REIFEN,03.csv,,245,,18,96,W,,,03,,,,,,
4019238044041,ART023925,CONTINENTAL,REIFEN,03.csv,,255,,19,100,T,,,03,,,,,,
4019238045949,ART018017,CONTINENTAL,REIFEN,03.csv,,225,,18,104,V,,,03,,,,,,
4019238046823,ART020908,CONTINENTAL,REIFEN,03.csv,,205,,17,95,V,,,03,,,,,,
4019238048728,ART025180,CONTINENTAL,REIFEN,03.csv,,285,,21,113,Y,,,03,,,,,,
4019238048957,ART018841,CONTINENTAL,REIFEN,03.csv,,265,,18,110,T,,,03,,,,,,
4019238049381,ART042089,CONTINENTAL,REIFEN,03.csv,,205,,16,113,T,,,03,,,,,,
4019238049725,ART020911,CONTINENTAL,REIFEN,03.csv,,235,,16,121,R,,,03,,,,,,
4019238049732,ART019893,CONTINENTAL,REIFEN,03.csv,,235,,17,117,R,,,03,,,,,,
4019238050325,ART023928,CONTINENTAL,REIFEN,03.csv,,215,,16,90,V,,,03,,,,,,
4019238050349,ART018842,CONTINENTAL,REIFEN,03.csv,,205,,15,94,T,,,03,,,,,,
4019238050356,ART023929,CONTINENTAL,REIFEN,03.csv,,205,,15,94,H,,,03,,,,,,
4019238050363,ART023930,CONTINENTAL,REIFEN,03.csv,,205,,16,87,H,,,03,,,,,,
4019238050387,ART023931,CONTINENTAL,REIFEN,03.csv,,195,,16,84,H,,,03,,,,,,
4019238050394,ART024346,CONTINENTAL,REIFEN,03.csv,,185,,14,88,T,,,03,,,,,,
4019238050417,ART023933,CONTINENTAL,REIFEN,03.csv,,185,,16,87,T,,,03,,,,,,
4019238050431,ART023935,CONTINENTAL,REIFEN,03.csv,,185,,16,81,H,,,03,,,,,,
4019238051407,ART019322,CONTINENTAL,REIFEN,03.csv,,205,,16,107,T,,,03,,,,,,
4019238051650,ART020366,CONTINENTAL,REIFEN,03.csv,,205,,15,99,H,,,03,,,,,,
4019238051810,ART018978,CONTINENTAL,REIFEN,03.csv,,225,,19,99,V,,,03,,,,,,
4019238052404,ART022338,CONTINENTAL,REIFEN,03.csv,,285,,22,110,W,,,03,,,,,,
4019238052701,ART019899,CONTINENTAL,REIFEN,03.csv,,235,,20,100,V,,,03,,,,,,
4019238054040,ART022793,CONTINENTAL,REIFEN,03.csv,,215,,17,94,H,,,03,,,,,,
4019238054057,ART022794,CONTINENTAL,REIFEN,03.csv,,215,,17,94,H,,,03,,,,,,
4019238054064,ART022795,CONTINENTAL,REIFEN,03.csv,,215,,17,98,V,,,03,,,,,,
4019238054095,ART022798,CONTINENTAL,REIFEN,03.csv,,215,,16,98,T,,,03,,,,,,
4019238054101,ART022799,CONTINENTAL,REIFEN,03.csv,,215,,16,98,H,,,03,,,,,,
4019238054118,ART022800,CONTINENTAL,REIFEN,03.csv,,215,,17,98,H,,,03,,,,,,
4019238054163,ART022805,CONTINENTAL,REIFEN,03.csv,,215,,17,99,H,,,03,,,,,,
4019238054293,ART022808,CONTINENTAL,REIFEN,03.csv,,225,,17,102,T,,,03,,,,,,
4019238054309,ART022809,CONTINENTAL,REIFEN,03.csv,,215,,17,99,H,,,03,,,,,,
4019238054330,ART022812,CONTINENTAL,REIFEN,03.csv,,215,,17,99,T,,,03,,,,,,
4019238054354,ART022814,CONTINENTAL,REIFEN,03.csv,,225,,18,92,V,,,03,,,,,,
4019238054378,ART022816,CONTINENTAL,REIFEN,03.csv,,225,,17,97,H,,,03,,,,,,
4019238054576,ART022819,CONTINENTAL,REIFEN,03.csv,,225,,17,106,H,,,03,,,,,,
4019238054590,ART022821,CONTINENTAL,REIFEN,03.csv,,235,,18,103,V,,,03,,,,,,
4019238054637,ART022825,CONTINENTAL,REIFEN,03.csv,,245,,18,100,V,,,03,,,,,,
4019238054682,ART022830,CONTINENTAL,REIFEN,03.csv,,245,,18,97,W,,,03,,,,,,
4019238054699,ART022831,CONTINENTAL,REIFEN,03.csv,,245,,18,97,V,,,03,,,,,,
4019238054705,ART022832,CONTINENTAL,REIFEN,03.csv,,245,,20,105,H,,,03,,,,,,
4019238054712,ART022833,CONTINENTAL,REIFEN,03.csv,,215,,18,92,V,,,03,,,,,,
4019238054729,ART022834,CONTINENTAL,REIFEN,03.csv,,235,,17,99,H,,,03,,,,,,
4019238054767,ART022838,CONTINENTAL,REIFEN,03.csv,,215,,17,95,V,,,03,,,,,,
4019238054798,ART022841,CONTINENTAL,REIFEN,03.csv,,235,,18,100,H,,,03,,,,,,
4019238054804,ART022842,CONTINENTAL,REIFEN,03.csv,,235,,18,98,V,,,03,,,,,,
4019238055887,ART020918,CONTINENTAL,REIFEN,03.csv,,195,,15,91,V,,,03,,,,,,
4019238059519,ART020928,CONTINENTAL,REIFEN,03.csv,,165,,14,81,T,,,03,,,,,,
4019238059557,ART020930,CONTINENTAL,REIFEN,03.csv,,175,,14,82,T,,,03,,,,,,
4019238060270,ART020368,CONTINENTAL,REIFEN,03.csv,,235,,19,99,Y,,,03,,,,,,
4019238060331,ART020932,CONTINENTAL,REIFEN,03.csv,,195,,16,110,R,,,03,,,,,,
4019238060409,ART022843,CONTINENTAL,REIFEN,03.csv,,235,,21,101,T,,,03,,,,,,
4019238060416,ART022844,CONTINENTAL,REIFEN,03.csv,,255,,21,102,T,,,03,,,,,,
4019238060539,ART021315,CONTINENTAL,REIFEN,03.csv,,195,,19,94,H,,,03,,,,,,
4019238061376,ART030323,CONTINENTAL,REIFEN,03.csv,,315,,21,105,Y,,,03,,,,,,
4019238063950,ART024857,CONTINENTAL,REIFEN,03.csv,,195,,20,95,H,,,03,,,,,,
4019238064001,ART024350,CONTINENTAL,REIFEN,03.csv,,215,,16,100,T,,,03,,,,,,
4019238064018,ART024351,CONTINENTAL,REIFEN,03.csv,,225,,16,99,H,,,03,,,,,,
4019238064025,ART024352,CONTINENTAL,REIFEN,03.csv,,235,,19,105,V,,,03,,,,,,
4019238064032,ART024353,CONTINENTAL,REIFEN,03.csv,,235,,19,105,H,,,03,,,,,,
4019238064049,ART024354,CONTINENTAL,REIFEN,03.csv,,225,,16,95,H,,,03,,,,,,
4019238064087,ART024358,CONTINENTAL,REIFEN,03.csv,,215,,18,99,V,,,03,,,,,,
4019238064124,ART024861,CONTINENTAL,REIFEN,03.csv,,255,,20,109,V,,,03,,,,,,
4019238064148,ART024359,CONTINENTAL,REIFEN,03.csv,,255,,18,103,V,,,03,,,,,,
4019238064155,ART024360,CONTINENTAL,REIFEN,03.csv,,235,,18,101,V,,,03,,,,,,
4019238064186,ART024363,CONTINENTAL,REIFEN,03.csv,,255,,20,105,V,,,03,,,,,,
4019238064193,ART025636,CONTINENTAL,REIFEN,03.csv,,235,,18,95,V,,,03,,,,,,
4019238064223,ART024365,CONTINENTAL,REIFEN,03.csv,,225,,18,99,V,,,03,,,,,,
4019238064247,ART024367,CONTINENTAL,REIFEN,03.csv,,205,,17,88,V,,,03,,,,,,
4019238064674,ART022846,CONTINENTAL,REIFEN,03.csv,,235,,17,102,H,,,03,,,,,,
4019238064766,ART022350,CONTINENTAL,REIFEN,03.csv,,205,,16,116,R,,,03,,,,,,
4019238065206,ART024863,CONTINENTAL,REIFEN,03.csv,,245,,19,101,Y,,,03,,,,,,
4019238065626,ART022356,CONTINENTAL,REIFEN,03.csv,,195,,15,95,H,,,03,,,,,,
4019238065671,ART030385,CONTINENTAL,REIFEN,03.csv,,185,,16,81,H,,,03,,,,,,
4019238065688,ART024866,CONTINENTAL,REIFEN,03.csv,,175,,14,84,T,,,03,,,,,,
4019238065787,ART024873,CONTINENTAL,REIFEN,03.csv,,185,,14,82,H,,,03,,,,,,
4019238065831,ART030390,CONTINENTAL,REIFEN,03.csv,,185,,15,82,H,,,03,,,,,,
4019238065862,ART030392,CONTINENTAL,REIFEN,03.csv,,185,,15,88,T,,,03,,,,,,
4019238065930,ART024876,CONTINENTAL,REIFEN,03.csv,,225,,17,94,V,,,03,,,,,,
4019238065985,ART024878,CONTINENTAL,REIFEN,03.csv,,225,,18,100,H,,,03,,,,,,
4019238066012,ART030450,CONTINENTAL,REIFEN,03.csv,,235,,18,103,V,,,03,,,,,,
4019238066074,ART030400,CONTINENTAL,REIFEN,03.csv,,195,,16,91,V,,,03,,,,,,
4019238066142,ART025639,CONTINENTAL,REIFEN,03.csv,,205,,17,89,V,,,03,,,,,,
4019238066203,ART024882,CONTINENTAL,REIFEN,03.csv,,225,,17,99,H,,,03,,,,,,
4019238066340,ART024886,CONTINENTAL,REIFEN,03.csv,,195,,15,82,H,,,03,,,,,,
4019238066364,ART030408,CONTINENTAL,REIFEN,03.csv,,195,,15,88,H,,,03,,,,,,
4019238066470,ART024890,CONTINENTAL,REIFEN,03.csv,,235,,17,96,W,,,03,,,,,,
4019238066555,ART024896,CONTINENTAL,REIFEN,03.csv,,195,,16,88,V,,,03,,,,,,
4019238066616,ART030419,CONTINENTAL,REIFEN,03.csv,,205,,16,91,W,,,03,,,,,,
4019238066654,ART024899,CONTINENTAL,REIFEN,03.csv,,205,,17,88,V,,,03,,,,,,
4019238066913,ART023942,CONTINENTAL,REIFEN,03.csv,,195,,17,81,H,,,03,,,,,,
4019238066937,ART023944,CONTINENTAL,REIFEN,03.csv,,205,,15,91,H,,,03,,,,,,
4019238067019,ART024373,CONTINENTAL,REIFEN,03.csv,,215,,16,97,V,,,03,,,,,,
4019238067354,ART042086,CONTINENTAL,REIFEN,03.csv,,215,,16,116,T,,,03,,,,,,
4019238067828,ART023163,CONTINENTAL,REIFEN,03.csv,,235,,16,121,Q,,,03,,,,,,
4019238071160,ART030425,CONTINENTAL,REIFEN,03.csv,,235,,16,115,R,,,03,,,,,,
4019238071559,ART024904,CONTINENTAL,REIFEN,03.csv,,205,,15,102,T,,,03,,,,,,
4019238071603,ART024908,CONTINENTAL,REIFEN,03.csv,,205,,16,107,T,,,03,,,,,,
4019238071627,ART024910,CONTINENTAL,REIFEN,03.csv,,205,,16,107,T,,,03,,,,,,
4019238071641,ART024912,CONTINENTAL,REIFEN,03.csv,,225,,16,112,R,,,03,,,,,,
4019238071702,ART024913,CONTINENTAL,REIFEN,03.csv,,235,,16,121,R,,,03,,,,,,
4019238071771,ART024920,CONTINENTAL,REIFEN,03.csv,,215,,16,116,R,,,03,,,,,,
4019238072594,ART030460,CONTINENTAL,REIFEN,03.csv,,245,,19,102,V,,,03,,,,,,
4019238072723,ART024377,CONTINENTAL,REIFEN,03.csv,,265,,18,114,H,,,03,,,,,,
4019238072808,ART024382,CONTINENTAL,REIFEN,03.csv,,265,,20,111,V,,,03,,,,,,
4019238072877,ART024386,CONTINENTAL,REIFEN,03.csv,,235,,17,106,V,,,03,,,,,,
4019238072884,ART024387,CONTINENTAL,REIFEN,03.csv,,235,,16,100,H,,,03,,,,,,
4019238072921,ART024391,CONTINENTAL,REIFEN,03.csv,,195,,18,96,H,,,03,,,,,,
4019238072945,ART024393,CONTINENTAL,REIFEN,03.csv,,225,,19,96,V,,,03,,,,,,
4019238073003,ART024397,CONTINENTAL,REIFEN,03.csv,,245,,17,111,H,,,03,,,,,,
4019238073027,ART024399,CONTINENTAL,REIFEN,03.csv,,235,,18,100,H,,,03,,,,,,
4019238073058,ART024402,CONTINENTAL,REIFEN,03.csv,,225,,19,88,W,,,03,,,,,,
4019238073065,ART024403,CONTINENTAL,REIFEN,03.csv,,225,,18,87,W,,,03,,,,,,
4019238073072,ART030700,CONTINENTAL,REIFEN,03.csv,,255,,19,107,H,,,03,,,,,,
4019238073683,ART023168,CONTINENTAL,REIFEN,03.csv,,215,,17,98,V,,,03,,,,,,
4019238073737,ART024404,CONTINENTAL,REIFEN,03.csv,,195,,16,94,H,,,03,,,,,,
4019238074178,ART023169,CONTINENTAL,REIFEN,03.csv,,215,,17,94,V,,,03,,,,,,
4019238074246,ART023170,CONTINENTAL,REIFEN,03.csv,,255,,20,101,V,,,03,,,,,,
4019238074277,ART042068,CONTINENTAL,REIFEN,03.csv,,225,,16,121,R,,,03,,,,,,
4019238075236,ART024596,CONTINENTAL,REIFEN,03.csv,,235,,19,101,T,,,03,,,,,,
4019238075762,ART024928,CONTINENTAL,REIFEN,03.csv,,215,,15,104,T,,,03,,,,,,
4019238075786,ART024930,CONTINENTAL,REIFEN,03.csv,,215,,16,116,R,,,03,,,,,,
4019238075878,ART026546,CONTINENTAL,REIFEN,03.csv,,235,,20,92,Y,,,03,,,,,,
4019238076028,ART024405,CONTINENTAL,REIFEN,03.csv,,225,,17,114,Q,,,03,,,,,,
4019238076059,ART025641,CONTINENTAL,REIFEN,03.csv,,255,,20,101,T,,,03,,,,,,
4019238076127,ART024409,CONTINENTAL,REIFEN,03.csv,,265,,20,108,Y,,,03,,,,,,
4019238076141,ART024411,CONTINENTAL,REIFEN,03.csv,,185,,16,87,V,,,03,,,,,,
4019238076325,ART025646,CONTINENTAL,REIFEN,03.csv,,235,,19,105,T,,,03,,,,,,
4019238076370,ART025649,CONTINENTAL,REIFEN,03.csv,,225,,19,93,W,,,03,,,,,,
4019238077056,ART030431,CONTINENTAL,REIFEN,03.csv,,235,,16,115,R,,,03,,,,,,
4019238077964,ART024941,CONTINENTAL,REIFEN,03.csv,,195,,15,91,T,,,03,,,,,,
4019238078138,ART023959,CONTINENTAL,REIFEN,03.csv,,215,,15,109,S,,,03,,,,,,
4019238078466,ART030466,CONTINENTAL,REIFEN,03.csv,,195,,16,84,H,,,03,,,,,,
4019238078770,ART030503,CONTINENTAL,REIFEN,03.csv,,225,,20,85,Y,,,03,,,,,,
4019238078787,ART026759,CONTINENTAL,REIFEN,03.csv,,285,,22,106,Y,,,03,,,,,,
4019238078800,ART027172,CONTINENTAL,REIFEN,03.csv,,275,,20,102,Y,,,03,,,,,,
4019238078985,ART025720,CONTINENTAL,REIFEN,03.csv,,225,,18,92,Y,,,03,,,,,,
4019238079043,ART027504,CONTINENTAL,REIFEN,03.csv,,245,,18,100,Y,,,03,,,,,,
4019238079067,ART027506,CONTINENTAL,REIFEN,03.csv,,215,,18,92,V,,,03,,,,,,
4019238079098,ART027507,CONTINENTAL,REIFEN,03.csv,,225,,17,98,Y,,,03,,,,,,
4019238079104,ART027508,CONTINENTAL,REIFEN,03.csv,,225,,17,94,Y,,,03,,,,,,
4019238079128,ART027510,CONTINENTAL,REIFEN,03.csv,,225,,18,95,Y,,,03,,,,,,
4019238079135,ART030548,CONTINENTAL,REIFEN,03.csv,,225,,18,91,W,,,03,,,,,,
4019238079142,ART027511,CONTINENTAL,REIFEN,03.csv,,225,,18,92,Y,,,03,,,,,,
4019238079180,ART027512,CONTINENTAL,REIFEN,03.csv,,245,,19,98,W,,,03,,,,,,
4019238079197,ART027513,CONTINENTAL,REIFEN,03.csv,,235,,18,107,V,,,03,,,,,,
4019238079203,ART027514,CONTINENTAL,REIFEN,03.csv,,235,,18,95,Y,,,03,,,,,,
4019238079210,ART027515,CONTINENTAL,REIFEN,03.csv,,225,,17,94,Y,,,03,,,,,,
4019238079227,ART027596,CONTINENTAL,REIFEN,03.csv,,225,,17,91,Y,,,03,,,,,,
4019238079234,ART030550,CONTINENTAL,REIFEN,03.csv,,215,,17,99,V,,,03,,,,,,
4019238079241,ART027516,CONTINENTAL,REIFEN,03.csv,,215,,17,96,V,,,03,,,,,,
4019238079265,ART027518,CONTINENTAL,REIFEN,03.csv,,215,,17,98,W,,,03,,,,,,
4019238079272,ART030551,CONTINENTAL,REIFEN,03.csv,,215,,17,94,V,,,03,,,,,,
4019238079289,ART027519,CONTINENTAL,REIFEN,03.csv,,235,,17,97,Y,,,03,,,,,,
4019238079302,ART027520,CONTINENTAL,REIFEN,03.csv,,235,,17,94,Y,,,03,,,,,,
4019238079319,ART030553,CONTINENTAL,REIFEN,03.csv,,225,,18,99,W,,,03,,,,,,
4019238079326,ART030554,CONTINENTAL,REIFEN,03.csv,,225,,19,96,Y,,,03,,,,,,
4019238079357,ART027523,CONTINENTAL,REIFEN,03.csv,,225,,17,91,V,,,03,,,,,,
4019238079364,ART027524,CONTINENTAL,REIFEN,03.csv,,245,,18,97,Y,,,03,,,,,,
4019238079371,ART030555,CONTINENTAL,REIFEN,03.csv,,245,,18,93,Y,,,03,,,,,,
4019238079395,ART027525,CONTINENTAL,REIFEN,03.csv,,235,,18,100,V,,,03,,,,,,
4019238079401,ART030704,CONTINENTAL,REIFEN,03.csv,,235,,18,98,Y,,,03,,,,,,
4019238079418,ART027526,CONTINENTAL,REIFEN,03.csv,,225,,18,98,V,,,03,,,,,,
4019238079425,ART028204,CONTINENTAL,REIFEN,03.csv,,225,,17,101,Y,,,03,,,,,,
4019238079463,ART027528,CONTINENTAL,REIFEN,03.csv,,215,,18,99,V,,,03,,,,,,
4019238079470,ART027529,CONTINENTAL,REIFEN,03.csv,,215,,17,95,Y,,,03,,,,,,
4019238079500,ART027530,CONTINENTAL,REIFEN,03.csv,,205,,16,91,V,,,03,,,,,,
4019238079517,ART027531,CONTINENTAL,REIFEN,03.csv,,205,,16,91,H,,,03,,,,,,
4019238081183,ART027173,CONTINENTAL,REIFEN,03.csv,,185,,14,102,Q,,,03,,,,,,
4019238084078,ART027542,CONTINENTAL,REIFEN,03.csv,,255,,18,112,V,,,03,,,,,,
4019238084535,ART026185,CONTINENTAL,REIFEN,03.csv,,205,,16,96,H,,,03,,,,,,
4019238090932,ART030681,CONTINENTAL,REIFEN,03.csv,,255,,18,112,H,,,03,,,,,,
4019238091090,ART030636,CONTINENTAL,REIFEN,03.csv,,255,,17,110,T,,,03,,,,,,
4019238091724,ART028798,CONTINENTAL,REIFEN,03.csv,,255,,19,100,Y,,,03,,,,,,
4019238091731,ART028799,CONTINENTAL,REIFEN,03.csv,,245,,19,98,Y,,,03,,,,,,
4019238091748,ART028800,CONTINENTAL,REIFEN,03.csv,,235,,17,108,V,,,03,,,,,,
4019238091755,ART028801,CONTINENTAL,REIFEN,03.csv,,215,,17,100,V,,,03,,,,,,
4019238091786,ART028804,CONTINENTAL,REIFEN,03.csv,,215,,17,98,W,,,03,,,,,,
4019238091809,ART028805,CONTINENTAL,REIFEN,03.csv,,205,,17,88,V,,,03,,,,,,
4019238091830,ART028806,CONTINENTAL,REIFEN,03.csv,,195,,16,91,V,,,03,,,,,,
4019238091847,ART028807,CONTINENTAL,REIFEN,03.csv,,195,,16,91,H,,,03,,,,,,
4019238091854,ART030720,CONTINENTAL,REIFEN,03.csv,,205,,17,97,W,,,03,,,,,,
4019238091885,ART028808,CONTINENTAL,REIFEN,03.csv,,225,,17,98,W,,,03,,,,,,
4019238091892,ART028809,CONTINENTAL,REIFEN,03.csv,,205,,16,94,V,,,03,,,,,,
4019238091915,ART030723,CONTINENTAL,REIFEN,03.csv,,255,,20,110,Y,,,03,,,,,,
4019238091960,ART028811,CONTINENTAL,REIFEN,03.csv,,225,,17,101,W,,,03,,,,,,
4019238092004,ART028814,CONTINENTAL,REIFEN,03.csv,,195,,16,87,H,,,03,,,,,,
4019238092011,ART028815,CONTINENTAL,REIFEN,03.csv,,185,,15,92,V,,,03,,,,,,
4019238092035,ART028817,CONTINENTAL,REIFEN,03.csv,,185,,15,92,T,,,03,,,,,,
4019238092059,ART028818,CONTINENTAL,REIFEN,03.csv,,255,,18,94,Y,,,03,,,,,,
4019238092066,ART030729,CONTINENTAL,REIFEN,03.csv,,235,,18,103,T,,,03,,,,,,
4019238092103,ART030731,CONTINENTAL,REIFEN,03.csv,,225,,17,106,V,,,03,,,,,,
4019238092127,ART028821,CONTINENTAL,REIFEN,03.csv,,225,,17,98,Y,,,03,,,,,,
4019238092134,ART030733,CONTINENTAL,REIFEN,03.csv,,225,,17,98,V,,,03,,,,,,
4019238092141,ART028822,CONTINENTAL,REIFEN,03.csv,,225,,17,94,Y,,,03,,,,,,
4019238092165,ART028824,CONTINENTAL,REIFEN,03.csv,,225,,17,94,V,,,03,,,,,,
4019238092172,ART030734,CONTINENTAL,REIFEN,03.csv,,215,,17,103,V,,,03,,,,,,
4019238092189,ART028825,CONTINENTAL,REIFEN,03.csv,,215,,16,99,V,,,03,,,,,,
4019238092196,ART028826,CONTINENTAL,REIFEN,03.csv,,205,,16,96,V,,,03,,,,,,
4019238092202,ART028827,CONTINENTAL,REIFEN,03.csv,,205,,16,96,H,,,03,,,,,,
4019238092219,ART042363,CONTINENTAL,REIFEN,03.csv,,205,,17,84,W,,,03,,,,,,
4019238092233,ART030735,CONTINENTAL,REIFEN,03.csv,,235,,21,101,T,,,03,,,,,,
4019238092240,ART030736,CONTINENTAL,REIFEN,03.csv,,235,,21,101,T,,,03,,,,,,
4019238092257,ART028829,CONTINENTAL,REIFEN,03.csv,,225,,16,102,W,,,03,,,,,,
4019238092264,ART028830,CONTINENTAL,REIFEN,03.csv,,175,,18,85,H,,,03,,,,,,
4019238092271,ART030737,CONTINENTAL,REIFEN,03.csv,,285,,20,112,Y,,,03,,,,,,
4019238092288,ART028831,CONTINENTAL,REIFEN,03.csv,,265,,21,105,Y,,,03,,,,,,
4019238092318,ART028834,CONTINENTAL,REIFEN,03.csv,,235,,18,98,Y,,,03,,,,,,
4019238092325,ART028835,CONTINENTAL,REIFEN,03.csv,,215,,16,97,V,,,03,,,,,,
4019238092332,ART028836,CONTINENTAL,REIFEN,03.csv,,225,,18,100,H,,,03,,,,,,
4019238092349,ART028837,CONTINENTAL,REIFEN,03.csv,,235,,19,105,W,,,03,,,,,,
4019238092356,ART028838,CONTINENTAL,REIFEN,03.csv,,235,,19,101,T,,,03,,,,,,
4019238092363,ART030738,CONTINENTAL,REIFEN,03.csv,,235,,19,101,T,,,03,,,,,,
4019238092370,ART030739,CONTINENTAL,REIFEN,03.csv,,235,,19,91,Y,,,03,,,,,,
4019238092394,ART030740,CONTINENTAL,REIFEN,03.csv,,255,,19,107,W,,,03,,,,,,
4019238092400,ART030741,CONTINENTAL,REIFEN,03.csv,,255,,19,103,T,,,03,,,,,,
4019238092424,ART030742,CONTINENTAL,REIFEN,03.csv,,265,,19,110,W,,,03,,,,,,
4019238092431,ART028841,CONTINENTAL,REIFEN,03.csv,,245,,20,99,Y,,,03,,,,,,
4019238092448,ART028842,CONTINENTAL,REIFEN,03.csv,,215,,20,95,T,,,03,,,,,,
4019238092455,ART030743,CONTINENTAL,REIFEN,03.csv,,215,,20,95,T,,,03,,,,,,
4019238092462,ART028843,CONTINENTAL,REIFEN,03.csv,,285,,21,109,Y,,,03,,,,,,
4019238092516,ART030746,CONTINENTAL,REIFEN,03.csv,,235,,18,95,Y,,,03,,,,,,
4019238092530,ART030748,CONTINENTAL,REIFEN,03.csv,,215,,16,102,V,,,03,,,,,,
4019238092547,ART028846,CONTINENTAL,REIFEN,03.csv,,215,,17,96,H,,,03,,,,,,
4019238092554,ART030749,CONTINENTAL,REIFEN,03.csv,,215,,18,95,T,,,03,,,,,,
4019238092561,ART028847,CONTINENTAL,REIFEN,03.csv,,215,,18,95,T,,,03,,,,,,
4019238092608,ART028851,CONTINENTAL,REIFEN,03.csv,,205,,16,94,H,,,03,,,,,,
4019238092615,ART028852,CONTINENTAL,REIFEN,03.csv,,205,,16,94,V,,,03,,,,,,
4019238092622,ART028853,CONTINENTAL,REIFEN,03.csv,,205,,16,91,V,,,03,,,,,,
4019238092639,ART028854,CONTINENTAL,REIFEN,03.csv,,205,,16,91,H,,,03,,,,,,
4019238092646,ART030750,CONTINENTAL,REIFEN,03.csv,,255,,18,105,T,,,03,,,,,,
4019238092653,ART030751,CONTINENTAL,REIFEN,03.csv,,255,,18,105,T,,,03,,,,,,
4019238092684,ART028855,CONTINENTAL,REIFEN,03.csv,,205,,17,93,V,,,03,,,,,,
4019238092783,ART030519,CONTINENTAL,REIFEN,03.csv,,205,,17,88,V,,,03,,,,,,
4019238093391,ART042543,CONTINENTAL,REIFEN,03.csv,,205,,15,106,R,,,03,,,,,,
4019238093414,ART042541,CONTINENTAL,REIFEN,03.csv,,185,,16,104,R,,,03,,,,,,
4019238093438,ART042102,CONTINENTAL,REIFEN,03.csv,,185,,14,102,R,,,03,,,,,,
4019238093483,ART028205,CONTINENTAL,REIFEN,03.csv,,205,,17,115,R,,,03,,,,,,
4019238093506,ART027739,CONTINENTAL,REIFEN,03.csv,,225,,15,112,S,,,03,,,,,,
4019238093513,ART030576,CONTINENTAL,REIFEN,03.csv,,195,,15,104,T,,,03,,,,,,
4019238093520,ART027545,CONTINENTAL,REIFEN,03.csv,,215,,15,109,S,,,03,,,,,,
4019238093636,ART027175,CONTINENTAL,REIFEN,03.csv,,205,,18,86,V,,,03,,,,,,
4019238094398,ART028857,CONTINENTAL,REIFEN,03.csv,,225,,17,109,H,,,03,,,,,,
4019238095029,ART030538,CONTINENTAL,REIFEN,03.csv,,145,,13,75,M,,,03,,,,,,
4019238096033,ART030759,CONTINENTAL,REIFEN,03.csv,,195,,15,98,T,,,03,,,,,,
4019238096057,ART028858,CONTINENTAL,REIFEN,03.csv,,215,,16,109,T,,,03,,,,,,
4019238096590,ART030669,CONTINENTAL,REIFEN,03.csv,,205,,16,96,W,,,03,,,,,,
4019238096606,ART028209,CONTINENTAL,REIFEN,03.csv,,215,,17,87,V,,,03,,,,,,
4019238097627,ART030650,CONTINENTAL,REIFEN,03.csv,,245,,20,99,Y,,,03,,,,,,
4019238097672,ART027607,CONTINENTAL,REIFEN,03.csv,,255,,19,96,H,,,03,,,,,,
4019238097986,ART069074,CONTINENTAL,REIFEN,03.csv,,215,,17,94,V,,,03,,,,,,
4019238099676,ART030678,CONTINENTAL,REIFEN,03.csv,,275,,20,113,Y,,,03,,,,,,
4019238099782,ART030769,CONTINENTAL,REIFEN,03.csv,,245,,17,99,Y,,,03,,,,,,
4019238130362,ART030784,CONTINENTAL,REIFEN,03.csv,,255,,19,107,Y,,,03,,,,,,
4019238130386,ART030785,CONTINENTAL,REIFEN,03.csv,,205,,18,86,Y,,,03,,,,,,
4019238130409,ART030860,CONTINENTAL,REIFEN,03.csv,,235,,19,105,Y,,,03,,,,,,
4019238150438,ART030790,CONTINENTAL,REIFEN,03.csv,,275,,20,110,Y,,,03,,,,,,
4019238150445,ART030791,CONTINENTAL,REIFEN,03.csv,,265,,20,111,W,,,03,,,,,,
4019238150469,ART030793,CONTINENTAL,REIFEN,03.csv,,225,,20,94,Y,,,03,,,,,,
4019238150490,ART030796,CONTINENTAL,REIFEN,03.csv,,255,,18,103,Y,,,03,,,,,,
4019238212068,ART028863,CONTINENTAL,REIFEN,03.csv,,155,,13,75,T,,,03,,,,,,
4019238233896,ART000398,CONTINENTAL,REIFEN,03.csv,,215,,17,96,H,,,03,,,,,,
4019238283181,ART028865,CONTINENTAL,REIFEN,03.csv,,175,,17,87,H,,,03,,,,,,
4019238284331,ART054063,CONTINENTAL,REIFEN,03.csv,,235,,18,100,V,,,03,,,,,,
4019238284409,ART068930,CONTINENTAL,REIFEN,03.csv,,235,,19,99,V,,,03,,,,,,
4019238284430,ART030814,CONTINENTAL,REIFEN,03.csv,,235,,19,103,V,,,03,,,,,,
4019238284966,ART030817,CONTINENTAL,REIFEN,03.csv,,315,,22,107,Y,,,03,,,,,,
4019238285024,ART030823,CONTINENTAL,REIFEN,03.csv,,235,,20,100,V,,,03,,,,,,
4019238285048,ART030825,CONTINENTAL,REIFEN,03.csv,,235,,19,105,V,,,03,,,,,,
4019238285055,ART030883,CONTINENTAL,REIFEN,03.csv,,185,,15,88,H,,,03,,,,,,
4019238285239,ART030830,CONTINENTAL,REIFEN,03.csv,,235,,19,105,V,,,03,,,,,,
4019238285666,ART042545,CONTINENTAL,REIFEN,03.csv,,235,,19,111,T,,,03,,,,,,
4019238286687,ART030886,CONTINENTAL,REIFEN,03.csv,,285,,19,103,Y,,,03,,,,,,
4019238287028,ART030891,CONTINENTAL,REIFEN,03.csv,,205,,16,94,V,,,03,,,,,,
4019238287059,ART030894,CONTINENTAL,REIFEN,03.csv,,205,,16,92,V,,,03,,,,,,
4019238287110,ART030955,CONTINENTAL,REIFEN,03.csv,,255,,21,102,Y,,,03,,,,,,
4019238287424,ART042577,CONTINENTAL,REIFEN,03.csv,,265,,21,105,V,,,03,,,,,,
4019238287431,ART042578,CONTINENTAL,REIFEN,03.csv,,265,,21,108,V,,,03,,,,,,
4019238287486,ART042561,CONTINENTAL,REIFEN,03.csv,,235,,19,99,V,,,03,,,,,,
4019238287493,ART042565,CONTINENTAL,REIFEN,03.csv,,245,,19,98,V,,,03,,,,,,
4019238287585,ART042564,CONTINENTAL,REIFEN,03.csv,,245,,19,93,V,,,03,,,,,,
4019238287608,ART042580,CONTINENTAL,REIFEN,03.csv,,275,,21,103,W,,,03,,,,,,
4019238287653,ART042558,CONTINENTAL,REIFEN,03.csv,,225,,19,93,V,,,03,,,,,,
4019238287660,ART042567,CONTINENTAL,REIFEN,03.csv,,255,,19,96,V,,,03,,,,,,
4019238287684,ART042595,CONTINENTAL,REIFEN,03.csv,,315,,21,105,W,,,03,,,,,,
4019238287882,ART030897,CONTINENTAL,REIFEN,03.csv,,315,,23,102,Y,,,03,,,,,,
4019238287981,ART041089,CONTINENTAL,REIFEN,03.csv,,245,,21,96,W,,,03,,,,,,
4019238288391,ART030902,CONTINENTAL,REIFEN,03.csv,,225,,18,95,Y,,,03,,,,,,
4019238288841,ART042435,CONTINENTAL,REIFEN,03.csv,,225,,19,103,V,,,03,,,,,,
4019238290455,ART041101,CONTINENTAL,REIFEN,03.csv,,195,,14,86,H,,,03,,,,,,
4019238290493,ART041097,CONTINENTAL,REIFEN,03.csv,,165,,14,85,T,,,03,,,,,,
4019238291766,ART041192,CONTINENTAL,REIFEN,03.csv,,215,,16,113,R,,,03,,,,,,
4019238291773,ART041191,CONTINENTAL,REIFEN,03.csv,,215,,16,113,R,,,03,,,,,,
4019238292022,ART041111,CONTINENTAL,REIFEN,03.csv,,255,,20,101,Y,,,03,,,,,,
4019238292046,ART041199,CONTINENTAL,REIFEN,03.csv,,255,,16,111,T,,,03,,,,,,
4019238292565,ART028867,CONTINENTAL,REIFEN,03.csv,,225,,17,91,V,,,03,,,,,,
4019238293999,ART000471,CONTINENTAL,REIFEN,03.csv,,265,,18,110,H,,,03,,,,,,
4019238295290,ART054468,CONTINENTAL,REIFEN,03.csv,,235,,20,100,T,,,03,,,,,,
4019238295306,ART054469,CONTINENTAL,REIFEN,03.csv,,235,,20,100,T,,,03,,,,,,
4019238295313,ART054409,CONTINENTAL,REIFEN,03.csv,,255,,20,101,T,,,03,,,,,,
4019238295320,ART054396,CONTINENTAL,REIFEN,03.csv,,255,,20,101,T,,,03,,,,,,
4019238295337,ART054471,CONTINENTAL,REIFEN,03.csv,,175,,17,87,H,,,03,,,,,,
4019238295351,ART054386,CONTINENTAL,REIFEN,03.csv,,265,,20,108,Y,,,03,,,,,,
4019238295375,ART069073,CONTINENTAL,REIFEN,03.csv,,225,,18,95,V,,,03,,,,,,
4019238295382,ART054382,CONTINENTAL,REIFEN,03.csv,,235,,17,97,Y,,,03,,,,,,
4019238295429,ART069084,CONTINENTAL,REIFEN,03.csv,,255,,20,101,Y,,,03,,,,,,
4019238296280,ART042364,CONTINENTAL,REIFEN,03.csv,,225,,19,96,W,,,03,,,,,,
4019238296600,ART042098,CONTINENTAL,REIFEN,03.csv,,225,,18,95,Y,,,03,,,,,,
4019238297614,ART069091,CONTINENTAL,REIFEN,03.csv,,275,,22,107,Y,,,03,,,,,,
4019238297638,ART069075,CONTINENTAL,REIFEN,03.csv,,235,,18,101,Y,,,03,,,,,,
4019238298468,ART042456,CONTINENTAL,REIFEN,03.csv,,245,,18,97,Y,,,03,,,,,,
4019238298529,ART054370,CONTINENTAL,REIFEN,03.csv,,205,,17,100,H,,,03,,,,,,
4019238299717,ART054064,CONTINENTAL,REIFEN,03.csv,,245,,18,100,Y,,,03,,,,,,
4019238299915,ART042461,CONTINENTAL,REIFEN,03.csv,,245,,20,99,V,,,03,,,,,,
4019238299946,ART053996,CONTINENTAL,REIFEN,03.csv,,265,,21,105,Y,,,03,,,,,,
4019238300055,ART042467,CONTINENTAL,REIFEN,03.csv,,245,,19,105,W,,,03,,,,,,
4019238300062,ART042429,CONTINENTAL,REIFEN,03.csv,,225,,18,95,Y,,,03,,,,,,
4019238300642,ART054221,CONTINENTAL,REIFEN,03.csv,,235,,19,91,Y,,,03,,,,,,
4019238301724,ART054029,CONTINENTAL,REIFEN,03.csv,,225,,16,121,R,,,03,,,,,,
4019238310252,ART069049,CONTINENTAL,REIFEN,03.csv,,205,,16,96,W,,,03,,,,,,
4019238314588,ART000327,CONTINENTAL,REIFEN,03.csv,,175,,15,77,T,,,03,,,,,,
4019238315158,ART068971,CONTINENTAL,REIFEN,03.csv,,225,,18,92,Y,,,03,,,,,,
4019238317657,ART000331,CONTINENTAL,REIFEN,03.csv,,175,,15,84,T,,,03,,,,,,
4019238318036,ART000433,CONTINENTAL,REIFEN,03.csv,,235,,16,115,R,,,03,,,,,,
4019238318388,ART000403,CONTINENTAL,REIFEN,03.csv,,215,,15,109,R,,,03,,,,,,
4019238318395,ART000406,CONTINENTAL,REIFEN,03.csv,,215,,16,116,R,,,03,,,,,,
4019238321302,ART000417,CONTINENTAL,REIFEN,03.csv,,225,,16,116,R,,,03,,,,,,
4019238321982,ART069692,CONTINENTAL,REIFEN,03.csv,,235,,18,103,W,,,03,,,,,,
4019238368789,ART000783,CONTINENTAL,REIFEN,03.csv,,215,,15,98,H,,,03,,,,,,
4019238368819,ART000784,CONTINENTAL,REIFEN,03.csv,,225,,16,102,V,,,03,,,,,,
4019238372625,ART000932,CONTINENTAL,REIFEN,03.csv,,225,,16,121,R,,,03,,,,,,
4019238374537,ART000806,CONTINENTAL,REIFEN,03.csv,,265,,18,101,V,,,03,,,,,,
4019238393590,ART030904,CONTINENTAL,REIFEN,03.csv,,255,,19,104,Y,,,03,,,,,,
4019238399769,ART030963,CONTINENTAL,REIFEN,03.csv,,235,,19,105,V,,,03,,,,,,
4019238399783,ART030907,CONTINENTAL,REIFEN,03.csv,,275,,19,105,Y,,,03,,,,,,
4019238399806,ART030964,CONTINENTAL,REIFEN,03.csv,,235,,20,100,T,,,03,,,,,,
4019238399813,ART030965,CONTINENTAL,REIFEN,03.csv,,235,,20,100,T,,,03,,,,,,
4019238399820,ART030966,CONTINENTAL,REIFEN,03.csv,,235,,20,100,W,,,03,,,,,,
4019238399837,ART030967,CONTINENTAL,REIFEN,03.csv,,255,,20,101,T,,,03,,,,,,
4019238399844,ART030968,CONTINENTAL,REIFEN,03.csv,,255,,20,101,T,,,03,,,,,,
4019238399851,ART030909,CONTINENTAL,REIFEN,03.csv,,195,,15,95,H,,,03,,,,,,
4019238399868,ART030969,CONTINENTAL,REIFEN,03.csv,,215,,17,98,V,,,03,,,,,,
4019238399899,ART041160,CONTINENTAL,REIFEN,03.csv,,235,,19,103,V,,,03,,,,,,
4019238399912,ART030970,CONTINENTAL,REIFEN,03.csv,,255,,18,112,V,,,03,,,,,,
4019238399929,ART030910,CONTINENTAL,REIFEN,03.csv,,265,,21,101,Y,,,03,,,,,,
4019238399943,ART030971,CONTINENTAL,REIFEN,03.csv,,215,,18,93,V,,,03,,,,,,
4019238399981,ART030974,CONTINENTAL,REIFEN,03.csv,,245,,20,95,Y,,,03,,,,,,
4019238399998,ART030975,CONTINENTAL,REIFEN,03.csv,,245,,20,103,V,,,03,,,,,,
4019238400007,ART030912,CONTINENTAL,REIFEN,03.csv,,245,,20,103,W,,,03,,,,,,
4019238400014,ART041158,CONTINENTAL,REIFEN,03.csv,,245,,19,105,W,,,03,,,,,,
4019238400038,ART030914,CONTINENTAL,REIFEN,03.csv,,245,,21,96,Y,,,03,,,,,,
4019238401400,ART041178,CONTINENTAL,REIFEN,03.csv,,215,,17,96,H,,,03,,,,,,
4019238402117,ART030976,CONTINENTAL,REIFEN,03.csv,,195,,18,96,H,,,03,,,,,,
4019238402124,ART030915,CONTINENTAL,REIFEN,03.csv,,195,,15,88,H,,,03,,,,,,
4019238402131,ART030977,CONTINENTAL,REIFEN,03.csv,,195,,20,95,H,,,03,,,,,,
4019238402148,ART030978,CONTINENTAL,REIFEN,03.csv,,275,,18,103,Y,,,03,,,,,,
4019238402186,ART030981,CONTINENTAL,REIFEN,03.csv,,255,,20,109,V,,,03,,,,,,
4019238402193,ART030982,CONTINENTAL,REIFEN,03.csv,,255,,19,111,W,,,03,,,,,,
4019238402209,ART030983,CONTINENTAL,REIFEN,03.csv,,245,,19,93,Y,,,03,,,,,,
4019238402216,ART030984,CONTINENTAL,REIFEN,03.csv,,255,,18,99,Y,,,03,,,,,,
4019238402247,ART030917,CONTINENTAL,REIFEN,03.csv,,235,,17,103,V,,,03,,,,,,
4019238402261,ART030986,CONTINENTAL,REIFEN,03.csv,,185,,15,86,H,,,03,,,,,,
4019238402285,ART041132,CONTINENTAL,REIFEN,03.csv,,255,,19,96,Y,,,03,,,,,,
4019238402292,ART041131,CONTINENTAL,REIFEN,03.csv,,235,,19,99,W,,,03,,,,,,
4019238402315,ART041129,CONTINENTAL,REIFEN,03.csv,,205,,19,97,V,,,03,,,,,,
4019238402346,ART041126,CONTINENTAL,REIFEN,03.csv,,235,,18,101,V,,,03,,,,,,
4019238402353,ART030918,CONTINENTAL,REIFEN,03.csv,,225,,18,98,V,,,03,,,,,,
4019238402360,ART030988,CONTINENTAL,REIFEN,03.csv,,215,,18,89,W,,,03,,,,,,
4019238402377,ART030919,CONTINENTAL,REIFEN,03.csv,,195,,18,93,H,,,03,,,,,,
4019238402391,ART030989,CONTINENTAL,REIFEN,03.csv,,225,,17,101,V,,,03,,,,,,
4019238402421,ART030920,CONTINENTAL,REIFEN,03.csv,,195,,16,89,H,,,03,,,,,,
4019238403046,ART041133,CONTINENTAL,REIFEN,03.csv,,235,,19,103,W,,,03,,,,,,
4019238414707,ART000984,CONTINENTAL,REIFEN,03.csv,,175,,14,95,T,,,03,,,,,,
4019238424768,ART001388,CONTINENTAL,REIFEN,03.csv,,245,,17,111,T,,,03,,,,,,
4019238447729,ART001231,CONTINENTAL,REIFEN,03.csv,,205,,17,95,V,,,03,,,,,,
4019238456226,ART002103,CONTINENTAL,REIFEN,03.csv,,225,,17,91,W,,,03,,,,,,
4019238483550,ART002279,CONTINENTAL,REIFEN,03.csv,,185,,16,81,T,,,03,,,,,,
4019238483611,ART001784,CONTINENTAL,REIFEN,03.csv,,225,,16,92,H,,,03,,,,,,
4019238492408,ART002284,CONTINENTAL,REIFEN,03.csv,,245,,20,95,W,,,03,,,,,,
4019238510386,ART002742,CONTINENTAL,REIFEN,03.csv,,245,,18,104,V,,,03,,,,,,
4019238520309,ART002960,CONTINENTAL,REIFEN,03.csv,,235,,18,97,V,,,03,,,,,,
4019238524642,ART001989,CONTINENTAL,REIFEN,03.csv,,225,,17,91,V,,,03,,,,,,
4019238525885,ART002788,CONTINENTAL,REIFEN,03.csv,,205,,16,91,W,,,03,,,,,,
4019238528015,ART001991,CONTINENTAL,REIFEN,03.csv,,205,,16,107,T,,,03,,,,,,
4019238546453,ART003111,CONTINENTAL,REIFEN,03.csv,,285,,19,103,V,,,03,,,,,,
4019238546644,ART002307,CONTINENTAL,REIFEN,03.csv,,145,,13,75,Q,,,03,,,,,,
4019238557350,ART003419,CONTINENTAL,REIFEN,03.csv,,245,,19,93,Y,,,03,,,,,,
4019238559149,ART002505,CONTINENTAL,REIFEN,03.csv,,235,,19,91,Y,,,03,,,,,,
4019238563092,ART002964,CONTINENTAL,REIFEN,03.csv,,285,,19,111,W,,,03,,,,,,
4019238563115,ART002963,CONTINENTAL,REIFEN,03.csv,,255,,19,107,W,,,03,,,,,,
4019238563788,ART003404,CONTINENTAL,REIFEN,03.csv,,235,,18,103,V,,,03,,,,,,
4019238563795,ART003406,CONTINENTAL,REIFEN,03.csv,,255,,18,105,V,,,03,,,,,,
4019238566062,ART003421,CONTINENTAL,REIFEN,03.csv,,225,,18,95,Y,,,03,,,,,,
4019238566499,ART002728,CONTINENTAL,REIFEN,03.csv,,235,,16,118,R,,,03,,,,,,
4019238568042,ART002738,CONTINENTAL,REIFEN,03.csv,,275,,22,108,V,,,03,,,,,,
4019238580006,ART002737,CONTINENTAL,REIFEN,03.csv,,235,,19,101,H,,,03,,,,,,
4019238583298,ART003770,CONTINENTAL,REIFEN,03.csv,,205,,17,93,V,,,03,,,,,,
4019238585247,ART003759,CONTINENTAL,REIFEN,03.csv,,245,,18,93,Y,,,03,,,,,,
4019238588149,ART004682,CONTINENTAL,REIFEN,03.csv,,285,,20,112,Y,,,03,,,,,,
4019238588651,ART003771,CONTINENTAL,REIFEN,03.csv,,215,,17,94,W,,,03,,,,,,
4019238591163,ART002966,CONTINENTAL,REIFEN,03.csv,,275,,21,110,V,,,03,,,,,,
4019238594577,ART002968,CONTINENTAL,REIFEN,03.csv,,195,,14,106,Q,,,03,,,,,,
4019238594720,ART002910,CONTINENTAL,REIFEN,03.csv,,195,,15,95,T,,,03,,,,,,
4019238597066,ART004671,CONTINENTAL,REIFEN,03.csv,,225,,17,98,Y,,,03,,,,,,
4019238597073,ART004675,CONTINENTAL,REIFEN,03.csv,,245,,18,97,Y,,,03,,,,,,
4019238597615,ART003778,CONTINENTAL,REIFEN,03.csv,,225,,17,101,V,,,03,,,,,,
4019238599299,ART003393,CONTINENTAL,REIFEN,03.csv,,245,,19,98,V,,,03,,,,,,
4019238607574,ART004162,CONTINENTAL,REIFEN,03.csv,,235,,17,99,V,,,03,,,,,,
4019238624427,ART003779,CONTINENTAL,REIFEN,03.csv,,205,,16,110,R,,,03,,,,,,
4019238624830,ART004703,CONTINENTAL,REIFEN,03.csv,,285,,22,106,Y,,,03,,,,,,
4019238631302,ART004136,CONTINENTAL,REIFEN,03.csv,,235,,19,99,V,,,03,,,,,,
4019238633634,ART005843,CONTINENTAL,REIFEN,03.csv,,245,,19,98,Y,,,03,,,,,,
4019238636116,ART003750,CONTINENTAL,REIFEN,03.csv,,215,,16,98,H,,,03,,,,,,
4019238643015,ART030117,CONTINENTAL,REIFEN,03.csv,,235,,19,105,H,,,03,,,,,,
4019238645446,ART006395,CONTINENTAL,REIFEN,03.csv,,225,,17,97,Y,,,03,,,,,,
4019238646511,ART004127,CONTINENTAL,REIFEN,03.csv,,215,,16,99,H,,,03,,,,,,
4019238648539,ART004128,CONTINENTAL,REIFEN,03.csv,,215,,16,95,V,,,03,,,,,,
4019238651614,ART004143,CONTINENTAL,REIFEN,03.csv,,225,,17,94,H,,,03,,,,,,
4019238651669,ART004691,CONTINENTAL,REIFEN,03.csv,,235,,18,97,H,,,03,,,,,,
4019238652567,ART004157,CONTINENTAL,REIFEN,03.csv,,275,,19,101,Y,,,03,,,,,,
4019238653885,ART011844,CONTINENTAL,REIFEN,03.csv,,215,,14,112,P,,,03,,,,,,
4019238673302,ART006928,CONTINENTAL,REIFEN,03.csv,,255,,20,101,V,,,03,,,,,,
4019238673319,ART006724,CONTINENTAL,REIFEN,03.csv,,235,,19,101,H,,,03,,,,,,
4019238676242,ART005365,CONTINENTAL,REIFEN,03.csv,,205,,15,106,R,,,03,,,,,,
4019238676266,ART005363,CONTINENTAL,REIFEN,03.csv,,215,,15,104,T,,,03,,,,,,
4019238676280,ART005362,CONTINENTAL,REIFEN,03.csv,,215,,16,103,T,,,03,,,,,,
4019238676327,ART005358,CONTINENTAL,REIFEN,03.csv,,195,,16,99,T,,,03,,,,,,
4019238676426,ART005369,CONTINENTAL,REIFEN,03.csv,,215,,16,113,R,,,03,,,,,,
4019238676495,ART005357,CONTINENTAL,REIFEN,03.csv,,185,,14,102,Q,,,03,,,,,,
4019238678833,ART005370,CONTINENTAL,REIFEN,03.csv,,215,,15,109,R,,,03,,,,,,
4019238680515,ART005341,CONTINENTAL,REIFEN,03.csv,,245,,18,100,W,,,03,,,,,,
4019238680706,ART006357,CONTINENTAL,REIFEN,03.csv,,235,,19,101,W,,,03,,,,,,
4019238687330,ART005353,CONTINENTAL,REIFEN,03.csv,,315,,19,98,Y,,,03,,,,,,
4019238693348,ART005373,CONTINENTAL,REIFEN,03.csv,,225,,16,112,R,,,03,,,,,,
4019238693362,ART005371,CONTINENTAL,REIFEN,03.csv,,175,,16,101,R,,,03,,,,,,
4019238695274,ART009107,CONTINENTAL,REIFEN,03.csv,,275,,20,110,Y,,,03,,,,,,
4019238697261,ART005480,CONTINENTAL,REIFEN,03.csv,,205,,17,93,V,,,03,,,,,,
4019238722567,ART005336,CONTINENTAL,REIFEN,03.csv,,255,,18,103,H,,,03,,,,,,
4019238725445,ART008668,CONTINENTAL,REIFEN,03.csv,,255,,21,102,Y,,,03,,,,,,
4019238728354,ART005339,CONTINENTAL,REIFEN,03.csv,,205,,17,95,V,,,03,,,,,,
4019238729733,ART006203,CONTINENTAL,REIFEN,03.csv,,255,,19,100,V,,,03,,,,,,
4019238732320,ART006614,CONTINENTAL,REIFEN,03.csv,,245,,19,98,Y,,,03,,,,,,
4019238743944,ART008187,CONTINENTAL,REIFEN,03.csv,,175,,14,82,T,,,03,,,,,,
4019238744095,ART006613,CONTINENTAL,REIFEN,03.csv,,225,,17,98,V,,,03,,,,,,
4019238744101,ART006931,CONTINENTAL,REIFEN,03.csv,,205,,17,88,V,,,03,,,,,,
4019238749076,ART006305,CONTINENTAL,REIFEN,03.csv,,205,,16,110,S,,,03,,,,,,
4019238754070,ART007712,CONTINENTAL,REIFEN,03.csv,,295,,23,108,Y,,,03,,,,,,
4019238754544,ART007504,CONTINENTAL,REIFEN,03.csv,,245,,18,96,V,,,03,,,,,,
4019238757989,ART010196,CONTINENTAL,REIFEN,03.csv,,235,,19,101,V,,,03,,,,,,
4019238760644,ART007835,CONTINENTAL,REIFEN,03.csv,,245,,17,95,Y,,,03,,,,,,
4019238761863,ART010467,CONTINENTAL,REIFEN,03.csv,,275,,20,113,W,,,03,,,,,,
4019238762310,ART007707,CONTINENTAL,REIFEN,03.csv,,225,,17,101,W,,,03,,,,,,
4019238762457,ART014596,CONTINENTAL,REIFEN,03.csv,,285,,16,131,R,,,03,,,,,,
4019238762464,ART009645,CONTINENTAL,REIFEN,03.csv,,225,,16,118,R,,,03,,,,,,
4019238762471,ART007171,CONTINENTAL,REIFEN,03.csv,,235,,16,115,R,,,03,,,,,,
4019238762730,ART010466,CONTINENTAL,REIFEN,03.csv,,315,,21,111,Y,,,03,,,,,,
4019238768411,ART008352,CONTINENTAL,REIFEN,03.csv,,205,,18,96,H,,,03,,,,,,
4019238771657,ART016573,CONTINENTAL,REIFEN,03.csv,,255,,20,101,W,,,03,,,,,,
4019238772128,ART009789,CONTINENTAL,REIFEN,03.csv,,225,,16,92,Y,,,03,,,,,,
4019238772203,ART008206,CONTINENTAL,REIFEN,03.csv,,235,,18,97,V,,,03,,,,,,
4019238772289,ART008214,CONTINENTAL,REIFEN,03.csv,,215,,17,91,Y,,,03,,,,,,
4019238772333,ART008211,CONTINENTAL,REIFEN,03.csv,,215,,17,87,Y,,,03,,,,,,
4019238772418,ART009285,CONTINENTAL,REIFEN,03.csv,,215,,18,99,V,,,03,,,,,,
4019238772678,ART006618,CONTINENTAL,REIFEN,03.csv,,235,,17,103,H,,,03,,,,,,
4019238773972,ART009793,CONTINENTAL,REIFEN,03.csv,,205,,16,110,R,,,03,,,,,,
4019238774955,ART006937,CONTINENTAL,REIFEN,03.csv,,225,,17,98,H,,,03,,,,,,
4019238778151,ART007349,CONTINENTAL,REIFEN,03.csv,,295,,22,108,Y,,,03,,,,,,
4019238779813,ART007045,CONTINENTAL,REIFEN,03.csv,,265,,20,111,V,,,03,,,,,,
4019238780284,ART007065,CONTINENTAL,REIFEN,03.csv,,235,,17,102,V,,,03,,,,,,
4019238780420,ART007061,CONTINENTAL,REIFEN,03.csv,,215,,16,107,H,,,03,,,,,,
4019238780468,ART007068,CONTINENTAL,REIFEN,03.csv,,215,,16,102,V,,,03,,,,,,
4019238780482,ART007064,CONTINENTAL,REIFEN,03.csv,,195,,15,96,H,,,03,,,,,,
4019238780659,ART007069,CONTINENTAL,REIFEN,03.csv,,255,,17,106,H,,,03,,,,,,
4019238780741,ART007075,CONTINENTAL,REIFEN,03.csv,,235,,18,97,V,,,03,,,,,,
4019238780789,ART007074,CONTINENTAL,REIFEN,03.csv,,275,,22,108,Y,,,03,,,,,,
4019238781571,ART007168,CONTINENTAL,REIFEN,03.csv,,255,,19,100,W,,,03,,,,,,
4019238782097,ART007090,CONTINENTAL,REIFEN,03.csv,,205,,16,113,R,,,03,,,,,,
4019238782448,ART009496,CONTINENTAL,REIFEN,03.csv,,265,,20,111,H,,,03,,,,,,
4019238782936,ART017597,CONTINENTAL,REIFEN,03.csv,,285,,21,113,H,,,03,,,,,,
4019238784497,ART009105,CONTINENTAL,REIFEN,03.csv,,285,,21,109,Y,,,03,,,,,,
4019238785937,ART009106,CONTINENTAL,REIFEN,03.csv,,195,,17,81,W,,,03,,,,,,
4019238786903,ART008677,CONTINENTAL,REIFEN,03.csv,,215,,15,109,R,,,03,,,,,,
4019238786927,ART008675,CONTINENTAL,REIFEN,03.csv,,195,,15,104,R,,,03,,,,,,
4019238786958,ART008676,CONTINENTAL,REIFEN,03.csv,,195,,16,107,R,,,03,,,,,,
4019238786965,ART008687,CONTINENTAL,REIFEN,03.csv,,215,,16,103,T,,,03,,,,,,
4019238786972,ART009392,CONTINENTAL,REIFEN,03.csv,,195,,16,104,T,,,03,,,,,,
4019238786989,ART008686,CONTINENTAL,REIFEN,03.csv,,195,,16,99,H,,,03,,,,,,
4019238787504,ART007510,CONTINENTAL,REIFEN,03.csv,,255,,19,96,Y,,,03,,,,,,
4019238787757,ART010163,CONTINENTAL,REIFEN,03.csv,,245,,20,99,Y,,,03,,,,,,
4019238791044,ART009547,CONTINENTAL,REIFEN,03.csv,,225,,16,121,R,,,03,,,,,,
4019238791495,ART009526,CONTINENTAL,REIFEN,03.csv,,205,,15,99,V,,,03,,,,,,
4019238791532,ART009522,CONTINENTAL,REIFEN,03.csv,,195,,15,89,H,,,03,,,,,,
4019238791624,ART009527,CONTINENTAL,REIFEN,03.csv,,165,,14,85,T,,,03,,,,,,
4019238791631,ART009528,CONTINENTAL,REIFEN,03.csv,,185,,14,86,H,,,03,,,,,,
4019238791723,ART009502,CONTINENTAL,REIFEN,03.csv,,215,,17,95,V,,,03,,,,,,
4019238802276,ART009638,CONTINENTAL,REIFEN,03.csv,,225,,19,96,V,,,03,,,,,,
4019238804492,ART009637,CONTINENTAL,REIFEN,03.csv,,225,,18,104,H,,,03,,,,,,
4019238804669,ART009287,CONTINENTAL,REIFEN,03.csv,,255,,18,120,R,,,03,,,,,,
4019238806991,ART009331,CONTINENTAL,REIFEN,03.csv,,255,,19,100,V,,,03,,,,,,
4019238807141,ART008061,CONTINENTAL,REIFEN,03.csv,,265,,22,106,Y,,,03,,,,,,
4019238807455,ART011227,CONTINENTAL,REIFEN,03.csv,,255,,20,109,H,,,03,,,,,,
4019238807462,ART011226,CONTINENTAL,REIFEN,03.csv,,255,,19,111,H,,,03,,,,,,
4019238810349,ART012390,CONTINENTAL,REIFEN,03.csv,,245,,21,100,Y,,,03,,,,,,
4019238811605,ART009544,CONTINENTAL,REIFEN,03.csv,,215,,17,99,V,,,03,,,,,,
4019238811612,ART009543,CONTINENTAL,REIFEN,03.csv,,215,,17,99,V,,,03,,,,,,
4019238814743,ART008358,CONTINENTAL,REIFEN,03.csv,,255,,18,105,W,,,03,,,,,,
4019238815672,ART009088,CONTINENTAL,REIFEN,03.csv,,215,,16,98,H,,,03,,,,,,
4019238817034,ART010172,CONTINENTAL,REIFEN,03.csv,,175,,13,82,T,,,03,,,,,,
4024063001220,ART011289,BARUM,REIFEN,03.csv,,215,,15,96,H,,,03,,,,,,
4024067000168,ART011214,SEMPERIT,REIFEN,03.csv,,215,,17,87,V,,,03,,,,,,
4024067000175,ART011213,SEMPERIT,REIFEN,03.csv,,195,,16,84,H,,,03,,,,,,
4024067001042,ART017472,SEMPERIT,REIFEN,03.csv,,225,,19,88,Y,,,03,,,,,,
4024067001059,ART017473,SEMPERIT,REIFEN,03.csv,,245,,18,100,Y,,,03,,,,,,
4024067001066,ART015000,SEMPERIT,REIFEN,03.csv,,225,,18,92,Y,,,03,,,,,,
4024067001073,ART033746,SEMPERIT,REIFEN,03.csv,,255,,18,99,Y,,,03,,,,,,
4024067001080,ART014983,SEMPERIT,REIFEN,03.csv,,195,,16,87,H,,,03,,,,,,
4024067001097,ART014984,SEMPERIT,REIFEN,03.csv,,195,,16,91,V,,,03,,,,,,
4024067001110,ART014989,SEMPERIT,REIFEN,03.csv,,205,,17,93,Y,,,03,,,,,,
4024067001141,ART014992,SEMPERIT,REIFEN,03.csv,,205,,16,96,W,,,03,,,,,,
4024067001158,ART017474,SEMPERIT,REIFEN,03.csv,,215,,18,89,Y,,,03,,,,,,
4024067001172,ART014654,SEMPERIT,REIFEN,03.csv,,185,,15,88,H,,,03,,,,,,
4024067001189,ART015361,SEMPERIT,REIFEN,03.csv,,205,,17,84,W,,,03,,,,,,
4024067001196,ART014988,SEMPERIT,REIFEN,03.csv,,205,,17,88,Y,,,03,,,,,,
4024067001226,ART014986,SEMPERIT,REIFEN,03.csv,,195,,15,88,H,,,03,,,,,,
4024067001233,ART033743,SEMPERIT,REIFEN,03.csv,,195,,15,88,V,,,03,,,,,,
4024067001288,ART014656,SEMPERIT,REIFEN,03.csv,,185,,15,88,T,,,03,,,,,,
4024067001295,ART014657,SEMPERIT,REIFEN,03.csv,,195,,15,82,V,,,03,,,,,,
4024067001301,ART014982,SEMPERIT,REIFEN,03.csv,,195,,15,85,V,,,03,,,,,,
4024067001318,ART014658,SEMPERIT,REIFEN,03.csv,,195,,15,91,H,,,03,,,,,,
4024067001325,ART014987,SEMPERIT,REIFEN,03.csv,,195,,15,91,V,,,03,,,,,,
4024067001332,ART014659,SEMPERIT,REIFEN,03.csv,,195,,15,95,T,,,03,,,,,,
4024067001349,ART014660,SEMPERIT,REIFEN,03.csv,,205,,16,91,H,,,03,,,,,,
4024067001356,ART014663,SEMPERIT,REIFEN,03.csv,,205,,16,91,W,,,03,,,,,,
4024067001363,ART014662,SEMPERIT,REIFEN,03.csv,,205,,16,94,V,,,03,,,,,,
4024067001370,ART014666,SEMPERIT,REIFEN,03.csv,,215,,16,97,Y,,,03,,,,,,
4024067001417,ART014671,SEMPERIT,REIFEN,03.csv,,225,,17,98,Y,,,03,,,,,,
4024067001431,ART014993,SEMPERIT,REIFEN,03.csv,,215,,17,91,Y,,,03,,,,,,
4024067001448,ART014995,SEMPERIT,REIFEN,03.csv,,215,,17,95,Y,,,03,,,,,,
4024067001455,ART014665,SEMPERIT,REIFEN,03.csv,,215,,16,93,V,,,03,,,,,,
4024067001462,ART014668,SEMPERIT,REIFEN,03.csv,,225,,17,94,Y,,,03,,,,,,
4024067001493,ART014661,SEMPERIT,REIFEN,03.csv,,205,,16,91,V,,,03,,,,,,
4024067001509,ART014998,SEMPERIT,REIFEN,03.csv,,215,,16,99,V,,,03,,,,,,
4024067001547,ART014667,SEMPERIT,REIFEN,03.csv,,225,,17,91,Y,,,03,,,,,,
4024067001554,ART014980,SEMPERIT,REIFEN,03.csv,,175,,15,84,H,,,03,,,,,,
4024067001561,ART014981,SEMPERIT,REIFEN,03.csv,,175,,15,84,T,,,03,,,,,,
4024067001578,ART017476,SEMPERIT,REIFEN,03.csv,,255,,19,96,Y,,,03,,,,,,
4024067001592,ART017477,SEMPERIT,REIFEN,03.csv,,235,,18,95,Y,,,03,,,,,,
4024067001608,ART015009,SEMPERIT,REIFEN,03.csv,,255,,19,104,Y,,,03,,,,,,
4024067001615,ART015007,SEMPERIT,REIFEN,03.csv,,245,,20,95,Y,,,03,,,,,,
4024067001622,ART033742,SEMPERIT,REIFEN,03.csv,,235,,17,97,Y,,,03,,,,,,
4024067001639,ART015003,SEMPERIT,REIFEN,03.csv,,235,,18,98,Y,,,03,,,,,,
4024067001653,ART017478,SEMPERIT,REIFEN,03.csv,,235,,18,107,W,,,03,,,,,,
4024067001677,ART014997,SEMPERIT,REIFEN,03.csv,,215,,16,99,H,,,03,,,,,,
4024067001707,ART015004,SEMPERIT,REIFEN,03.csv,,235,,17,99,V,,,03,,,,,,
4024067001714,ART017479,SEMPERIT,REIFEN,03.csv,,245,,18,97,Y,,,03,,,,,,
4024067001721,ART015364,SEMPERIT,REIFEN,03.csv,,235,,19,91,Y,,,03,,,,,,
4024067001738,ART015366,SEMPERIT,REIFEN,03.csv,,255,,19,100,Y,,,03,,,,,,
4024067001769,ART017480,SEMPERIT,REIFEN,03.csv,,205,,16,91,H,,,03,,,,,,
4024067001776,ART017481,SEMPERIT,REIFEN,03.csv,,205,,16,94,V,,,03,,,,,,
4024067001783,ART017482,SEMPERIT,REIFEN,03.csv,,205,,17,95,V,,,03,,,,,,
4024067001806,ART017484,SEMPERIT,REIFEN,03.csv,,195,,16,91,V,,,03,,,,,,
4024067001813,ART017485,SEMPERIT,REIFEN,03.csv,,205,,16,96,V,,,03,,,,,,
4024067001820,ART017486,SEMPERIT,REIFEN,03.csv,,215,,16,102,V,,,03,,,,,,
4024067001837,ART017487,SEMPERIT,REIFEN,03.csv,,225,,17,94,W,,,03,,,,,,
4024067001844,ART017488,SEMPERIT,REIFEN,03.csv,,235,,17,108,V,,,03,,,,,,
4024067001851,ART018965,SEMPERIT,REIFEN,03.csv,,165,,14,79,T,,,03,,,,,,
4024067001868,ART018966,SEMPERIT,REIFEN,03.csv,,165,,14,81,T,,,03,,,,,,
4024067001875,ART017489,SEMPERIT,REIFEN,03.csv,,195,,15,82,H,,,03,,,,,,
4024067001882,ART017490,SEMPERIT,REIFEN,03.csv,,195,,15,92,V,,,03,,,,,,
4024067001899,ART017491,SEMPERIT,REIFEN,03.csv,,215,,16,99,V,,,03,,,,,,
4024067001905,ART018010,SEMPERIT,REIFEN,03.csv,,175,,15,88,H,,,03,,,,,,
4024067001912,ART017492,SEMPERIT,REIFEN,03.csv,,185,,15,92,V,,,03,,,,,,
4024067001929,ART017493,SEMPERIT,REIFEN,03.csv,,195,,15,95,V,,,03,,,,,,
4024067001936,ART017494,SEMPERIT,REIFEN,03.csv,,185,,14,86,H,,,03,,,,,,
4024067001943,ART017495,SEMPERIT,REIFEN,03.csv,,175,,14,86,H,,,03,,,,,,
4024067001950,ART017496,SEMPERIT,REIFEN,03.csv,,175,,14,88,T,,,03,,,,,,
4024067001967,ART018011,SEMPERIT,REIFEN,03.csv,,195,,15,89,V,,,03,,,,,,
4024067001974,ART018012,SEMPERIT,REIFEN,03.csv,,185,,15,86,H,,,03,,,,,,
4024067001981,ART018822,SEMPERIT,REIFEN,03.csv,,235,,17,103,V,,,03,,,,,,
4024067001998,ART017497,SEMPERIT,REIFEN,03.csv,,185,,15,88,V,,,03,,,,,,
4024067002018,ART017499,SEMPERIT,REIFEN,03.csv,,225,,17,106,V,,,03,,,,,,
4024067002025,ART017500,SEMPERIT,REIFEN,03.csv,,185,,14,86,H,,,03,,,,,,
4024067002032,ART017501,SEMPERIT,REIFEN,03.csv,,155,,13,75,T,,,03,,,,,,
4024067002049,ART017502,SEMPERIT,REIFEN,03.csv,,155,,13,79,T,,,03,,,,,,
4024067002056,ART017503,SEMPERIT,REIFEN,03.csv,,215,,16,97,V,,,03,,,,,,
4024067002070,ART017504,SEMPERIT,REIFEN,03.csv,,205,,16,107,T,,,03,,,,,,
4024067002087,ART017505,SEMPERIT,REIFEN,03.csv,,215,,16,113,R,,,03,,,,,,
4024067002094,ART018967,SEMPERIT,REIFEN,03.csv,,235,,16,115,R,,,03,,,,,,
4024067002100,ART017506,SEMPERIT,REIFEN,03.csv,,195,,15,104,R,,,03,,,,,,
4024067002117,ART017507,SEMPERIT,REIFEN,03.csv,,205,,16,110,R,,,03,,,,,,
4024067002124,ART017508,SEMPERIT,REIFEN,03.csv,,215,,16,109,T,,,03,,,,,,
4024067002148,ART017509,SEMPERIT,REIFEN,03.csv,,225,,16,112,R,,,03,,,,,,
4024067002155,ART018968,SEMPERIT,REIFEN,03.csv,,225,,16,121,R,,,03,,,,,,
4024067002162,ART018969,SEMPERIT,REIFEN,03.csv,,195,,16,107,R,,,03,,,,,,
4024067002179,ART017510,SEMPERIT,REIFEN,03.csv,,225,,15,112,R,,,03,,,,,,
4024067002186,ART017511,SEMPERIT,REIFEN,03.csv,,195,,16,99,H,,,03,,,,,,
4024067002193,ART017512,SEMPERIT,REIFEN,03.csv,,195,,16,104,T,,,03,,,,,,
4024067002476,ART019858,SEMPERIT,REIFEN,03.csv,,225,,19,93,Y,,,03,,,,,,
4024067002490,ART033748,SEMPERIT,REIFEN,03.csv,,165,,15,81,T,,,03,,,,,,
4024067002506,ART018823,SEMPERIT,REIFEN,03.csv,,195,,16,84,V,,,03,,,,,,
4024067002513,ART033749,SEMPERIT,REIFEN,03.csv,,195,,16,88,V,,,03,,,,,,
4024067002551,ART018825,SEMPERIT,REIFEN,03.csv,,215,,16,90,V,,,03,,,,,,
4024067002568,ART018826,SEMPERIT,REIFEN,03.csv,,225,,19,96,W,,,03,,,,,,
4024067002575,ART019862,SEMPERIT,REIFEN,03.csv,,225,,19,99,V,,,03,,,,,,
4024067002636,ART018827,SEMPERIT,REIFEN,03.csv,,255,,20,97,Y,,,03,,,,,,
4024067002643,ART018828,SEMPERIT,REIFEN,03.csv,,255,,20,105,Y,,,03,,,,,,
4024067002681,ART033755,SEMPERIT,REIFEN,03.csv,,185,,15,82,H,,,03,,,,,,
4024067002698,ART019866,SEMPERIT,REIFEN,03.csv,,205,,15,91,V,,,03,,,,,,
4024067002728,ART019869,SEMPERIT,REIFEN,03.csv,,225,,16,99,Y,,,03,,,,,,
4024067002735,ART033752,SEMPERIT,REIFEN,03.csv,,245,,17,99,Y,,,03,,,,,,
4024067002742,ART018830,SEMPERIT,REIFEN,03.csv,,245,,19,93,Y,,,03,,,,,,
4024067002759,ART019870,SEMPERIT,REIFEN,03.csv,,205,,15,94,V,,,03,,,,,,
4024067002780,ART018831,SEMPERIT,REIFEN,03.csv,,235,,18,101,Y,,,03,,,,,,
4024067002803,ART019874,SEMPERIT,REIFEN,03.csv,,255,,18,103,Y,,,03,,,,,,
4024067002834,ART019877,SEMPERIT,REIFEN,03.csv,,245,,19,98,Y,,,03,,,,,,
4024067002841,ART019878,SEMPERIT,REIFEN,03.csv,,245,,19,102,Y,,,03,,,,,,
4024067002919,ART022693,SEMPERIT,REIFEN,03.csv,,185,,15,88,T,,,03,,,,,,
4024067002933,ART022695,SEMPERIT,REIFEN,03.csv,,205,,16,91,H,,,03,,,,,,
4024067002964,ART022698,SEMPERIT,REIFEN,03.csv,,205,,16,94,V,,,03,,,,,,
4024067002971,ART022699,SEMPERIT,REIFEN,03.csv,,215,,16,102,H,,,03,,,,,,
4024067002988,ART022700,SEMPERIT,REIFEN,03.csv,,215,,16,98,H,,,03,,,,,,
4024067003046,ART022706,SEMPERIT,REIFEN,03.csv,,185,,15,88,T,,,03,,,,,,
4024067003084,ART022710,SEMPERIT,REIFEN,03.csv,,195,,15,88,T,,,03,,,,,,
4024067003145,ART022715,SEMPERIT,REIFEN,03.csv,,195,,16,87,H,,,03,,,,,,
4024067003169,ART022717,SEMPERIT,REIFEN,03.csv,,195,,16,91,H,,,03,,,,,,
4024067003206,ART022721,SEMPERIT,REIFEN,03.csv,,195,,15,91,T,,,03,,,,,,
4024067003237,ART022724,SEMPERIT,REIFEN,03.csv,,215,,17,98,V,,,03,,,,,,
4024067003268,ART022727,SEMPERIT,REIFEN,03.csv,,215,,16,93,H,,,03,,,,,,
4024067003282,ART022729,SEMPERIT,REIFEN,03.csv,,215,,18,99,V,,,03,,,,,,
4024067003299,ART022730,SEMPERIT,REIFEN,03.csv,,225,,19,96,V,,,03,,,,,,
4024067003336,ART022734,SEMPERIT,REIFEN,03.csv,,225,,17,91,H,,,03,,,,,,
4024067003343,ART022735,SEMPERIT,REIFEN,03.csv,,225,,17,94,V,,,03,,,,,,
4024067003404,ART022741,SEMPERIT,REIFEN,03.csv,,195,,20,95,H,,,03,,,,,,
4024067003411,ART022742,SEMPERIT,REIFEN,03.csv,,225,,18,102,V,,,03,,,,,,
4024067003459,ART022746,SEMPERIT,REIFEN,03.csv,,215,,18,89,V,,,03,,,,,,
4024067003497,ART022750,SEMPERIT,REIFEN,03.csv,,215,,17,91,V,,,03,,,,,,
4024067003510,ART022752,SEMPERIT,REIFEN,03.csv,,225,,17,98,V,,,03,,,,,,
4024067003534,ART020903,SEMPERIT,REIFEN,03.csv,,185,,15,88,H,,,03,,,,,,
4024067003541,ART021290,SEMPERIT,REIFEN,03.csv,,175,,17,87,H,,,03,,,,,,
4024067003718,ART022758,SEMPERIT,REIFEN,03.csv,,215,,16,113,R,,,03,,,,,,
4024067003732,ART022759,SEMPERIT,REIFEN,03.csv,,215,,15,104,T,,,03,,,,,,
4024067003787,ART022762,SEMPERIT,REIFEN,03.csv,,195,,16,104,R,,,03,,,,,,
4024067003800,ART022763,SEMPERIT,REIFEN,03.csv,,205,,16,110,R,,,03,,,,,,
4024067003855,ART024309,SEMPERIT,REIFEN,03.csv,,215,,18,92,V,,,03,,,,,,
4024067003923,ART024829,SEMPERIT,REIFEN,03.csv,,235,,19,99,V,,,03,,,,,,
4024067003930,ART023895,SEMPERIT,REIFEN,03.csv,,195,,16,88,H,,,03,,,,,,
4024067003947,ART023896,SEMPERIT,REIFEN,03.csv,,215,,17,95,V,,,03,,,,,,
4024067003954,ART024312,SEMPERIT,REIFEN,03.csv,,235,,18,101,V,,,03,,,,,,
4024067003985,ART023897,SEMPERIT,REIFEN,03.csv,,205,,16,95,H,,,03,,,,,,
4024067004036,ART022325,SEMPERIT,REIFEN,03.csv,,205,,15,102,T,,,03,,,,,,
4024067004180,ART023157,SEMPERIT,REIFEN,03.csv,,215,,15,109,R,,,03,,,,,,
4024067004197,ART022766,SEMPERIT,REIFEN,03.csv,,225,,16,112,R,,,03,,,,,,
4024067004203,ART023158,SEMPERIT,REIFEN,03.csv,,195,,16,107,R,,,03,,,,,,
4024067004210,ART022767,SEMPERIT,REIFEN,03.csv,,195,,15,104,R,,,03,,,,,,
4024067004326,ART023902,SEMPERIT,REIFEN,03.csv,,175,,17,87,H,,,03,,,,,,
4024067004333,ART023903,SEMPERIT,REIFEN,03.csv,,185,,16,81,H,,,03,,,,,,
4024067004357,ART023904,SEMPERIT,REIFEN,03.csv,,235,,17,108,V,,,03,,,,,,
4024067004395,ART023907,SEMPERIT,REIFEN,03.csv,,235,,18,107,V,,,03,,,,,,
4024067004401,ART023908,SEMPERIT,REIFEN,03.csv,,215,,17,100,V,,,03,,,,,,
4024067004456,ART024320,SEMPERIT,REIFEN,03.csv,,215,,18,99,V,,,03,,,,,,
4024067004463,ART024321,SEMPERIT,REIFEN,03.csv,,195,,15,91,H,,,03,,,,,,
4024067004470,ART023910,SEMPERIT,REIFEN,03.csv,,215,,16,90,V,,,03,,,,,,
4024067004487,ART024322,SEMPERIT,REIFEN,03.csv,,215,,17,94,V,,,03,,,,,,
4024067004494,ART023911,SEMPERIT,REIFEN,03.csv,,205,,17,88,V,,,03,,,,,,
4024067004500,ART023912,SEMPERIT,REIFEN,03.csv,,225,,18,92,Y,,,03,,,,,,
4024067004562,ART023913,SEMPERIT,REIFEN,03.csv,,215,,17,95,W,,,03,,,,,,
4024067004579,ART024323,SEMPERIT,REIFEN,03.csv,,215,,16,100,H,,,03,,,,,,
4024067004586,ART024324,SEMPERIT,REIFEN,03.csv,,225,,18,102,V,,,03,,,,,,
4024067004593,ART024325,SEMPERIT,REIFEN,03.csv,,225,,17,101,W,,,03,,,,,,
4024067004791,ART027487,SEMPERIT,REIFEN,03.csv,,215,,17,109,T,,,03,,,,,,
4024067004807,ART027735,SEMPERIT,REIFEN,03.csv,,225,,17,109,T,,,03,,,,,,
4024067004814,ART027488,SEMPERIT,REIFEN,03.csv,,215,,15,109,S,,,03,,,,,,
4024067004821,ART033759,SEMPERIT,REIFEN,03.csv,,205,,17,88,V,,,03,,,,,,
4024067004838,ART033760,SEMPERIT,REIFEN,03.csv,,225,,18,99,W,,,03,,,,,,
4024067004845,ART027171,SEMPERIT,REIFEN,03.csv,,155,,14,75,T,,,03,,,,,,
4024067004852,ART027489,SEMPERIT,REIFEN,03.csv,,195,,16,84,V,,,03,,,,,,
4024067004869,ART027490,SEMPERIT,REIFEN,03.csv,,225,,16,99,W,,,03,,,,,,
4024067004876,ART027491,SEMPERIT,REIFEN,03.csv,,195,,16,89,H,,,03,,,,,,
4024067004883,ART027492,SEMPERIT,REIFEN,03.csv,,215,,17,91,Y,,,03,,,,,,
4024067004890,ART027493,SEMPERIT,REIFEN,03.csv,,225,,17,103,V,,,03,,,,,,
4024067004906,ART027494,SEMPERIT,REIFEN,03.csv,,215,,17,100,V,,,03,,,,,,
4024067004913,ART027495,SEMPERIT,REIFEN,03.csv,,245,,18,100,Y,,,03,,,,,,
4024067004920,ART027496,SEMPERIT,REIFEN,03.csv,,235,,18,98,Y,,,03,,,,,,
4024067004937,ART027497,SEMPERIT,REIFEN,03.csv,,225,,18,95,Y,,,03,,,,,,
4024067004944,ART027498,SEMPERIT,REIFEN,03.csv,,235,,18,101,V,,,03,,,,,,
4024067004951,ART027499,SEMPERIT,REIFEN,03.csv,,235,,18,104,V,,,03,,,,,,
4024067004968,ART027500,SEMPERIT,REIFEN,03.csv,,235,,18,107,W,,,03,,,,,,
4024067004975,ART027501,SEMPERIT,REIFEN,03.csv,,235,,19,105,W,,,03,,,,,,
4024067005095,ART033766,SEMPERIT,REIFEN,03.csv,,195,,15,104,S,,,03,,,,,,
4024067005125,ART033769,SEMPERIT,REIFEN,03.csv,,215,,15,109,S,,,03,,,,,,
4024067005132,ART033770,SEMPERIT,REIFEN,03.csv,,225,,16,112,T,,,03,,,,,,
4024067005149,ART033771,SEMPERIT,REIFEN,03.csv,,185,,14,102,R,,,03,,,,,,
4024067005156,ART033779,SEMPERIT,REIFEN,03.csv,,195,,14,106,R,,,03,,,,,,
4024067005187,ART033772,SEMPERIT,REIFEN,03.csv,,205,,16,113,R,,,03,,,,,,
4024067005194,ART033773,SEMPERIT,REIFEN,03.csv,,215,,17,109,T,,,03,,,,,,
4024067005217,ART033775,SEMPERIT,REIFEN,03.csv,,215,,15,104,T,,,03,,,,,,
4024067005224,ART033776,SEMPERIT,REIFEN,03.csv,,215,,16,109,T,,,03,,,,,,
4024067005231,ART043949,SEMPERIT,REIFEN,03.csv,,215,,16,116,R,,,03,,,,,,
4024067005248,ART033782,SEMPERIT,REIFEN,03.csv,,225,,15,112,S,,,03,,,,,,
4024067005255,ART033777,SEMPERIT,REIFEN,03.csv,,225,,16,121,R,,,03,,,,,,
4024067005262,ART033778,SEMPERIT,REIFEN,03.csv,,235,,16,115,R,,,03,,,,,,
4024067005354,ART069728,SEMPERIT,REIFEN,03.csv,,185,,14,88,H,,,03,,,,,,
4024067005446,ART082003,SEMPERIT,REIFEN,03.csv,,185,,15,92,V,,,03,,,,,,
4024067504697,ART002009,SEMPERIT,REIFEN,03.csv,,175,,14,82,T,,,03,,,,,,
4024067507100,ART002004,SEMPERIT,REIFEN,03.csv,,155,,14,75,T,,,03,,,,,,
4024067507124,ART002005,SEMPERIT,REIFEN,03.csv,,155,,13,79,T,,,03,,,,,,
4024067507148,ART002012,SEMPERIT,REIFEN,03.csv,,165,,14,75,H,,,03,,,,,,
4024067507179,ART033721,SEMPERIT,REIFEN,03.csv,,165,,14,79,T,,,03,,,,,,
4024067507209,ART002007,SEMPERIT,REIFEN,03.csv,,165,,14,81,T,,,03,,,,,,
4024067507216,ART033722,SEMPERIT,REIFEN,03.csv,,165,,14,85,T,,,03,,,,,,
4024067507230,ART002008,SEMPERIT,REIFEN,03.csv,,175,,15,77,T,,,03,,,,,,
4024067507285,ART033723,SEMPERIT,REIFEN,03.csv,,175,,14,86,T,,,03,,,,,,
4024067507322,ART002010,SEMPERIT,REIFEN,03.csv,,175,,14,84,T,,,03,,,,,,
4024067507339,ART033731,SEMPERIT,REIFEN,03.csv,,175,,14,88,T,,,03,,,,,,
4024067507445,ART033726,SEMPERIT,REIFEN,03.csv,,185,,14,86,T,,,03,,,,,,
4024067581247,ART003370,SEMPERIT,REIFEN,03.csv,,185,,14,102,Q,,,03,,,,,,
4024067632437,ART004107,SEMPERIT,REIFEN,03.csv,,155,,13,79,T,,,03,,,,,,
4024067632536,ART004118,SEMPERIT,REIFEN,03.csv,,185,,14,88,T,,,03,,,,,,
4024067632598,ART004113,SEMPERIT,REIFEN,03.csv,,175,,14,82,T,,,03,,,,,,
4024067632642,ART004108,SEMPERIT,REIFEN,03.csv,,165,,14,79,T,,,03,,,,,,
4024067747667,ART006577,SEMPERIT,REIFEN,03.csv,,205,,15,94,T,,,03,,,,,,
4024067748213,ART006583,SEMPERIT,REIFEN,03.csv,,255,,18,109,V,,,03,,,,,,
4024067748220,ART006575,SEMPERIT,REIFEN,03.csv,,255,,19,107,V,,,03,,,,,,
4024067800911,ART009384,SEMPERIT,REIFEN,03.csv,,235,,19,91,W,,,03,,,,,,
4027694320357,ART009183,HEIDENAU,REIFEN,03.csv,,4.50,,17,76,P,,,03,,,,,,
4038526020130,ART014449,DUNLOP,REIFEN,03.csv,,235,,17,94,Y,,,03,,,,,,
4038526020567,ART015715,GOODYEAR,REIFEN,03.csv,,215,,16,102,H,,,03,,,,,,
4038526020727,ART018907,GOODYEAR,REIFEN,03.csv,,235,,17,99,H,,,03,,,,,,
4038526022868,ART015056,FULDA,REIFEN,03.csv,,165,,14,81,T,,,03,,,,,,
4038526023117,ART023121,GOODYEAR,REIFEN,03.csv,,285,,21,105,Y,,,03,,,,,,
4038526023957,ART014720,FULDA,REIFEN,03.csv,,185,,15,88,H,,,03,,,,,,
4038526025609,ART015057,FULDA,REIFEN,03.csv,,165,,14,75,H,,,03,,,,,,
4038526025623,ART019106,GOODYEAR,REIFEN,03.csv,,195,,16,84,V,,,03,,,,,,
4038526025630,ART018908,GOODYEAR,REIFEN,03.csv,,225,,17,98,W,,,03,,,,,,
4038526025647,ART018759,GOODYEAR,REIFEN,03.csv,,235,,17,97,Y,,,03,,,,,,
4038526025654,ART018909,GOODYEAR,REIFEN,03.csv,,235,,18,98,Y,,,03,,,,,,
4038526026415,ART018912,GOODYEAR,REIFEN,03.csv,,215,,16,102,V,,,03,,,,,,
4038526026682,ART019107,GOODYEAR,REIFEN,03.csv,,195,,16,88,V,,,03,,,,,,
4038526026705,ART016901,GOODYEAR,REIFEN,03.csv,,215,,16,90,V,,,03,,,,,,
4038526026736,ART016904,GOODYEAR,REIFEN,03.csv,,215,,16,97,W,,,03,,,,,,
4038526027009,ART014851,GOODYEAR,REIFEN,03.csv,,175,,13,80,T,,,03,,,,,,
4038526028013,ART014852,GOODYEAR,REIFEN,03.csv,,175,,14,90,T,,,03,,,,,,
4038526028020,ART014853,GOODYEAR,REIFEN,03.csv,,165,,14,89,R,,,03,,,,,,
4038526028037,ART014854,GOODYEAR,REIFEN,03.csv,,185,,14,80,H,,,03,,,,,,
4038526028327,ART031565,GOODYEAR,REIFEN,03.csv,,225,,18,91,Y,,,03,,,,,,
4038526029041,ART015058,FULDA,REIFEN,03.csv,,185,,14,82,H,,,03,,,,,,
4038526030948,ART015259,GOODYEAR,REIFEN,03.csv,,235,,16,115,S,,,03,,,,,,
4038526030955,ART016140,GOODYEAR,REIFEN,03.csv,,255,,18,95,Y,,,03,,,,,,
4038526031112,ART015481,DUNLOP,REIFEN,03.csv,,205,,16,92,H,,,03,,,,,,
4038526031129,ART015480,DUNLOP,REIFEN,03.csv,,205,,16,92,V,,,03,,,,,,
4038526031136,ART015482,DUNLOP,REIFEN,03.csv,,205,,16,96,V,,,03,,,,,,
4038526031426,ART015260,GOODYEAR,REIFEN,03.csv,,195,,16,107,S,,,03,,,,,,
4038526032065,ART015754,FULDA,REIFEN,03.csv,,175,,14,82,T,,,03,,,,,,
4038526036070,ART016875,DUNLOP,REIFEN,03.csv,,225,,17,91,Y,,,03,,,,,,
4038526036117,ART018919,GOODYEAR,REIFEN,03.csv,,235,,17,102,H,,,03,,,,,,
4038526040541,ART015755,FULDA,REIFEN,03.csv,,175,,14,86,T,,,03,,,,,,
4038526041821,ART015749,FULDA,REIFEN,03.csv,,215,,15,109,S,,,03,,,,,,
4038526042019,ART019113,GOODYEAR,REIFEN,03.csv,,195,,18,96,H,,,03,,,,,,
4038526042491,ART018920,GOODYEAR,REIFEN,03.csv,,225,,18,102,V,,,03,,,,,,
4038526044082,ART016877,DUNLOP,REIFEN,03.csv,,235,,18,95,Y,,,03,,,,,,
4038526044136,ART018766,GOODYEAR,REIFEN,03.csv,,215,,17,98,W,,,03,,,,,,
4038526044273,ART017002,FULDA,REIFEN,03.csv,,195,,15,88,H,,,03,,,,,,
4038526044310,ART018922,GOODYEAR,REIFEN,03.csv,,215,,17,100,V,,,03,,,,,,
4038526045270,ART024242,GOODYEAR,REIFEN,03.csv,,235,,18,100,V,,,03,,,,,,
4038526045287,ART020088,GOODYEAR,REIFEN,03.csv,,245,,17,99,H,,,03,,,,,,
4038526045621,ART018905,DUNLOP,REIFEN,03.csv,,265,,20,94,Y,,,03,,,,,,
4038526053794,ART023122,GOODYEAR,REIFEN,03.csv,,205,,19,97,V,,,03,,,,,,
4038526054180,ART031413,FULDA,REIFEN,03.csv,,235,,16,100,H,,,03,,,,,,
4038526054197,ART018981,FULDA,REIFEN,03.csv,,225,,16,102,V,,,03,,,,,,
4038526054203,ART018982,FULDA,REIFEN,03.csv,,185,,14,88,T,,,03,,,,,,
4038526054524,ART018022,FULDA,REIFEN,03.csv,,235,,18,95,Y,,,03,,,,,,
4038526054579,ART031417,FULDA,REIFEN,03.csv,,225,,18,99,W,,,03,,,,,,
4038526054616,ART018983,FULDA,REIFEN,03.csv,,185,,14,86,T,,,03,,,,,,
4038526054623,ART018984,FULDA,REIFEN,03.csv,,185,,14,80,H,,,03,,,,,,
4038526054630,ART018985,FULDA,REIFEN,03.csv,,175,,14,88,T,,,03,,,,,,
4038526055828,ART018924,GOODYEAR,REIFEN,03.csv,,205,,17,95,V,,,03,,,,,,
4038526055842,ART024670,GOODYEAR,REIFEN,03.csv,,235,,19,103,W,,,03,,,,,,
4038526055859,ART024671,GOODYEAR,REIFEN,03.csv,,235,,19,96,Y,,,03,,,,,,
4038526055866,ART024672,GOODYEAR,REIFEN,03.csv,,235,,19,91,Y,,,03,,,,,,
4038526055873,ART024673,GOODYEAR,REIFEN,03.csv,,235,,18,110,V,,,03,,,,,,
4038526055880,ART018925,GOODYEAR,REIFEN,03.csv,,245,,17,99,Y,,,03,,,,,,
4038526055897,ART024247,GOODYEAR,REIFEN,03.csv,,245,,19,98,Y,,,03,,,,,,
4038526055903,ART024248,GOODYEAR,REIFEN,03.csv,,245,,20,103,W,,,03,,,,,,
4038526055910,ART023124,GOODYEAR,REIFEN,03.csv,,245,,19,105,W,,,03,,,,,,
4038526055934,ART024674,GOODYEAR,REIFEN,03.csv,,255,,20,109,W,,,03,,,,,,
4038526055958,ART024251,GOODYEAR,REIFEN,03.csv,,255,,19,100,Y,,,03,,,,,,
4038526055965,ART023125,GOODYEAR,REIFEN,03.csv,,255,,18,112,V,,,03,,,,,,
4038526055989,ART020772,GOODYEAR,REIFEN,03.csv,,275,,20,110,Y,,,03,,,,,,
4038526055996,ART024675,GOODYEAR,REIFEN,03.csv,,265,,19,110,W,,,03,,,,,,
4038526056009,ART018926,GOODYEAR,REIFEN,03.csv,,315,,20,110,W,,,03,,,,,,
4038526056016,ART024252,GOODYEAR,REIFEN,03.csv,,255,,19,96,Y,,,03,,,,,,
4038526056221,ART017008,FULDA,REIFEN,03.csv,,205,,17,88,Y,,,03,,,,,,
4038526056306,ART018028,FULDA,REIFEN,03.csv,,235,,19,91,Y,,,03,,,,,,
4038526056313,ART018029,FULDA,REIFEN,03.csv,,235,,19,96,Y,,,03,,,,,,
4038526056382,ART018033,FULDA,REIFEN,03.csv,,245,,17,99,Y,,,03,,,,,,
4038526056528,ART018035,FULDA,REIFEN,03.csv,,255,,20,97,Y,,,03,,,,,,
4038526056542,ART017013,FULDA,REIFEN,03.csv,,225,,17,98,Y,,,03,,,,,,
4038526056566,ART018037,FULDA,REIFEN,03.csv,,255,,19,100,Y,,,03,,,,,,
4038526056573,ART018038,FULDA,REIFEN,03.csv,,255,,18,103,Y,,,03,,,,,,
4038526058195,ART023126,GOODYEAR,REIFEN,03.csv,,195,,18,96,H,,,03,,,,,,
4038526059062,ART020774,GOODYEAR,REIFEN,03.csv,,265,,21,105,H,,,03,,,,,,
4038526059444,ART025393,GOODYEAR,REIFEN,03.csv,,235,,20,105,V,,,03,,,,,,
4038526059963,ART017865,DUNLOP,REIFEN,03.csv,,235,,17,103,W,,,03,,,,,,
4038526060259,ART017871,GOODYEAR,REIFEN,03.csv,,195,,15,82,H,,,03,,,,,,
4038526060303,ART018582,GOODYEAR,REIFEN,03.csv,,245,,20,95,Y,,,03,,,,,,
4038526061430,ART018768,GOODYEAR,REIFEN,03.csv,,255,,20,101,Y,,,03,,,,,,
4038526062475,ART018927,GOODYEAR,REIFEN,03.csv,,215,,15,104,T,,,03,,,,,,
4038526066077,ART020348,DUNLOP,REIFEN,03.csv,,165,,15,81,T,,,03,,,,,,
4038526067821,ART028664,GOODYEAR,REIFEN,03.csv,,185,,15,88,T,,,03,,,,,,
4038526067906,ART028667,GOODYEAR,REIFEN,03.csv,,195,,16,87,H,,,03,,,,,,
4038526067951,ART028671,GOODYEAR,REIFEN,03.csv,,195,,16,93,H,,,03,,,,,,
4038526068156,ART028674,GOODYEAR,REIFEN,03.csv,,195,,15,95,T,,,03,,,,,,
4038526068217,ART031832,GOODYEAR,REIFEN,03.csv,,205,,16,91,H,,,03,,,,,,
4038526068224,ART028679,GOODYEAR,REIFEN,03.csv,,205,,16,91,T,,,03,,,,,,
4038526068286,ART028684,GOODYEAR,REIFEN,03.csv,,205,,16,96,H,,,03,,,,,,
4038526068316,ART031833,GOODYEAR,REIFEN,03.csv,,215,,16,90,V,,,03,,,,,,
4038526068729,ART028691,GOODYEAR,REIFEN,03.csv,,215,,16,102,H,,,03,,,,,,
4038526068743,ART028693,GOODYEAR,REIFEN,03.csv,,225,,17,91,H,,,03,,,,,,
4038526068767,ART028695,GOODYEAR,REIFEN,03.csv,,225,,17,94,V,,,03,,,,,,
4038526069030,ART028702,GOODYEAR,REIFEN,03.csv,,215,,18,93,V,,,03,,,,,,
4038526069139,ART028708,GOODYEAR,REIFEN,03.csv,,235,,18,98,V,,,03,,,,,,
4038526069177,ART028711,GOODYEAR,REIFEN,03.csv,,235,,18,101,V,,,03,,,,,,
4038526069207,ART031841,GOODYEAR,REIFEN,03.csv,,245,,19,93,W,,,03,,,,,,
4038526069214,ART028713,GOODYEAR,REIFEN,03.csv,,245,,18,97,V,,,03,,,,,,
4038526069245,ART028715,GOODYEAR,REIFEN,03.csv,,245,,18,100,V,,,03,,,,,,
4038526069344,ART028719,GOODYEAR,REIFEN,03.csv,,255,,19,100,V,,,03,,,,,,
4038526070500,ART020779,GOODYEAR,REIFEN,03.csv,,225,,19,103,V,,,03,,,,,,
4038526070975,ART019122,GOODYEAR,REIFEN,03.csv,,215,,16,97,V,,,03,,,,,,
4038526072597,ART031848,GOODYEAR,REIFEN,03.csv,,275,,20,102,W,,,03,,,,,,
4038526072672,ART024255,GOODYEAR,REIFEN,03.csv,,195,,16,99,H,,,03,,,,,,
4038526073105,ART022539,GOODYEAR,REIFEN,03.csv,,225,,17,103,V,,,03,,,,,,
4038526073129,ART022540,GOODYEAR,REIFEN,03.csv,,225,,17,102,H,,,03,,,,,,
4038526073150,ART022214,GOODYEAR,REIFEN,03.csv,,235,,19,105,V,,,03,,,,,,
4038526073204,ART022216,GOODYEAR,REIFEN,03.csv,,235,,17,108,H,,,03,,,,,,
4038526073228,ART022218,GOODYEAR,REIFEN,03.csv,,255,,20,109,V,,,03,,,,,,
4038526073266,ART022221,GOODYEAR,REIFEN,03.csv,,255,,20,110,V,,,03,,,,,,
4038526073280,ART022222,GOODYEAR,REIFEN,03.csv,,265,,19,110,V,,,03,,,,,,
4038526073297,ART022223,GOODYEAR,REIFEN,03.csv,,265,,20,111,V,,,03,,,,,,
4038526073365,ART020952,FULDA,REIFEN,03.csv,,205,,17,88,V,,,03,,,,,,
4038526073396,ART023174,FULDA,REIFEN,03.csv,,215,,17,94,V,,,03,,,,,,
4038526073587,ART023128,GOODYEAR,REIFEN,03.csv,,255,,22,103,V,,,03,,,,,,
4038526073594,ART022550,GOODYEAR,REIFEN,03.csv,,265,,21,108,H,,,03,,,,,,
4038526073952,ART024676,GOODYEAR,REIFEN,03.csv,,225,,17,94,Y,,,03,,,,,,
4038526073969,ART024677,GOODYEAR,REIFEN,03.csv,,225,,18,95,Y,,,03,,,,,,
4038526073983,ART024678,GOODYEAR,REIFEN,03.csv,,225,,19,96,W,,,03,,,,,,
4038526074164,ART024682,GOODYEAR,REIFEN,03.csv,,205,,17,88,V,,,03,,,,,,
4038526074232,ART025724,GOODYEAR,REIFEN,03.csv,,255,,20,92,Y,,,03,,,,,,
4038526074362,ART024688,GOODYEAR,REIFEN,03.csv,,245,,17,99,Y,,,03,,,,,,
4038526074416,ART024693,GOODYEAR,REIFEN,03.csv,,215,,17,87,Y,,,03,,,,,,
4038526074676,ART024258,GOODYEAR,REIFEN,03.csv,,225,,17,94,W,,,03,,,,,,
4038526074683,ART024700,GOODYEAR,REIFEN,03.csv,,255,,18,109,W,,,03,,,,,,
4038526074690,ART024701,GOODYEAR,REIFEN,03.csv,,225,,18,95,W,,,03,,,,,,
4038526074713,ART024702,GOODYEAR,REIFEN,03.csv,,225,,17,97,Y,,,03,,,,,,
4038526074881,ART024716,GOODYEAR,REIFEN,03.csv,,245,,18,93,Y,,,03,,,,,,
4038526074997,ART024259,GOODYEAR,REIFEN,03.csv,,215,,16,100,H,,,03,,,,,,
4038526075000,ART020786,GOODYEAR,REIFEN,03.csv,,225,,18,98,V,,,03,,,,,,
4038526075017,ART024720,GOODYEAR,REIFEN,03.csv,,255,,19,100,Y,,,03,,,,,,
4038526075611,ART020097,GOODYEAR,REIFEN,03.csv,,205,,16,92,H,,,03,,,,,,
4038526076366,ART020792,GOODYEAR,REIFEN,03.csv,,225,,17,102,H,,,03,,,,,,
4038526076380,ART023130,GOODYEAR,REIFEN,03.csv,,235,,19,103,V,,,03,,,,,,
4038526076397,ART020793,GOODYEAR,REIFEN,03.csv,,235,,17,99,H,,,03,,,,,,
4038526076427,ART020796,GOODYEAR,REIFEN,03.csv,,235,,19,105,V,,,03,,,,,,
4038526076571,ART020802,GOODYEAR,REIFEN,03.csv,,265,,17,112,H,,,03,,,,,,
4038526076670,ART020805,GOODYEAR,REIFEN,03.csv,,285,,18,116,V,,,03,,,,,,
4038526076717,ART023131,GOODYEAR,REIFEN,03.csv,,265,,20,111,H,,,03,,,,,,
4038526079879,ART023175,FULDA,REIFEN,03.csv,,175,,15,84,T,,,03,,,,,,
4038526079886,ART022358,FULDA,REIFEN,03.csv,,195,,16,84,V,,,03,,,,,,
4038526079893,ART023176,FULDA,REIFEN,03.csv,,215,,16,99,V,,,03,,,,,,
4038526079909,ART023177,FULDA,REIFEN,03.csv,,215,,16,98,H,,,03,,,,,,
4038526085948,ART023132,GOODYEAR,REIFEN,03.csv,,205,,15,102,T,,,03,,,,,,
4038526085962,ART020814,GOODYEAR,REIFEN,03.csv,,205,,16,107,T,,,03,,,,,,
4038526091413,ART027475,GOODYEAR,REIFEN,03.csv,,225,,19,93,V,,,03,,,,,,
4038526091468,ART024264,GOODYEAR,REIFEN,03.csv,,235,,18,103,T,,,03,,,,,,
4038526091505,ART023135,GOODYEAR,REIFEN,03.csv,,255,,18,105,T,,,03,,,,,,
4038526091512,ART024266,GOODYEAR,REIFEN,03.csv,,255,,18,105,T,,,03,,,,,,
4038526097705,ART027477,GOODYEAR,REIFEN,03.csv,,215,,18,98,H,,,03,,,,,,
4038526099273,ART023136,GOODYEAR,REIFEN,03.csv,,225,,19,100,V,,,03,,,,,,
4038526099358,ART023137,GOODYEAR,REIFEN,03.csv,,215,,17,103,V,,,03,,,,,,
4038526099365,ART026709,GOODYEAR,REIFEN,03.csv,,235,,18,101,W,,,03,,,,,,
4038526099372,ART026710,GOODYEAR,REIFEN,03.csv,,225,,19,93,W,,,03,,,,,,
4038526100139,ART024945,FULDA,REIFEN,03.csv,,235,,17,103,W,,,03,,,,,,
4038526100146,ART026774,FULDA,REIFEN,03.csv,,215,,17,98,V,,,03,,,,,,
4038526100153,ART027550,FULDA,REIFEN,03.csv,,235,,18,104,V,,,03,,,,,,
4038526100221,ART027178,FULDA,REIFEN,03.csv,,165,,15,81,T,,,03,,,,,,
4038526100245,ART027744,FULDA,REIFEN,03.csv,,205,,15,94,V,,,03,,,,,,
4038526100429,ART027648,GOODYEAR,REIFEN,03.csv,,255,,19,107,W,,,03,,,,,,
4038526101051,ART024729,GOODYEAR,REIFEN,03.csv,,175,,17,87,H,,,03,,,,,,
4038526101334,ART022561,GOODYEAR,REIFEN,03.csv,,275,,20,106,V,,,03,,,,,,
4038526102911,ART028724,GOODYEAR,REIFEN,03.csv,,255,,20,100,V,,,03,,,,,,
4038526279972,ART000835,DUNLOP,REIFEN,03.csv,,245,,18,100,H,,,03,,,,,,
4038526326546,ART027650,GOODYEAR,REIFEN,03.csv,,235,,21,101,T,,,03,,,,,,
4038526328731,ART025400,GOODYEAR,REIFEN,03.csv,,215,,19,93,H,,,03,,,,,,
4038526334268,ART023861,GOODYEAR,REIFEN,03.csv,,195,,16,104,T,,,03,,,,,,
4038526335340,ART041520,GOODYEAR,REIFEN,03.csv,,235,,20,104,T,,,03,,,,,,
4038526335487,ART024732,GOODYEAR,REIFEN,03.csv,,255,,19,104,W,,,03,,,,,,
4038526335722,ART031802,GOODYEAR,REIFEN,03.csv,,235,,21,101,T,,,03,,,,,,
4038526336293,ART024275,GOODYEAR,REIFEN,03.csv,,255,,21,102,Y,,,03,,,,,,
4038526340443,ART023867,GOODYEAR,REIFEN,03.csv,,195,,16,107,R,,,03,,,,,,
4038526341983,ART024227,DUNLOP,REIFEN,03.csv,,275,,19,100,V,,,03,,,,,,
4038526342225,ART024666,GOODYEAR,REIFEN,03.csv,,225,,17,109,H,,,03,,,,,,
4038526343130,ART031423,FULDA,REIFEN,03.csv,,195,,20,95,H,,,03,,,,,,
4038526343697,ART024422,FULDA,REIFEN,03.csv,,215,,16,109,T,,,03,,,,,,
4038526345424,ART031768,GOODYEAR,REIFEN,03.csv,,175,,14,86,T,,,03,,,,,,
4038526345547,ART027653,GOODYEAR,REIFEN,03.csv,,185,,15,88,T,,,03,,,,,,
4038526353818,ART041521,GOODYEAR,REIFEN,03.csv,,275,,19,105,H,,,03,,,,,,
4038526353832,ART028728,GOODYEAR,REIFEN,03.csv,,245,,19,105,H,,,03,,,,,,
4038526355416,ART027471,GOODYEAR,REIFEN,03.csv,,215,,17,109,T,,,03,,,,,,
4038526358974,ART026717,GOODYEAR,REIFEN,03.csv,,195,,15,104,S,,,03,,,,,,
4038526359001,ART026347,GOODYEAR,REIFEN,03.csv,,205,,16,91,H,,,03,,,,,,
4038526360243,ART031090,DUNLOP,REIFEN,03.csv,,215,,17,109,T,,,03,,,,,,
4038526360335,ART031810,GOODYEAR,REIFEN,03.csv,,185,,16,104,R,,,03,,,,,,
4038526360526,ART027657,GOODYEAR,REIFEN,03.csv,,215,,17,104,H,,,03,,,,,,
4038526388902,ART031111,DUNLOP,REIFEN,03.csv,,195,,16,99,T,,,03,,,,,,
4038526388919,ART031112,DUNLOP,REIFEN,03.csv,,195,,16,104,T,,,03,,,,,,
4038526388926,ART031113,DUNLOP,REIFEN,03.csv,,195,,15,104,R,,,03,,,,,,
4038526388933,ART031114,DUNLOP,REIFEN,03.csv,,195,,16,107,R,,,03,,,,,,
4038526388940,ART031115,DUNLOP,REIFEN,03.csv,,205,,16,107,T,,,03,,,,,,
4038526388957,ART031116,DUNLOP,REIFEN,03.csv,,205,,16,113,R,,,03,,,,,,
4038526388964,ART031117,DUNLOP,REIFEN,03.csv,,215,,16,103,T,,,03,,,,,,
4038526388971,ART031118,DUNLOP,REIFEN,03.csv,,215,,15,104,T,,,03,,,,,,
4038526388988,ART031119,DUNLOP,REIFEN,03.csv,,215,,16,109,T,,,03,,,,,,
4038526388995,ART031120,DUNLOP,REIFEN,03.csv,,215,,15,109,S,,,03,,,,,,
4038526389008,ART031121,DUNLOP,REIFEN,03.csv,,215,,16,113,R,,,03,,,,,,
4038526389015,ART031122,DUNLOP,REIFEN,03.csv,,225,,16,112,T,,,03,,,,,,
4038526389022,ART031123,DUNLOP,REIFEN,03.csv,,225,,15,112,R,,,03,,,,,,
4038526389039,ART031124,DUNLOP,REIFEN,03.csv,,225,,16,121,R,,,03,,,,,,
4038526389046,ART031125,DUNLOP,REIFEN,03.csv,,235,,16,115,R,,,03,,,,,,
4038526389220,ART041543,GOODYEAR,REIFEN,03.csv,,245,,17,106,H,,,03,,,,,,
4038526394743,ART031875,GOODYEAR,REIFEN,03.csv,,245,,20,95,W,,,03,,,,,,
4038526394750,ART053531,GOODYEAR,REIFEN,03.csv,,255,,20,110,V,,,03,,,,,,
4038526394835,ART031794,GOODYEAR,REIFEN,03.csv,,245,,18,104,V,,,03,,,,,,
4038526394859,ART031934,GOODYEAR,REIFEN,03.csv,,255,,20,97,W,,,03,,,,,,
4038526394873,ART031913,GOODYEAR,REIFEN,03.csv,,265,,20,108,W,,,03,,,,,,
4038526395269,ART028731,GOODYEAR,REIFEN,03.csv,,285,,19,111,V,,,03,,,,,,
4038526395276,ART028306,FULDA,REIFEN,03.csv,,225,,18,95,Y,,,03,,,,,,
4038526395481,ART028732,GOODYEAR,REIFEN,03.csv,,175,,17,87,H,,,03,,,,,,
4038526403209,ART027661,GOODYEAR,REIFEN,03.csv,,245,,19,98,Y,,,03,,,,,,
4038526403575,ART028733,GOODYEAR,REIFEN,03.csv,,205,,16,92,H,,,03,,,,,,
4038526407696,ART031126,DUNLOP,REIFEN,03.csv,,185,,16,104,R,,,03,,,,,,
4038526412263,ART028200,GOODYEAR,REIFEN,03.csv,,255,,18,109,H,,,03,,,,,,
4038526413833,ART031936,GOODYEAR,REIFEN,03.csv,,255,,21,98,V,,,03,,,,,,
4038526419750,ART041581,GOODYEAR,REIFEN,03.csv,,175,,14,86,H,,,03,,,,,,
4038526420527,ART041347,DUNLOP,REIFEN,03.csv,,195,,15,85,H,,,03,,,,,,
4038526420534,ART041348,DUNLOP,REIFEN,03.csv,,195,,16,91,V,,,03,,,,,,
4038526420541,ART041320,DUNLOP,REIFEN,03.csv,,195,,15,92,V,,,03,,,,,,
4038526420565,ART041322,DUNLOP,REIFEN,03.csv,,205,,16,94,V,,,03,,,,,,
4038526420572,ART041323,DUNLOP,REIFEN,03.csv,,205,,17,95,V,,,03,,,,,,
4038526420589,ART041324,DUNLOP,REIFEN,03.csv,,205,,16,96,V,,,03,,,,,,
4038526420602,ART041346,DUNLOP,REIFEN,03.csv,,205,,17,88,W,,,03,,,,,,
4038526420619,ART063513,DUNLOP,REIFEN,03.csv,,235,,19,103,W,,,03,,,,,,
4038526420800,ART041308,DUNLOP,REIFEN,03.csv,,165,,14,83,T,,,03,,,,,,
4038526420817,ART041309,DUNLOP,REIFEN,03.csv,,165,,14,85,T,,,03,,,,,,
4038526420824,ART041310,DUNLOP,REIFEN,03.csv,,175,,14,86,H,,,03,,,,,,
4038526420831,ART041311,DUNLOP,REIFEN,03.csv,,175,,15,88,H,,,03,,,,,,
4038526420848,ART041312,DUNLOP,REIFEN,03.csv,,175,,14,88,T,,,03,,,,,,
4038526420855,ART041313,DUNLOP,REIFEN,03.csv,,185,,15,86,V,,,03,,,,,,
4038526420862,ART041314,DUNLOP,REIFEN,03.csv,,185,,14,86,H,,,03,,,,,,
4038526420879,ART041315,DUNLOP,REIFEN,03.csv,,185,,15,88,V,,,03,,,,,,
4038526420886,ART041316,DUNLOP,REIFEN,03.csv,,185,,14,86,H,,,03,,,,,,
4038526420893,ART041317,DUNLOP,REIFEN,03.csv,,185,,15,92,V,,,03,,,,,,
4038526420909,ART041318,DUNLOP,REIFEN,03.csv,,195,,16,84,V,,,03,,,,,,
4038526420916,ART041319,DUNLOP,REIFEN,03.csv,,195,,15,86,V,,,03,,,,,,
4038526421500,ART041325,DUNLOP,REIFEN,03.csv,,215,,16,97,V,,,03,,,,,,
4038526421517,ART041326,DUNLOP,REIFEN,03.csv,,215,,17,98,W,,,03,,,,,,
4038526421531,ART041328,DUNLOP,REIFEN,03.csv,,215,,17,100,V,,,03,,,,,,
4038526421548,ART041329,DUNLOP,REIFEN,03.csv,,215,,16,102,V,,,03,,,,,,
4038526421555,ART041330,DUNLOP,REIFEN,03.csv,,225,,18,92,Y,,,03,,,,,,
4038526421562,ART041331,DUNLOP,REIFEN,03.csv,,225,,17,94,W,,,03,,,,,,
4038526421579,ART041332,DUNLOP,REIFEN,03.csv,,225,,18,95,Y,,,03,,,,,,
4038526421593,ART041334,DUNLOP,REIFEN,03.csv,,225,,17,101,W,,,03,,,,,,
4038526421616,ART042600,DUNLOP,REIFEN,03.csv,,235,,17,97,Y,,,03,,,,,,
4038526421630,ART058308,DUNLOP,REIFEN,03.csv,,235,,18,104,V,,,03,,,,,,
4038526421647,ART041337,DUNLOP,REIFEN,03.csv,,235,,16,104,V,,,03,,,,,,
4038526421654,ART063514,DUNLOP,REIFEN,03.csv,,235,,18,107,W,,,03,,,,,,
4038526421685,ART041339,DUNLOP,REIFEN,03.csv,,255,,18,109,W,,,03,,,,,,
4038526421722,ART041341,DUNLOP,REIFEN,03.csv,,215,,17,91,W,,,03,,,,,,
4038526421739,ART041342,DUNLOP,REIFEN,03.csv,,215,,17,95,W,,,03,,,,,,
4038526421753,ART042604,DUNLOP,REIFEN,03.csv,,225,,17,103,V,,,03,,,,,,
4038526421791,ART042606,DUNLOP,REIFEN,03.csv,,235,,19,105,W,,,03,,,,,,
4038526421814,ART041302,DUNLOP,REIFEN,03.csv,,225,,16,99,W,,,03,,,,,,
4038526421821,ART042605,DUNLOP,REIFEN,03.csv,,235,,18,101,V,,,03,,,,,,
4038526421845,ART041303,DUNLOP,REIFEN,03.csv,,215,,18,99,V,,,03,,,,,,
4038526421852,ART041304,DUNLOP,REIFEN,03.csv,,205,,16,91,V,,,03,,,,,,
4038526421869,ART041305,DUNLOP,REIFEN,03.csv,,245,,18,97,Y,,,03,,,,,,
4038526424273,ART041574,GOODYEAR,REIFEN,03.csv,,255,,21,102,Y,,,03,,,,,,
4038526425232,ART028734,GOODYEAR,REIFEN,03.csv,,215,,15,109,S,,,03,,,,,,
4038526430106,ART031925,GOODYEAR,REIFEN,03.csv,,205,,15,102,T,,,03,,,,,,
4038526430991,ART041624,GOODYEAR,REIFEN,03.csv,,235,,19,99,T,,,03,,,,,,
4038526431004,ART053766,GOODYEAR,REIFEN,03.csv,,235,,19,99,T,,,03,,,,,,
4038526431011,ART041625,GOODYEAR,REIFEN,03.csv,,235,,18,100,T,,,03,,,,,,
4038526431028,ART053529,GOODYEAR,REIFEN,03.csv,,235,,18,100,T,,,03,,,,,,
4038526431035,ART041626,GOODYEAR,REIFEN,03.csv,,235,,19,105,T,,,03,,,,,,
4038526431073,ART053534,GOODYEAR,REIFEN,03.csv,,255,,19,100,T,,,03,,,,,,
4038526431103,ART053533,GOODYEAR,REIFEN,03.csv,,255,,19,107,T,,,03,,,,,,
4038526431141,ART053719,GOODYEAR,REIFEN,03.csv,,265,,20,108,T,,,03,,,,,,
4038526431462,ART031927,GOODYEAR,REIFEN,03.csv,,195,,15,88,H,,,03,,,,,,
4038526435569,ART042619,DUNLOP,REIFEN,03.csv,,215,,16,103,T,,,03,,,,,,
4038526435606,ART042621,DUNLOP,REIFEN,03.csv,,215,,15,109,R,,,03,,,,,,
4038526437303,ART041640,GOODYEAR,REIFEN,03.csv,,215,,15,109,S,,,03,,,,,,
4038526451538,ART042610,DUNLOP,REIFEN,03.csv,,195,,16,87,V,,,03,,,,,,
4038526473318,ART070182,GOODYEAR,REIFEN,03.csv,,215,,19,97,H,,,03,,,,,,
4038526473424,ART076894,FULDA,REIFEN,03.csv,,175,,15,84,H,,,03,,,,,,
4038526473431,ART076895,FULDA,REIFEN,03.csv,,185,,15,92,T,,,03,,,,,,
4038526473448,ART076896,FULDA,REIFEN,03.csv,,195,,16,91,V,,,03,,,,,,
4038526481207,ART053530,GOODYEAR,REIFEN,03.csv,,235,,17,103,Y,,,03,,,,,,
4038526481290,ART076879,GOODYEAR,REIFEN,03.csv,,255,,18,109,W,,,03,,,,,,
4038526485045,ART070263,GOODYEAR,REIFEN,03.csv,,195,,20,95,H,,,03,,,,,,
4038526490889,ART082586,GOODYEAR,REIFEN,03.csv,,225,,19,93,Y,,,03,,,,,,
4038526492685,ART082605,DUNLOP,REIFEN,03.csv,,235,,19,96,Y,,,03,,,,,,
4038526494542,ART082595,GOODYEAR,REIFEN,03.csv,,235,,18,107,W,,,03,,,,,,
4038526502780,ART082601,GOODYEAR,REIFEN,03.csv,,235,,20,100,W,,,03,,,,,,
4040658086748,ART015210,KENDA,REIFEN,03.csv,,12,,12,60,L,,,03,,,,,,
4053943892443,ART002373,CHENG SHIN (Maxxis),REIFEN,03.csv,,195,,10,98,N,,,03,,,,,,
4063021416706,ART027615,CONTINENTAL,REIFEN,03.csv,,275,,21,113,Y,,,03,,,,,,
4063021416720,ART027872,CONTINENTAL,REIFEN,03.csv,,315,,21,116,Y,,,03,,,,,,
4063021462260,ART025277,GOODYEAR,REIFEN,03.csv,,215,,19,93,T,,,03,,,,,,
4063021487911,ART023045,CONTINENTAL,REIFEN,03.csv,,285,,16,126,N,,,03,,,,,,
4063021659363,ART025287,MICHELIN,REIFEN,03.csv,,295,,19,113,Y,,,03,,,,,,
4063021726898,ART027625,VREDESTEIN,REIFEN,03.csv,,235,,18,110,H,,,03,,,,,,
4260399943241,ART001966,Security,REIFEN,03.csv,,195,,15,104,R,,,03,,,,,,
4717784201641,ART000337,MAXXIS,REIFEN,03.csv,,175,,13,97,N,,,03,,,,,,
4717784221946,ART000514,MAXXIS,REIFEN,03.csv,,14.50,,16,129,L,,,03,,,,,,
4717784230986,ART000449,MAXXIS,REIFEN,03.csv,,245,,16,107,H,,,03,,,,,,
4717784231280,ART000415,MAXXIS,REIFEN,03.csv,,225,,16,104,H,,,03,,,,,,
4717784247298,ART001096,MAXXIS,REIFEN,03.csv,,255,,16,109,H,,,03,,,,,,
4717784248349,ART001428,MAXXIS,REIFEN,03.csv,,215,,16,102,H,,,03,,,,,,
4717784256405,ART001422,MAXXIS,REIFEN,03.csv,,205,,16,104,T,,,03,,,,,,
4717784256535,ART001432,MAXXIS,REIFEN,03.csv,,235,,16,100,V,,,03,,,,,,
4717784256566,ART001424,MAXXIS,REIFEN,03.csv,,225,,16,104,H,,,03,,,,,,
4717784256665,ART001427,MAXXIS,REIFEN,03.csv,,265,,16,112,H,,,03,,,,,,
4717784256689,ART001426,MAXXIS,REIFEN,03.csv,,245,,16,111,H,,,03,,,,,,
4717784256719,ART001429,MAXXIS,REIFEN,03.csv,,255,,16,109,H,,,03,,,,,,
4717784256740,ART001433,MAXXIS,REIFEN,03.csv,,255,,17,110,V,,,03,,,,,,
4717784277974,ART003948,MAXXIS,REIFEN,03.csv,,155,,13,75,T,,,03,,,,,,
4717784278391,ART053331,MAXXIS,REIFEN,03.csv,,155,,13,73,T,,,03,,,,,,
4717784278513,ART005159,MAXXIS,REIFEN,03.csv,,165,,14,97,N,,,03,,,,,,
4717784292076,ART003808,MAXXIS,REIFEN,03.csv,,225,,18,87,Y,,,03,,,,,,
4717784299686,ART003806,MAXXIS,REIFEN,03.csv,,215,,18,93,Y,,,03,,,,,,
4717784300160,ART005145,MAXXIS,REIFEN,03.csv,,175,,14,79,H,,,03,,,,,,
4717784300177,ART005151,MAXXIS,REIFEN,03.csv,,205,,15,89,V,,,03,,,,,,
4717784300252,ART005149,MAXXIS,REIFEN,03.csv,,185,,14,80,H,,,03,,,,,,
4717784300269,ART005146,MAXXIS,REIFEN,03.csv,,175,,15,81,H,,,03,,,,,,
4717784300276,ART005152,MAXXIS,REIFEN,03.csv,,205,,15,88,V,,,03,,,,,,
4717784300290,ART005141,MAXXIS,REIFEN,03.csv,,155,,13,75,T,,,03,,,,,,
4717784300320,ART005143,MAXXIS,REIFEN,03.csv,,165,,15,81,T,,,03,,,,,,
4717784300351,ART005147,MAXXIS,REIFEN,03.csv,,175,,13,82,T,,,03,,,,,,
4717784300368,ART005148,MAXXIS,REIFEN,03.csv,,175,,14,88,T,,,03,,,,,,
4717784300375,ART005150,MAXXIS,REIFEN,03.csv,,185,,14,82,H,,,03,,,,,,
4717784300382,ART005144,MAXXIS,REIFEN,03.csv,,165,,13,83,T,,,03,,,,,,
4717784305356,ART010145,MAXXIS,REIFEN,03.csv,,235,,16,115,T,,,03,,,,,,
4717784307053,ART009297,MAXXIS,REIFEN,03.csv,,215,,15,109,R,,,03,,,,,,
4717784310565,ART004546,MAXXIS,REIFEN,03.csv,,195,,14,95,V,,,03,,,,,,
4717784311173,ART003833,MAXXIS,REIFEN,03.csv,,205,,18,86,Y,,,03,,,,,,
4717784312422,ART006111,MAXXIS,REIFEN,03.csv,,195,,14,93,H,,,03,,,,,,
4717784312613,ART005924,MAXXIS,REIFEN,03.csv,,135,,15,73,T,,,03,,,,,,
4717784312729,ART005930,MAXXIS,REIFEN,03.csv,,175,,13,80,T,,,03,,,,,,
4717784312743,ART005926,MAXXIS,REIFEN,03.csv,,155,,13,83,T,,,03,,,,,,
4717784312774,ART006110,MAXXIS,REIFEN,03.csv,,165,,13,77,T,,,03,,,,,,
4717784313061,ART006693,MAXXIS,REIFEN,03.csv,,195,,15,91,V,,,03,,,,,,
4717784313078,ART008863,MAXXIS,REIFEN,03.csv,,195,,15,91,H,,,03,,,,,,
4717784313092,ART006705,MAXXIS,REIFEN,03.csv,,195,,15,85,V,,,03,,,,,,
4717784313108,ART006714,MAXXIS,REIFEN,03.csv,,225,,17,91,W,,,03,,,,,,
4717784313252,ART005925,MAXXIS,REIFEN,03.csv,,145,,13,71,T,,,03,,,,,,
4717784313610,ART005927,MAXXIS,REIFEN,03.csv,,145,,13,79,T,,,03,,,,,,
4717784314280,ART006109,MAXXIS,REIFEN,03.csv,,185,,13,86,T,,,03,,,,,,
4717784315157,ART016590,MAXXIS,REIFEN,03.csv,,195,,15,91,H,,,03,,,,,,
4717784317304,ART006701,MAXXIS,REIFEN,03.csv,,225,,16,95,V,,,03,,,,,,
4717784317311,ART007010,MAXXIS,REIFEN,03.csv,,225,,16,99,W,,,03,,,,,,
4717784317328,ART006704,MAXXIS,REIFEN,03.csv,,225,,17,101,W,,,03,,,,,,
4717784317649,ART006694,MAXXIS,REIFEN,03.csv,,195,,15,88,V,,,03,,,,,,
4717784317656,ART006707,MAXXIS,REIFEN,03.csv,,195,,16,88,V,,,03,,,,,,
4717784317687,ART007096,MAXXIS,REIFEN,03.csv,,215,,16,97,W,,,03,,,,,,
4717784317694,ART006700,MAXXIS,REIFEN,03.csv,,215,,16,93,V,,,03,,,,,,
4717784317731,ART006696,MAXXIS,REIFEN,03.csv,,215,,16,99,W,,,03,,,,,,
4717784317762,ART006709,MAXXIS,REIFEN,03.csv,,205,,17,93,W,,,03,,,,,,
4717784317779,ART006702,MAXXIS,REIFEN,03.csv,,205,,17,95,V,,,03,,,,,,
4717784317786,ART006712,MAXXIS,REIFEN,03.csv,,245,,18,104,W,,,03,,,,,,
4717784317793,ART006711,MAXXIS,REIFEN,03.csv,,225,,17,98,W,,,03,,,,,,
4717784319186,ART053340,MAXXIS,REIFEN,03.csv,,175,,13,82,T,,,03,,,,,,
4717784319629,ART007591,MAXXIS,REIFEN,03.csv,,215,,17,87,V,,,03,,,,,,
4717784321332,ART006692,MAXXIS,REIFEN,03.csv,,165,,13,87,T,,,03,,,,,,
4717784326054,ART007594,MAXXIS,REIFEN,03.csv,,255,,17,114,H,,,03,,,,,,
4717784327112,ART007593,MAXXIS,REIFEN,03.csv,,235,,17,102,V,,,03,,,,,,
4717784327143,ART007592,MAXXIS,REIFEN,03.csv,,205,,16,97,H,,,03,,,,,,
4717784328287,ART008887,MAXXIS,REIFEN,03.csv,,245,,18,100,W,,,03,,,,,,
4717784328782,ART008873,MAXXIS,REIFEN,03.csv,,225,,17,94,W,,,03,,,,,,
4717784328799,ART014540,MAXXIS,REIFEN,03.csv,,205,,16,91,V,,,03,,,,,,
4717784328836,ART010138,MAXXIS,REIFEN,03.csv,,205,,16,107,T,,,03,,,,,,
4717784332208,ART008875,MAXXIS,REIFEN,03.csv,,225,,16,92,W,,,03,,,,,,
4717784332215,ART008879,MAXXIS,REIFEN,03.csv,,235,,18,95,W,,,03,,,,,,
4717784332222,ART008222,MAXXIS,REIFEN,03.csv,,255,,18,94,W,,,03,,,,,,
4717784332239,ART008885,MAXXIS,REIFEN,03.csv,,245,,18,97,W,,,03,,,,,,
4717784332246,ART008862,MAXXIS,REIFEN,03.csv,,195,,16,84,V,,,03,,,,,,
4717784332260,ART008880,MAXXIS,REIFEN,03.csv,,235,,17,97,W,,,03,,,,,,
4717784332277,ART008886,MAXXIS,REIFEN,03.csv,,245,,17,99,W,,,03,,,,,,
4717784332284,ART008872,MAXXIS,REIFEN,03.csv,,215,,17,96,H,,,03,,,,,,
4717784332291,ART008867,MAXXIS,REIFEN,03.csv,,205,,17,88,W,,,03,,,,,,
4717784332345,ART008881,MAXXIS,REIFEN,03.csv,,235,,18,97,V,,,03,,,,,,
4717784332352,ART008882,MAXXIS,REIFEN,03.csv,,235,,18,101,W,,,03,,,,,,
4717784332369,ART008877,MAXXIS,REIFEN,03.csv,,225,,16,98,V,,,03,,,,,,
4717784332376,ART008876,MAXXIS,REIFEN,03.csv,,225,,18,98,V,,,03,,,,,,
4717784332383,ART008866,MAXXIS,REIFEN,03.csv,,205,,16,87,W,,,03,,,,,,
4717784332420,ART019380,MAXXIS,REIFEN,03.csv,,225,,18,92,W,,,03,,,,,,
4717784332437,ART053333,MAXXIS,REIFEN,03.csv,,225,,18,95,W,,,03,,,,,,
4717784332451,ART008869,MAXXIS,REIFEN,03.csv,,215,,16,90,V,,,03,,,,,,
4717784332482,ART008871,MAXXIS,REIFEN,03.csv,,215,,18,99,V,,,03,,,,,,
4717784333540,ART011053,MAXXIS,REIFEN,03.csv,,255,,18,99,W,,,03,,,,,,
4717784333557,ART011074,MAXXIS,REIFEN,03.csv,,235,,17,96,V,,,03,,,,,,
4717784333663,ART016592,MAXXIS,REIFEN,03.csv,,235,,18,107,W,,,03,,,,,,
4717784333694,ART041674,MAXXIS,REIFEN,03.csv,,155,,13,75,T,,,03,,,,,,
4717784334387,ART013370,MAXXIS,REIFEN,03.csv,,205,,16,91,V,,,03,,,,,,
4717784334400,ART013369,MAXXIS,REIFEN,03.csv,,205,,16,91,H,,,03,,,,,,
4717784334424,ART013358,MAXXIS,REIFEN,03.csv,,185,,15,84,H,,,03,,,,,,
4717784334462,ART013354,MAXXIS,REIFEN,03.csv,,175,,14,82,T,,,03,,,,,,
4717784337326,ART053338,MAXXIS,REIFEN,03.csv,,165,,13,79,T,,,03,,,,,,
4717784337821,ART010114,MAXXIS,REIFEN,03.csv,,185,,16,104,R,,,03,,,,,,
4717784337838,ART010143,MAXXIS,REIFEN,03.csv,,225,,16,112,T,,,03,,,,,,
4717784337845,ART010140,MAXXIS,REIFEN,03.csv,,215,,16,109,T,,,03,,,,,,
4717784337852,ART009832,MAXXIS,REIFEN,03.csv,,215,,15,104,T,,,03,,,,,,
4717784337968,ART010136,MAXXIS,REIFEN,03.csv,,195,,16,104,T,,,03,,,,,,
4717784337975,ART010127,MAXXIS,REIFEN,03.csv,,205,,15,106,R,,,03,,,,,,
4717784337982,ART010134,MAXXIS,REIFEN,03.csv,,205,,15,102,T,,,03,,,,,,
4717784338118,ART010120,MAXXIS,REIFEN,03.csv,,225,,16,121,R,,,03,,,,,,
4717784338125,ART010119,MAXXIS,REIFEN,03.csv,,215,,16,116,R,,,03,,,,,,
4717784338132,ART010124,MAXXIS,REIFEN,03.csv,,175,,14,95,T,,,03,,,,,,
4717784338514,ART009831,MAXXIS,REIFEN,03.csv,,215,,16,108,T,,,03,,,,,,
4717784338521,ART010129,MAXXIS,REIFEN,03.csv,,215,,15,109,T,,,03,,,,,,
4717784338538,ART010107,MAXXIS,REIFEN,03.csv,,175,,14,99,R,,,03,,,,,,
4717784338545,ART010110,MAXXIS,REIFEN,03.csv,,195,,14,106,R,,,03,,,,,,
4717784338552,ART009566,MAXXIS,REIFEN,03.csv,,235,,16,115,T,,,03,,,,,,
4717784338569,ART010147,MAXXIS,REIFEN,03.csv,,195,,16,99,T,,,03,,,,,,
4717784338576,ART009833,MAXXIS,REIFEN,03.csv,,205,,16,100,T,,,03,,,,,,
4717784338583,ART009834,MAXXIS,REIFEN,03.csv,,215,,16,103,T,,,03,,,,,,
4717784338590,ART010132,MAXXIS,REIFEN,03.csv,,225,,15,112,R,,,03,,,,,,
4717784338606,ART010122,MAXXIS,REIFEN,03.csv,,165,,14,89,R,,,03,,,,,,
4717784338637,ART013357,MAXXIS,REIFEN,03.csv,,185,,15,82,H,,,03,,,,,,
4717784338644,ART013366,MAXXIS,REIFEN,03.csv,,195,,15,85,H,,,03,,,,,,
4717784338842,ART013355,MAXXIS,REIFEN,03.csv,,175,,15,84,H,,,03,,,,,,
4717784338866,ART013360,MAXXIS,REIFEN,03.csv,,185,,14,86,H,,,03,,,,,,
4717784338880,ART013361,MAXXIS,REIFEN,03.csv,,185,,15,88,H,,,03,,,,,,
4717784338897,ART013362,MAXXIS,REIFEN,03.csv,,185,,15,88,T,,,03,,,,,,
4717784338903,ART013363,MAXXIS,REIFEN,03.csv,,185,,15,92,T,,,03,,,,,,
4717784338941,ART013371,MAXXIS,REIFEN,03.csv,,215,,15,96,H,,,03,,,,,,
4717784338989,ART013364,MAXXIS,REIFEN,03.csv,,185,,14,88,H,,,03,,,,,,
4717784339009,ART007596,MAXXIS,REIFEN,03.csv,,195,,14,91,T,,,03,,,,,,
4717784339054,ART013368,MAXXIS,REIFEN,03.csv,,205,,15,88,V,,,03,,,,,,
4717784339061,ART013351,MAXXIS,REIFEN,03.csv,,165,,14,75,H,,,03,,,,,,
4717784339092,ART013352,MAXXIS,REIFEN,03.csv,,175,,15,81,H,,,03,,,,,,
4717784339108,ART013399,MAXXIS,REIFEN,03.csv,,165,,15,81,H,,,03,,,,,,
4717784339115,ART013350,MAXXIS,REIFEN,03.csv,,155,,14,75,T,,,03,,,,,,
4717784339122,ART013404,MAXXIS,REIFEN,03.csv,,185,,16,81,V,,,03,,,,,,
4717784339900,ART013398,MAXXIS,REIFEN,03.csv,,175,,14,88,T,,,03,,,,,,
4717784339931,ART014533,MAXXIS,REIFEN,03.csv,,195,,16,104,T,,,03,,,,,,
4717784339948,ART013401,MAXXIS,REIFEN,03.csv,,205,,15,106,R,,,03,,,,,,
4717784339962,ART013373,MAXXIS,REIFEN,03.csv,,205,,15,102,T,,,03,,,,,,
4717784339993,ART014532,MAXXIS,REIFEN,03.csv,,215,,15,104,T,,,03,,,,,,
4717784340005,ART010130,MAXXIS,REIFEN,03.csv,,215,,15,109,S,,,03,,,,,,
4717784340371,ART010128,MAXXIS,REIFEN,03.csv,,205,,15,106,R,,,03,,,,,,
4717784340470,ART010235,MAXXIS,REIFEN,03.csv,,195,,14,106,R,,,03,,,,,,
4717784340579,ART010230,MAXXIS,REIFEN,03.csv,,205,,16,113,R,,,03,,,,,,
4717784340869,ART009837,MAXXIS,REIFEN,03.csv,,215,,16,108,T,,,03,,,,,,
4717784340883,ART010236,MAXXIS,REIFEN,03.csv,,215,,16,113,R,,,03,,,,,,
4717784341293,ART009835,MAXXIS,REIFEN,03.csv,,215,,17,109,H,,,03,,,,,,
4717784341309,ART010126,MAXXIS,REIFEN,03.csv,,195,,15,104,R,,,03,,,,,,
4717784341316,ART010108,MAXXIS,REIFEN,03.csv,,185,,14,102,R,,,03,,,,,,
4717784341323,ART010116,MAXXIS,REIFEN,03.csv,,195,,16,107,R,,,03,,,,,,
4717784341330,ART009836,MAXXIS,REIFEN,03.csv,,225,,17,109,H,,,03,,,,,,
4717784341347,ART014165,MAXXIS,REIFEN,03.csv,,195,,10,98,P,,,03,,,,,,
4717784341583,ART010231,MAXXIS,REIFEN,03.csv,,195,,15,104,R,,,03,,,,,,
4717784342405,ART013356,MAXXIS,REIFEN,03.csv,,175,,14,88,T,,,03,,,,,,
4717784342702,ART011072,MAXXIS,REIFEN,03.csv,,185,,14,102,R,,,03,,,,,,
4717784342719,ART011073,MAXXIS,REIFEN,03.csv,,175,,14,99,Q,,,03,,,,,,
4717784342726,ART011071,MAXXIS,REIFEN,03.csv,,195,,14,106,R,,,03,,,,,,
4717784342733,ART011064,MAXXIS,REIFEN,03.csv,,215,,16,113,R,,,03,,,,,,
4717784342757,ART011066,MAXXIS,REIFEN,03.csv,,195,,16,107,S,,,03,,,,,,
4717784342795,ART011070,MAXXIS,REIFEN,03.csv,,205,,14,109,Q,,,03,,,,,,
4717784343020,ART011063,MAXXIS,REIFEN,03.csv,,225,,16,121,R,,,03,,,,,,
4717784343037,ART011062,MAXXIS,REIFEN,03.csv,,195,,16,99,T,,,03,,,,,,
4717784343044,ART011060,MAXXIS,REIFEN,03.csv,,215,,17,109,T,,,03,,,,,,
4717784343051,ART011061,MAXXIS,REIFEN,03.csv,,215,,16,103,T,,,03,,,,,,
4717784343068,ART011059,MAXXIS,REIFEN,03.csv,,225,,17,109,H,,,03,,,,,,
4717784343273,ART011057,MAXXIS,REIFEN,03.csv,,165,,15,87,T,,,03,,,,,,
4717784343372,ART012429,MAXXIS,REIFEN,03.csv,,205,,15,99,H,,,03,,,,,,
4717784343600,ART011056,MAXXIS,REIFEN,03.csv,,175,,13,80,T,,,03,,,,,,
4717784343662,ART053335,MAXXIS,REIFEN,03.csv,,145,,13,71,T,,,03,,,,,,
4717784343709,ART014538,MAXXIS,REIFEN,03.csv,,145,,15,72,T,,,03,,,,,,
4717784343730,ART011078,MAXXIS,REIFEN,03.csv,,165,,13,87,T,,,03,,,,,,
4717784343754,ART013367,MAXXIS,REIFEN,03.csv,,195,,14,89,H,,,03,,,,,,
4717784343884,ART011058,MAXXIS,REIFEN,03.csv,,185,,14,91,T,,,03,,,,,,
4717784344782,ART013390,MAXXIS,REIFEN,03.csv,,245,,18,100,Y,,,03,,,,,,
4717784344836,ART013395,MAXXIS,REIFEN,03.csv,,265,,19,98,Y,,,03,,,,,,
4717784344867,ART014546,MAXXIS,REIFEN,03.csv,,255,,18,94,Y,,,03,,,,,,
4717784344881,ART013384,MAXXIS,REIFEN,03.csv,,245,,18,92,Y,,,03,,,,,,
4717784344942,ART013392,MAXXIS,REIFEN,03.csv,,255,,19,100,Y,,,03,,,,,,
4717784345017,ART013387,MAXXIS,REIFEN,03.csv,,245,,18,97,Y,,,03,,,,,,
4717784347189,ART016049,MAXXIS,REIFEN,03.csv,,235,,18,95,Y,,,03,,,,,,
4717784347226,ART015218,MAXXIS,REIFEN,03.csv,,135,,15,73,T,,,03,,,,,,
4717784347424,ART016046,MAXXIS,REIFEN,03.csv,,235,,19,99,W,,,03,,,,,,
4717784347462,ART017140,MAXXIS,REIFEN,03.csv,,275,,19,108,Y,,,03,,,,,,
4717784347493,ART015686,MAXXIS,REIFEN,03.csv,,235,,18,106,W,,,03,,,,,,
4717784347547,ART015694,MAXXIS,REIFEN,03.csv,,245,,20,103,W,,,03,,,,,,
4717784347639,ART017138,MAXXIS,REIFEN,03.csv,,235,,18,97,Y,,,03,,,,,,
4717784348100,ART019381,MAXXIS,REIFEN,03.csv,,235,,16,121,R,,,03,,,,,,
4717784348131,ART016595,MAXXIS,REIFEN,03.csv,,175,,14,86,T,,,03,,,,,,
4717784348148,ART016596,MAXXIS,REIFEN,03.csv,,185,,15,88,T,,,03,,,,,,
4717784348155,ART016597,MAXXIS,REIFEN,03.csv,,185,,15,92,T,,,03,,,,,,
4717784348209,ART016602,MAXXIS,REIFEN,03.csv,,215,,16,98,H,,,03,,,,,,
4717784348797,ART016619,MAXXIS,REIFEN,03.csv,,205,,15,96,H,,,03,,,,,,
4717784348810,ART017133,MAXXIS,REIFEN,03.csv,,225,,18,104,W,,,03,,,,,,
4717784348827,ART016794,MAXXIS,REIFEN,03.csv,,265,,18,114,W,,,03,,,,,,
4717784348995,ART015697,MAXXIS,REIFEN,03.csv,,295,,21,107,Y,,,03,,,,,,
4717784349008,ART016622,MAXXIS,REIFEN,03.csv,,275,,20,110,Y,,,03,,,,,,
4717784349022,ART015695,MAXXIS,REIFEN,03.csv,,275,,20,106,Y,,,03,,,,,,
4717784349039,ART016044,MAXXIS,REIFEN,03.csv,,255,,20,105,Y,,,03,,,,,,
4717784349046,ART027318,MAXXIS,REIFEN,03.csv,,315,,20,110,W,,,03,,,,,,
4717784349084,ART017134,MAXXIS,REIFEN,03.csv,,235,,18,107,W,,,03,,,,,,
4717784349091,ART016623,MAXXIS,REIFEN,03.csv,,215,,16,100,H,,,03,,,,,,
4717784349145,ART016624,MAXXIS,REIFEN,03.csv,,205,,16,94,V,,,03,,,,,,
4717784349190,ART016138,MAXXIS,REIFEN,03.csv,,225,,17,94,W,,,03,,,,,,
4717784349602,ART018320,MAXXIS,REIFEN,03.csv,,265,,21,105,Y,,,03,,,,,,
4717784349619,ART016681,MAXXIS,REIFEN,03.csv,,205,,16,91,H,,,03,,,,,,
4717784349725,ART018321,MAXXIS,REIFEN,03.csv,,195,,15,89,V,,,03,,,,,,
4717784349732,ART018322,MAXXIS,REIFEN,03.csv,,195,,16,91,V,,,03,,,,,,
4717784349749,ART018323,MAXXIS,REIFEN,03.csv,,215,,16,99,V,,,03,,,,,,
4717784349756,ART018324,MAXXIS,REIFEN,03.csv,,225,,17,103,V,,,03,,,,,,
4717784349763,ART018325,MAXXIS,REIFEN,03.csv,,195,,15,92,V,,,03,,,,,,
4717784349770,ART016796,MAXXIS,REIFEN,03.csv,,205,,17,88,W,,,03,,,,,,
4717784349787,ART016798,MAXXIS,REIFEN,03.csv,,225,,17,101,W,,,03,,,,,,
4717784349794,ART016799,MAXXIS,REIFEN,03.csv,,225,,18,98,V,,,03,,,,,,
4717784349800,ART018326,MAXXIS,REIFEN,03.csv,,205,,16,87,V,,,03,,,,,,
4717784349817,ART016797,MAXXIS,REIFEN,03.csv,,225,,16,99,V,,,03,,,,,,
4717784349824,ART016792,MAXXIS,REIFEN,03.csv,,205,,17,95,V,,,03,,,,,,
4717784349831,ART018327,MAXXIS,REIFEN,03.csv,,185,,15,86,V,,,03,,,,,,
4717784349848,ART018328,MAXXIS,REIFEN,03.csv,,185,,16,87,V,,,03,,,,,,
4717784349855,ART018329,MAXXIS,REIFEN,03.csv,,195,,16,84,V,,,03,,,,,,
4717784349862,ART019912,MAXXIS,REIFEN,03.csv,,225,,19,96,V,,,03,,,,,,
4717784349879,ART019913,MAXXIS,REIFEN,03.csv,,215,,17,103,V,,,03,,,,,,
4717784349886,ART019382,MAXXIS,REIFEN,03.csv,,225,,17,106,V,,,03,,,,,,
4717784349893,ART018330,MAXXIS,REIFEN,03.csv,,185,,15,88,H,,,03,,,,,,
4717784349909,ART016789,MAXXIS,REIFEN,03.csv,,215,,16,90,V,,,03,,,,,,
4717784349916,ART016788,MAXXIS,REIFEN,03.csv,,215,,17,91,W,,,03,,,,,,
4717784349923,ART018331,MAXXIS,REIFEN,03.csv,,175,,15,88,H,,,03,,,,,,
4717784349930,ART018332,MAXXIS,REIFEN,03.csv,,205,,15,99,V,,,03,,,,,,
4717784349947,ART016793,MAXXIS,REIFEN,03.csv,,215,,16,97,V,,,03,,,,,,
4717784349954,ART016790,MAXXIS,REIFEN,03.csv,,215,,18,99,V,,,03,,,,,,
4717784349961,ART019914,MAXXIS,REIFEN,03.csv,,225,,18,95,W,,,03,,,,,,
4717784349978,ART019915,MAXXIS,REIFEN,03.csv,,235,,17,97,W,,,03,,,,,,
4717784349985,ART016791,MAXXIS,REIFEN,03.csv,,215,,17,98,W,,,03,,,,,,
4717784349992,ART019383,MAXXIS,REIFEN,03.csv,,195,,15,86,V,,,03,,,,,,
4717784350004,ART019384,MAXXIS,REIFEN,03.csv,,195,,16,88,V,,,03,,,,,,
4717784350011,ART019916,MAXXIS,REIFEN,03.csv,,255,,19,96,W,,,03,,,,,,
4717784350035,ART019918,MAXXIS,REIFEN,03.csv,,255,,19,100,W,,,03,,,,,,
4717784350042,ART018333,MAXXIS,REIFEN,03.csv,,215,,18,89,V,,,03,,,,,,
4717784350059,ART019919,MAXXIS,REIFEN,03.csv,,235,,19,91,W,,,03,,,,,,
4717784350073,ART019385,MAXXIS,REIFEN,03.csv,,185,,16,81,V,,,03,,,,,,
4717784350103,ART019920,MAXXIS,REIFEN,03.csv,,245,,19,93,W,,,03,,,,,,
4717784350110,ART019387,MAXXIS,REIFEN,03.csv,,215,,17,95,W,,,03,,,,,,
4717784350127,ART018334,MAXXIS,REIFEN,03.csv,,225,,18,99,V,,,03,,,,,,
4717784350134,ART019921,MAXXIS,REIFEN,03.csv,,245,,18,100,W,,,03,,,,,,
4717784350141,ART019388,MAXXIS,REIFEN,03.csv,,205,,17,84,V,,,03,,,,,,
4717784350158,ART019922,MAXXIS,REIFEN,03.csv,,235,,18,98,W,,,03,,,,,,
4717784350165,ART019923,MAXXIS,REIFEN,03.csv,,225,,19,88,W,,,03,,,,,,
4717784350172,ART019924,MAXXIS,REIFEN,03.csv,,235,,18,95,W,,,03,,,,,,
4717784350189,ART019925,MAXXIS,REIFEN,03.csv,,235,,19,96,W,,,03,,,,,,
4717784350196,ART019389,MAXXIS,REIFEN,03.csv,,205,,17,93,W,,,03,,,,,,
4717784350202,ART019390,MAXXIS,REIFEN,03.csv,,245,,18,97,W,,,03,,,,,,
4717784350219,ART019926,MAXXIS,REIFEN,03.csv,,225,,19,93,W,,,03,,,,,,
4717784350233,ART019928,MAXXIS,REIFEN,03.csv,,175,,14,86,H,,,03,,,,,,
4717784350240,ART019929,MAXXIS,REIFEN,03.csv,,185,,15,92,H,,,03,,,,,,
4717784350257,ART019930,MAXXIS,REIFEN,03.csv,,195,,15,95,V,,,03,,,,,,
4717784350264,ART019931,MAXXIS,REIFEN,03.csv,,195,,15,91,H,,,03,,,,,,
4717784350271,ART019932,MAXXIS,REIFEN,03.csv,,215,,16,102,V,,,03,,,,,,
4717784350288,ART019933,MAXXIS,REIFEN,03.csv,,205,,16,96,V,,,03,,,,,,
4717784350295,ART019934,MAXXIS,REIFEN,03.csv,,225,,18,92,W,,,03,,,,,,
4717784350301,ART019935,MAXXIS,REIFEN,03.csv,,225,,17,98,W,,,03,,,,,,
4717784350387,ART017132,MAXXIS,REIFEN,03.csv,,235,,17,108,V,,,03,,,,,,
4717784350400,ART018336,MAXXIS,REIFEN,03.csv,,255,,18,109,W,,,03,,,,,,
4717784350417,ART018337,MAXXIS,REIFEN,03.csv,,265,,20,108,W,,,03,,,,,,
4717784350424,ART018338,MAXXIS,REIFEN,03.csv,,255,,19,111,W,,,03,,,,,,
4717784350431,ART018339,MAXXIS,REIFEN,03.csv,,255,,19,104,W,,,03,,,,,,
4717784350448,ART018340,MAXXIS,REIFEN,03.csv,,235,,19,105,W,,,03,,,,,,
4717784350455,ART017139,MAXXIS,REIFEN,03.csv,,245,,19,102,W,,,03,,,,,,
4717784350462,ART017135,MAXXIS,REIFEN,03.csv,,235,,17,103,V,,,03,,,,,,
4717784350479,ART017136,MAXXIS,REIFEN,03.csv,,235,,18,104,V,,,03,,,,,,
4717784350486,ART017141,MAXXIS,REIFEN,03.csv,,255,,20,105,W,,,03,,,,,,
4717784350493,ART016787,MAXXIS,REIFEN,03.csv,,235,,19,99,W,,,03,,,,,,
4717784350516,ART016795,MAXXIS,REIFEN,03.csv,,235,,19,103,W,,,03,,,,,,
4717784350523,ART018342,MAXXIS,REIFEN,03.csv,,215,,18,92,W,,,03,,,,,,
4717784350530,ART018343,MAXXIS,REIFEN,03.csv,,235,,18,101,W,,,03,,,,,,
4717784350547,ART017142,MAXXIS,REIFEN,03.csv,,285,,20,112,W,,,03,,,,,,
4717784350554,ART018344,MAXXIS,REIFEN,03.csv,,265,,19,110,W,,,03,,,,,,
4717784350561,ART018345,MAXXIS,REIFEN,03.csv,,255,,19,107,W,,,03,,,,,,
4717784350844,ART019936,MAXXIS,REIFEN,03.csv,,205,,16,87,V,,,03,,,,,,
4717784351445,ART019392,MAXXIS,REIFEN,03.csv,,225,,18,102,V,,,03,,,,,,
4717784351681,ART018655,MAXXIS,REIFEN,03.csv,,235,,16,121,R,,,03,,,,,,
4717784351698,ART024495,MAXXIS,REIFEN,03.csv,,215,,18,92,V,,,03,,,,,,
4717784352145,ART020989,MAXXIS,REIFEN,03.csv,,275,,19,105,Y,,,03,,,,,,
4717784352343,ART024496,MAXXIS,REIFEN,03.csv,,195,,16,89,V,,,03,,,,,,
4717784352633,ART024497,MAXXIS,REIFEN,03.csv,,205,,15,91,H,,,03,,,,,,
4717784353210,ART019994,MAXXIS,REIFEN,03.csv,,235,,17,117,R,,,03,,,,,,
4717784353388,ART020235,MAXXIS,REIFEN,03.csv,,215,,18,93,W,,,03,,,,,,
4717784353395,ART020545,MAXXIS,REIFEN,03.csv,,195,,16,93,V,,,03,,,,,,
4717784353401,ART020236,MAXXIS,REIFEN,03.csv,,225,,16,96,V,,,03,,,,,,
4717784353418,ART020546,MAXXIS,REIFEN,03.csv,,225,,16,102,W,,,03,,,,,,
4717784353449,ART020252,MAXXIS,REIFEN,03.csv,,245,,17,99,W,,,03,,,,,,
4717784353647,ART020991,MAXXIS,REIFEN,03.csv,,245,,20,99,Y,,,03,,,,,,
4717784353654,ART020992,MAXXIS,REIFEN,03.csv,,205,,17,88,Y,,,03,,,,,,
4717784353906,ART020994,MAXXIS,REIFEN,03.csv,,205,,17,115,R,,,03,,,,,,
4717784353913,ART020995,MAXXIS,REIFEN,03.csv,,275,,18,99,Y,,,03,,,,,,
4717784353944,ART020996,MAXXIS,REIFEN,03.csv,,215,,18,92,W,,,03,,,,,,
4717784354033,ART021898,MAXXIS,REIFEN,03.csv,,205,,19,97,V,,,03,,,,,,
4717784354040,ART023082,MAXXIS,REIFEN,03.csv,,245,,20,103,W,,,03,,,,,,
4717784354279,ART022174,MAXXIS,REIFEN,03.csv,,255,,20,110,W,,,03,,,,,,
4717784356303,ART022389,MAXXIS,REIFEN,03.csv,,235,,16,121,T,,,03,,,,,,
4717784356471,ART023083,MAXXIS,REIFEN,03.csv,,235,,19,109,V,,,03,,,,,,
4717784356488,ART022952,MAXXIS,REIFEN,03.csv,,235,,20,104,W,,,03,,,,,,
4717784356549,ART024498,MAXXIS,REIFEN,03.csv,,215,,17,103,V,,,03,,,,,,
4717784356594,ART023272,MAXXIS,REIFEN,03.csv,,245,,19,98,W,,,03,,,,,,
4717784357157,ART023104,MAXXIS,REIFEN,03.csv,,255,,18,99,W,,,03,,,,,,
4717784357164,ART023273,MAXXIS,REIFEN,03.csv,,195,,17,81,V,,,03,,,,,,
4717784357171,ART023490,MAXXIS,REIFEN,03.csv,,275,,19,100,W,,,03,,,,,,
4717784357188,ART023274,MAXXIS,REIFEN,03.csv,,235,,17,100,V,,,03,,,,,,
4717784357195,ART023110,MAXXIS,REIFEN,03.csv,,245,,18,92,W,,,03,,,,,,
4717784357201,ART023473,MAXXIS,REIFEN,03.csv,,275,,18,103,W,,,03,,,,,,
4717784357249,ART023275,MAXXIS,REIFEN,03.csv,,245,,17,95,V,,,03,,,,,,
4717784357256,ART023103,MAXXIS,REIFEN,03.csv,,205,,18,86,W,,,03,,,,,,
4717784357263,ART023489,MAXXIS,REIFEN,03.csv,,265,,19,98,W,,,03,,,,,,
4717784357430,ART027555,MAXXIS,REIFEN,03.csv,,195,,15,104,S,,,03,,,,,,
4717784357706,ART023467,MAXXIS,REIFEN,03.csv,,245,,19,105,W,,,03,,,,,,
4717784357713,ART023477,MAXXIS,REIFEN,03.csv,,255,,20,101,W,,,03,,,,,,
4717784358123,ART027869,MAXXIS,REIFEN,03.csv,,225,,16,118,R,,,03,,,,,,
4717784358222,ART023481,MAXXIS,REIFEN,03.csv,,185,,16,86,V,,,03,,,,,,
4717784358437,ART023478,MAXXIS,REIFEN,03.csv,,275,,20,106,W,,,03,,,,,,
4717784358949,ART025809,MAXXIS,REIFEN,03.csv,,165,,14,85,T,,,03,,,,,,
4717784358956,ART025810,MAXXIS,REIFEN,03.csv,,165,,14,83,T,,,03,,,,,,
4717784358963,ART025811,MAXXIS,REIFEN,03.csv,,165,,14,79,H,,,03,,,,,,
4717784358970,ART025812,MAXXIS,REIFEN,03.csv,,175,,14,88,T,,,03,,,,,,
4717784358987,ART025813,MAXXIS,REIFEN,03.csv,,185,,14,92,H,,,03,,,,,,
4717784358994,ART025814,MAXXIS,REIFEN,03.csv,,185,,14,86,H,,,03,,,,,,
4717784359007,ART025815,MAXXIS,REIFEN,03.csv,,195,,14,86,H,,,03,,,,,,
4717784359014,ART025816,MAXXIS,REIFEN,03.csv,,145,,15,72,T,,,03,,,,,,
4717784359021,ART025817,MAXXIS,REIFEN,03.csv,,155,,15,74,T,,,03,,,,,,
4717784359038,ART025818,MAXXIS,REIFEN,03.csv,,165,,15,77,T,,,03,,,,,,
4717784359045,ART025819,MAXXIS,REIFEN,03.csv,,175,,15,77,T,,,03,,,,,,
4717784359052,ART025820,MAXXIS,REIFEN,03.csv,,205,,15,95,H,,,03,,,,,,
4717784359069,ART025821,MAXXIS,REIFEN,03.csv,,215,,15,100,H,,,03,,,,,,
4717784359182,ART027319,MAXXIS,REIFEN,03.csv,,155,,13,73,T,,,03,,,,,,
4717784359205,ART027320,MAXXIS,REIFEN,03.csv,,155,,14,79,T,,,03,,,,,,
4717784359359,ART027321,MAXXIS,REIFEN,03.csv,,225,,19,103,W,,,03,,,,,,
4717784360119,ART027868,MAXXIS,REIFEN,03.csv,,245,,18,104,W,,,03,,,,,,
4717784360126,ART027870,MAXXIS,REIFEN,03.csv,,275,,19,105,W,,,03,,,,,,
4717784360133,ART028219,MAXXIS,REIFEN,03.csv,,235,,18,100,Y,,,03,,,,,,
4717784360508,ART053361,MAXXIS,REIFEN,03.csv,,215,,19,93,H,,,03,,,,,,
4717784360799,ART028583,MAXXIS,REIFEN,03.csv,,215,,17,100,V,,,03,,,,,,
4717784361154,ART053342,MAXXIS,REIFEN,03.csv,,225,,16,105,H,,,03,,,,,,
4717784361178,ART053376,MAXXIS,REIFEN,03.csv,,265,,20,111,W,,,03,,,,,,
4717784361185,ART053374,MAXXIS,REIFEN,03.csv,,275,,20,110,W,,,03,,,,,,
4717784361192,ART053375,MAXXIS,REIFEN,03.csv,,245,,17,106,W,,,03,,,,,,
4717784361208,ART053370,MAXXIS,REIFEN,03.csv,,245,,18,109,H,,,03,,,,,,
4717784361239,ART053365,MAXXIS,REIFEN,03.csv,,195,,16,92,V,,,03,,,,,,
4717784361246,ART053306,MAXXIS,REIFEN,03.csv,,205,,16,99,H,,,03,,,,,,
4717784361260,ART053362,MAXXIS,REIFEN,03.csv,,245,,20,95,W,,,03,,,,,,
4717784361635,ART069165,MAXXIS,REIFEN,03.csv,,195,,20,95,H,,,03,,,,,,
4717784362090,ART053304,MAXXIS,REIFEN,03.csv,,255,,19,104,W,,,03,,,,,,
4717784362991,ART082873,MAXXIS,REIFEN,03.csv,,235,,18,98,Y,,,03,,,,,,
4717784364056,ART069166,MAXXIS,REIFEN,03.csv,,215,,16,102,H,,,03,,,,,,
4717784366425,ART082874,MAXXIS,REIFEN,03.csv,,235,,19,105,Y,,,03,,,,,,
4717784366449,ART076915,MAXXIS,REIFEN,03.csv,,255,,20,105,Y,,,03,,,,,,
4717784366456,ART076916,MAXXIS,REIFEN,03.csv,,235,,19,96,Y,,,03,,,,,,
4717784366494,ART076917,MAXXIS,REIFEN,03.csv,,245,,19,102,Y,,,03,,,,,,
4717784366500,ART076918,MAXXIS,REIFEN,03.csv,,255,,19,104,Y,,,03,,,,,,
4717784366517,ART076919,MAXXIS,REIFEN,03.csv,,265,,20,108,Y,,,03,,,,,,
4717784366524,ART082875,MAXXIS,REIFEN,03.csv,,275,,20,110,Y,,,03,,,,,,
4717784366531,ART076920,MAXXIS,REIFEN,03.csv,,235,,19,103,W,,,03,,,,,,
4717784366548,ART076921,MAXXIS,REIFEN,03.csv,,245,,20,103,Y,,,03,,,,,,
4717784366555,ART082876,MAXXIS,REIFEN,03.csv,,255,,19,107,Y,,,03,,,,,,
4717784366562,ART076922,MAXXIS,REIFEN,03.csv,,255,,20,109,Y,,,03,,,,,,
4717784366579,ART076923,MAXXIS,REIFEN,03.csv,,255,,20,101,Y,,,03,,,,,,
4717784366586,ART076924,MAXXIS,REIFEN,03.csv,,235,,19,99,Y,,,03,,,,,,
4717784367347,ART076925,MAXXIS,REIFEN,03.csv,,225,,19,93,Y,,,03,,,,,,
4717784367354,ART076926,MAXXIS,REIFEN,03.csv,,225,,18,95,Y,,,03,,,,,,
4717784367378,ART076928,MAXXIS,REIFEN,03.csv,,225,,19,99,Y,,,03,,,,,,
4717784367385,ART076929,MAXXIS,REIFEN,03.csv,,235,,19,91,Y,,,03,,,,,,
4717784367392,ART076930,MAXXIS,REIFEN,03.csv,,235,,20,104,V,,,03,,,,,,
4717784367408,ART076931,MAXXIS,REIFEN,03.csv,,235,,18,107,W,,,03,,,,,,
4717784367415,ART076932,MAXXIS,REIFEN,03.csv,,245,,18,97,Y,,,03,,,,,,
4717784367422,ART076933,MAXXIS,REIFEN,03.csv,,245,,19,98,Y,,,03,,,,,,
4717784367439,ART076934,MAXXIS,REIFEN,03.csv,,245,,18,100,Y,,,03,,,,,,
4717784367446,ART076935,MAXXIS,REIFEN,03.csv,,255,,19,96,Y,,,03,,,,,,
4717784367453,ART076936,MAXXIS,REIFEN,03.csv,,255,,18,99,Y,,,03,,,,,,
4717784367460,ART076937,MAXXIS,REIFEN,03.csv,,255,,19,100,Y,,,03,,,,,,
4717784367477,ART076938,MAXXIS,REIFEN,03.csv,,265,,22,106,Y,,,03,,,,,,
4717784367484,ART076939,MAXXIS,REIFEN,03.csv,,265,,21,108,Y,,,03,,,,,,
4717784367491,ART076940,MAXXIS,REIFEN,03.csv,,275,,19,100,Y,,,03,,,,,,
4717784367507,ART076941,MAXXIS,REIFEN,03.csv,,275,,19,105,Y,,,03,,,,,,
4717784367521,ART076943,MAXXIS,REIFEN,03.csv,,185,,16,83,V,,,03,,,,,,
4717784367545,ART076945,MAXXIS,REIFEN,03.csv,,195,,15,91,H,,,03,,,,,,
4717784367552,ART076946,MAXXIS,REIFEN,03.csv,,195,,15,91,V,,,03,,,,,,
4717784367569,ART076947,MAXXIS,REIFEN,03.csv,,195,,15,95,V,,,03,,,,,,
4717784367590,ART076950,MAXXIS,REIFEN,03.csv,,205,,16,92,V,,,03,,,,,,
4717784367644,ART076955,MAXXIS,REIFEN,03.csv,,225,,18,102,Y,,,03,,,,,,
4717784367651,ART076956,MAXXIS,REIFEN,03.csv,,225,,17,99,V,,,03,,,,,,
4717784700076,ART000356,MAXXIS,REIFEN,03.csv,,8,,10,98,N,,,03,,,,,,
4717784700106,ART001041,MAXXIS,REIFEN,03.csv,,7.00,,4,,,,,03,,,,,,
5420068624034,ART007579,IMPERIAL,REIFEN,03.csv,,215,,15,96,H,,,03,,,,,,
5420068624225,ART009189,IMPERIAL,REIFEN,03.csv,,165,,13,79,T,,,03,,,,,,
5420068624485,ART009212,IMPERIAL,REIFEN,03.csv,,165,,15,81,T,,,03,,,,,,
5420068626496,ART009738,IMPERIAL,REIFEN,03.csv,,195,,14,89,T,,,03,,,,,,
5420068626915,ART010488,IMPERIAL,REIFEN,03.csv,,155,,13,73,T,,,03,,,,,,
5420068627677,ART013004,IMPERIAL,REIFEN,03.csv,,225,,19,96,V,,,03,,,,,,
5420068629671,ART020574,IMPERIAL,REIFEN,03.csv,,235,,20,102,W,,,03,,,,,,
5420068634224,ART026322,IMPERIAL,REIFEN,03.csv,,195,,16,110,S,,,03,,,,,,
5420068634347,ART024200,IMPERIAL,REIFEN,03.csv,,215,,16,113,S,,,03,,,,,,
5420068634354,ART024201,IMPERIAL,REIFEN,03.csv,,215,,16,116,R,,,03,,,,,,
5420068634521,ART026456,IMPERIAL,REIFEN,03.csv,,185,,16,104,R,,,03,,,,,,
5452000360465,ART000792,FULDA,REIFEN,03.csv,,165,,14,79,T,,,03,,,,,,
5452000360595,ART000794,FULDA,REIFEN,03.csv,,185,,14,86,T,,,03,,,,,,
5452000379481,ART003091,GOODYEAR,REIFEN,03.csv,,235,,17,99,Y,,,03,,,,,,
5452000380692,ART002546,GOODYEAR,REIFEN,03.csv,,255,,18,112,H,,,03,,,,,,
5452000391414,ART002861,FULDA,REIFEN,03.csv,,175,,15,84,H,,,03,,,,,,
5452000391490,ART002870,FULDA,REIFEN,03.csv,,195,,15,85,H,,,03,,,,,,
5452000391520,ART002872,FULDA,REIFEN,03.csv,,195,,15,85,V,,,03,,,,,,
5452000392107,ART002848,GOODYEAR,REIFEN,03.csv,,205,,17,89,Y,,,03,,,,,,
5452000432544,ART003088,GOODYEAR,REIFEN,03.csv,,165,,15,81,T,,,03,,,,,,
5452000433923,ART003102,GOODYEAR,REIFEN,03.csv,,235,,19,95,V,,,03,,,,,,
5452000468277,ART005026,GOODYEAR,REIFEN,03.csv,,225,,17,98,V,,,03,,,,,,
5452000468444,ART004521,GOODYEAR,REIFEN,03.csv,,285,,20,112,Y,,,03,,,,,,
5452000468512,ART005038,GOODYEAR,REIFEN,03.csv,,185,,15,88,T,,,03,,,,,,
5452000469298,ART007204,DUNLOP,REIFEN,03.csv,,275,,20,106,V,,,03,,,,,,
5452000471086,ART011737,DUNLOP,REIFEN,03.csv,,275,,20,106,Y,,,03,,,,,,
5452000471116,ART010540,DUNLOP,REIFEN,03.csv,,235,,18,107,W,,,03,,,,,,
5452000472229,ART005618,DUNLOP,REIFEN,03.csv,,185,,14,82,T,,,03,,,,,,
5452000473585,ART005036,GOODYEAR,REIFEN,03.csv,,235,,17,96,V,,,03,,,,,,
5452000477071,ART031023,DUNLOP,REIFEN,03.csv,,215,,15,109,S,,,03,,,,,,
5452000477606,ART003967,DUNLOP,REIFEN,03.csv,,215,,16,98,S,,,03,,,,,,
5452000488077,ART006428,GOODYEAR,REIFEN,03.csv,,275,,19,100,Y,,,03,,,,,,
5452000488268,ART006462,DUNLOP,REIFEN,03.csv,,225,,17,97,Y,,,03,,,,,,
5452000488367,ART004779,DUNLOP,REIFEN,03.csv,,235,,17,99,V,,,03,,,,,,
5452000488374,ART006432,GOODYEAR,REIFEN,03.csv,,225,,17,97,Y,,,03,,,,,,
5452000488411,ART006345,DUNLOP,REIFEN,03.csv,,225,,17,97,H,,,03,,,,,,
5452000488534,ART005567,GOODYEAR,REIFEN,03.csv,,215,,17,95,V,,,03,,,,,,
5452000496744,ART006467,DUNLOP,REIFEN,03.csv,,215,,17,91,Y,,,03,,,,,,
5452000496768,ART006469,DUNLOP,REIFEN,03.csv,,215,,17,98,W,,,03,,,,,,
5452000496775,ART006470,DUNLOP,REIFEN,03.csv,,225,,19,88,Y,,,03,,,,,,
5452000496782,ART006471,DUNLOP,REIFEN,03.csv,,225,,18,92,Y,,,03,,,,,,
5452000496928,ART006472,DUNLOP,REIFEN,03.csv,,225,,18,95,Y,,,03,,,,,,
5452000496935,ART006473,DUNLOP,REIFEN,03.csv,,225,,17,94,Y,,,03,,,,,,
5452000497055,ART006478,DUNLOP,REIFEN,03.csv,,245,,19,93,Y,,,03,,,,,,
5452000497093,ART006480,DUNLOP,REIFEN,03.csv,,245,,18,97,Y,,,03,,,,,,
5452000497109,ART006481,DUNLOP,REIFEN,03.csv,,245,,19,98,Y,,,03,,,,,,
5452000497147,ART006485,DUNLOP,REIFEN,03.csv,,245,,19,102,Y,,,03,,,,,,
5452000497178,ART006487,DUNLOP,REIFEN,03.csv,,255,,20,92,Y,,,03,,,,,,
5452000497185,ART006488,DUNLOP,REIFEN,03.csv,,255,,18,94,Y,,,03,,,,,,
5452000497345,ART006494,DUNLOP,REIFEN,03.csv,,265,,18,97,Y,,,03,,,,,,
5452000538031,ART005570,GOODYEAR,REIFEN,03.csv,,205,,16,94,H,,,03,,,,,,
5452000538055,ART005572,GOODYEAR,REIFEN,03.csv,,235,,17,103,H,,,03,,,,,,
5452000549457,ART005574,GOODYEAR,REIFEN,03.csv,,235,,19,99,V,,,03,,,,,,
5452000549471,ART005575,GOODYEAR,REIFEN,03.csv,,195,,16,87,H,,,03,,,,,,
5452000549488,ART005576,GOODYEAR,REIFEN,03.csv,,205,,16,91,V,,,03,,,,,,
5452000549495,ART006438,GOODYEAR,REIFEN,03.csv,,225,,17,91,V,,,03,,,,,,
5452000573452,ART005328,DUNLOP,REIFEN,03.csv,,185,,15,88,T,,,03,,,,,,
5452000578457,ART006446,GOODYEAR,REIFEN,03.csv,,215,,17,94,V,,,03,,,,,,
5452000578471,ART006448,GOODYEAR,REIFEN,03.csv,,215,,16,95,V,,,03,,,,,,
5452000586841,ART007327,FULDA,REIFEN,03.csv,,155,,14,75,T,,,03,,,,,,
5452000586872,ART007330,FULDA,REIFEN,03.csv,,165,,14,81,T,,,03,,,,,,
5452000586889,ART007331,FULDA,REIFEN,03.csv,,175,,14,82,T,,,03,,,,,,
5452000586919,ART007334,FULDA,REIFEN,03.csv,,185,,14,82,H,,,03,,,,,,
5452000586940,ART007337,FULDA,REIFEN,03.csv,,195,,15,82,H,,,03,,,,,,
5452000586964,ART007339,FULDA,REIFEN,03.csv,,195,,15,88,H,,,03,,,,,,
5452000587008,ART007342,FULDA,REIFEN,03.csv,,215,,16,97,V,,,03,,,,,,
5452000587244,ART007288,DEBICA,REIFEN,03.csv,,215,,17,98,V,,,03,,,,,,
5452000590091,ART008449,GOODYEAR,REIFEN,03.csv,,225,,17,97,V,,,03,,,,,,
5452000594570,ART031043,DUNLOP,REIFEN,03.csv,,215,,16,98,H,,,03,,,,,,
5452000654144,ART003065,GOODYEAR,REIFEN,03.csv,,185,,15,88,H,,,03,,,,,,
5452000654175,ART003080,GOODYEAR,REIFEN,03.csv,,195,,15,85,H,,,03,,,,,,
5452000655943,ART003029,DUNLOP,REIFEN,03.csv,,195,,15,91,V,,,03,,,,,,
5452000660046,ART005580,GOODYEAR,REIFEN,03.csv,,155,,14,75,T,,,03,,,,,,
5452000660060,ART005582,GOODYEAR,REIFEN,03.csv,,165,,14,75,H,,,03,,,,,,
5452000660091,ART005583,GOODYEAR,REIFEN,03.csv,,165,,13,79,T,,,03,,,,,,
5452000660114,ART005584,GOODYEAR,REIFEN,03.csv,,165,,14,81,T,,,03,,,,,,
5452000660121,ART005585,GOODYEAR,REIFEN,03.csv,,165,,14,85,T,,,03,,,,,,
5452000660183,ART005586,GOODYEAR,REIFEN,03.csv,,175,,15,84,T,,,03,,,,,,
5452000660190,ART005587,GOODYEAR,REIFEN,03.csv,,175,,13,82,T,,,03,,,,,,
5452000660206,ART005588,GOODYEAR,REIFEN,03.csv,,175,,14,84,T,,,03,,,,,,
5452000660220,ART005589,GOODYEAR,REIFEN,03.csv,,175,,14,88,T,,,03,,,,,,
5452000660312,ART005592,GOODYEAR,REIFEN,03.csv,,185,,14,88,T,,,03,,,,,,
5452000660343,ART005593,GOODYEAR,REIFEN,03.csv,,195,,15,85,H,,,03,,,,,,
5452000660992,ART003314,GOODYEAR,REIFEN,03.csv,,195,,16,89,H,,,03,,,,,,
5452000665829,ART008643,FULDA,REIFEN,03.csv,,185,,14,102,R,,,03,,,,,,
5452000667595,ART009622,GOODYEAR,REIFEN,03.csv,,265,,20,104,V,,,03,,,,,,
5452000667618,ART009620,GOODYEAR,REIFEN,03.csv,,255,,19,107,V,,,03,,,,,,
5452000667625,ART009621,GOODYEAR,REIFEN,03.csv,,255,,18,108,V,,,03,,,,,,
5452000670762,ART008371,GOODYEAR,REIFEN,03.csv,,195,,15,88,V,,,03,,,,,,
5452000670977,ART022865,FULDA,REIFEN,03.csv,,215,,16,113,R,,,03,,,,,,
5452000676016,ART010058,GOODYEAR,REIFEN,03.csv,,235,,18,107,V,,,03,,,,,,
5452000681058,ART013307,GOODYEAR,REIFEN,03.csv,,215,,16,106,T,,,03,,,,,,
5452000681102,ART013475,GOODYEAR,REIFEN,03.csv,,185,,14,102,R,,,03,,,,,,
5452000681195,ART013178,GOODYEAR,REIFEN,03.csv,,195,,16,107,S,,,03,,,,,,
5452000681218,ART012347,GOODYEAR,REIFEN,03.csv,,205,,16,107,T,,,03,,,,,,
5452000681232,ART013310,GOODYEAR,REIFEN,03.csv,,205,,16,110,R,,,03,,,,,,
5452000681638,ART016928,GOODYEAR,REIFEN,03.csv,,205,,16,96,W,,,03,,,,,,
5452000681881,ART016929,GOODYEAR,REIFEN,03.csv,,195,,16,87,H,,,03,,,,,,
5452000681898,ART016930,GOODYEAR,REIFEN,03.csv,,195,,16,87,V,,,03,,,,,,
5452000682253,ART016935,GOODYEAR,REIFEN,03.csv,,195,,15,91,H,,,03,,,,,,
5452000682260,ART016936,GOODYEAR,REIFEN,03.csv,,195,,15,91,V,,,03,,,,,,
5452000682291,ART016937,GOODYEAR,REIFEN,03.csv,,205,,16,91,V,,,03,,,,,,
5452000682611,ART016943,GOODYEAR,REIFEN,03.csv,,225,,17,94,W,,,03,,,,,,
5452000682635,ART016944,GOODYEAR,REIFEN,03.csv,,225,,16,92,Y,,,03,,,,,,
5452000682659,ART016946,GOODYEAR,REIFEN,03.csv,,225,,17,98,V,,,03,,,,,,
5452000682666,ART016947,GOODYEAR,REIFEN,03.csv,,225,,17,98,W,,,03,,,,,,
5452000683236,ART017019,FULDA,REIFEN,03.csv,,205,,16,94,V,,,03,,,,,,
5452000683274,ART017020,FULDA,REIFEN,03.csv,,205,,16,92,H,,,03,,,,,,
5452000683434,ART012191,FULDA,REIFEN,03.csv,,185,,15,88,H,,,03,,,,,,
5452000683519,ART017021,FULDA,REIFEN,03.csv,,195,,15,91,H,,,03,,,,,,
5452000683526,ART017022,FULDA,REIFEN,03.csv,,195,,15,91,V,,,03,,,,,,
5452000683533,ART017023,FULDA,REIFEN,03.csv,,195,,15,95,H,,,03,,,,,,
5452000684035,ART017025,FULDA,REIFEN,03.csv,,215,,16,97,Y,,,03,,,,,,
5452000684066,ART017027,FULDA,REIFEN,03.csv,,215,,16,98,V,,,03,,,,,,
5452000684080,ART017029,FULDA,REIFEN,03.csv,,205,,16,92,V,,,03,,,,,,
5452000684134,ART017031,FULDA,REIFEN,03.csv,,215,,16,93,V,,,03,,,,,,
5452000686510,ART008484,GOODYEAR,REIFEN,03.csv,,185,,16,83,V,,,03,,,,,,
5452000686558,ART016949,GOODYEAR,REIFEN,03.csv,,205,,16,87,W,,,03,,,,,,
5452000686565,ART016950,GOODYEAR,REIFEN,03.csv,,205,,16,91,Y,,,03,,,,,,
5452000686701,ART009131,GOODYEAR,REIFEN,03.csv,,165,,15,81,T,,,03,,,,,,
5452000703729,ART007806,DUNLOP,REIFEN,03.csv,,215,,16,97,H,,,03,,,,,,
5452000703941,ART011738,DUNLOP,REIFEN,03.csv,,235,,19,101,Y,,,03,,,,,,
5452000709271,ART012351,GOODYEAR,REIFEN,03.csv,,235,,18,100,V,,,03,,,,,,
5452000711922,ART008486,GOODYEAR,REIFEN,03.csv,,175,,15,84,H,,,03,,,,,,
5452000714152,ART012355,GOODYEAR,REIFEN,03.csv,,235,,20,104,W,,,03,,,,,,
5452000718105,ART012356,GOODYEAR,REIFEN,03.csv,,245,,20,95,V,,,03,,,,,,
5452000718563,ART012933,GOODYEAR,REIFEN,03.csv,,245,,20,95,Y,,,03,,,,,,
5452000723994,ART012669,GOODYEAR,REIFEN,03.csv,,255,,19,96,Y,,,03,,,,,,
5452000725349,ART011751,GOODYEAR,REIFEN,03.csv,,295,,22,108,Y,,,03,,,,,,
5452000726407,ART018772,GOODYEAR,REIFEN,03.csv,,205,,16,94,V,,,03,,,,,,
5452000726421,ART018773,GOODYEAR,REIFEN,03.csv,,225,,17,94,W,,,03,,,,,,
5452000726438,ART019125,GOODYEAR,REIFEN,03.csv,,195,,15,92,V,,,03,,,,,,
5452000726483,ART018928,GOODYEAR,REIFEN,03.csv,,235,,18,104,V,,,03,,,,,,
5452000726513,ART018930,GOODYEAR,REIFEN,03.csv,,215,,16,99,V,,,03,,,,,,
5452000726766,ART018776,GOODYEAR,REIFEN,03.csv,,185,,15,92,T,,,03,,,,,,
5452000726773,ART018777,GOODYEAR,REIFEN,03.csv,,185,,14,86,H,,,03,,,,,,
5452000726827,ART018778,GOODYEAR,REIFEN,03.csv,,205,,16,96,V,,,03,,,,,,
5452000726841,ART018779,GOODYEAR,REIFEN,03.csv,,215,,17,100,V,,,03,,,,,,
5452000726858,ART018931,GOODYEAR,REIFEN,03.csv,,195,,16,91,V,,,03,,,,,,
5452000726889,ART018780,GOODYEAR,REIFEN,03.csv,,185,,15,92,V,,,03,,,,,,
5452000726896,ART018781,GOODYEAR,REIFEN,03.csv,,195,,16,93,V,,,03,,,,,,
5452000726902,ART018782,GOODYEAR,REIFEN,03.csv,,205,,16,91,V,,,03,,,,,,
5452000726919,ART018932,GOODYEAR,REIFEN,03.csv,,215,,18,92,W,,,03,,,,,,
5452000726926,ART018933,GOODYEAR,REIFEN,03.csv,,215,,17,99,V,,,03,,,,,,
5452000726933,ART018934,GOODYEAR,REIFEN,03.csv,,235,,17,108,W,,,03,,,,,,
5452000726940,ART018935,GOODYEAR,REIFEN,03.csv,,215,,16,102,V,,,03,,,,,,
5452000727053,ART020826,GOODYEAR,REIFEN,03.csv,,205,,17,93,W,,,03,,,,,,
5452000727084,ART018784,GOODYEAR,REIFEN,03.csv,,185,,14,86,H,,,03,,,,,,
5452000727114,ART018785,GOODYEAR,REIFEN,03.csv,,215,,17,98,W,,,03,,,,,,
5452000727138,ART018937,GOODYEAR,REIFEN,03.csv,,215,,16,97,V,,,03,,,,,,
5452000727169,ART018787,GOODYEAR,REIFEN,03.csv,,225,,16,99,W,,,03,,,,,,
5452000727183,ART018940,GOODYEAR,REIFEN,03.csv,,205,,15,95,V,,,03,,,,,,
5452000727398,ART018988,FULDA,REIFEN,03.csv,,255,,20,105,W,,,03,,,,,,
5452000731920,ART011755,GOODYEAR,REIFEN,03.csv,,225,,18,95,V,,,03,,,,,,
5452000732156,ART018789,GOODYEAR,REIFEN,03.csv,,205,,17,88,W,,,03,,,,,,
5452000732170,ART018790,GOODYEAR,REIFEN,03.csv,,215,,17,91,W,,,03,,,,,,
5452000732187,ART018942,GOODYEAR,REIFEN,03.csv,,225,,18,95,W,,,03,,,,,,
5452000732224,ART010159,FULDA,REIFEN,03.csv,,195,,15,91,H,,,03,,,,,,
5452000733870,ART018943,GOODYEAR,REIFEN,03.csv,,235,,19,105,W,,,03,,,,,,
5452000734655,ART010067,DUNLOP,REIFEN,03.csv,,225,,17,97,H,,,03,,,,,,
5452000736895,ART010070,DUNLOP,REIFEN,03.csv,,215,,16,97,W,,,03,,,,,,
5452000738356,ART010062,GOODYEAR,REIFEN,03.csv,,195,,15,82,H,,,03,,,,,,
5452000738363,ART010063,GOODYEAR,REIFEN,03.csv,,195,,15,82,V,,,03,,,,,,
5452000738370,ART010073,DUNLOP,REIFEN,03.csv,,195,,15,82,V,,,03,,,,,,
5452000739858,ART031516,GOODYEAR,REIFEN,03.csv,,185,,15,84,H,,,03,,,,,,
5452000740427,ART014173,GOODYEAR,REIFEN,03.csv,,195,,16,87,H,,,03,,,,,,
5452000744258,ART015712,GOODYEAR,REIFEN,03.csv,,245,,20,103,V,,,03,,,,,,
5452000746023,ART012195,FULDA,REIFEN,03.csv,,195,,16,84,V,,,03,,,,,,
5452000746047,ART017035,FULDA,REIFEN,03.csv,,205,,16,96,V,,,03,,,,,,
5452000747662,ART017037,FULDA,REIFEN,03.csv,,225,,16,99,Y,,,03,,,,,,
5452000748195,ART014844,GOODYEAR,REIFEN,03.csv,,225,,19,96,W,,,03,,,,,,
5452000801616,ART016951,GOODYEAR,REIFEN,03.csv,,205,,16,96,V,,,03,,,,,,
5452000801647,ART016954,GOODYEAR,REIFEN,03.csv,,215,,16,98,V,,,03,,,,,,
5452000802033,ART016956,GOODYEAR,REIFEN,03.csv,,195,,15,95,H,,,03,,,,,,
5452000802354,ART013296,GOODYEAR,REIFEN,03.csv,,165,,15,81,T,,,03,,,,,,
5452000807090,ART013482,GOODYEAR,REIFEN,03.csv,,235,,18,95,Y,,,03,,,,,,
5452000813008,ART012678,GOODYEAR,REIFEN,03.csv,,215,,16,99,V,,,03,,,,,,
5452000815163,ART012196,FULDA,REIFEN,03.csv,,185,,15,82,H,,,03,,,,,,
5452000815965,ART015271,GOODYEAR,REIFEN,03.csv,,175,,14,84,T,,,03,,,,,,
5452000816429,ART015295,GOODYEAR,REIFEN,03.csv,,175,,14,90,T,,,03,,,,,,
5452000817891,ART016147,GOODYEAR,REIFEN,03.csv,,275,,18,103,Y,,,03,,,,,,
5452000822543,ART013319,GOODYEAR,REIFEN,03.csv,,225,,16,102,W,,,03,,,,,,
5452000822666,ART013321,GOODYEAR,REIFEN,03.csv,,265,,18,116,H,,,03,,,,,,
5452000826084,ART014846,GOODYEAR,REIFEN,03.csv,,175,,14,86,T,,,03,,,,,,
5452000827050,ART015521,GOODYEAR,REIFEN,03.csv,,245,,19,98,Y,,,03,,,,,,
5452000827081,ART013323,GOODYEAR,REIFEN,03.csv,,235,,17,96,Y,,,03,,,,,,
5452000828521,ART015299,GOODYEAR,REIFEN,03.csv,,265,,20,94,Y,,,03,,,,,,
5452000829238,ART018794,GOODYEAR,REIFEN,03.csv,,225,,18,102,W,,,03,,,,,,
5452000829245,ART015509,GOODYEAR,REIFEN,03.csv,,225,,19,96,W,,,03,,,,,,
5452000829252,ART014486,FULDA,REIFEN,03.csv,,195,,16,88,V,,,03,,,,,,
5452000829726,ART015310,GOODYEAR,REIFEN,03.csv,,195,,20,95,H,,,03,,,,,,
5452000829771,ART015315,GOODYEAR,REIFEN,03.csv,,195,,16,88,H,,,03,,,,,,
5452000830036,ART016978,GOODYEAR,REIFEN,03.csv,,245,,17,99,V,,,03,,,,,,
5452000830319,ART016981,GOODYEAR,REIFEN,03.csv,,225,,18,95,V,,,03,,,,,,
5452000830326,ART015342,GOODYEAR,REIFEN,03.csv,,225,,19,96,V,,,03,,,,,,
5452000830371,ART016983,GOODYEAR,REIFEN,03.csv,,225,,18,99,V,,,03,,,,,,
5452000830609,ART013292,DUNLOP,REIFEN,03.csv,,235,,17,99,V,,,03,,,,,,
5452000831699,ART016988,GOODYEAR,REIFEN,03.csv,,205,,18,86,W,,,03,,,,,,
5452000831705,ART015351,GOODYEAR,REIFEN,03.csv,,205,,19,94,V,,,03,,,,,,
5452000831828,ART016989,GOODYEAR,REIFEN,03.csv,,245,,21,104,V,,,03,,,,,,
5452000832177,ART031545,GOODYEAR,REIFEN,03.csv,,265,,16,112,T,,,03,,,,,,
5452000832306,ART015235,DUNLOP,REIFEN,03.csv,,205,,16,91,T,,,03,,,,,,
5452000832856,ART014616,DUNLOP,REIFEN,03.csv,,205,,16,96,H,,,03,,,,,,
5452000833013,ART014621,DUNLOP,REIFEN,03.csv,,225,,17,91,H,,,03,,,,,,
5452000833150,ART015247,DUNLOP,REIFEN,03.csv,,235,,18,98,V,,,03,,,,,,
5452000833174,ART015249,DUNLOP,REIFEN,03.csv,,235,,17,99,V,,,03,,,,,,
5452000833259,ART016897,DUNLOP,REIFEN,03.csv,,265,,20,108,V,,,03,,,,,,
5452000833464,ART014164,GOODYEAR,REIFEN,03.csv,,275,,20,97,Y,,,03,,,,,,
5452000834904,ART014625,DUNLOP,REIFEN,03.csv,,175,,15,84,T,,,03,,,,,,
5452000835024,ART014627,DUNLOP,REIFEN,03.csv,,195,,15,82,H,,,03,,,,,,
5452000836700,ART014453,DUNLOP,REIFEN,03.csv,,195,,15,88,H,,,03,,,,,,
5707562128481,ART002149,KENDA,REIFEN,03.csv,,9.50,,8,30,F,,,03,,,,,,
5707562129099,ART001601,KENDA,REIFEN,03.csv,,8.50,,12,,,,,03,,,,,,
5707562129129,ART001336,KENDA,REIFEN,03.csv,,9.50,,12,,,,,03,,,,,,
5707562129181,ART002170,KENDA,REIFEN,03.csv,,8.00,,12,35,F,,,03,,,,,,
5707562132983,ART002411,KENDA,REIFEN,03.csv,,4.50,,5,,,,,03,,,,,,
5707562152172,ART008023,KENDA,REIFEN,03.csv,,2.25,,8,,,,,03,,,,,,
5707562265643,ART002158,KENDA,REIFEN,03.csv,,12.00,,9,,,,,03,,,,,,
5707562265667,ART001528,KENDA,REIFEN,03.csv,,14.00,,12,,,,,03,,,,,,
5707562269153,ART001711,KENDA,REIFEN,03.csv,,12.50,,16.5,,,,,03,,,,,,
5707562289533,ART006005,Starco,REIFEN,03.csv,,3.00,,4,61,A5,,,03,,,,,,
5707562292816,ART002556,KENDA,REIFEN,03.csv,,10.00,,10,62F,,,,03,,,,,,
5707562329666,ART007936,KENDA,REIFEN,03.csv,,4.00,,4,,,,,03,,,,,,
5707562330402,ART008166,KENDA,REIFEN,03.csv,,9.50,,8,,,,,03,,,,,,
5707562332024,ART008046,CHENG SHIN (Maxxis),REIFEN,03.csv,,4.00,,9,,,,,03,,,,,,
5999110805290,ART019585,Carlisle,REIFEN,03.csv,,275,,8,61,F,,,03,,,,,,
5999110830865,ART018384,Carlisle,REIFEN,03.csv,,5.00,,4,38,A4,,,03,,,,,,
6419440425740,ART020374,NOKIAN,REIFEN,03.csv,,185,,15,88,H,,,03,,,,,,
6419440425948,ART021352,NOKIAN,REIFEN,03.csv,,175,,15,84,H,,,03,,,,,,
6419440464220,ART022898,NOKIAN,REIFEN,03.csv,,195,,16,99,H,,,03,,,,,,
6419440567259,ART037619,NOKIAN,REIFEN,03.csv,,215,,17,100,V,,,03,,,,,,
6419440567389,ART037632,NOKIAN,REIFEN,03.csv,,225,,18,104,H,,,03,,,,,,
6419440594323,ART043477,NOKIAN,REIFEN,03.csv,,205,,16,96,H,,,03,,,,,,
6419440594354,ART043513,NOKIAN,REIFEN,03.csv,,245,,17,99,W,,,03,,,,,,
6419440594361,ART043485,NOKIAN,REIFEN,03.csv,,215,,16,99,V,,,03,,,,,,
6419440594378,ART043462,NOKIAN,REIFEN,03.csv,,195,,15,82,V,,,03,,,,,,
6419440594385,ART043471,NOKIAN,REIFEN,03.csv,,205,,17,93,W,,,03,,,,,,
6419440594415,ART043469,NOKIAN,REIFEN,03.csv,,195,,15,95,V,,,03,,,,,,
6419440594460,ART043455,NOKIAN,REIFEN,03.csv,,165,,15,81,T,,,03,,,,,,
6419440594477,ART043497,NOKIAN,REIFEN,03.csv,,225,,18,102,V,,,03,,,,,,
6419440594552,ART043465,NOKIAN,REIFEN,03.csv,,195,,16,91,V,,,03,,,,,,
6419440594576,ART043512,NOKIAN,REIFEN,03.csv,,245,,18,97,W,,,03,,,,,,
6419440594606,ART043491,NOKIAN,REIFEN,03.csv,,225,,17,94,V,,,03,,,,,,
6419440594613,ART043457,NOKIAN,REIFEN,03.csv,,185,,15,86,H,,,03,,,,,,
6419440594675,ART043508,NOKIAN,REIFEN,03.csv,,235,,19,105,W,,,03,,,,,,
6419440594682,ART043516,NOKIAN,REIFEN,03.csv,,255,,19,107,W,,,03,,,,,,
6419440594699,ART043492,NOKIAN,REIFEN,03.csv,,225,,17,94,W,,,03,,,,,,
6419440594712,ART043502,NOKIAN,REIFEN,03.csv,,235,,18,98,Y,,,03,,,,,,
6419440594729,ART043466,NOKIAN,REIFEN,03.csv,,195,,15,88,H,,,03,,,,,,
6419440594736,ART043467,NOKIAN,REIFEN,03.csv,,195,,16,93,V,,,03,,,,,,
6419440594743,ART043514,NOKIAN,REIFEN,03.csv,,245,,18,100,Y,,,03,,,,,,
6419440594767,ART043488,NOKIAN,REIFEN,03.csv,,215,,17,103,V,,,03,,,,,,
6419440594774,ART043515,NOKIAN,REIFEN,03.csv,,255,,19,100,V,,,03,,,,,,
6419440594828,ART043489,NOKIAN,REIFEN,03.csv,,215,,16,100,H,,,03,,,,,,
6419440594835,ART043501,NOKIAN,REIFEN,03.csv,,235,,17,97,Y,,,03,,,,,,
6419440594842,ART043460,NOKIAN,REIFEN,03.csv,,185,,15,88,H,,,03,,,,,,
6419440594903,ART043483,NOKIAN,REIFEN,03.csv,,215,,17,98,W,,,03,,,,,,
6419440594910,ART043454,NOKIAN,REIFEN,03.csv,,165,,15,77,H,,,03,,,,,,
6419440636641,ART056242,NOKIAN,REIFEN,03.csv,,165,,14,79,T,,,03,,,,,,
6419440636658,ART056275,NOKIAN,REIFEN,03.csv,,165,,14,81,T,,,03,,,,,,
6419440636665,ART056262,NOKIAN,REIFEN,03.csv,,175,,14,86,H,,,03,,,,,,
6419440636672,ART056265,NOKIAN,REIFEN,03.csv,,185,,14,82,H,,,03,,,,,,
6921109063137,ART037675,NOKIAN,REIFEN,03.csv,,185,,15,82,T,,,03,,,,,,
6921109063168,ART037678,NOKIAN,REIFEN,03.csv,,195,,16,91,H,,,03,,,,,,
6921109063311,ART037691,NOKIAN,REIFEN,03.csv,,245,,18,104,V,,,03,,,,,,
6921109064004,ART028888,NOKIAN,REIFEN,03.csv,,185,,15,88,T,,,03,,,,,,
6921109064028,ART037696,NOKIAN,REIFEN,03.csv,,195,,15,91,T,,,03,,,,,,
6921109066657,ART037717,NOKIAN,REIFEN,03.csv,,195,,15,85,H,,,03,,,,,,
6927116147037,ART009018,GOODRIDE,REIFEN,03.csv,,205,,14,109,R,,,03,,,,,,
6927116148164,ART015979,GOODRIDE,REIFEN,03.csv,,155,,13,73,T,,,03,,,,,,
6927116184698,ART014022,GOODRIDE,REIFEN,03.csv,,175,,16,98,Q,,,03,,,,,,
6932877100887,ART012188,GT RADIAL,REIFEN,03.csv,,245,,18,97,V,,,03,,,,,,
6932877100948,ART010353,GT RADIAL,REIFEN,03.csv,,235,,17,97,V,,,03,,,,,,
6932877105707,ART010364,GT RADIAL,REIFEN,03.csv,,195,,15,85,H,,,03,,,,,,
6932877106742,ART012145,GT RADIAL,REIFEN,03.csv,,165,,14,89,R,,,03,,,,,,
6932877106940,ART010303,GT RADIAL,REIFEN,03.csv,,185,,16,104,R,,,03,,,,,,
6932877116772,ART038411,GT RADIAL,REIFEN,03.csv,,185,,16,87,V,,,03,,,,,,
6932877124791,ART038462,GT RADIAL,REIFEN,03.csv,,215,,16,108,T,,,03,,,,,,
6932877132420,ART040555,GT RADIAL,REIFEN,03.csv,,215,,16,103,T,,,03,,,,,,
6932877135650,ART040557,GT RADIAL,REIFEN,03.csv,,245,,18,92,Y,,,03,,,,,,
6932877135902,ART029200,GT RADIAL,REIFEN,03.csv,,215,,15,104,T,,,03,,,,,,
6932877136374,ART029164,GT RADIAL,REIFEN,03.csv,,185,,14,86,T,,,03,,,,,,
6932877136404,ART029158,GT RADIAL,REIFEN,03.csv,,195,,15,88,T,,,03,,,,,,
6932877136428,ART029145,GT RADIAL,REIFEN,03.csv,,215,,16,93,H,,,03,,,,,,
6932877136558,ART029136,GT RADIAL,REIFEN,03.csv,,215,,17,95,V,,,03,,,,,,
6932877137159,ART040546,GT RADIAL,REIFEN,03.csv,,225,,18,92,Y,,,03,,,,,,
6932877137173,ART040540,GT RADIAL,REIFEN,03.csv,,215,,17,95,W,,,03,,,,,,
6932877137463,ART040535,GT RADIAL,REIFEN,03.csv,,165,,14,79,T,,,03,,,,,,
6932877140913,ART042738,GT RADIAL,REIFEN,03.csv,,215,,15,104,T,,,03,,,,,,
6932877141125,ART069293,GT RADIAL,REIFEN,03.csv,,185,,14,86,H,,,03,,,,,,
6932877141132,ART076697,GT RADIAL,REIFEN,03.csv,,185,,14,88,H,,,03,,,,,,
6932877141149,ART069332,GT RADIAL,REIFEN,03.csv,,165,,15,85,T,,,03,,,,,,
6932877141163,ART069314,GT RADIAL,REIFEN,03.csv,,235,,18,97,V,,,03,,,,,,
6932877141187,ART071687,GT RADIAL,REIFEN,03.csv,,185,,15,88,T,,,03,,,,,,
6932877141200,ART069436,GT RADIAL,REIFEN,03.csv,,205,,16,91,H,,,03,,,,,,
6932877141217,ART069220,GT RADIAL,REIFEN,03.csv,,225,,16,112,T,,,03,,,,,,
6932877141255,ART069529,GT RADIAL,REIFEN,03.csv,,225,,16,121,R,,,03,,,,,,
6932877141354,ART076698,GT RADIAL,REIFEN,03.csv,,155,,13,90,Q,,,03,,,,,,
6932877141507,ART069477,GT RADIAL,REIFEN,03.csv,,195,,14,106,R,,,03,,,,,,
6932877141705,ART069345,GT RADIAL,REIFEN,03.csv,,165,,13,80,N,,,03,,,,,,
6932877141781,ART069521,GT RADIAL,REIFEN,03.csv,,165,,14,83,T,,,03,,,,,,
6932877141798,ART069645,GT RADIAL,REIFEN,03.csv,,185,,15,88,H,,,03,,,,,,
6932877141804,ART069412,GT RADIAL,REIFEN,03.csv,,215,,16,98,H,,,03,,,,,,
6932877141842,ART069226,GT RADIAL,REIFEN,03.csv,,205,,16,107,T,,,03,,,,,,
6932877141859,ART069250,GT RADIAL,REIFEN,03.csv,,225,,16,112,R,,,03,,,,,,
6932877141903,ART069400,GT RADIAL,REIFEN,03.csv,,185,,15,92,T,,,03,,,,,,
6932877142092,ART071672,GT RADIAL,REIFEN,03.csv,,185,,16,87,V,,,03,,,,,,
6932877142108,ART069661,GT RADIAL,REIFEN,03.csv,,175,,15,81,T,,,03,,,,,,
6932877142122,ART069427,GT RADIAL,REIFEN,03.csv,,215,,16,103,H,,,03,,,,,,
6932877142153,ART069275,GT RADIAL,REIFEN,03.csv,,235,,16,121,R,,,03,,,,,,
6932877142283,ART069286,GT RADIAL,REIFEN,03.csv,,235,,19,103,V,,,03,,,,,,
6932877142320,ART069373,GT RADIAL,REIFEN,03.csv,,235,,18,101,Y,,,03,,,,,,
6932877142344,ART069197,GT RADIAL,REIFEN,03.csv,,155,,13,84,N,,,03,,,,,,
6932877142351,ART069468,GT RADIAL,REIFEN,03.csv,,185,,14,93,N,,,03,,,,,,
6932877142399,ART069674,GT RADIAL,REIFEN,03.csv,,165,,13,94,R,,,03,,,,,,
6932877142429,ART069262,GT RADIAL,REIFEN,03.csv,,205,,16,91,V,,,03,,,,,,
6932877142467,ART069647,GT RADIAL,REIFEN,03.csv,,215,,16,109,T,,,03,,,,,,
6932877142627,ART069348,GT RADIAL,REIFEN,03.csv,,255,,18,112,V,,,03,,,,,,
6932877142641,ART069499,GT RADIAL,REIFEN,03.csv,,275,,21,110,Y,,,03,,,,,,
6932877142825,ART069445,GT RADIAL,REIFEN,03.csv,,155,,15,78,T,,,03,,,,,,
6932877142832,ART069316,GT RADIAL,REIFEN,03.csv,,185,,15,88,H,,,03,,,,,,
6932877142863,ART069238,GT RADIAL,REIFEN,03.csv,,185,,14,102,R,,,03,,,,,,
6932877142894,ART069246,GT RADIAL,REIFEN,03.csv,,215,,16,116,R,,,03,,,,,,
6932877143037,ART069461,GT RADIAL,REIFEN,03.csv,,165,,13,96,N,,,03,,,,,,
6932877143112,ART069384,GT RADIAL,REIFEN,03.csv,,165,,13,83,T,,,03,,,,,,
6932877143129,ART069315,GT RADIAL,REIFEN,03.csv,,195,,14,91,H,,,03,,,,,,
6932877143266,ART069658,GT RADIAL,REIFEN,03.csv,,205,,16,94,V,,,03,,,,,,
6932877143327,ART069655,GT RADIAL,REIFEN,03.csv,,275,,22,107,Y,,,03,,,,,,
6932877143341,ART069638,GT RADIAL,REIFEN,03.csv,,215,,18,92,W,,,03,,,,,,
6932877143433,ART069486,GT RADIAL,REIFEN,03.csv,,215,,17,96,H,,,03,,,,,,
6932877143440,ART069649,GT RADIAL,REIFEN,03.csv,,235,,17,99,V,,,03,,,,,,
6932877143464,ART069438,GT RADIAL,REIFEN,03.csv,,235,,16,121,R,,,03,,,,,,
6932877143488,ART069413,GT RADIAL,REIFEN,03.csv,,215,,15,109,S,,,03,,,,,,
6932877143600,ART069510,GT RADIAL,REIFEN,03.csv,,245,,18,92,Y,,,03,,,,,,
6932877143617,ART069406,GT RADIAL,REIFEN,03.csv,,255,,20,109,Y,,,03,,,,,,
6932877143686,ART069637,GT RADIAL,REIFEN,03.csv,,185,,13,93,N,,,03,,,,,,
6932877145963,ART069338,GT RADIAL,REIFEN,03.csv,,215,,16,108,T,,,03,,,,,,
6932877145970,ART071691,GT RADIAL,REIFEN,03.csv,,225,,15,112,R,,,03,,,,,,
6932877145987,ART069386,GT RADIAL,REIFEN,03.csv,,215,,17,109,T,,,03,,,,,,
6932877145994,ART069252,GT RADIAL,REIFEN,03.csv,,235,,17,117,R,,,03,,,,,,
6932877146007,ART069652,GT RADIAL,REIFEN,03.csv,,215,,15,104,T,,,03,,,,,,
6932877146014,ART069308,GT RADIAL,REIFEN,03.csv,,205,,14,109,P,,,03,,,,,,
6932877146021,ART069382,GT RADIAL,REIFEN,03.csv,,195,,15,104,R,,,03,,,,,,
6932877146038,ART076709,GT RADIAL,REIFEN,03.csv,,205,,16,107,T,,,03,,,,,,
6932877146915,ART069213,GT RADIAL,REIFEN,03.csv,,6,,16,108,N,,,03,,,,,,
6932877146939,ART069479,GT RADIAL,REIFEN,03.csv,,205,,16,94,V,,,03,,,,,,
6932877146946,ART069217,GT RADIAL,REIFEN,03.csv,,225,,17,98,W,,,03,,,,,,
6932877146984,ART071675,GT RADIAL,REIFEN,03.csv,,215,,16,103,T,,,03,,,,,,
6932877146991,ART069200,GT RADIAL,REIFEN,03.csv,,215,,17,109,T,,,03,,,,,,
6932877147004,ART076712,GT RADIAL,REIFEN,03.csv,,225,,17,109,T,,,03,,,,,,
6932877147172,ART069307,GT RADIAL,REIFEN,03.csv,,215,,15,104,T,,,03,,,,,,
6932877147189,ART069298,GT RADIAL,REIFEN,03.csv,,225,,15,112,S,,,03,,,,,,
6932877147196,ART069525,GT RADIAL,REIFEN,03.csv,,195,,16,104,R,,,03,,,,,,
6932877147202,ART069303,GT RADIAL,REIFEN,03.csv,,195,,16,110,R,,,03,,,,,,
6932877147219,ART069327,GT RADIAL,REIFEN,03.csv,,205,,16,113,R,,,03,,,,,,
6932877147325,ART069435,GT RADIAL,REIFEN,03.csv,,175,,14,88,T,,,03,,,,,,
6932877148575,ART069347,GT RADIAL,REIFEN,03.csv,,155,,13,83,T,,,03,,,,,,
6932877148582,ART069498,GT RADIAL,REIFEN,03.csv,,215,,17,99,V,,,03,,,,,,
6932877148599,ART069366,GT RADIAL,REIFEN,03.csv,,235,,17,108,V,,,03,,,,,,
6932877148889,ART069372,GT RADIAL,REIFEN,03.csv,,155,,14,75,T,,,03,,,,,,
6932877148896,ART069433,GT RADIAL,REIFEN,03.csv,,165,,14,79,T,,,03,,,,,,
6932877148902,ART071681,GT RADIAL,REIFEN,03.csv,,215,,16,99,V,,,03,,,,,,
6932877148919,ART069371,GT RADIAL,REIFEN,03.csv,,205,,17,88,V,,,03,,,,,,
6932877148926,ART069474,GT RADIAL,REIFEN,03.csv,,215,,17,103,V,,,03,,,,,,
6932877148933,ART076713,GT RADIAL,REIFEN,03.csv,,215,,17,98,W,,,03,,,,,,
6932877148940,ART071677,GT RADIAL,REIFEN,03.csv,,215,,17,95,W,,,03,,,,,,
6932877148957,ART071665,GT RADIAL,REIFEN,03.csv,,225,,17,106,V,,,03,,,,,,
6932877148964,ART071670,GT RADIAL,REIFEN,03.csv,,235,,17,108,V,,,03,,,,,,
6932877148988,ART069679,GT RADIAL,REIFEN,03.csv,,235,,18,104,V,,,03,,,,,,
6932877148995,ART071684,GT RADIAL,REIFEN,03.csv,,225,,18,102,V,,,03,,,,,,
6932877149008,ART069408,GT RADIAL,REIFEN,03.csv,,225,,18,92,Y,,,03,,,,,,
6932877149602,ART069254,GT RADIAL,REIFEN,03.csv,,195,,12,104,N,,,03,,,,,,
6932877149619,ART069439,GT RADIAL,REIFEN,03.csv,,195,,14,104,N,,,03,,,,,,
6932877149626,ART069302,GT RADIAL,REIFEN,03.csv,,195,,15,104,N,,,03,,,,,,
6932877149640,ART076717,GT RADIAL,REIFEN,03.csv,,155,,13,91,N,,,03,,,,,,
6932877149657,ART069507,GT RADIAL,REIFEN,03.csv,,155,,12,104,N,,,03,,,,,,
6932877149664,ART069272,GT RADIAL,REIFEN,03.csv,,185,,12,104,N,,,03,,,,,,
6932877150448,ART069422,GT RADIAL,REIFEN,03.csv,,145,,12,86,N,,,03,,,,,,
6933882540910,ART001224,MAXXIS,REIFEN,03.csv,,2.50,,3,,,,,03,,,,,,
6933882540941,ART000832,MAXXIS,REIFEN,03.csv,,2.50,,4,,,,,03,,,,,,
6933882541245,ART026673,MAXXIS,REIFEN,03.csv,,4.00,,4,,,,,03,,,,,,
6933882542907,ART017131,CST ,REIFEN,03.csv,,14.00,,12,,,,,03,,,,,,
6933882553071,ART019399,MAXXIS,REIFEN,03.csv,,3.50,,4,,,,,03,,,,,,
6933882555273,ART026643,CST ,REIFEN,03.csv,,10x2.25,,,4PR,,,,03,,,,,,
6933882581272,ART012897,CST ,REIFEN,03.csv,,145,,12,86,N,,,03,,,,,,
6933882585706,ART026672,MAXXIS,REIFEN,03.csv,,2.50,,4,,,,,03,,,,,,
6933882587823,ART000374,CHENG SHIN (Maxxis),REIFEN,03.csv,,8.00,,10,98,M,,,03,,,,,,
6933882587830,ART000373,CHENG SHIN (Maxxis),REIFEN,03.csv,,10.00,,10,98,M,,,03,,,,,,
6935672458764,ART069227,GT RADIAL,REIFEN,03.csv,,175,,14,86,T,,,03,,,,,,
6935672459150,ART069243,GT RADIAL,REIFEN,03.csv,,195,,15,95,V,,,03,,,,,,
6935672459174,ART069634,GT RADIAL,REIFEN,03.csv,,185,,15,92,H,,,03,,,,,,
6935672459198,ART069346,GT RADIAL,REIFEN,03.csv,,185,,15,86,H,,,03,,,,,,
6935672459242,ART069279,GT RADIAL,REIFEN,03.csv,,185,,15,88,H,,,03,,,,,,
6935672459266,ART069228,GT RADIAL,REIFEN,03.csv,,205,,16,92,H,,,03,,,,,,
6935672459273,ART069463,GT RADIAL,REIFEN,03.csv,,165,,14,85,H,,,03,,,,,,
6935672459297,ART069516,GT RADIAL,REIFEN,03.csv,,185,,14,86,T,,,03,,,,,,
6935672459310,ART069440,GT RADIAL,REIFEN,03.csv,,215,,16,97,V,,,03,,,,,,
6935672459327,ART071676,GT RADIAL,REIFEN,03.csv,,225,,17,101,V,,,03,,,,,,
6935672459334,ART076720,GT RADIAL,REIFEN,03.csv,,175,,15,84,T,,,03,,,,,,
6935672459372,ART069324,GT RADIAL,REIFEN,03.csv,,225,,17,94,V,,,03,,,,,,
6935672459389,ART069334,GT RADIAL,REIFEN,03.csv,,195,,15,85,H,,,03,,,,,,
6935672459402,ART069396,GT RADIAL,REIFEN,03.csv,,215,,16,102,V,,,03,,,,,,
6935672459433,ART069452,GT RADIAL,REIFEN,03.csv,,215,,17,96,V,,,03,,,,,,
6935672459471,ART069475,GT RADIAL,REIFEN,03.csv,,195,,15,88,H,,,03,,,,,,
6935672459488,ART071663,GT RADIAL,REIFEN,03.csv,,235,,17,103,V,,,03,,,,,,
6935672469210,ART055386,GT RADIAL,REIFEN,03.csv,,195,,15,95,V,,,03,,,,,,
6935672469272,ART055388,GT RADIAL,REIFEN,03.csv,,195,,15,82,H,,,03,,,,,,
6935672469333,ART055368,GT RADIAL,REIFEN,03.csv,,205,,16,94,V,,,03,,,,,,
6935672469340,ART055374,GT RADIAL,REIFEN,03.csv,,205,,16,92,H,,,03,,,,,,
6935672469357,ART055389,GT RADIAL,REIFEN,03.csv,,165,,14,85,H,,,03,,,,,,
6935672469371,ART055370,GT RADIAL,REIFEN,03.csv,,185,,14,86,T,,,03,,,,,,
6935672469401,ART055384,GT RADIAL,REIFEN,03.csv,,225,,17,101,V,,,03,,,,,,
6935672469456,ART055379,GT RADIAL,REIFEN,03.csv,,225,,17,94,V,,,03,,,,,,
6935672469487,ART055369,GT RADIAL,REIFEN,03.csv,,215,,16,102,V,,,03,,,,,,
6935672469531,ART055373,GT RADIAL,REIFEN,03.csv,,225,,17,98,V,,,03,,,,,,
6935672469555,ART055375,GT RADIAL,REIFEN,03.csv,,195,,15,88,H,,,03,,,,,,
6938112616540,ART019358,GOODRIDE,REIFEN,03.csv,,225,,20,85,Y,,,03,,,,,,
6943829520974,ART069258,GT RADIAL,REIFEN,03.csv,,225,,18,99,W,,,03,,,,,,
6943829521032,ART069329,GT RADIAL,REIFEN,03.csv,,235,,19,96,Y,,,03,,,,,,
6943829521056,ART076721,GT RADIAL,REIFEN,03.csv,,175,,14,82,T,,,03,,,,,,
6943829521063,ART069369,GT RADIAL,REIFEN,03.csv,,195,,15,82,V,,,03,,,,,,
6943829521070,ART069289,GT RADIAL,REIFEN,03.csv,,195,,15,88,H,,,03,,,,,,
6943829521162,ART069349,GT RADIAL,REIFEN,03.csv,,245,,20,95,Y,,,03,,,,,,
6943829521414,ART069359,GT RADIAL,REIFEN,03.csv,,235,,19,91,Y,,,03,,,,,,
6943829521483,ART069648,GT RADIAL,REIFEN,03.csv,,255,,19,100,Y,,,03,,,,,,
6943829521506,ART069340,GT RADIAL,REIFEN,03.csv,,215,,15,109,S,,,03,,,,,,
6943829521803,ART069505,GT RADIAL,REIFEN,03.csv,,235,,19,105,W,,,03,,,,,,
6943829521810,ART069358,GT RADIAL,REIFEN,03.csv,,255,,20,105,W,,,03,,,,,,
6943829521827,ART069270,GT RADIAL,REIFEN,03.csv,,195,,16,84,V,,,03,,,,,,
6943829521834,ART069333,GT RADIAL,REIFEN,03.csv,,245,,19,98,Y,,,03,,,,,,
6943829521841,ART069294,GT RADIAL,REIFEN,03.csv,,255,,18,94,Y,,,03,,,,,,
6943829521865,ART069244,GT RADIAL,REIFEN,03.csv,,255,,18,103,W,,,03,,,,,,
6943829521872,ART069482,GT RADIAL,REIFEN,03.csv,,255,,19,107,Y,,,03,,,,,,
6943829521933,ART069431,GT RADIAL,REIFEN,03.csv,,195,,16,107,R,,,03,,,,,,
6943829522152,ART069277,GT RADIAL,REIFEN,03.csv,,195,,16,87,H,,,03,,,,,,
6943829522190,ART069434,GT RADIAL,REIFEN,03.csv,,235,,17,97,Y,,,03,,,,,,
6943829522268,ART069297,GT RADIAL,REIFEN,03.csv,,235,,18,98,Y,,,03,,,,,,
6943829522435,ART076723,GT RADIAL,REIFEN,03.csv,,195,,15,95,H,,,03,,,,,,
6943829522466,ART069528,GT RADIAL,REIFEN,03.csv,,245,,18,100,Y,,,03,,,,,,
6943829522480,ART069469,GT RADIAL,REIFEN,03.csv,,195,,15,88,V,,,03,,,,,,
6943829522763,ART069245,GT RADIAL,REIFEN,03.csv,,225,,17,94,Y,,,03,,,,,,
6943829522787,ART069276,GT RADIAL,REIFEN,03.csv,,245,,19,93,Y,,,03,,,,,,
6943829522794,ART069204,GT RADIAL,REIFEN,03.csv,,165,,14,81,T,,,03,,,,,,
6943829522817,ART069493,GT RADIAL,REIFEN,03.csv,,195,,15,91,V,,,03,,,,,,
6943829522824,ART071667,GT RADIAL,REIFEN,03.csv,,245,,17,99,W,,,03,,,,,,
6943829522831,ART069512,GT RADIAL,REIFEN,03.csv,,255,,18,109,Y,,,03,,,,,,
6943829523142,ART069273,GT RADIAL,REIFEN,03.csv,,275,,20,106,Y,,,03,,,,,,
6943829523159,ART069657,GT RADIAL,REIFEN,03.csv,,195,,15,91,H,,,03,,,,,,
6943829523166,ART069212,GT RADIAL,REIFEN,03.csv,,205,,16,92,H,,,03,,,,,,
6943829523173,ART069256,GT RADIAL,REIFEN,03.csv,,235,,19,99,Y,,,03,,,,,,
6943829523180,ART069323,GT RADIAL,REIFEN,03.csv,,255,,20,97,Y,,,03,,,,,,
6943829523197,ART076724,GT RADIAL,REIFEN,03.csv,,245,,18,97,Y,,,03,,,,,,
6943829523203,ART069259,GT RADIAL,REIFEN,03.csv,,255,,19,111,Y,,,03,,,,,,
6943829523326,ART082883,GT RADIAL,REIFEN,03.csv,,265,,18,97,Y,,,03,,,,,,
6943829523340,ART069281,GT RADIAL,REIFEN,03.csv,,205,,17,93,W,,,03,,,,,,
6943829523371,ART069527,GT RADIAL,REIFEN,03.csv,,205,,16,96,V,,,03,,,,,,
6943829523500,ART071679,GT RADIAL,REIFEN,03.csv,,245,,20,103,Y,,,03,,,,,,
6943829523524,ART069501,GT RADIAL,REIFEN,03.csv,,255,,19,96,Y,,,03,,,,,,
6943829523531,ART069532,GT RADIAL,REIFEN,03.csv,,265,,20,104,Y,,,03,,,,,,
6943829523548,ART069670,GT RADIAL,REIFEN,03.csv,,275,,19,105,Y,,,03,,,,,,
6943829523555,ART069202,GT RADIAL,REIFEN,03.csv,,275,,20,110,Y,,,03,,,,,,
6943829525825,ART069229,GT RADIAL,REIFEN,03.csv,,235,,18,107,W,,,03,,,,,,
6943829525979,ART069365,GT RADIAL,REIFEN,03.csv,,215,,17,95,W,,,03,,,,,,
6943829526112,ART069361,GT RADIAL,REIFEN,03.csv,,215,,18,99,V,,,03,,,,,,
6943829526174,ART069404,GT RADIAL,REIFEN,03.csv,,205,,15,91,V,,,03,,,,,,
6943829526181,ART069641,GT RADIAL,REIFEN,03.csv,,205,,15,94,V,,,03,,,,,,
6943829526198,ART069671,GT RADIAL,REIFEN,03.csv,,195,,16,88,V,,,03,,,,,,
6943829526723,ART069325,GT RADIAL,REIFEN,03.csv,,215,,16,109,T,,,03,,,,,,
6943829526747,ART069680,GT RADIAL,REIFEN,03.csv,,215,,16,116,R,,,03,,,,,,
6943829526778,ART069519,GT RADIAL,REIFEN,03.csv,,195,,16,104,T,,,03,,,,,,
6943829526785,ART069237,GT RADIAL,REIFEN,03.csv,,205,,15,106,R,,,03,,,,,,
6943829526808,ART076726,GT RADIAL,REIFEN,03.csv,,225,,16,121,R,,,03,,,,,,
6943829527478,ART069432,GT RADIAL,REIFEN,03.csv,,175,,15,84,T,,,03,,,,,,
6943829527492,ART069464,GT RADIAL,REIFEN,03.csv,,175,,15,88,H,,,03,,,,,,
6943829527560,ART069341,GT RADIAL,REIFEN,03.csv,,225,,18,100,V,,,03,,,,,,
6943829527584,ART069317,GT RADIAL,REIFEN,03.csv,,215,,16,99,V,,,03,,,,,,
6943829527706,ART069337,GT RADIAL,REIFEN,03.csv,,225,,18,92,Y,,,03,,,,,,
6943829527737,ART069514,GT RADIAL,REIFEN,03.csv,,225,,16,99,W,,,03,,,,,,
6943829527829,ART069682,GT RADIAL,REIFEN,03.csv,,295,,21,107,Y,,,03,,,,,,
6943829527867,ART069357,GT RADIAL,REIFEN,03.csv,,205,,16,87,W,,,03,,,,,,
6943829527973,ART038360,GT RADIAL,REIFEN,03.csv,,195,,16,88,V,,,03,,,,,,
6943829528178,ART082037,GT RADIAL,REIFEN,03.csv,,265,,21,105,Y,,,03,,,,,,
6943829528376,ART082041,GT RADIAL,REIFEN,03.csv,,255,,21,102,Y,,,03,,,,,,
6943829528390,ART082042,GT RADIAL,REIFEN,03.csv,,225,,19,103,V,,,03,,,,,,
6943829528437,ART082046,GT RADIAL,REIFEN,03.csv,,235,,20,100,V,,,03,,,,,,
6943829528451,ART082047,GT RADIAL,REIFEN,03.csv,,235,,20,102,W,,,03,,,,,,
6943829528468,ART082048,GT RADIAL,REIFEN,03.csv,,265,,21,108,W,,,03,,,,,,
6943829528536,ART069180,GT RADIAL,REIFEN,03.csv,,315,,20,110,W,,,03,,,,,,
6943829528581,ART069175,GT RADIAL,REIFEN,03.csv,,275,,20,102,Y,,,03,,,,,,
6943829528604,ART069186,GT RADIAL,REIFEN,03.csv,,245,,19,98,Y,,,03,,,,,,
6943829528611,ART069177,GT RADIAL,REIFEN,03.csv,,245,,20,99,Y,,,03,,,,,,
6943829528628,ART069182,GT RADIAL,REIFEN,03.csv,,245,,19,98,Y,,,03,,,,,,
6943829528659,ART069225,GT RADIAL,REIFEN,03.csv,,215,,17,87,W,,,03,,,,,,
6943829528666,ART069335,GT RADIAL,REIFEN,03.csv,,215,,16,90,V,,,03,,,,,,
6943829528727,ART069233,GT RADIAL,REIFEN,03.csv,,225,,19,88,Y,,,03,,,,,,
6943829528741,ART069390,GT RADIAL,REIFEN,03.csv,,235,,18,95,Y,,,03,,,,,,
6943829528840,ART069195,GT RADIAL,REIFEN,03.csv,,275,,18,99,Y,,,03,,,,,,
6943829528871,ART069193,GT RADIAL,REIFEN,03.csv,,245,,18,100,W,,,03,,,,,,
6943829528888,ART069417,GT RADIAL,REIFEN,03.csv,,245,,18,100,Y,,,03,,,,,,
6943829528901,ART069187,GT RADIAL,REIFEN,03.csv,,225,,18,95,W,,,03,,,,,,
6943829528918,ART069414,GT RADIAL,REIFEN,03.csv,,225,,18,95,W,,,03,,,,,,
6943829528932,ART069179,GT RADIAL,REIFEN,03.csv,,225,,18,92,W,,,03,,,,,,
6943829528949,ART069176,GT RADIAL,REIFEN,03.csv,,205,,17,88,W,,,03,,,,,,
6943829528956,ART069415,GT RADIAL,REIFEN,03.csv,,225,,17,98,W,,,03,,,,,,
6943829528963,ART069190,GT RADIAL,REIFEN,03.csv,,225,,17,97,W,,,03,,,,,,
6943829528970,ART069188,GT RADIAL,REIFEN,03.csv,,225,,17,91,W,,,03,,,,,,
6943829529052,ART069465,GT RADIAL,REIFEN,03.csv,,215,,17,91,Y,,,03,,,,,,
6943829529069,ART069215,GT RADIAL,REIFEN,03.csv,,225,,19,93,Y,,,03,,,,,,
6943829529205,ART069453,GT RADIAL,REIFEN,03.csv,,225,,19,96,Y,,,03,,,,,,
6943829529236,ART069389,GT RADIAL,REIFEN,03.csv,,205,,17,88,Y,,,03,,,,,,
6943829529397,ART069421,GT RADIAL,REIFEN,03.csv,,175,,14,99,N,,,03,,,,,,
6943829530010,ART069189,GT RADIAL,REIFEN,03.csv,,155,,14,79,T,,,03,,,,,,
6943829531604,ART069631,GT RADIAL,REIFEN,03.csv,,205,,17,95,W,,,03,,,,,,
6943829531628,ART069625,GT RADIAL,REIFEN,03.csv,,225,,17,101,Y,,,03,,,,,,
6943829531741,ART069628,GT RADIAL,REIFEN,03.csv,,185,,15,82,V,,,03,,,,,,
6943829531772,ART069174,GT RADIAL,REIFEN,03.csv,,225,,18,98,V,,,03,,,,,,
6943829531789,ART069629,GT RADIAL,REIFEN,03.csv,,195,,15,85,H,,,03,,,,,,
6943829531796,ART069632,GT RADIAL,REIFEN,03.csv,,195,,15,85,V,,,03,,,,,,
6943829531802,ART069418,GT RADIAL,REIFEN,03.csv,,225,,17,99,V,,,03,,,,,,
6945080152741,ART009038,NEXEN,REIFEN,03.csv,,205,,16,91,H,,,03,,,,,,
6945080152758,ART009039,NEXEN,REIFEN,03.csv,,205,,16,94,V,,,03,,,,,,
6945080153236,ART082885,NEXEN,REIFEN,03.csv,,225,,16,95,H,,,03,,,,,,
6956647603477,ART008431,TRACMAX,REIFEN,03.csv,,205,,17,84,V,,,03,,,,,,
6956647609455,ART008439,TRACMAX,REIFEN,03.csv,,235,,16,100,H,,,03,,,,,,
6958460911715,ART016767,TRACMAX,REIFEN,03.csv,,235,,18,101,V,,,03,,,,,,
6958460916871,ART023360,TRACMAX,REIFEN,03.csv,,205,,15,106,R,,,03,,,,,,
6958460917908,ART023386,TRACMAX,REIFEN,03.csv,,215,,16,113,R,,,03,,,,,,
6958460922254,ART021870,TRACMAX,REIFEN,03.csv,,205,,19,97,W,,,03,,,,,,
6958460922810,ART024153,TRACMAX,REIFEN,03.csv,,255,,19,100,V,,,03,,,,,,
6970149452692,ART023503,POWERTRAC,REIFEN,03.csv,,215,,16,113,R,,,03,,,,,,
6970149456102,ART023452,POWERTRAC,REIFEN,03.csv,,235,,17,97,W,,,03,,,,,,
6971597440491,ART028000,TOURADOR,REIFEN,03.csv,,255,,19,96,W,,,03,,,,,,
6971597440514,ART040332,TOURADOR,REIFEN,03.csv,,245,,19,93,W,,,03,,,,,,
6971597440613,ART028001,TOURADOR,REIFEN,03.csv,,225,,19,93,Y,,,03,,,,,,
6971597440743,ART028002,TOURADOR,REIFEN,03.csv,,235,,19,105,Y,,,03,,,,,,
6971597440798,ART040339,TOURADOR,REIFEN,03.csv,,255,,18,94,Y,,,03,,,,,,
6971597440897,ART040341,TOURADOR,REIFEN,03.csv,,245,,18,97,W,,,03,,,,,,
6971597440934,ART028005,TOURADOR,REIFEN,03.csv,,225,,18,92,W,,,03,,,,,,
6971597440989,ART040346,TOURADOR,REIFEN,03.csv,,255,,18,103,W,,,03,,,,,,
6971597441009,ART028006,TOURADOR,REIFEN,03.csv,,245,,18,100,W,,,03,,,,,,
6971597441047,ART028007,TOURADOR,REIFEN,03.csv,,225,,18,95,W,,,03,,,,,,
6971597441085,ART040348,TOURADOR,REIFEN,03.csv,,235,,18,101,Y,,,03,,,,,,
6971597441108,ART040350,TOURADOR,REIFEN,03.csv,,215,,18,92,V,,,03,,,,,,
6971597441139,ART028009,TOURADOR,REIFEN,03.csv,,225,,18,98,V,,,03,,,,,,
6971597441146,ART040352,TOURADOR,REIFEN,03.csv,,215,,18,99,V,,,03,,,,,,
6971597441214,ART028011,TOURADOR,REIFEN,03.csv,,215,,17,87,W,,,03,,,,,,
6971597441252,ART040354,TOURADOR,REIFEN,03.csv,,245,,17,99,W,,,03,,,,,,
6971597441269,ART040355,TOURADOR,REIFEN,03.csv,,235,,17,97,W,,,03,,,,,,
6971597441283,ART028012,TOURADOR,REIFEN,03.csv,,225,,17,94,W,,,03,,,,,,
6971597441306,ART040356,TOURADOR,REIFEN,03.csv,,215,,17,91,W,,,03,,,,,,
6971597441320,ART040358,TOURADOR,REIFEN,03.csv,,205,,17,88,W,,,03,,,,,,
6971597441368,ART028013,TOURADOR,REIFEN,03.csv,,225,,17,98,W,,,03,,,,,,
6971597441382,ART040360,TOURADOR,REIFEN,03.csv,,215,,17,95,W,,,03,,,,,,
6971597441399,ART028014,TOURADOR,REIFEN,03.csv,,205,,17,93,W,,,03,,,,,,
6971597441405,ART028015,TOURADOR,REIFEN,03.csv,,235,,17,103,W,,,03,,,,,,
6971597441412,ART028016,TOURADOR,REIFEN,03.csv,,225,,17,101,W,,,03,,,,,,
6971597441429,ART028017,TOURADOR,REIFEN,03.csv,,215,,17,98,W,,,03,,,,,,
6971597441443,ART040361,TOURADOR,REIFEN,03.csv,,215,,16,86,W,,,03,,,,,,
6971597441511,ART028018,TOURADOR,REIFEN,03.csv,,205,,16,87,W,,,03,,,,,,
6971597441528,ART028019,TOURADOR,REIFEN,03.csv,,195,,16,84,V,,,03,,,,,,
6971597441566,ART040365,TOURADOR,REIFEN,03.csv,,205,,16,87,W,,,03,,,,,,
6971597441627,ART040367,TOURADOR,REIFEN,03.csv,,225,,16,99,W,,,03,,,,,,
6971597441641,ART040369,TOURADOR,REIFEN,03.csv,,215,,16,97,W,,,03,,,,,,
6971597441658,ART028020,TOURADOR,REIFEN,03.csv,,205,,16,91,V,,,03,,,,,,
6971597441672,ART040370,TOURADOR,REIFEN,03.csv,,205,,16,94,V,,,03,,,,,,
6971597441689,ART040371,TOURADOR,REIFEN,03.csv,,205,,16,94,W,,,03,,,,,,
6971597441702,ART028021,TOURADOR,REIFEN,03.csv,,195,,16,87,V,,,03,,,,,,
6971597441740,ART040375,TOURADOR,REIFEN,03.csv,,225,,16,98,V,,,03,,,,,,
6971597441771,ART040376,TOURADOR,REIFEN,03.csv,,215,,16,95,V,,,03,,,,,,
6971597441801,ART040377,TOURADOR,REIFEN,03.csv,,205,,16,92,V,,,03,,,,,,
6971597441818,ART040378,TOURADOR,REIFEN,03.csv,,205,,16,96,V,,,03,,,,,,
6971597441825,ART082549,TOURADOR,REIFEN,03.csv,,195,,16,89,V,,,03,,,,,,
6971597441832,ART040379,TOURADOR,REIFEN,03.csv,,215,,16,98,H,,,03,,,,,,
6971597441900,ART040380,TOURADOR,REIFEN,03.csv,,195,,15,82,V,,,03,,,,,,
6971597441931,ART028022,TOURADOR,REIFEN,03.csv,,195,,15,85,V,,,03,,,,,,
6971597441993,ART040382,TOURADOR,REIFEN,03.csv,,205,,15,91,V,,,03,,,,,,
6971597442020,ART040383,TOURADOR,REIFEN,03.csv,,205,,15,94,V,,,03,,,,,,
6971597442204,ART040385,TOURADOR,REIFEN,03.csv,,185,,15,82,V,,,03,,,,,,
6971597442259,ART040387,TOURADOR,REIFEN,03.csv,,195,,15,88,V,,,03,,,,,,
6971597442266,ART028024,TOURADOR,REIFEN,03.csv,,185,,15,84,H,,,03,,,,,,
6971597442273,ART040388,TOURADOR,REIFEN,03.csv,,185,,15,88,H,,,03,,,,,,
6971597442310,ART040389,TOURADOR,REIFEN,03.csv,,195,,15,91,H,,,03,,,,,,
6971597442334,ART028025,TOURADOR,REIFEN,03.csv,,195,,15,95,T,,,03,,,,,,
6971597442358,ART040391,TOURADOR,REIFEN,03.csv,,185,,15,88,H,,,03,,,,,,
6971597442365,ART040392,TOURADOR,REIFEN,03.csv,,185,,15,92,T,,,03,,,,,,
6971597442440,ART028026,TOURADOR,REIFEN,03.csv,,185,,14,80,H,,,03,,,,,,
6971597442471,ART028027,TOURADOR,REIFEN,03.csv,,195,,14,86,H,,,03,,,,,,
6971597442488,ART040393,TOURADOR,REIFEN,03.csv,,185,,14,82,H,,,03,,,,,,
6971597442501,ART028028,TOURADOR,REIFEN,03.csv,,165,,14,75,H,,,03,,,,,,
6971597442518,ART028029,TOURADOR,REIFEN,03.csv,,195,,14,89,H,,,03,,,,,,
6971597442532,ART028030,TOURADOR,REIFEN,03.csv,,185,,14,86,H,,,03,,,,,,
6971597442549,ART040396,TOURADOR,REIFEN,03.csv,,175,,14,82,H,,,03,,,,,,
6971597442556,ART040397,TOURADOR,REIFEN,03.csv,,175,,14,86,T,,,03,,,,,,
6971597442563,ART040398,TOURADOR,REIFEN,03.csv,,165,,14,79,T,,,03,,,,,,
6971597442570,ART040399,TOURADOR,REIFEN,03.csv,,155,,14,75,T,,,03,,,,,,
6971597442587,ART028031,TOURADOR,REIFEN,03.csv,,195,,14,91,T,,,03,,,,,,
6971597442617,ART028032,TOURADOR,REIFEN,03.csv,,185,,14,88,H,,,03,,,,,,
6971597442624,ART028033,TOURADOR,REIFEN,03.csv,,175,,14,84,T,,,03,,,,,,
6971597442648,ART040401,TOURADOR,REIFEN,03.csv,,165,,14,81,T,,,03,,,,,,
6971597442686,ART040402,TOURADOR,REIFEN,03.csv,,175,,14,88,H,,,03,,,,,,
6971597442792,ART040405,TOURADOR,REIFEN,03.csv,,165,,13,77,T,,,03,,,,,,
6971597442808,ART040406,TOURADOR,REIFEN,03.csv,,155,,13,73,T,,,03,,,,,,
6971597442815,ART028035,TOURADOR,REIFEN,03.csv,,185,,13,86,T,,,03,,,,,,
6971597442822,ART028036,TOURADOR,REIFEN,03.csv,,175,,13,82,T,,,03,,,,,,
6971597442839,ART040407,TOURADOR,REIFEN,03.csv,,165,,13,79,T,,,03,,,,,,
6971597442846,ART028037,TOURADOR,REIFEN,03.csv,,155,,13,75,T,,,03,,,,,,
6971597442853,ART040408,TOURADOR,REIFEN,03.csv,,145,,13,71,T,,,03,,,,,,
6971597442860,ART028038,TOURADOR,REIFEN,03.csv,,165,,13,83,T,,,03,,,,,,
6971597442969,ART040413,TOURADOR,REIFEN,03.csv,,195,,20,95,H,,,03,,,,,,
6971597443065,ART028039,TOURADOR,REIFEN,03.csv,,155,,14,75,T,,,03,,,,,,
6971597443072,ART028040,TOURADOR,REIFEN,03.csv,,145,,13,71,T,,,03,,,,,,
6971597443096,ART028042,TOURADOR,REIFEN,03.csv,,155,,13,73,T,,,03,,,,,,
6971597443102,ART028043,TOURADOR,REIFEN,03.csv,,155,,13,79,T,,,03,,,,,,
6971597443119,ART028044,TOURADOR,REIFEN,03.csv,,175,,13,80,T,,,03,,,,,,
6971597443126,ART028045,TOURADOR,REIFEN,03.csv,,175,,13,82,T,,,03,,,,,,
6971597443140,ART028046,TOURADOR,REIFEN,03.csv,,165,,14,79,H,,,03,,,,,,
6971597443157,ART028047,TOURADOR,REIFEN,03.csv,,165,,14,79,T,,,03,,,,,,
6971597443171,ART028048,TOURADOR,REIFEN,03.csv,,175,,14,82,T,,,03,,,,,,
6971597443201,ART028049,TOURADOR,REIFEN,03.csv,,175,,14,84,T,,,03,,,,,,
6971597443232,ART028050,TOURADOR,REIFEN,03.csv,,185,,14,82,H,,,03,,,,,,
6971597443249,ART028051,TOURADOR,REIFEN,03.csv,,165,,14,81,T,,,03,,,,,,
6971597443256,ART028052,TOURADOR,REIFEN,03.csv,,185,,14,80,H,,,03,,,,,,
6971597443270,ART028053,TOURADOR,REIFEN,03.csv,,185,,14,86,H,,,03,,,,,,
6971597443287,ART028054,TOURADOR,REIFEN,03.csv,,195,,14,91,T,,,03,,,,,,
6971597443317,ART028055,TOURADOR,REIFEN,03.csv,,185,,15,84,H,,,03,,,,,,
6971597443324,ART028056,TOURADOR,REIFEN,03.csv,,185,,15,82,H,,,03,,,,,,
6971597443348,ART028057,TOURADOR,REIFEN,03.csv,,185,,15,88,H,,,03,,,,,,
6971597443362,ART028058,TOURADOR,REIFEN,03.csv,,195,,15,82,V,,,03,,,,,,
6971597443379,ART028059,TOURADOR,REIFEN,03.csv,,195,,15,85,V,,,03,,,,,,
6971597443386,ART028060,TOURADOR,REIFEN,03.csv,,195,,15,91,H,,,03,,,,,,
6971597443393,ART028061,TOURADOR,REIFEN,03.csv,,205,,15,94,V,,,03,,,,,,
6971597443423,ART028062,TOURADOR,REIFEN,03.csv,,205,,16,91,V,,,03,,,,,,
6971597443447,ART028063,TOURADOR,REIFEN,03.csv,,195,,16,84,V,,,03,,,,,,
6971597443454,ART040415,TOURADOR,REIFEN,03.csv,,195,,16,91,V,,,03,,,,,,
6971597443478,ART028064,TOURADOR,REIFEN,03.csv,,205,,16,92,H,,,03,,,,,,
6971597443508,ART040416,TOURADOR,REIFEN,03.csv,,195,,15,95,H,,,03,,,,,,
6971597443515,ART028065,TOURADOR,REIFEN,03.csv,,195,,16,88,V,,,03,,,,,,
6971597443522,ART028066,TOURADOR,REIFEN,03.csv,,215,,16,90,V,,,03,,,,,,
6971597443539,ART028067,TOURADOR,REIFEN,03.csv,,215,,16,99,V,,,03,,,,,,
6971597443546,ART028068,TOURADOR,REIFEN,03.csv,,205,,17,93,W,,,03,,,,,,
6971597443553,ART028069,TOURADOR,REIFEN,03.csv,,215,,16,98,V,,,03,,,,,,
6971597443560,ART028070,TOURADOR,REIFEN,03.csv,,215,,16,100,H,,,03,,,,,,
6971597443577,ART028071,TOURADOR,REIFEN,03.csv,,225,,16,99,W,,,03,,,,,,
6971597443584,ART028072,TOURADOR,REIFEN,03.csv,,215,,17,95,W,,,03,,,,,,
6971597443591,ART028073,TOURADOR,REIFEN,03.csv,,225,,16,102,V,,,03,,,,,,
6971597443607,ART028074,TOURADOR,REIFEN,03.csv,,225,,17,94,W,,,03,,,,,,
6971597443621,ART028075,TOURADOR,REIFEN,03.csv,,205,,17,88,W,,,03,,,,,,
6971597443638,ART028076,TOURADOR,REIFEN,03.csv,,215,,17,98,W,,,03,,,,,,
6971597443645,ART028077,TOURADOR,REIFEN,03.csv,,215,,17,100,V,,,03,,,,,,
6971597443652,ART028078,TOURADOR,REIFEN,03.csv,,215,,17,99,V,,,03,,,,,,
6971597443676,ART028079,TOURADOR,REIFEN,03.csv,,225,,17,101,W,,,03,,,,,,
6971597443690,ART028080,TOURADOR,REIFEN,03.csv,,235,,18,98,Y,,,03,,,,,,
6971597443706,ART028081,TOURADOR,REIFEN,03.csv,,235,,18,101,W,,,03,,,,,,
6971597443720,ART028082,TOURADOR,REIFEN,03.csv,,225,,19,88,Y,,,03,,,,,,
6971597443737,ART028083,TOURADOR,REIFEN,03.csv,,225,,17,106,V,,,03,,,,,,
6971597443744,ART028084,TOURADOR,REIFEN,03.csv,,225,,18,95,W,,,03,,,,,,
6971597443751,ART028085,TOURADOR,REIFEN,03.csv,,205,,16,87,W,,,03,,,,,,
6971597443768,ART028086,TOURADOR,REIFEN,03.csv,,205,,17,84,W,,,03,,,,,,
6971597443799,ART028087,TOURADOR,REIFEN,03.csv,,235,,16,100,V,,,03,,,,,,
6971597443812,ART028088,TOURADOR,REIFEN,03.csv,,235,,18,107,W,,,03,,,,,,
6971597443836,ART028089,TOURADOR,REIFEN,03.csv,,235,,17,108,W,,,03,,,,,,
6971597443881,ART028090,TOURADOR,REIFEN,03.csv,,195,,15,104,S,,,03,,,,,,
6971597443898,ART028091,TOURADOR,REIFEN,03.csv,,215,,15,109,S,,,03,,,,,,
6971597443904,ART028092,TOURADOR,REIFEN,03.csv,,205,,16,113,S,,,03,,,,,,
6971597443911,ART028093,TOURADOR,REIFEN,03.csv,,215,,16,109,T,,,03,,,,,,
6971597443928,ART028094,TOURADOR,REIFEN,03.csv,,175,,14,90,T,,,03,,,,,,
6971597443935,ART028095,TOURADOR,REIFEN,03.csv,,195,,16,99,H,,,03,,,,,,
6971597443942,ART028096,TOURADOR,REIFEN,03.csv,,175,,14,95,T,,,03,,,,,,
6971597443959,ART028097,TOURADOR,REIFEN,03.csv,,205,,15,106,S,,,03,,,,,,
6971597443966,ART028098,TOURADOR,REIFEN,03.csv,,205,,16,107,T,,,03,,,,,,
6971597443973,ART028099,TOURADOR,REIFEN,03.csv,,225,,15,112,S,,,03,,,,,,
6971597443980,ART028100,TOURADOR,REIFEN,03.csv,,185,,16,104,S,,,03,,,,,,
6971597443997,ART028101,TOURADOR,REIFEN,03.csv,,195,,16,107,S,,,03,,,,,,
6971597444000,ART028102,TOURADOR,REIFEN,03.csv,,215,,16,103,T,,,03,,,,,,
6971597444017,ART028103,TOURADOR,REIFEN,03.csv,,225,,16,112,S,,,03,,,,,,
6971597444024,ART028104,TOURADOR,REIFEN,03.csv,,215,,16,113,S,,,03,,,,,,
6971597444031,ART028105,TOURADOR,REIFEN,03.csv,,235,,16,115,S,,,03,,,,,,
6971597444048,ART028106,TOURADOR,REIFEN,03.csv,,195,,16,104,S,,,03,,,,,,
6971597444468,ART028589,TOURADOR,REIFEN,03.csv,,205,,15,96,T,,,03,,,,,,
6971597444512,ART029042,TOURADOR,REIFEN,03.csv,,205,,16,91,H,,,03,,,,,,
6971597444635,ART028234,TOURADOR,REIFEN,03.csv,,185,,14,102,R,,,03,,,,,,
6971597444703,ART028239,TOURADOR,REIFEN,03.csv,,215,,15,109,R,,,03,,,,,,
6971597444734,ART028241,TOURADOR,REIFEN,03.csv,,185,,16,104,R,,,03,,,,,,
6971597444758,ART028243,TOURADOR,REIFEN,03.csv,,195,,16,104,T,,,03,,,,,,
6971597444765,ART028244,TOURADOR,REIFEN,03.csv,,195,,16,107,R,,,03,,,,,,
6971597444772,ART028245,TOURADOR,REIFEN,03.csv,,205,,16,107,R,,,03,,,,,,
6971597444888,ART028582,TOURADOR,REIFEN,03.csv,,215,,17,95,V,,,03,,,,,,
6971597445014,ART028262,TOURADOR,REIFEN,03.csv,,245,,18,104,V,,,03,,,,,,
6971597445021,ART028263,TOURADOR,REIFEN,03.csv,,255,,18,99,V,,,03,,,,,,
6971597445069,ART028264,TOURADOR,REIFEN,03.csv,,225,,19,96,V,,,03,,,,,,
6971597445137,ART040493,TOURADOR,REIFEN,03.csv,,235,,16,106,T,,,03,,,,,,
6971597445205,ART040495,TOURADOR,REIFEN,03.csv,,225,,18,98,T,,,03,,,,,,
6971597445465,ART028107,TOURADOR,REIFEN,03.csv,,225,,19,88,W,,,03,,,,,,
6971597445472,ART040417,TOURADOR,REIFEN,03.csv,,235,,19,91,W,,,03,,,,,,
6971597445526,ART028109,TOURADOR,REIFEN,03.csv,,205,,16,94,V,,,03,,,,,,
6971597445533,ART028110,TOURADOR,REIFEN,03.csv,,215,,16,97,W,,,03,,,,,,
6971597445564,ART028111,TOURADOR,REIFEN,03.csv,,225,,17,98,Y,,,03,,,,,,
6971597445571,ART028112,TOURADOR,REIFEN,03.csv,,225,,18,92,Y,,,03,,,,,,
6971597445588,ART028113,TOURADOR,REIFEN,03.csv,,245,,19,98,Y,,,03,,,,,,
6971597445601,ART028114,TOURADOR,REIFEN,03.csv,,155,,13,75,T,,,03,,,,,,
6971597445618,ART028115,TOURADOR,REIFEN,03.csv,,165,,13,79,T,,,03,,,,,,
6971597445625,ART028116,TOURADOR,REIFEN,03.csv,,185,,14,88,T,,,03,,,,,,
6971597445632,ART028117,TOURADOR,REIFEN,03.csv,,165,,15,81,H,,,03,,,,,,
6971597445649,ART028118,TOURADOR,REIFEN,03.csv,,175,,15,84,H,,,03,,,,,,
6971597445656,ART028119,TOURADOR,REIFEN,03.csv,,195,,15,88,V,,,03,,,,,,
6971597445663,ART028120,TOURADOR,REIFEN,03.csv,,195,,16,89,V,,,03,,,,,,
6971597445670,ART028121,TOURADOR,REIFEN,03.csv,,205,,16,91,W,,,03,,,,,,
6971597445687,ART040419,TOURADOR,REIFEN,03.csv,,205,,16,96,V,,,03,,,,,,
6971597445694,ART028122,TOURADOR,REIFEN,03.csv,,205,,17,95,W,,,03,,,,,,
6971597445700,ART028123,TOURADOR,REIFEN,03.csv,,215,,17,87,W,,,03,,,,,,
6971597445717,ART028124,TOURADOR,REIFEN,03.csv,,215,,17,91,W,,,03,,,,,,
6971597445724,ART028125,TOURADOR,REIFEN,03.csv,,225,,17,103,V,,,03,,,,,,
6971597445731,ART028126,TOURADOR,REIFEN,03.csv,,235,,17,97,W,,,03,,,,,,
6971597445748,ART028127,TOURADOR,REIFEN,03.csv,,235,,17,103,W,,,03,,,,,,
6971597445755,ART028128,TOURADOR,REIFEN,03.csv,,245,,17,99,W,,,03,,,,,,
6971597445762,ART028129,TOURADOR,REIFEN,03.csv,,215,,18,99,V,,,03,,,,,,
6971597445779,ART028130,TOURADOR,REIFEN,03.csv,,225,,18,98,V,,,03,,,,,,
6971597445786,ART028131,TOURADOR,REIFEN,03.csv,,235,,18,104,V,,,03,,,,,,
6971597445809,ART028132,TOURADOR,REIFEN,03.csv,,245,,18,100,Y,,,03,,,,,,
6971597445823,ART028133,TOURADOR,REIFEN,03.csv,,245,,19,102,Y,,,03,,,,,,
6971597445830,ART028134,TOURADOR,REIFEN,03.csv,,195,,20,95,H,,,03,,,,,,
6971597445847,ART040421,TOURADOR,REIFEN,03.csv,,215,,17,96,H,,,03,,,,,,
6971597446073,ART040482,TOURADOR,REIFEN,03.csv,,275,,21,110,V,,,03,,,,,,
6971597446585,ART028135,TOURADOR,REIFEN,03.csv,,185,,14,102,S,,,03,,,,,,
6971597446592,ART040422,TOURADOR,REIFEN,03.csv,,195,,14,106,S,,,03,,,,,,
6971597446615,ART040424,TOURADOR,REIFEN,03.csv,,195,,15,104,S,,,03,,,,,,
6971597446622,ART040425,TOURADOR,REIFEN,03.csv,,205,,15,106,S,,,03,,,,,,
6971597446639,ART040426,TOURADOR,REIFEN,03.csv,,215,,15,109,S,,,03,,,,,,
6971597446646,ART040427,TOURADOR,REIFEN,03.csv,,225,,15,112,S,,,03,,,,,,
6971597446653,ART040428,TOURADOR,REIFEN,03.csv,,185,,16,104,S,,,03,,,,,,
6971597446660,ART040429,TOURADOR,REIFEN,03.csv,,195,,16,99,H,,,03,,,,,,
6971597446677,ART040430,TOURADOR,REIFEN,03.csv,,195,,16,104,T,,,03,,,,,,
6971597446684,ART028136,TOURADOR,REIFEN,03.csv,,195,,16,107,S,,,03,,,,,,
6971597446707,ART028137,TOURADOR,REIFEN,03.csv,,205,,16,107,T,,,03,,,,,,
6971597446714,ART040432,TOURADOR,REIFEN,03.csv,,205,,16,110,S,,,03,,,,,,
6971597446745,ART040435,TOURADOR,REIFEN,03.csv,,215,,16,109,T,,,03,,,,,,
6971597446769,ART040436,TOURADOR,REIFEN,03.csv,,215,,16,116,R,,,03,,,,,,
6971597446776,ART040437,TOURADOR,REIFEN,03.csv,,225,,16,112,T,,,03,,,,,,
6971597446790,ART028138,TOURADOR,REIFEN,03.csv,,235,,16,115,T,,,03,,,,,,
6971597446820,ART040441,TOURADOR,REIFEN,03.csv,,215,,16,100,H,,,03,,,,,,
6971597446837,ART040442,TOURADOR,REIFEN,03.csv,,225,,16,107,H,,,03,,,,,,
6971597446912,ART040448,TOURADOR,REIFEN,03.csv,,215,,17,99,H,,,03,,,,,,
6971597446929,ART040449,TOURADOR,REIFEN,03.csv,,225,,17,99,H,,,03,,,,,,
6971597446967,ART040453,TOURADOR,REIFEN,03.csv,,235,,17,108,V,,,03,,,,,,
6971597447087,ART040459,TOURADOR,REIFEN,03.csv,,225,,18,100,V,,,03,,,,,,
6971597447223,ART040465,TOURADOR,REIFEN,03.csv,,175,,15,84,H,,,03,,,,,,
6971597447667,ART040468,TOURADOR,REIFEN,03.csv,,195,,16,84,V,,,03,,,,,,
6971597448817,ART042094,TOURADOR,REIFEN,03.csv,,245,,19,102,Y,,,03,,,,,,
6971597448831,ART028141,TOURADOR,REIFEN,03.csv,,225,,19,99,W,,,03,,,,,,
6971597448855,ART028142,TOURADOR,REIFEN,03.csv,,235,,19,105,W,,,03,,,,,,
6971597448886,ART028143,TOURADOR,REIFEN,03.csv,,225,,16,121,R,,,03,,,,,,
6971597448893,ART028144,TOURADOR,REIFEN,03.csv,,215,,17,109,T,,,03,,,,,,
6971597448947,ART028615,TOURADOR,REIFEN,03.csv,,215,,17,91,V,,,03,,,,,,
6971597449029,ART029058,TOURADOR,REIFEN,03.csv,,255,,19,104,V,,,03,,,,,,
6971597449906,ART028145,TOURADOR,REIFEN,03.csv,,195,,16,87,V,,,03,,,,,,
6971597449937,ART028146,TOURADOR,REIFEN,03.csv,,245,,18,97,W,,,03,,,,,,
6971597449951,ART028147,TOURADOR,REIFEN,03.csv,,225,,19,93,W,,,03,,,,,,
6971597449968,ART028148,TOURADOR,REIFEN,03.csv,,235,,19,91,W,,,03,,,,,,
6974775131600,ART042101,TOURADOR,REIFEN,03.csv,,235,,18,98,W,,,03,,,,,,
6974775131624,ART042099,TOURADOR,REIFEN,03.csv,,235,,17,100,W,,,03,,,,,,
6974775131631,ART042100,TOURADOR,REIFEN,03.csv,,205,,16,95,H,,,03,,,,,,
6974775132133,ART076964,TOURADOR,REIFEN,03.csv,,255,,20,101,W,,,03,,,,,,
6974775132140,ART076965,TOURADOR,REIFEN,03.csv,,245,,19,102,Y,,,03,,,,,,
6974775132157,ART076966,TOURADOR,REIFEN,03.csv,,235,,18,98,W,,,03,,,,,,
8019227157420,ART034176,PIRELLI,REIFEN,03.csv,,265,,20,104,Y,,,03,,,,,,
8019227163902,ART000980,PIRELLI,REIFEN,03.csv,,255,,20,97,Y,,,03,,,,,,
8019227167979,ART000852,PIRELLI,REIFEN,03.csv,,225,,18,92,Y,,,03,,,,,,
8019227174083,ART001075,PIRELLI,REIFEN,03.csv,,295,,19,100,Y,,,03,,,,,,
8019227178043,ART000461,PIRELLI,REIFEN,03.csv,,255,,19,111,V,,,03,,,,,,
8019227182118,ART001083,PIRELLI,REIFEN,03.csv,,235,,19,96,W,,,03,,,,,,
8019227186437,ART002683,PIRELLI,REIFEN,03.csv,,295,,20,97,V,,,03,,,,,,
8019227187700,ART001762,PIRELLI,REIFEN,03.csv,,225,,17,94,H,,,03,,,,,,
8019227190137,ART002409,PIRELLI,REIFEN,03.csv,,235,,18,97,V,,,03,,,,,,
8019227190144,ART002410,PIRELLI,REIFEN,03.csv,,235,,17,99,V,,,03,,,,,,
8019227192902,ART002640,PIRELLI,REIFEN,03.csv,,245,,20,91,Y,,,03,,,,,,
8019227195408,ART002068,PIRELLI,REIFEN,03.csv,,255,,19,103,W,,,03,,,,,,
8019227199062,ART002690,PIRELLI,REIFEN,03.csv,,255,,18,95,Y,,,03,,,,,,
8019227199642,ART002057,PIRELLI,REIFEN,03.csv,,255,,19,100,Y,,,03,,,,,,
8019227202779,ART002055,PIRELLI,REIFEN,03.csv,,255,,18,99,Y,,,03,,,,,,
8019227204100,ART002636,PIRELLI,REIFEN,03.csv,,225,,18,91,Y,,,03,,,,,,
8019227204919,ART002404,PIRELLI,REIFEN,03.csv,,295,,19,100,Y,,,03,,,,,,
8019227204940,ART002060,PIRELLI,REIFEN,03.csv,,295,,21,107,Y,,,03,,,,,,
8019227207491,ART034221,PIRELLI,REIFEN,03.csv,,295,,21,111,Y,,,03,,,,,,
8019227211603,ART002332,PIRELLI,REIFEN,03.csv,,295,,20,101,W,,,03,,,,,,
8019227212266,ART002801,PIRELLI,REIFEN,03.csv,,245,,20,99,Y,,,03,,,,,,
8019227212891,ART002639,PIRELLI,REIFEN,03.csv,,255,,20,101,Y,,,03,,,,,,
8019227215281,ART034244,PIRELLI,REIFEN,03.csv,,205,,16,91,W,,,03,,,,,,
8019227215496,ART003254,PIRELLI,REIFEN,03.csv,,255,,20,110,W,,,03,,,,,,
8019227217995,ART002694,PIRELLI,REIFEN,03.csv,,265,,20,108,V,,,03,,,,,,
8019227218008,ART002697,PIRELLI,REIFEN,03.csv,,275,,20,106,V,,,03,,,,,,
8019227220407,ART004855,PIRELLI,REIFEN,03.csv,,265,,20,104,V,,,03,,,,,,
8019227220575,ART004884,PIRELLI,REIFEN,03.csv,,295,,21,103,Y,,,03,,,,,,
8019227220599,ART004882,PIRELLI,REIFEN,03.csv,,295,,20,106,Y,,,03,,,,,,
8019227225280,ART002698,PIRELLI,REIFEN,03.csv,,285,,19,111,V,,,03,,,,,,
8019227227284,ART002692,PIRELLI,REIFEN,03.csv,,235,,17,108,H,,,03,,,,,,
8019227227291,ART002695,PIRELLI,REIFEN,03.csv,,235,,17,106,H,,,03,,,,,,
8019227227314,ART003714,PIRELLI,REIFEN,03.csv,,235,,18,103,V,,,03,,,,,,
8019227227413,ART003717,PIRELLI,REIFEN,03.csv,,255,,19,103,V,,,03,,,,,,
8019227228748,ART004880,PIRELLI,REIFEN,03.csv,,265,,19,110,V,,,03,,,,,,
8019227230109,ART003721,PIRELLI,REIFEN,03.csv,,195,,16,87,H,,,03,,,,,,
8019227232271,ART004927,PIRELLI,REIFEN,03.csv,,255,,18,108,H,,,03,,,,,,
8019227235227,ART003417,PIRELLI,REIFEN,03.csv,,245,,17,99,V,,,03,,,,,,
8019227235371,ART003430,PIRELLI,REIFEN,03.csv,,275,,21,103,Y,,,03,,,,,,
8019227239027,ART003438,PIRELLI,REIFEN,03.csv,,285,,19,98,Y,,,03,,,,,,
8019227239126,ART004889,PIRELLI,REIFEN,03.csv,,255,,20,101,V,,,03,,,,,,
8019227239362,ART004888,PIRELLI,REIFEN,03.csv,,225,,18,99,H,,,03,,,,,,
8019227241471,ART003499,PIRELLI,REIFEN,03.csv,,235,,19,105,H,,,03,,,,,,
8019227241785,ART006349,PIRELLI,REIFEN,03.csv,,245,,18,97,Y,,,03,,,,,,
8019227242188,ART034292,PIRELLI,REIFEN,03.csv,,325,,22,110,Y,,,03,,,,,,
8019227242300,ART006197,PIRELLI,REIFEN,03.csv,,285,,21,109,Y,,,03,,,,,,
8019227242331,ART004925,PIRELLI,REIFEN,03.csv,,235,,18,107,V,,,03,,,,,,
8019227244441,ART005500,PIRELLI,REIFEN,03.csv,,295,,20,114,V,,,03,,,,,,
8019227244502,ART004933,PIRELLI,REIFEN,03.csv,,215,,16,95,H,,,03,,,,,,
8019227245097,ART007385,PIRELLI,REIFEN,03.csv,,275,,22,108,Y,,,03,,,,,,
8019227246117,ART005746,PIRELLI,REIFEN,03.csv,,225,,18,95,H,,,03,,,,,,
8019227246124,ART006584,PIRELLI,REIFEN,03.csv,,225,,17,97,H,,,03,,,,,,
8019227246148,ART005748,PIRELLI,REIFEN,03.csv,,205,,17,93,H,,,03,,,,,,
8019227246735,ART005754,PIRELLI,REIFEN,03.csv,,245,,18,100,H,,,03,,,,,,
8019227246759,ART005755,PIRELLI,REIFEN,03.csv,,245,,18,100,H,,,03,,,,,,
8019227247879,ART008324,PIRELLI,REIFEN,03.csv,,245,,19,98,Y,,,03,,,,,,
8019227247886,ART008174,PIRELLI,REIFEN,03.csv,,275,,19,100,Y,,,03,,,,,,
8019227248524,ART007811,PIRELLI,REIFEN,03.csv,,205,,16,95,H,,,03,,,,,,
8019227248531,ART005921,PIRELLI,REIFEN,03.csv,,245,,19,98,V,,,03,,,,,,
8019227248968,ART004938,PIRELLI,REIFEN,03.csv,,235,,19,101,H,,,03,,,,,,
8019227250169,ART006586,PIRELLI,REIFEN,03.csv,,265,,20,95,Y,,,03,,,,,,
8019227250176,ART006587,PIRELLI,REIFEN,03.csv,,235,,20,88,Y,,,03,,,,,,
8019227251968,ART006350,PIRELLI,REIFEN,03.csv,,215,,17,99,H,,,03,,,,,,
8019227251982,ART006590,PIRELLI,REIFEN,03.csv,,235,,19,99,V,,,03,,,,,,
8019227252071,ART004942,PIRELLI,REIFEN,03.csv,,205,,17,95,V,,,03,,,,,,
8019227252279,ART008325,PIRELLI,REIFEN,03.csv,,275,,21,103,V,,,03,,,,,,
8019227252309,ART008326,PIRELLI,REIFEN,03.csv,,315,,21,105,V,,,03,,,,,,
8019227252323,ART007389,PIRELLI,REIFEN,03.csv,,235,,18,110,H,,,03,,,,,,
8019227253061,ART004944,PIRELLI,REIFEN,03.csv,,225,,19,93,H,,,03,,,,,,
8019227254044,ART034261,PIRELLI,REIFEN,03.csv,,225,,18,88,Y,,,03,,,,,,
8019227254075,ART004946,PIRELLI,REIFEN,03.csv,,285,,18,93,Y,,,03,,,,,,
8019227254419,ART006737,PIRELLI,REIFEN,03.csv,,225,,18,95,Y,,,03,,,,,,
8019227254433,ART006738,PIRELLI,REIFEN,03.csv,,245,,19,98,Y,,,03,,,,,,
8019227254471,ART006352,PIRELLI,REIFEN,03.csv,,265,,22,106,Y,,,03,,,,,,
8019227255959,ART005504,PIRELLI,REIFEN,03.csv,,275,,22,108,Y,,,03,,,,,,
8019227256093,ART007396,PIRELLI,REIFEN,03.csv,,315,,20,106,Y,,,03,,,,,,
8019227256574,ART007030,PIRELLI,REIFEN,03.csv,,205,,16,110,R,,,03,,,,,,
8019227257199,ART005506,PIRELLI,REIFEN,03.csv,,285,,21,100,W,,,03,,,,,,
8019227259315,ART004953,PIRELLI,REIFEN,03.csv,,295,,18,99,Y,,,03,,,,,,
8019227259629,ART006740,PIRELLI,REIFEN,03.csv,,245,,20,95,Y,,,03,,,,,,
8019227260342,ART009574,PIRELLI,REIFEN,03.csv,,255,,19,111,V,,,03,,,,,,
8019227260359,ART009575,PIRELLI,REIFEN,03.csv,,275,,19,112,V,,,03,,,,,,
8019227261516,ART005742,PIRELLI,REIFEN,03.csv,,225,,19,88,Y,,,03,,,,,,
8019227261530,ART007037,PIRELLI,REIFEN,03.csv,,235,,19,91,Y,,,03,,,,,,
8019227261745,ART006021,PIRELLI,REIFEN,03.csv,,245,,20,91,Y,,,03,,,,,,
8019227261752,ART006022,PIRELLI,REIFEN,03.csv,,305,,20,103,Y,,,03,,,,,,
8019227261837,ART008329,PIRELLI,REIFEN,03.csv,,225,,18,104,H,,,03,,,,,,
8019227263244,ART008332,PIRELLI,REIFEN,03.csv,,245,,21,100,W,,,03,,,,,,
8019227263428,ART008334,PIRELLI,REIFEN,03.csv,,305,,20,112,Y,,,03,,,,,,
8019227263435,ART010446,PIRELLI,REIFEN,03.csv,,285,,21,109,Y,,,03,,,,,,
8019227263442,ART009168,PIRELLI,REIFEN,03.csv,,315,,21,111,Y,,,03,,,,,,
8019227263862,ART010326,PIRELLI,REIFEN,03.csv,,235,,19,101,H,,,03,,,,,,
8019227263879,ART007814,PIRELLI,REIFEN,03.csv,,235,,17,104,H,,,03,,,,,,
8019227264920,ART006200,PIRELLI,REIFEN,03.csv,,265,,20,108,Y,,,03,,,,,,
8019227267129,ART010445,PIRELLI,REIFEN,03.csv,,285,,22,106,Y,,,03,,,,,,
8019227267907,ART010637,PIRELLI,REIFEN,03.csv,,295,,20,110,Y,,,03,,,,,,
8019227268348,ART007038,PIRELLI,REIFEN,03.csv,,235,,19,91,Y,,,03,,,,,,
8019227269390,ART006394,PIRELLI,REIFEN,03.csv,,285,,19,98,V,,,03,,,,,,
8019227269406,ART006595,PIRELLI,REIFEN,03.csv,,245,,19,93,V,,,03,,,,,,
8019227272178,ART008409,PIRELLI,REIFEN,03.csv,,265,,16,112,T,,,03,,,,,,
8019227272215,ART008410,PIRELLI,REIFEN,03.csv,,235,,17,108,H,,,03,,,,,,
8019227272222,ART009172,PIRELLI,REIFEN,03.csv,,245,,17,111,T,,,03,,,,,,
8019227272239,ART008341,PIRELLI,REIFEN,03.csv,,265,,17,112,T,,,03,,,,,,
8019227272291,ART034347,PIRELLI,REIFEN,03.csv,,275,,20,113,T,,,03,,,,,,
8019227273939,ART007427,PIRELLI,REIFEN,03.csv,,315,,20,110,V,,,03,,,,,,
8019227274455,ART034314,PIRELLI,REIFEN,03.csv,,285,,22,110,Y,,,03,,,,,,
8019227274523,ART015535,PIRELLI,REIFEN,03.csv,,285,,21,113,V,,,03,,,,,,
8019227275087,ART015526,PIRELLI,REIFEN,03.csv,,255,,19,96,Y,,,03,,,,,,
8019227275421,ART013044,PIRELLI,REIFEN,03.csv,,265,,19,110,W,,,03,,,,,,
8019227276398,ART011538,PIRELLI,REIFEN,03.csv,,225,,17,99,H,,,03,,,,,,
8019227276435,ART010450,PIRELLI,REIFEN,03.csv,,255,,21,98,Y,,,03,,,,,,
8019227278255,ART034335,PIRELLI,REIFEN,03.csv,,265,,22,102,V,,,03,,,,,,
8019227279290,ART011539,PIRELLI,REIFEN,03.csv,,295,,20,101,W,,,03,,,,,,
8019227281439,ART013534,PIRELLI,REIFEN,03.csv,,285,,21,113,W,,,03,,,,,,
8019227281491,ART009587,PIRELLI,REIFEN,03.csv,,325,,20,106,W,,,03,,,,,,
8019227281507,ART009588,PIRELLI,REIFEN,03.csv,,275,,19,100,W,,,03,,,,,,
8019227282634,ART014642,PIRELLI,REIFEN,03.csv,,315,,22,111,Y,,,03,,,,,,
8019227285581,ART010458,PIRELLI,REIFEN,03.csv,,305,,20,112,V,,,03,,,,,,
8019227285727,ART015530,PIRELLI,REIFEN,03.csv,,285,,22,101,Y,,,03,,,,,,
8019227285901,ART017880,PIRELLI,REIFEN,03.csv,,285,,20,108,V,,,03,,,,,,
8019227286120,ART010330,PIRELLI,REIFEN,03.csv,,295,,21,107,Y,,,03,,,,,,
8019227286281,ART016494,PIRELLI,REIFEN,03.csv,,305,,21,104,Y,,,03,,,,,,
8019227291407,ART009387,PIRELLI,REIFEN,03.csv,,235,,19,91,Y,,,03,,,,,,
8019227291414,ART009176,PIRELLI,REIFEN,03.csv,,245,,19,93,W,,,03,,,,,,
8019227291889,ART017884,PIRELLI,REIFEN,03.csv,,275,,20,106,W,,,03,,,,,,
8019227291919,ART011540,PIRELLI,REIFEN,03.csv,,245,,20,105,H,,,03,,,,,,
8019227291926,ART011770,PIRELLI,REIFEN,03.csv,,255,,22,103,H,,,03,,,,,,
8019227292060,ART008351,PIRELLI,REIFEN,03.csv,,315,,21,105,Y,,,03,,,,,,
8019227310627,ART034452,PIRELLI,REIFEN,03.csv,,235,,19,91,Y,,,03,,,,,,
8019227310849,ART010580,PIRELLI,REIFEN,03.csv,,235,,18,103,V,,,03,,,,,,
8019227312072,ART012944,PIRELLI,REIFEN,03.csv,,275,,18,103,Y,,,03,,,,,,
8019227314571,ART018588,PIRELLI,REIFEN,03.csv,,235,,19,91,Y,,,03,,,,,,
8019227314816,ART010586,PIRELLI,REIFEN,03.csv,,265,,21,105,V,,,03,,,,,,
8019227325874,ART020835,PIRELLI,REIFEN,03.csv,,285,,20,99,Y,,,03,,,,,,
8019227326628,ART016503,PIRELLI,REIFEN,03.csv,,225,,19,96,V,,,03,,,,,,
8019227327557,ART017897,PIRELLI,REIFEN,03.csv,,235,,18,94,W,,,03,,,,,,
8019227343267,ART013565,PIRELLI,REIFEN,03.csv,,255,,20,110,Y,,,03,,,,,,
8019227347104,ART013046,PIRELLI,REIFEN,03.csv,,265,,21,101,Y,,,03,,,,,,
8019227347302,ART013543,PIRELLI,REIFEN,03.csv,,265,,20,104,Y,,,03,,,,,,
8019227349627,ART014183,PIRELLI,REIFEN,03.csv,,235,,19,101,V,,,03,,,,,,
8019227354096,ART017901,PIRELLI,REIFEN,03.csv,,315,,21,115,V,,,03,,,,,,
8019227356373,ART018807,PIRELLI,REIFEN,03.csv,,315,,21,105,Y,,,03,,,,,,
8019227356991,ART014644,PIRELLI,REIFEN,03.csv,,195,,15,91,W,,,03,,,,,,
8019227357356,ART018808,PIRELLI,REIFEN,03.csv,,275,,18,103,Y,,,03,,,,,,
8019227361865,ART014179,PIRELLI,REIFEN,03.csv,,235,,19,105,V,,,03,,,,,,
8019227361988,ART016509,PIRELLI,REIFEN,03.csv,,275,,19,100,Y,,,03,,,,,,
8019227374339,ART024735,PIRELLI,REIFEN,03.csv,,295,,21,102,W,,,03,,,,,,
8019227374377,ART034585,PIRELLI,REIFEN,03.csv,,275,,22,107,Y,,,03,,,,,,
8019227376838,ART022195,PIRELLI,REIFEN,03.csv,,305,,21,109,Y,,,03,,,,,,
8019227378276,ART015561,PIRELLI,REIFEN,03.csv,,305,,20,112,V,,,03,,,,,,
8019227379112,ART022256,PIRELLI,REIFEN,03.csv,,265,,21,105,H,,,03,,,,,,
8019227382808,ART020852,PIRELLI,REIFEN,03.csv,,235,,20,92,Y,,,03,,,,,,
8019227386776,ART016522,PIRELLI,REIFEN,03.csv,,235,,19,99,W,,,03,,,,,,
8019227387353,ART034560,PIRELLI,REIFEN,03.csv,,285,,23,107,Y,,,03,,,,,,
8019227388114,ART021081,PIRELLI,REIFEN,03.csv,,225,,17,94,Y,,,03,,,,,,
8019227388169,ART022260,PIRELLI,REIFEN,03.csv,,205,,17,93,Y,,,03,,,,,,
8019227388220,ART021086,PIRELLI,REIFEN,03.csv,,235,,18,98,Y,,,03,,,,,,
8019227388237,ART021087,PIRELLI,REIFEN,03.csv,,235,,18,95,Y,,,03,,,,,,
8019227388244,ART021088,PIRELLI,REIFEN,03.csv,,235,,18,103,V,,,03,,,,,,
8019227388251,ART022261,PIRELLI,REIFEN,03.csv,,215,,18,93,Y,,,03,,,,,,
8019227388282,ART021090,PIRELLI,REIFEN,03.csv,,235,,19,91,Y,,,03,,,,,,
8019227388305,ART022263,PIRELLI,REIFEN,03.csv,,235,,19,96,Y,,,03,,,,,,
8019227388336,ART022265,PIRELLI,REIFEN,03.csv,,245,,19,102,Y,,,03,,,,,,
8019227388343,ART022266,PIRELLI,REIFEN,03.csv,,225,,19,88,Y,,,03,,,,,,
8019227388398,ART021093,PIRELLI,REIFEN,03.csv,,255,,20,97,Y,,,03,,,,,,
8019227391374,ART021109,PIRELLI,REIFEN,03.csv,,205,,19,97,V,,,03,,,,,,
8019227392517,ART022283,PIRELLI,REIFEN,03.csv,,225,,17,101,Y,,,03,,,,,,
8019227392524,ART034605,PIRELLI,REIFEN,03.csv,,235,,17,103,Y,,,03,,,,,,
8019227392654,ART021114,PIRELLI,REIFEN,03.csv,,225,,19,96,W,,,03,,,,,,
8019227392692,ART034611,PIRELLI,REIFEN,03.csv,,225,,18,99,W,,,03,,,,,,
8019227393231,ART022575,PIRELLI,REIFEN,03.csv,,215,,17,95,V,,,03,,,,,,
8019227393262,ART022578,PIRELLI,REIFEN,03.csv,,225,,17,91,H,,,03,,,,,,
8019227393323,ART022583,PIRELLI,REIFEN,03.csv,,235,,17,103,V,,,03,,,,,,
8019227393330,ART022584,PIRELLI,REIFEN,03.csv,,215,,18,89,V,,,03,,,,,,
8019227393392,ART022588,PIRELLI,REIFEN,03.csv,,225,,19,96,V,,,03,,,,,,
8019227393422,ART022591,PIRELLI,REIFEN,03.csv,,195,,20,95,H,,,03,,,,,,
8019227393996,ART034811,PIRELLI,REIFEN,03.csv,,245,,20,99,Y,,,03,,,,,,
8019227394641,ART020859,PIRELLI,REIFEN,03.csv,,285,,21,100,Y,,,03,,,,,,
8019227394979,ART034577,PIRELLI,REIFEN,03.csv,,255,,19,104,H,,,03,,,,,,
8019227395174,ART020537,PIRELLI,REIFEN,03.csv,,245,,19,93,Y,,,03,,,,,,
8019227395204,ART021119,PIRELLI,REIFEN,03.csv,,255,,18,94,Y,,,03,,,,,,
8019227395433,ART027568,PIRELLI,REIFEN,03.csv,,315,,23,111,Y,,,03,,,,,,
8019227396607,ART034615,PIRELLI,REIFEN,03.csv,,235,,17,108,V,,,03,,,,,,
8019227396799,ART025727,PIRELLI,REIFEN,03.csv,,265,,20,111,H,,,03,,,,,,
8019227398991,ART021124,PIRELLI,REIFEN,03.csv,,225,,18,92,Y,,,03,,,,,,
8019227399028,ART022291,PIRELLI,REIFEN,03.csv,,215,,20,95,T,,,03,,,,,,
8019227399226,ART028739,PIRELLI,REIFEN,03.csv,,295,,20,110,Y,,,03,,,,,,
8019227400038,ART024739,PIRELLI,REIFEN,03.csv,,235,,18,110,H,,,03,,,,,,
8019227400045,ART024740,PIRELLI,REIFEN,03.csv,,245,,18,109,H,,,03,,,,,,
8019227400052,ART024741,PIRELLI,REIFEN,03.csv,,255,,18,109,Y,,,03,,,,,,
8019227400069,ART034686,PIRELLI,REIFEN,03.csv,,255,,18,112,V,,,03,,,,,,
8019227400076,ART025404,PIRELLI,REIFEN,03.csv,,265,,18,114,V,,,03,,,,,,
8019227400083,ART025405,PIRELLI,REIFEN,03.csv,,235,,19,105,W,,,03,,,,,,
8019227400120,ART025407,PIRELLI,REIFEN,03.csv,,255,,19,111,W,,,03,,,,,,
8019227400151,ART024742,PIRELLI,REIFEN,03.csv,,255,,20,105,Y,,,03,,,,,,
8019227400168,ART025410,PIRELLI,REIFEN,03.csv,,255,,20,105,Y,,,03,,,,,,
8019227400199,ART024743,PIRELLI,REIFEN,03.csv,,275,,20,110,Y,,,03,,,,,,
8019227400205,ART024744,PIRELLI,REIFEN,03.csv,,275,,21,110,Y,,,03,,,,,,
8019227400229,ART025413,PIRELLI,REIFEN,03.csv,,245,,18,100,Y,,,03,,,,,,
8019227400243,ART025414,PIRELLI,REIFEN,03.csv,,275,,20,106,W,,,03,,,,,,
8019227400304,ART022295,PIRELLI,REIFEN,03.csv,,235,,17,97,Y,,,03,,,,,,
8019227401141,ART025416,PIRELLI,REIFEN,03.csv,,235,,20,104,Y,,,03,,,,,,
8019227404050,ART028741,PIRELLI,REIFEN,03.csv,,255,,23,104,Y,,,03,,,,,,
8019227405903,ART034690,PIRELLI,REIFEN,03.csv,,265,,21,105,Y,,,03,,,,,,
8019227406511,ART027573,PIRELLI,REIFEN,03.csv,,275,,22,107,Y,,,03,,,,,,
8019227409277,ART022595,PIRELLI,REIFEN,03.csv,,275,,20,110,Y,,,03,,,,,,
8019227410624,ART041386,PIRELLI,REIFEN,03.csv,,235,,19,105,Y,,,03,,,,,,
8019227410761,ART025419,PIRELLI,REIFEN,03.csv,,315,,21,116,V,,,03,,,,,,
8019227411515,ART043687,PIRELLI,REIFEN,03.csv,,265,,21,108,H,,,03,,,,,,
8019227413717,ART026506,PIRELLI,REIFEN,03.csv,,235,,19,105,H,,,03,,,,,,
8019227413779,ART026511,PIRELLI,REIFEN,03.csv,,235,,20,105,H,,,03,,,,,,
8019227413892,ART026521,PIRELLI,REIFEN,03.csv,,245,,21,104,V,,,03,,,,,,
8019227413908,ART026522,PIRELLI,REIFEN,03.csv,,255,,21,102,V,,,03,,,,,,
8019227413939,ART026525,PIRELLI,REIFEN,03.csv,,275,,21,110,V,,,03,,,,,,
8019227414004,ART026532,PIRELLI,REIFEN,03.csv,,275,,22,108,V,,,03,,,,,,
8019227414028,ART026533,PIRELLI,REIFEN,03.csv,,285,,22,106,V,,,03,,,,,,
8019227414035,ART026534,PIRELLI,REIFEN,03.csv,,285,,22,110,V,,,03,,,,,,
8019227414059,ART026536,PIRELLI,REIFEN,03.csv,,315,,22,111,V,,,03,,,,,,
8019227418248,ART025428,PIRELLI,REIFEN,03.csv,,235,,16,100,H,,,03,,,,,,
8019227421514,ART024762,PIRELLI,REIFEN,03.csv,,215,,18,99,V,,,03,,,,,,
8019227421576,ART024768,PIRELLI,REIFEN,03.csv,,225,,19,99,V,,,03,,,,,,
8019227422191,ART027575,PIRELLI,REIFEN,03.csv,,315,,22,111,Y,,,03,,,,,,
8019227422719,ART076510,PIRELLI,REIFEN,03.csv,,245,,18,97,Y,,,03,,,,,,
8019227423983,ART041423,PIRELLI,REIFEN,03.csv,,235,,19,103,H,,,03,,,,,,
8019227423990,ART029092,PIRELLI,REIFEN,03.csv,,255,,19,104,H,,,03,,,,,,
8019227424010,ART029093,PIRELLI,REIFEN,03.csv,,255,,20,101,H,,,03,,,,,,
8019227424782,ART028743,PIRELLI,REIFEN,03.csv,,245,,19,102,W,,,03,,,,,,
8019227425277,ART027125,PIRELLI,REIFEN,03.csv,,215,,18,99,H,,,03,,,,,,
8019227426083,ART041420,PIRELLI,REIFEN,03.csv,,245,,21,100,V,,,03,,,,,,
8019227426199,ART076523,PIRELLI,REIFEN,03.csv,,315,,21,111,Y,,,03,,,,,,
8019227428889,ART027583,PIRELLI,REIFEN,03.csv,,215,,16,97,H,,,03,,,,,,
8019227431070,ART041430,PIRELLI,REIFEN,03.csv,,205,,16,96,V,,,03,,,,,,
8019227431087,ART041431,PIRELLI,REIFEN,03.csv,,215,,16,102,V,,,03,,,,,,
8019227431094,ART041432,PIRELLI,REIFEN,03.csv,,215,,16,99,V,,,03,,,,,,
8019227431100,ART041433,PIRELLI,REIFEN,03.csv,,225,,17,94,W,,,03,,,,,,
8019227431131,ART041435,PIRELLI,REIFEN,03.csv,,205,,17,93,W,,,03,,,,,,
8019227431148,ART041436,PIRELLI,REIFEN,03.csv,,215,,17,100,V,,,03,,,,,,
8019227431162,ART041438,PIRELLI,REIFEN,03.csv,,225,,17,101,Y,,,03,,,,,,
8019227431179,ART041439,PIRELLI,REIFEN,03.csv,,215,,17,95,W,,,03,,,,,,
8019227431193,ART041441,PIRELLI,REIFEN,03.csv,,215,,17,103,V,,,03,,,,,,
8019227431216,ART041443,PIRELLI,REIFEN,03.csv,,225,,18,102,V,,,03,,,,,,
8019227431223,ART041444,PIRELLI,REIFEN,03.csv,,215,,18,99,V,,,03,,,,,,
8019227431230,ART041445,PIRELLI,REIFEN,03.csv,,235,,18,104,V,,,03,,,,,,
8019227431247,ART041446,PIRELLI,REIFEN,03.csv,,225,,18,95,Y,,,03,,,,,,
8019227431254,ART041447,PIRELLI,REIFEN,03.csv,,245,,18,100,Y,,,03,,,,,,
8019227431261,ART041448,PIRELLI,REIFEN,03.csv,,235,,18,98,Y,,,03,,,,,,
8019227431292,ART041451,PIRELLI,REIFEN,03.csv,,225,,18,99,W,,,03,,,,,,
8019227431308,ART041452,PIRELLI,REIFEN,03.csv,,215,,18,92,W,,,03,,,,,,
8019227431315,ART041453,PIRELLI,REIFEN,03.csv,,225,,19,103,V,,,03,,,,,,
8019227431322,ART041454,PIRELLI,REIFEN,03.csv,,205,,19,97,V,,,03,,,,,,
8019227431339,ART041455,PIRELLI,REIFEN,03.csv,,235,,19,103,W,,,03,,,,,,
8019227431346,ART041456,PIRELLI,REIFEN,03.csv,,245,,19,98,Y,,,03,,,,,,
8019227431353,ART041457,PIRELLI,REIFEN,03.csv,,235,,19,96,Y,,,03,,,,,,
8019227431360,ART041458,PIRELLI,REIFEN,03.csv,,255,,19,96,Y,,,03,,,,,,
8019227431377,ART041459,PIRELLI,REIFEN,03.csv,,225,,19,96,W,,,03,,,,,,
8019227431384,ART041460,PIRELLI,REIFEN,03.csv,,195,,20,95,H,,,03,,,,,,
8019227431605,ART076544,PIRELLI,REIFEN,03.csv,,245,,19,93,Y,,,03,,,,,,
8019227431629,ART076546,PIRELLI,REIFEN,03.csv,,245,,18,100,Y,,,03,,,,,,
8019227431636,ART076547,PIRELLI,REIFEN,03.csv,,245,,19,102,Y,,,03,,,,,,
8019227431643,ART076548,PIRELLI,REIFEN,03.csv,,255,,19,96,Y,,,03,,,,,,
8019227432329,ART076550,PIRELLI,REIFEN,03.csv,,275,,21,103,Y,,,03,,,,,,
8019227432817,ART043894,PIRELLI,REIFEN,03.csv,,205,,16,91,H,,,03,,,,,,
8019227433654,ART076553,PIRELLI,REIFEN,03.csv,,325,,22,110,Y,,,03,,,,,,
8019227433845,ART041465,PIRELLI,REIFEN,03.csv,,185,,15,92,V,,,03,,,,,,
8019227433944,ART041467,PIRELLI,REIFEN,03.csv,,205,,17,88,W,,,03,,,,,,
8019227433968,ART041468,PIRELLI,REIFEN,03.csv,,225,,17,103,V,,,03,,,,,,
8019227433975,ART041469,PIRELLI,REIFEN,03.csv,,205,,17,84,W,,,03,,,,,,
8019227434002,ART041472,PIRELLI,REIFEN,03.csv,,235,,18,101,V,,,03,,,,,,
8019227434033,ART041473,PIRELLI,REIFEN,03.csv,,255,,18,94,Y,,,03,,,,,,
8019227434064,ART041475,PIRELLI,REIFEN,03.csv,,225,,19,93,Y,,,03,,,,,,
8019227434095,ART041478,PIRELLI,REIFEN,03.csv,,235,,19,99,Y,,,03,,,,,,
8019227434101,ART041479,PIRELLI,REIFEN,03.csv,,255,,19,100,Y,,,03,,,,,,
8019227434118,ART041480,PIRELLI,REIFEN,03.csv,,215,,20,95,T,,,03,,,,,,
8019227434828,ART028755,PIRELLI,REIFEN,03.csv,,235,,16,115,R,,,03,,,,,,
8019227434842,ART028757,PIRELLI,REIFEN,03.csv,,205,,16,107,T,,,03,,,,,,
8019227434873,ART028759,PIRELLI,REIFEN,03.csv,,215,,15,109,S,,,03,,,,,,
8019227434972,ART034879,PIRELLI,REIFEN,03.csv,,205,,16,110,R,,,03,,,,,,
8019227434996,ART034880,PIRELLI,REIFEN,03.csv,,215,,16,109,T,,,03,,,,,,
8019227435016,ART034881,PIRELLI,REIFEN,03.csv,,205,,16,107,T,,,03,,,,,,
8019227435023,ART034882,PIRELLI,REIFEN,03.csv,,225,,15,112,S,,,03,,,,,,
8019227435030,ART034883,PIRELLI,REIFEN,03.csv,,225,,16,112,R,,,03,,,,,,
8019227435047,ART034884,PIRELLI,REIFEN,03.csv,,235,,16,115,R,,,03,,,,,,
8019227435061,ART034886,PIRELLI,REIFEN,03.csv,,195,,16,110,R,,,03,,,,,,
8019227435078,ART034887,PIRELLI,REIFEN,03.csv,,195,,16,110,R,,,03,,,,,,
8019227440683,ART043748,PIRELLI,REIFEN,03.csv,,255,,20,101,W,,,03,,,,,,
8019227440690,ART043747,PIRELLI,REIFEN,03.csv,,255,,20,101,W,,,03,,,,,,
8019227441093,ART076556,PIRELLI,REIFEN,03.csv,,325,,22,110,Y,,,03,,,,,,
8019227444292,ART041495,PIRELLI,REIFEN,03.csv,,195,,18,96,H,,,03,,,,,,
8019227444308,ART043917,PIRELLI,REIFEN,03.csv,,245,,18,97,V,,,03,,,,,,
8019227447842,ART043896,PIRELLI,REIFEN,03.csv,,215,,18,92,V,,,03,,,,,,
8019227447859,ART043898,PIRELLI,REIFEN,03.csv,,215,,18,99,V,,,03,,,,,,
8019227447941,ART043739,PIRELLI,REIFEN,03.csv,,235,,18,101,V,,,03,,,,,,
8019227447958,ART043913,PIRELLI,REIFEN,03.csv,,235,,18,98,V,,,03,,,,,,
8019227448054,ART043674,PIRELLI,REIFEN,03.csv,,205,,16,96,V,,,03,,,,,,
8019227448061,ART043673,PIRELLI,REIFEN,03.csv,,205,,17,95,V,,,03,,,,,,
8019227448078,ART043675,PIRELLI,REIFEN,03.csv,,215,,17,98,W,,,03,,,,,,
8019227448085,ART043682,PIRELLI,REIFEN,03.csv,,215,,17,100,V,,,03,,,,,,
8019227448092,ART043678,PIRELLI,REIFEN,03.csv,,225,,17,94,W,,,03,,,,,,
8019227448108,ART043680,PIRELLI,REIFEN,03.csv,,225,,17,98,W,,,03,,,,,,
8019227448115,ART043677,PIRELLI,REIFEN,03.csv,,225,,18,92,Y,,,03,,,,,,
8019227448122,ART043679,PIRELLI,REIFEN,03.csv,,225,,18,95,Y,,,03,,,,,,
8019227448139,ART043685,PIRELLI,REIFEN,03.csv,,235,,18,104,V,,,03,,,,,,
8019227448160,ART043672,PIRELLI,REIFEN,03.csv,,205,,16,94,V,,,03,,,,,,
8019227448184,ART043683,PIRELLI,REIFEN,03.csv,,225,,18,99,W,,,03,,,,,,
8019227448191,ART043684,PIRELLI,REIFEN,03.csv,,225,,19,103,W,,,03,,,,,,
8019227453287,ART043669,PIRELLI,REIFEN,03.csv,,195,,15,86,V,,,03,,,,,,
8019227453294,ART043670,PIRELLI,REIFEN,03.csv,,195,,15,89,V,,,03,,,,,,
8019227453300,ART043667,PIRELLI,REIFEN,03.csv,,185,,15,86,V,,,03,,,,,,
8019227453317,ART043671,PIRELLI,REIFEN,03.csv,,195,,15,95,V,,,03,,,,,,
8019227453324,ART043668,PIRELLI,REIFEN,03.csv,,185,,15,88,V,,,03,,,,,,
8019227453331,ART043666,PIRELLI,REIFEN,03.csv,,175,,15,88,V,,,03,,,,,,
8019227454062,ART076564,PIRELLI,REIFEN,03.csv,,225,,17,94,Y,,,03,,,,,,
8019227454079,ART076565,PIRELLI,REIFEN,03.csv,,225,,17,99,Y,,,03,,,,,,
8019227454215,ART076571,PIRELLI,REIFEN,03.csv,,225,,18,102,Y,,,03,,,,,,
8019227454314,ART076574,PIRELLI,REIFEN,03.csv,,215,,18,99,V,,,03,,,,,,
8019227456592,ART043893,PIRELLI,REIFEN,03.csv,,195,,15,95,H,,,03,,,,,,
8019227456608,ART043892,PIRELLI,REIFEN,03.csv,,185,,15,92,H,,,03,,,,,,
8714692273261,ART003509,VREDESTEIN,REIFEN,03.csv,,165,,14,75,H,,,03,,,,,,
8714692315688,ART005807,VREDESTEIN,REIFEN,03.csv,,155,,13,75,T,,,03,,,,,,
8714692315695,ART005822,VREDESTEIN,REIFEN,03.csv,,185,,14,82,H,,,03,,,,,,
8714692315701,ART005823,VREDESTEIN,REIFEN,03.csv,,185,,14,82,T,,,03,,,,,,
8714692315947,ART005816,VREDESTEIN,REIFEN,03.csv,,175,,14,82,T,,,03,,,,,,
8714692315961,ART005814,VREDESTEIN,REIFEN,03.csv,,165,,14,81,T,,,03,,,,,,
8714692315985,ART005818,VREDESTEIN,REIFEN,03.csv,,175,,14,84,T,,,03,,,,,,
8714692316029,ART005833,VREDESTEIN,REIFEN,03.csv,,215,,15,96,H,,,03,,,,,,
8714692316340,ART005831,VREDESTEIN,REIFEN,03.csv,,205,,15,86,H,,,03,,,,,,
8714692316388,ART005820,VREDESTEIN,REIFEN,03.csv,,175,,14,88,T,,,03,,,,,,
8714692316500,ART005819,VREDESTEIN,REIFEN,03.csv,,175,,14,88,T,,,03,,,,,,
8714692316562,ART005826,VREDESTEIN,REIFEN,03.csv,,185,,13,86,T,,,03,,,,,,
8714692331855,ART007457,VREDESTEIN,REIFEN,03.csv,,265,,19,110,W,,,03,,,,,,
8714692332036,ART009298,VREDESTEIN,REIFEN,03.csv,,215,,18,84,Y,,,03,,,,,,
8714692345463,ART015470,VREDESTEIN,REIFEN,03.csv,,195,,16,91,V,,,03,,,,,,
8714692351938,ART015957,VREDESTEIN,REIFEN,03.csv,,215,,17,87,V,,,03,,,,,,
8714692358074,ART020423,VREDESTEIN,REIFEN,03.csv,,205,,16,91,H,,,03,,,,,,
8714692358098,ART020425,VREDESTEIN,REIFEN,03.csv,,205,,16,94,V,,,03,,,,,,
8714692358104,ART020426,VREDESTEIN,REIFEN,03.csv,,195,,15,91,H,,,03,,,,,,
8714692358111,ART020427,VREDESTEIN,REIFEN,03.csv,,195,,15,91,T,,,03,,,,,,
8714692358128,ART020428,VREDESTEIN,REIFEN,03.csv,,195,,15,95,T,,,03,,,,,,
8714692358135,ART020429,VREDESTEIN,REIFEN,03.csv,,195,,15,91,V,,,03,,,,,,
8714692358142,ART020430,VREDESTEIN,REIFEN,03.csv,,185,,15,88,T,,,03,,,,,,
8714692358159,ART020431,VREDESTEIN,REIFEN,03.csv,,185,,15,88,H,,,03,,,,,,
8714692358166,ART020432,VREDESTEIN,REIFEN,03.csv,,185,,15,92,H,,,03,,,,,,
8714692358173,ART020433,VREDESTEIN,REIFEN,03.csv,,185,,15,88,H,,,03,,,,,,
8714692358180,ART021396,VREDESTEIN,REIFEN,03.csv,,195,,15,82,H,,,03,,,,,,
8714692358197,ART021397,VREDESTEIN,REIFEN,03.csv,,195,,15,82,V,,,03,,,,,,
8714692358203,ART020434,VREDESTEIN,REIFEN,03.csv,,175,,15,84,H,,,03,,,,,,
8714692358210,ART020435,VREDESTEIN,REIFEN,03.csv,,195,,16,87,H,,,03,,,,,,
8714692358227,ART020436,VREDESTEIN,REIFEN,03.csv,,195,,15,88,H,,,03,,,,,,
8714692358234,ART021398,VREDESTEIN,REIFEN,03.csv,,175,,15,77,T,,,03,,,,,,
8714692358241,ART020437,VREDESTEIN,REIFEN,03.csv,,185,,15,82,H,,,03,,,,,,
8714692358258,ART020438,VREDESTEIN,REIFEN,03.csv,,195,,15,85,H,,,03,,,,,,
8714692358265,ART020439,VREDESTEIN,REIFEN,03.csv,,205,,16,96,H,,,03,,,,,,
8714692358289,ART020441,VREDESTEIN,REIFEN,03.csv,,195,,16,84,V,,,03,,,,,,
8714692358296,ART020442,VREDESTEIN,REIFEN,03.csv,,215,,16,98,H,,,03,,,,,,
8714692358302,ART020443,VREDESTEIN,REIFEN,03.csv,,215,,16,102,V,,,03,,,,,,
8714692358319,ART021399,VREDESTEIN,REIFEN,03.csv,,165,,15,81,T,,,03,,,,,,
8714692358326,ART020444,VREDESTEIN,REIFEN,03.csv,,185,,16,87,V,,,03,,,,,,
8714692358333,ART021400,VREDESTEIN,REIFEN,03.csv,,205,,15,91,H,,,03,,,,,,
8714692358340,ART021401,VREDESTEIN,REIFEN,03.csv,,205,,15,91,V,,,03,,,,,,
8714692358357,ART020445,VREDESTEIN,REIFEN,03.csv,,235,,16,100,H,,,03,,,,,,
8714692358364,ART020446,VREDESTEIN,REIFEN,03.csv,,215,,16,99,V,,,03,,,,,,
8714692358371,ART020447,VREDESTEIN,REIFEN,03.csv,,225,,16,99,W,,,03,,,,,,
8714692358388,ART020448,VREDESTEIN,REIFEN,03.csv,,225,,16,95,V,,,03,,,,,,
8714692358395,ART021402,VREDESTEIN,REIFEN,03.csv,,165,,15,77,H,,,03,,,,,,
8714692358418,ART020449,VREDESTEIN,REIFEN,03.csv,,215,,16,100,H,,,03,,,,,,
8714692358425,ART020450,VREDESTEIN,REIFEN,03.csv,,185,,16,81,H,,,03,,,,,,
8714692358432,ART020451,VREDESTEIN,REIFEN,03.csv,,205,,16,87,V,,,03,,,,,,
8714692358449,ART020452,VREDESTEIN,REIFEN,03.csv,,215,,16,93,H,,,03,,,,,,
8714692358456,ART020453,VREDESTEIN,REIFEN,03.csv,,215,,16,97,V,,,03,,,,,,
8714692358463,ART020454,VREDESTEIN,REIFEN,03.csv,,225,,16,102,H,,,03,,,,,,
8714692358470,ART020455,VREDESTEIN,REIFEN,03.csv,,215,,16,90,V,,,03,,,,,,
8714692358487,ART020456,VREDESTEIN,REIFEN,03.csv,,225,,16,103,H,,,03,,,,,,
8714692358494,ART020457,VREDESTEIN,REIFEN,03.csv,,195,,16,88,V,,,03,,,,,,
8714692358500,ART020458,VREDESTEIN,REIFEN,03.csv,,195,,16,89,H,,,03,,,,,,
8714692361555,ART019672,VREDESTEIN,REIFEN,03.csv,,215,,16,103,T,,,03,,,,,,
8714692361586,ART019675,VREDESTEIN,REIFEN,03.csv,,215,,16,109,T,,,03,,,,,,
8714692361609,ART019677,VREDESTEIN,REIFEN,03.csv,,195,,16,104,T,,,03,,,,,,
8714692361616,ART019678,VREDESTEIN,REIFEN,03.csv,,215,,16,116,R,,,03,,,,,,
8714692361661,ART019683,VREDESTEIN,REIFEN,03.csv,,215,,15,109,S,,,03,,,,,,
8714692361944,ART023230,VREDESTEIN,REIFEN,03.csv,,235,,17,117,R,,,03,,,,,,
8714692504082,ART020459,VREDESTEIN,REIFEN,03.csv,,205,,16,83,H,,,03,,,,,,
8714692504105,ART020461,VREDESTEIN,REIFEN,03.csv,,195,,15,88,V,,,03,,,,,,
8714692505003,ART021413,VREDESTEIN,REIFEN,03.csv,,225,,17,91,Y,,,03,,,,,,
8714692505294,ART021433,VREDESTEIN,REIFEN,03.csv,,195,,15,91,V,,,03,,,,,,
8714692505300,ART021434,VREDESTEIN,REIFEN,03.csv,,195,,15,91,H,,,03,,,,,,
8714692800795,ART024436,VREDESTEIN,REIFEN,03.csv,,175,,13,80,T,,,03,,,,,,
8714692800818,ART024438,VREDESTEIN,REIFEN,03.csv,,175,,13,82,T,,,03,,,,,,
8714692804328,ART041031,VREDESTEIN,REIFEN,03.csv,,225,,18,92,Y,,,03,,,,,,
8714692804335,ART041035,VREDESTEIN,REIFEN,03.csv,,245,,18,97,Y,,,03,,,,,,
8714692804533,ART041036,VREDESTEIN,REIFEN,03.csv,,245,,19,98,Y,,,03,,,,,,
8714692807985,ART027857,VREDESTEIN,REIFEN,03.csv,,255,,19,107,V,,,03,,,,,,
8714692809842,ART027861,VREDESTEIN,REIFEN,03.csv,,195,,16,99,H,,,03,,,,,,
8714692810046,ART029181,VREDESTEIN,REIFEN,03.csv,,275,,22,108,Y,,,03,,,,,,
8714692810053,ART042085,VREDESTEIN,REIFEN,03.csv,,295,,21,107,Y,,,03,,,,,,
8714692810084,ART035246,VREDESTEIN,REIFEN,03.csv,,245,,21,96,Y,,,03,,,,,,
8714692810091,ART041044,VREDESTEIN,REIFEN,03.csv,,285,,21,109,Y,,,03,,,,,,
8714692810107,ART042084,VREDESTEIN,REIFEN,03.csv,,275,,21,107,Y,,,03,,,,,,
8714692810114,ART042080,VREDESTEIN,REIFEN,03.csv,,265,,21,105,Y,,,03,,,,,,
8714692810121,ART044008,VREDESTEIN,REIFEN,03.csv,,255,,21,102,Y,,,03,,,,,,
8714692810138,ART041046,VREDESTEIN,REIFEN,03.csv,,285,,21,113,Y,,,03,,,,,,
8714692810169,ART044004,VREDESTEIN,REIFEN,03.csv,,235,,21,101,Y,,,03,,,,,,
8714692810183,ART035264,VREDESTEIN,REIFEN,03.csv,,315,,20,110,Y,,,03,,,,,,
8714692810190,ART029100,VREDESTEIN,REIFEN,03.csv,,255,,20,97,Y,,,03,,,,,,
8714692810213,ART035247,VREDESTEIN,REIFEN,03.csv,,275,,20,106,Y,,,03,,,,,,
8714692810244,ART041045,VREDESTEIN,REIFEN,03.csv,,285,,20,112,Y,,,03,,,,,,
8714692810251,ART035248,VREDESTEIN,REIFEN,03.csv,,275,,20,110,Y,,,03,,,,,,
8714692810275,ART041063,VREDESTEIN,REIFEN,03.csv,,255,,20,105,W,,,03,,,,,,
8714692810299,ART029475,VREDESTEIN,REIFEN,03.csv,,235,,20,100,W,,,03,,,,,,
8714692810312,ART042082,VREDESTEIN,REIFEN,03.csv,,265,,20,111,Y,,,03,,,,,,
8714692810329,ART035216,VREDESTEIN,REIFEN,03.csv,,255,,20,109,Y,,,03,,,,,,
8714692810343,ART035217,VREDESTEIN,REIFEN,03.csv,,255,,20,110,Y,,,03,,,,,,
8714692810350,ART035266,VREDESTEIN,REIFEN,03.csv,,195,,20,95,H,,,03,,,,,,
8714692810367,ART042083,VREDESTEIN,REIFEN,03.csv,,275,,19,100,Y,,,03,,,,,,
8714692810381,ART041019,VREDESTEIN,REIFEN,03.csv,,245,,19,93,Y,,,03,,,,,,
8714692810398,ART035218,VREDESTEIN,REIFEN,03.csv,,235,,19,91,Y,,,03,,,,,,
8714692810404,ART044002,VREDESTEIN,REIFEN,03.csv,,225,,19,88,Y,,,03,,,,,,
8714692810428,ART029101,VREDESTEIN,REIFEN,03.csv,,245,,19,98,Y,,,03,,,,,,
8714692810435,ART035268,VREDESTEIN,REIFEN,03.csv,,235,,19,96,Y,,,03,,,,,,
8714692810442,ART044003,VREDESTEIN,REIFEN,03.csv,,225,,19,93,Y,,,03,,,,,,
8714692810459,ART029102,VREDESTEIN,REIFEN,03.csv,,255,,19,104,Y,,,03,,,,,,
8714692810466,ART035219,VREDESTEIN,REIFEN,03.csv,,245,,19,102,Y,,,03,,,,,,
8714692810473,ART035220,VREDESTEIN,REIFEN,03.csv,,235,,19,99,Y,,,03,,,,,,
8714692810480,ART035250,VREDESTEIN,REIFEN,03.csv,,225,,19,96,W,,,03,,,,,,
8714692810497,ART044010,VREDESTEIN,REIFEN,03.csv,,265,,19,110,W,,,03,,,,,,
8714692810503,ART035269,VREDESTEIN,REIFEN,03.csv,,255,,19,107,Y,,,03,,,,,,
8714692810527,ART035271,VREDESTEIN,REIFEN,03.csv,,235,,19,103,W,,,03,,,,,,
8714692810541,ART035272,VREDESTEIN,REIFEN,03.csv,,255,,19,111,W,,,03,,,,,,
8714692810589,ART041047,VREDESTEIN,REIFEN,03.csv,,255,,18,94,Y,,,03,,,,,,
8714692810596,ART041017,VREDESTEIN,REIFEN,03.csv,,245,,18,92,Y,,,03,,,,,,
8714692810602,ART035274,VREDESTEIN,REIFEN,03.csv,,245,,18,97,Y,,,03,,,,,,
8714692810619,ART035252,VREDESTEIN,REIFEN,03.csv,,235,,18,95,Y,,,03,,,,,,
8714692810626,ART029182,VREDESTEIN,REIFEN,03.csv,,225,,18,92,Y,,,03,,,,,,
8714692810633,ART035221,VREDESTEIN,REIFEN,03.csv,,225,,18,92,V,,,03,,,,,,
8714692810640,ART035222,VREDESTEIN,REIFEN,03.csv,,215,,18,89,Y,,,03,,,,,,
8714692810671,ART035253,VREDESTEIN,REIFEN,03.csv,,235,,18,98,Y,,,03,,,,,,
8714692810695,ART029103,VREDESTEIN,REIFEN,03.csv,,215,,18,93,Y,,,03,,,,,,
8714692810718,ART035275,VREDESTEIN,REIFEN,03.csv,,225,,18,99,W,,,03,,,,,,
8714692810725,ART029104,VREDESTEIN,REIFEN,03.csv,,215,,18,92,W,,,03,,,,,,
8714692810732,ART035256,VREDESTEIN,REIFEN,03.csv,,255,,18,109,W,,,03,,,,,,
8714692810749,ART035224,VREDESTEIN,REIFEN,03.csv,,235,,18,104,V,,,03,,,,,,
8714692810756,ART035257,VREDESTEIN,REIFEN,03.csv,,225,,18,102,V,,,03,,,,,,
8714692810763,ART029183,VREDESTEIN,REIFEN,03.csv,,215,,18,99,V,,,03,,,,,,
8714692810794,ART041027,VREDESTEIN,REIFEN,03.csv,,235,,18,107,W,,,03,,,,,,
8714692810800,ART029105,VREDESTEIN,REIFEN,03.csv,,225,,18,104,W,,,03,,,,,,
8714692810817,ART035276,VREDESTEIN,REIFEN,03.csv,,235,,18,110,V,,,03,,,,,,
8714692810848,ART035277,VREDESTEIN,REIFEN,03.csv,,245,,17,99,Y,,,03,,,,,,
8714692810855,ART029106,VREDESTEIN,REIFEN,03.csv,,235,,17,97,Y,,,03,,,,,,
8714692810862,ART029107,VREDESTEIN,REIFEN,03.csv,,225,,17,94,Y,,,03,,,,,,
8714692810879,ART035278,VREDESTEIN,REIFEN,03.csv,,215,,17,91,Y,,,03,,,,,,
8714692810886,ART035226,VREDESTEIN,REIFEN,03.csv,,205,,17,88,Y,,,03,,,,,,
8714692810909,ART029185,VREDESTEIN,REIFEN,03.csv,,225,,17,98,Y,,,03,,,,,,
8714692810916,ART035259,VREDESTEIN,REIFEN,03.csv,,215,,17,95,W,,,03,,,,,,
8714692810923,ART035228,VREDESTEIN,REIFEN,03.csv,,205,,17,93,Y,,,03,,,,,,
8714692810930,ART029186,VREDESTEIN,REIFEN,03.csv,,205,,17,93,V,,,03,,,,,,
8714692810947,ART044011,VREDESTEIN,REIFEN,03.csv,,275,,17,109,V,,,03,,,,,,
8714692810961,ART041034,VREDESTEIN,REIFEN,03.csv,,235,,17,103,V,,,03,,,,,,
8714692810978,ART029109,VREDESTEIN,REIFEN,03.csv,,225,,17,101,W,,,03,,,,,,
8714692810985,ART035229,VREDESTEIN,REIFEN,03.csv,,215,,17,98,W,,,03,,,,,,
8714692810992,ART035260,VREDESTEIN,REIFEN,03.csv,,205,,17,95,V,,,03,,,,,,
8714692811005,ART041049,VREDESTEIN,REIFEN,03.csv,,255,,17,106,V,,,03,,,,,,
8714692811029,ART035279,VREDESTEIN,REIFEN,03.csv,,225,,17,103,V,,,03,,,,,,
8714692811043,ART029188,VREDESTEIN,REIFEN,03.csv,,215,,17,96,H,,,03,,,,,,
8714692811067,ART035231,VREDESTEIN,REIFEN,03.csv,,245,,17,111,V,,,03,,,,,,
8714692811081,ART035281,VREDESTEIN,REIFEN,03.csv,,225,,17,106,V,,,03,,,,,,
8714692811098,ART035262,VREDESTEIN,REIFEN,03.csv,,215,,17,103,V,,,03,,,,,,
8714692813115,ART044001,VREDESTEIN,REIFEN,03.csv,,215,,19,93,V,,,03,,,,,,
8714692988141,ART023242,VREDESTEIN,REIFEN,03.csv,,165,,14,79,T,,,03,,,,,,
8714692998812,ART041028,VREDESTEIN,REIFEN,03.csv,,205,,17,84,W,,,03,,,,,,
8807622100260,ART015883,NEXEN,REIFEN,03.csv,,195,,15,95,T,,,03,,,,,,
8807622100277,ART015882,NEXEN,REIFEN,03.csv,,195,,15,91,T,,,03,,,,,,
8807622100284,ART015881,NEXEN,REIFEN,03.csv,,195,,15,91,H,,,03,,,,,,
8807622101205,ART015828,NEXEN,REIFEN,03.csv,,205,,16,87,V,,,03,,,,,,
8807622101632,ART015937,NEXEN,REIFEN,03.csv,,175,,14,82,H,,,03,,,,,,
8807622101847,ART015791,NEXEN,REIFEN,03.csv,,195,,15,91,V,,,03,,,,,,
8807622102165,ART013862,NEXEN,REIFEN,03.csv,,205,,17,93,W,,,03,,,,,,
8807622102172,ART013861,NEXEN,REIFEN,03.csv,,235,,17,97,V,,,03,,,,,,
8807622102592,ART015864,NEXEN,REIFEN,03.csv,,195,,15,88,H,,,03,,,,,,
8807622102820,ART015844,NEXEN,REIFEN,03.csv,,195,,16,87,T,,,03,,,,,,
8807622102844,ART015845,NEXEN,REIFEN,03.csv,,205,,16,91,T,,,03,,,,,,
8807622102882,ART015838,NEXEN,REIFEN,03.csv,,205,,16,91,H,,,03,,,,,,
8807622102899,ART015919,NEXEN,REIFEN,03.csv,,215,,17,95,V,,,03,,,,,,
8807622102929,ART015905,NEXEN,REIFEN,03.csv,,245,,17,95,W,,,03,,,,,,
8807622102943,ART015922,NEXEN,REIFEN,03.csv,,225,,16,96,W,,,03,,,,,,
8807622102998,ART038781,NEXEN,REIFEN,03.csv,,235,,17,97,W,,,03,,,,,,
8807622103049,ART015901,NEXEN,REIFEN,03.csv,,205,,17,84,W,,,03,,,,,,
8807622103094,ART015915,NEXEN,REIFEN,03.csv,,245,,17,99,Y,,,03,,,,,,
8807622103124,ART038780,NEXEN,REIFEN,03.csv,,215,,17,87,W,,,03,,,,,,
8807622103131,ART015933,NEXEN,REIFEN,03.csv,,225,,16,99,W,,,03,,,,,,
8807622103148,ART015930,NEXEN,REIFEN,03.csv,,205,,17,95,Y,,,03,,,,,,
8807622103155,ART015924,NEXEN,REIFEN,03.csv,,225,,17,98,V,,,03,,,,,,
8807622103162,ART015909,NEXEN,REIFEN,03.csv,,205,,17,88,V,,,03,,,,,,
8807622103193,ART015921,NEXEN,REIFEN,03.csv,,215,,17,95,W,,,03,,,,,,
8807622103223,ART015916,NEXEN,REIFEN,03.csv,,185,,16,81,V,,,03,,,,,,
8807622103230,ART015918,NEXEN,REIFEN,03.csv,,205,,17,93,W,,,03,,,,,,
8807622103247,ART015906,NEXEN,REIFEN,03.csv,,195,,15,78,W,,,03,,,,,,
8807622103261,ART015928,NEXEN,REIFEN,03.csv,,205,,16,91,W,,,03,,,,,,
8807622103285,ART015839,NEXEN,REIFEN,03.csv,,225,,17,98,Y,,,03,,,,,,
8807622103353,ART015926,NEXEN,REIFEN,03.csv,,185,,16,83,V,,,03,,,,,,
8807622103377,ART015934,NEXEN,REIFEN,03.csv,,225,,17,101,W,,,03,,,,,,
8807622103384,ART015927,NEXEN,REIFEN,03.csv,,195,,16,91,V,,,03,,,,,,
8807622103391,ART015908,NEXEN,REIFEN,03.csv,,205,,16,87,W,,,03,,,,,,
8807622103452,ART015943,NEXEN,REIFEN,03.csv,,255,,19,96,Y,,,03,,,,,,
8807622103469,ART038789,NEXEN,REIFEN,03.csv,,245,,20,95,Y,,,03,,,,,,
8807622103568,ART015773,NEXEN,REIFEN,03.csv,,245,,19,98,Y,,,03,,,,,,
8807622103575,ART015941,NEXEN,REIFEN,03.csv,,225,,19,88,Y,,,03,,,,,,
8807622103582,ART038772,NEXEN,REIFEN,03.csv,,235,,18,101,Y,,,03,,,,,,
8807622103599,ART015778,NEXEN,REIFEN,03.csv,,245,,19,102,Y,,,03,,,,,,
8807622103681,ART015776,NEXEN,REIFEN,03.csv,,235,,18,98,Y,,,03,,,,,,
8807622103728,ART015774,NEXEN,REIFEN,03.csv,,225,,17,94,Y,,,03,,,,,,
8807622110696,ART015920,NEXEN,REIFEN,03.csv,,215,,16,86,H,,,03,,,,,,
8807622110900,ART005387,NEXEN,REIFEN,03.csv,,235,,17,102,S,,,03,,,,,,
8807622111297,ART010390,NEXEN,REIFEN,03.csv,,215,,17,91,W,,,03,,,,,,
8807622112737,ART010385,NEXEN,REIFEN,03.csv,,195,,14,86,H,,,03,,,,,,
8807622147067,ART015424,NEXEN,REIFEN,03.csv,,195,,15,104,T,,,03,,,,,,
8807622148552,ART009037,NEXEN,REIFEN,03.csv,,195,,15,91,V,,,03,,,,,,
8807622179297,ART006280,NEXEN,REIFEN,03.csv,,185,,14,102,T,,,03,,,,,,
8807622179358,ART038807,NEXEN,REIFEN,03.csv,,205,,15,106,T,,,03,,,,,,
8807622179556,ART015427,NEXEN,REIFEN,03.csv,,205,,16,107,T,,,03,,,,,,
8807622181238,ART015428,NEXEN,REIFEN,03.csv,,215,,16,103,T,,,03,,,,,,
8807622186295,ART009026,NEXEN,REIFEN,03.csv,,175,,15,84,T,,,03,,,,,,
8807622186301,ART009027,NEXEN,REIFEN,03.csv,,185,,14,86,T,,,03,,,,,,
8807622191992,ART018174,NEXEN,REIFEN,03.csv,,185,,15,84,T,,,03,,,,,,
8807622193095,ART025652,NEXEN,REIFEN,03.csv,,205,,16,95,H,,,03,,,,,,
8807622193378,ART020378,NEXEN,REIFEN,03.csv,,215,,16,97,V,,,03,,,,,,
8807622193590,ART015767,NEXEN,REIFEN,03.csv,,235,,16,121,R,,,03,,,,,,
8807622193675,ART018176,NEXEN,REIFEN,03.csv,,235,,18,101,V,,,03,,,,,,
8807622193682,ART018177,NEXEN,REIFEN,03.csv,,255,,18,109,V,,,03,,,,,,
8807622193705,ART018179,NEXEN,REIFEN,03.csv,,235,,18,107,V,,,03,,,,,,
8807622193712,ART018180,NEXEN,REIFEN,03.csv,,235,,17,108,V,,,03,,,,,,
8807622193729,ART018181,NEXEN,REIFEN,03.csv,,225,,17,102,H,,,03,,,,,,
8807622193736,ART018182,NEXEN,REIFEN,03.csv,,215,,16,100,H,,,03,,,,,,
8807622194047,ART038811,NEXEN,REIFEN,03.csv,,225,,15,112,T,,,03,,,,,,
8807622198991,ART023998,NEXEN,REIFEN,03.csv,,245,,19,93,W,,,03,,,,,,
8807622199868,ART020397,NEXEN,REIFEN,03.csv,,225,,18,99,H,,,03,,,,,,
8807622200021,ART020405,NEXEN,REIFEN,03.csv,,225,,17,102,H,,,03,,,,,,
8807622200830,ART020413,NEXEN,REIFEN,03.csv,,235,,16,115,R,,,03,,,,,,
8807622200854,ART020414,NEXEN,REIFEN,03.csv,,225,,16,112,R,,,03,,,,,,
8807622200878,ART020416,NEXEN,REIFEN,03.csv,,205,,16,107,T,,,03,,,,,,
8807622200885,ART020417,NEXEN,REIFEN,03.csv,,215,,16,116,R,,,03,,,,,,
8807622200892,ART020418,NEXEN,REIFEN,03.csv,,205,,16,110,R,,,03,,,,,,
8807622200908,ART020419,NEXEN,REIFEN,03.csv,,195,,16,107,R,,,03,,,,,,
8807622200915,ART020420,NEXEN,REIFEN,03.csv,,225,,15,112,R,,,03,,,,,,
8807622200946,ART020422,NEXEN,REIFEN,03.csv,,195,,15,107,N,,,03,,,,,,
8807622201165,ART038817,NEXEN,REIFEN,03.csv,,195,,15,107,N,,,03,,,,,,
8807622201172,ART022381,NEXEN,REIFEN,03.csv,,195,,15,91,H,,,03,,,,,,
8807622202933,ART038863,NEXEN,REIFEN,03.csv,,235,,19,103,V,,,03,,,,,,
8807622203435,ART021390,NEXEN,REIFEN,03.csv,,235,,17,99,V,,,03,,,,,,
8807622203510,ART021393,NEXEN,REIFEN,03.csv,,225,,17,102,H,,,03,,,,,,
8807622203527,ART021394,NEXEN,REIFEN,03.csv,,215,,16,98,V,,,03,,,,,,
8807622204852,ART022910,NEXEN,REIFEN,03.csv,,195,,16,104,T,,,03,,,,,,
8807622211126,ART025655,NEXEN,REIFEN,03.csv,,205,,16,96,H,,,03,,,,,,
8807622211935,ART027205,NEXEN,REIFEN,03.csv,,205,,16,91,H,,,03,,,,,,
8807622212116,ART024617,NEXEN,REIFEN,03.csv,,215,,16,99,H,,,03,,,,,,
8807622213731,ART038902,NEXEN,REIFEN,03.csv,,225,,16,112,T,,,03,,,,,,
8807622215674,ART027207,NEXEN,REIFEN,03.csv,,235,,18,107,W,,,03,,,,,,
8807622215681,ART027208,NEXEN,REIFEN,03.csv,,215,,17,100,V,,,03,,,,,,
8807622215698,ART027209,NEXEN,REIFEN,03.csv,,225,,17,106,V,,,03,,,,,,
8807622215766,ART027850,NEXEN,REIFEN,03.csv,,195,,16,88,H,,,03,,,,,,
8807622215780,ART027851,NEXEN,REIFEN,03.csv,,215,,16,90,V,,,03,,,,,,
8807622215865,ART027211,NEXEN,REIFEN,03.csv,,215,,17,109,T,,,03,,,,,,
8807622215872,ART027212,NEXEN,REIFEN,03.csv,,215,,16,103,T,,,03,,,,,,
8807622215896,ART027214,NEXEN,REIFEN,03.csv,,195,,16,104,T,,,03,,,,,,
8807622215957,ART027218,NEXEN,REIFEN,03.csv,,245,,17,99,Y,,,03,,,,,,
8807622215964,ART027219,NEXEN,REIFEN,03.csv,,245,,19,102,Y,,,03,,,,,,
8807622215971,ART027220,NEXEN,REIFEN,03.csv,,225,,17,94,W,,,03,,,,,,
8807622216183,ART027229,NEXEN,REIFEN,03.csv,,235,,17,97,Y,,,03,,,,,,
8807622216237,ART027232,NEXEN,REIFEN,03.csv,,205,,17,95,V,,,03,,,,,,
8807622216282,ART027235,NEXEN,REIFEN,03.csv,,205,,15,106,R,,,03,,,,,,
8807622216299,ART027236,NEXEN,REIFEN,03.csv,,215,,15,109,S,,,03,,,,,,
8807622216336,ART027237,NEXEN,REIFEN,03.csv,,225,,16,121,R,,,03,,,,,,
8807622216343,ART027238,NEXEN,REIFEN,03.csv,,215,,15,104,T,,,03,,,,,,
8807622216367,ART027239,NEXEN,REIFEN,03.csv,,235,,16,121,R,,,03,,,,,,
8807622216374,ART027240,NEXEN,REIFEN,03.csv,,205,,15,102,T,,,03,,,,,,
8807622216466,ART038908,NEXEN,REIFEN,03.csv,,215,,17,94,W,,,03,,,,,,
8807622216480,ART038909,NEXEN,REIFEN,03.csv,,195,,16,84,V,,,03,,,,,,
8807622216497,ART027246,NEXEN,REIFEN,03.csv,,235,,17,103,Y,,,03,,,,,,
8807622216596,ART038914,NEXEN,REIFEN,03.csv,,205,,15,88,V,,,03,,,,,,
8807622216633,ART027248,NEXEN,REIFEN,03.csv,,215,,16,93,V,,,03,,,,,,
8807622216688,ART038920,NEXEN,REIFEN,03.csv,,205,,17,93,V,,,03,,,,,,
8807622216732,ART038923,NEXEN,REIFEN,03.csv,,225,,17,99,V,,,03,,,,,,
8807622216763,ART027251,NEXEN,REIFEN,03.csv,,255,,17,106,V,,,03,,,,,,
8807622220487,ART038960,NEXEN,REIFEN,03.csv,,205,,15,94,H,,,03,,,,,,
8807622220494,ART038961,NEXEN,REIFEN,03.csv,,215,,15,94,H,,,03,,,,,,
8807622220692,ART038965,NEXEN,REIFEN,03.csv,,245,,20,99,Y,,,03,,,,,,
8807622220722,ART038966,NEXEN,REIFEN,03.csv,,275,,20,110,Y,,,03,,,,,,
8807622220777,ART038971,NEXEN,REIFEN,03.csv,,255,,18,109,W,,,03,,,,,,
8807622220791,ART038973,NEXEN,REIFEN,03.csv,,195,,16,88,V,,,03,,,,,,
8807622220821,ART038974,NEXEN,REIFEN,03.csv,,195,,15,95,V,,,03,,,,,,
8807622220852,ART038977,NEXEN,REIFEN,03.csv,,195,,16,93,V,,,03,,,,,,
8807622220920,ART038983,NEXEN,REIFEN,03.csv,,215,,17,103,V,,,03,,,,,,
8807622221040,ART038994,NEXEN,REIFEN,03.csv,,255,,19,96,Y,,,03,,,,,,
8807622221057,ART038995,NEXEN,REIFEN,03.csv,,235,,17,106,V,,,03,,,,,,
8807622221101,ART039000,NEXEN,REIFEN,03.csv,,205,,19,97,V,,,03,,,,,,
8807622221125,ART039002,NEXEN,REIFEN,03.csv,,215,,16,100,H,,,03,,,,,,
8807622221217,ART039011,NEXEN,REIFEN,03.csv,,255,,19,107,W,,,03,,,,,,
8807622221583,ART039015,NEXEN,REIFEN,03.csv,,255,,20,101,W,,,03,,,,,,
8807622221613,ART043133,NEXEN,REIFEN,03.csv,,195,,20,95,H,,,03,,,,,,
8807622221620,ART043141,NEXEN,REIFEN,03.csv,,255,,19,104,W,,,03,,,,,,
8807622222221,ART043138,NEXEN,REIFEN,03.csv,,225,,19,88,W,,,03,,,,,,
8807622222238,ART043136,NEXEN,REIFEN,03.csv,,215,,19,93,T,,,03,,,,,,
8807622222382,ART082878,NEXEN,REIFEN,03.csv,,205,,16,96,H,,,03,,,,,,
8807622222764,ART043143,NEXEN,REIFEN,03.csv,,275,,20,97,Y,,,03,,,,,,
8807622223730,ART043183,NEXEN,REIFEN,03.csv,,215,,18,93,W,,,03,,,,,,
8807622223921,ART043190,NEXEN,REIFEN,03.csv,,225,,19,96,W,,,03,,,,,,
8807622225147,ART087609,NEXEN,REIFEN,03.csv,,175,,14,86,T,,,03,,,,,,
8807622361401,ART005429,NEXEN,REIFEN,03.csv,,225,,18,103,V,,,03,,,,,,
8807622361609,ART005438,NEXEN,REIFEN,03.csv,,275,,20,102,Y,,,03,,,,,,
8807622384400,ART006269,NEXEN,REIFEN,03.csv,,175,,16,82,H,,,03,,,,,,
8807622385100,ART005408,NEXEN,REIFEN,03.csv,,185,,14,86,H,,,03,,,,,,
8807622386008,ART038534,NEXEN,REIFEN,03.csv,,195,,15,88,V,,,03,,,,,,
8807622386107,ART038535,NEXEN,REIFEN,03.csv,,195,,16,89,H,,,03,,,,,,
8807622387203,ART005412,NEXEN,REIFEN,03.csv,,205,,15,91,H,,,03,,,,,,
8807622388002,ART005421,NEXEN,REIFEN,03.csv,,215,,17,94,V,,,03,,,,,,
8807622409509,ART029539,NEXEN,REIFEN,03.csv,,175,,15,81,H,,,03,,,,,,
8807622410307,ART038578,NEXEN,REIFEN,03.csv,,215,,16,99,V,,,03,,,,,,
8807622416507,ART006277,NEXEN,REIFEN,03.csv,,215,,15,109,S,,,03,,,,,,
8807622438301,ART014516,NEXEN,REIFEN,03.csv,,195,,15,104,R,,,03,,,,,,
8807622463907,ART009064,NEXEN,REIFEN,03.csv,,225,,20,85,Y,,,03,,,,,,
8807622478802,ART006271,NEXEN,REIFEN,03.csv,,185,,14,82,H,,,03,,,,,,
8807622488504,ART038626,NEXEN,REIFEN,03.csv,,185,,15,92,T,,,03,,,,,,
8807622491702,ART038652,NEXEN,REIFEN,03.csv,,185,,14,88,T,,,03,,,,,,
8807622499104,ART038692,NEXEN,REIFEN,03.csv,,185,,15,86,H,,,03,,,,,,
8807622502309,ART038627,NEXEN,REIFEN,03.csv,,195,,15,82,H,,,03,,,,,,
8807622503108,ART007154,NEXEN,REIFEN,03.csv,,145,,13,71,T,,,03,,,,,,
8807622509902,ART038642,NEXEN,REIFEN,03.csv,,155,,14,75,T,,,03,,,,,,
8807622510007,ART038669,NEXEN,REIFEN,03.csv,,165,,14,79,T,,,03,,,,,,
8807622510304,ART009066,NEXEN,REIFEN,03.csv,,175,,14,84,T,,,03,,,,,,
8807622510403,ART038671,NEXEN,REIFEN,03.csv,,195,,14,91,T,,,03,,,,,,
8807622510502,ART038672,NEXEN,REIFEN,03.csv,,205,,14,98,T,,,03,,,,,,
8807622510601,ART038643,NEXEN,REIFEN,03.csv,,165,,15,81,H,,,03,,,,,,
8807622510700,ART038676,NEXEN,REIFEN,03.csv,,175,,15,84,H,,,03,,,,,,
8807622510809,ART038684,NEXEN,REIFEN,03.csv,,175,,15,84,T,,,03,,,,,,
8807622517204,ART009073,NEXEN,REIFEN,03.csv,,185,,14,82,T,,,03,,,,,,
8807622517303,ART038678,NEXEN,REIFEN,03.csv,,185,,14,86,T,,,03,,,,,,
8807622517709,ART038680,NEXEN,REIFEN,03.csv,,205,,15,94,V,,,03,,,,,,
8807622542800,ART009013,NEXEN,REIFEN,03.csv,,145,,15,72,T,,,03,,,,,,
8807622542909,ART038647,NEXEN,REIFEN,03.csv,,165,,15,77,T,,,03,,,,,,
8807622543104,ART009015,NEXEN,REIFEN,03.csv,,155,,15,74,T,,,03,,,,,,
8807622543203,ART038658,NEXEN,REIFEN,03.csv,,175,,15,81,V,,,03,,,,,,
8807622550201,ART038657,NEXEN,REIFEN,03.csv,,165,,15,77,H,,,03,,,,,,
8807622575204,ART029535,NEXEN,REIFEN,03.csv,,185,,15,88,T,,,03,,,,,,
8807622575501,ART038709,NEXEN,REIFEN,03.csv,,195,,16,88,V,,,03,,,,,,
8807622575808,ART029542,NEXEN,REIFEN,03.csv,,195,,16,89,V,,,03,,,,,,
8808563220093,ART000385,HANKOOK,REIFEN,03.csv,,205,,16,100,T,,,03,,,,,,
8808563240633,ART000413,HANKOOK,REIFEN,03.csv,,225,,16,105,T,,,03,,,,,,
8808563284019,ART001907,HANKOOK,REIFEN,03.csv,,215,,16,108,T,,,03,,,,,,
8808563331157,ART002577,HANKOOK,REIFEN,03.csv,,175,,14,95,T,,,03,,,,,,
8808563331171,ART002567,HANKOOK,REIFEN,03.csv,,175,,14,99,Q,,,03,,,,,,
8808563331188,ART002573,HANKOOK,REIFEN,03.csv,,185,,14,102,Q,,,03,,,,,,
8808563331201,ART037017,HANKOOK,REIFEN,03.csv,,185,,14,102,R,,,03,,,,,,
8808563331287,ART002579,HANKOOK,REIFEN,03.csv,,205,,15,102,T,,,03,,,,,,
8808563331362,ART002582,HANKOOK,REIFEN,03.csv,,215,,16,109,T,,,03,,,,,,
8808563331423,ART002583,HANKOOK,REIFEN,03.csv,,225,,16,112,R,,,03,,,,,,
8808563331461,ART002572,HANKOOK,REIFEN,03.csv,,185,,15,103,R,,,03,,,,,,
8808563334042,ART003183,HANKOOK,REIFEN,03.csv,,215,,16,100,H,,,03,,,,,,
8808563338163,ART004973,HANKOOK,REIFEN,03.csv,,235,,17,104,V,,,03,,,,,,
8808563347523,ART004976,HANKOOK,REIFEN,03.csv,,225,,17,97,W,,,03,,,,,,
8808563352732,ART003974,HANKOOK,REIFEN,03.csv,,225,,17,86,Y,,,03,,,,,,
8808563359366,ART011206,HANKOOK,REIFEN,03.csv,,225,,17,91,W,,,03,,,,,,
8808563359526,ART004978,HANKOOK,REIFEN,03.csv,,215,,16,95,V,,,03,,,,,,
8808563360621,ART008398,HANKOOK,REIFEN,03.csv,,245,,18,100,Y,,,03,,,,,,
8808563363455,ART004984,HANKOOK,REIFEN,03.csv,,215,,15,109,S,,,03,,,,,,
8808563382975,ART004985,HANKOOK,REIFEN,03.csv,,205,,16,113,R,,,03,,,,,,
8808563383026,ART008893,HANKOOK,REIFEN,03.csv,,225,,16,121,R,,,03,,,,,,
8808563385068,ART006522,HANKOOK,REIFEN,03.csv,,155,,13,75,T,,,03,,,,,,
8808563386928,ART008892,HANKOOK,REIFEN,03.csv,,225,,15,112,S,,,03,,,,,,
8808563387659,ART006216,HANKOOK,REIFEN,03.csv,,205,,16,107,T,,,03,,,,,,
8808563390628,ART006958,HANKOOK,REIFEN,03.csv,,215,,15,104,T,,,03,,,,,,
8808563393766,ART015355,HANKOOK,REIFEN,03.csv,,225,,18,95,Y,,,03,,,,,,
8808563401652,ART006944,HANKOOK,REIFEN,03.csv,,195,,15,85,H,,,03,,,,,,
8808563401942,ART006964,HANKOOK,REIFEN,03.csv,,225,,16,92,W,,,03,,,,,,
8808563407852,ART014080,HANKOOK,REIFEN,03.csv,,205,,16,91,W,,,03,,,,,,
8808563410050,ART014184,HANKOOK,REIFEN,03.csv,,255,,20,105,H,,,03,,,,,,
8808563411361,ART012574,HANKOOK,REIFEN,03.csv,,165,,14,75,T,,,03,,,,,,
8808563411392,ART011628,HANKOOK,REIFEN,03.csv,,175,,14,82,T,,,03,,,,,,
8808563411446,ART012581,HANKOOK,REIFEN,03.csv,,175,,14,84,T,,,03,,,,,,
8808563411903,ART008588,HANKOOK,REIFEN,03.csv,,205,,15,91,V,,,03,,,,,,
8808563411910,ART010243,HANKOOK,REIFEN,03.csv,,205,,15,94,H,,,03,,,,,,
8808563412214,ART009327,HANKOOK,REIFEN,03.csv,,155,,13,75,T,,,03,,,,,,
8808563413686,ART036834,HANKOOK,REIFEN,03.csv,,165,,14,81,T,,,03,,,,,,
8808563413761,ART012585,HANKOOK,REIFEN,03.csv,,185,,14,88,T,,,03,,,,,,
8808563413785,ART010702,HANKOOK,REIFEN,03.csv,,195,,14,91,T,,,03,,,,,,
8808563413921,ART008576,HANKOOK,REIFEN,03.csv,,185,,15,82,H,,,03,,,,,,
8808563413976,ART008581,HANKOOK,REIFEN,03.csv,,195,,15,88,H,,,03,,,,,,
8808563422640,ART014089,HANKOOK,REIFEN,03.csv,,215,,18,89,V,,,03,,,,,,
8808563425887,ART009325,HANKOOK,REIFEN,03.csv,,145,,13,71,T,,,03,,,,,,
8808563425894,ART009326,HANKOOK,REIFEN,03.csv,,145,,13,75,T,,,03,,,,,,
8808563431574,ART017922,HANKOOK,REIFEN,03.csv,,195,,16,87,W,,,03,,,,,,
8808563432236,ART021137,HANKOOK,REIFEN,03.csv,,245,,16,120,Q,,,03,,,,,,
8808563433486,ART010695,HANKOOK,REIFEN,03.csv,,185,,13,86,T,,,03,,,,,,
8808563433523,ART010696,HANKOOK,REIFEN,03.csv,,185,,14,88,H,,,03,,,,,,
8808563433554,ART010680,HANKOOK,REIFEN,03.csv,,165,,15,87,T,,,03,,,,,,
8808563442006,ART010669,HANKOOK,REIFEN,03.csv,,225,,17,101,V,,,03,,,,,,
8808563446493,ART014083,HANKOOK,REIFEN,03.csv,,195,,15,95,T,,,03,,,,,,
8808563447100,ART021146,HANKOOK,REIFEN,03.csv,,265,,19,105,Y,,,03,,,,,,
8808563449104,ART019138,HANKOOK,REIFEN,03.csv,,215,,15,104,T,,,03,,,,,,
8808563453804,ART014189,HANKOOK,REIFEN,03.csv,,255,,19,104,Y,,,03,,,,,,
8808563453811,ART014101,HANKOOK,REIFEN,03.csv,,225,,19,93,Y,,,03,,,,,,
8808563455273,ART019142,HANKOOK,REIFEN,03.csv,,215,,17,99,V,,,03,,,,,,
8808563456256,ART014084,HANKOOK,REIFEN,03.csv,,215,,16,100,H,,,03,,,,,,
8808563456263,ART013586,HANKOOK,REIFEN,03.csv,,245,,19,98,W,,,03,,,,,,
8808563457727,ART014111,HANKOOK,REIFEN,03.csv,,235,,19,99,Y,,,03,,,,,,
8808563460901,ART021165,HANKOOK,REIFEN,03.csv,,265,,21,105,Y,,,03,,,,,,
8808563462622,ART014037,HANKOOK,REIFEN,03.csv,,185,,14,80,H,,,03,,,,,,
8808563462714,ART014051,HANKOOK,REIFEN,03.csv,,205,,15,91,V,,,03,,,,,,
8808563462875,ART014061,HANKOOK,REIFEN,03.csv,,235,,17,97,Y,,,03,,,,,,
8808563463025,ART014067,HANKOOK,REIFEN,03.csv,,255,,19,96,Y,,,03,,,,,,
8808563467313,ART015737,HANKOOK,REIFEN,03.csv,,195,,14,106,Q,,,03,,,,,,
8808563467382,ART015731,HANKOOK,REIFEN,03.csv,,195,,16,99,H,,,03,,,,,,
8808563467399,ART015732,HANKOOK,REIFEN,03.csv,,195,,16,104,T,,,03,,,,,,
8808563467450,ART015741,HANKOOK,REIFEN,03.csv,,215,,16,113,R,,,03,,,,,,
8808563467474,ART016659,HANKOOK,REIFEN,03.csv,,225,,16,112,R,,,03,,,,,,
8808563467481,ART016661,HANKOOK,REIFEN,03.csv,,225,,16,121,R,,,03,,,,,,
8808563468693,ART014070,HANKOOK,REIFEN,03.csv,,255,,18,109,V,,,03,,,,,,
8808563468730,ART014071,HANKOOK,REIFEN,03.csv,,275,,20,110,W,,,03,,,,,,
8808563472010,ART019444,HANKOOK,REIFEN,03.csv,,225,,18,95,W,,,03,,,,,,
8808563472393,ART017049,HANKOOK,REIFEN,03.csv,,205,,15,92,V,,,03,,,,,,
8808563472782,ART017095,HANKOOK,REIFEN,03.csv,,275,,21,110,Y,,,03,,,,,,
8808563472966,ART017074,HANKOOK,REIFEN,03.csv,,255,,20,105,Y,,,03,,,,,,
8808563473079,ART017119,HANKOOK,REIFEN,03.csv,,325,,20,108,Y,,,03,,,,,,
8808563473123,ART017075,HANKOOK,REIFEN,03.csv,,255,,19,107,W,,,03,,,,,,
8808563478678,ART019718,HANKOOK,REIFEN,03.csv,,265,,19,102,V,,,03,,,,,,
8808563478906,ART019157,HANKOOK,REIFEN,03.csv,,235,,18,95,V,,,03,,,,,,
8808563479057,ART019731,HANKOOK,REIFEN,03.csv,,245,,17,95,V,,,03,,,,,,
8808563479279,ART022627,HANKOOK,REIFEN,03.csv,,285,,20,104,W,,,03,,,,,,
8808563479293,ART022629,HANKOOK,REIFEN,03.csv,,275,,18,107,V,,,03,,,,,,
8808563479439,ART022637,HANKOOK,REIFEN,03.csv,,305,,21,109,V,,,03,,,,,,
8808563479484,ART022639,HANKOOK,REIFEN,03.csv,,295,,22,103,W,,,03,,,,,,
8808563479491,ART019741,HANKOOK,REIFEN,03.csv,,245,,21,104,W,,,03,,,,,,
8808563479798,ART019747,HANKOOK,REIFEN,03.csv,,255,,20,109,V,,,03,,,,,,
8808563479859,ART022644,HANKOOK,REIFEN,03.csv,,265,,20,111,V,,,03,,,,,,
8808563479873,ART022645,HANKOOK,REIFEN,03.csv,,275,,21,110,V,,,03,,,,,,
8808563479958,ART022651,HANKOOK,REIFEN,03.csv,,275,,19,108,V,,,03,,,,,,
8808563479996,ART022652,HANKOOK,REIFEN,03.csv,,295,,20,110,V,,,03,,,,,,
8808563508603,ART021181,HANKOOK,REIFEN,03.csv,,235,,17,96,V,,,03,,,,,,
8808563515427,ART021191,HANKOOK,REIFEN,03.csv,,245,,21,104,Y,,,03,,,,,,
8808563515441,ART021193,HANKOOK,REIFEN,03.csv,,255,,22,103,Y,,,03,,,,,,
8808563526621,ART021208,HANKOOK,REIFEN,03.csv,,225,,16,102,W,,,03,,,,,,
8808563526744,ART021214,HANKOOK,REIFEN,03.csv,,255,,19,111,W,,,03,,,,,,
8808563526836,ART021216,HANKOOK,REIFEN,03.csv,,275,,20,106,W,,,03,,,,,,
8808563527307,ART021226,HANKOOK,REIFEN,03.csv,,205,,17,84,W,,,03,,,,,,
8808563527314,ART021227,HANKOOK,REIFEN,03.csv,,255,,18,112,V,,,03,,,,,,
8808563527345,ART021230,HANKOOK,REIFEN,03.csv,,265,,19,110,V,,,03,,,,,,
8808563527376,ART021232,HANKOOK,REIFEN,03.csv,,285,,20,112,H,,,03,,,,,,
8808563527383,ART021233,HANKOOK,REIFEN,03.csv,,255,,20,110,Y,,,03,,,,,,
8808563529066,ART025310,HANKOOK,REIFEN,03.csv,,205,,16,91,V,,,03,,,,,,
8808563536620,ART025228,HANKOOK,REIFEN,03.csv,,215,,17,94,W,,,03,,,,,,
8808563538266,ART022316,HANKOOK,REIFEN,03.csv,,135,,15,70,T,,,03,,,,,,
8808563538952,ART024777,HANKOOK,REIFEN,03.csv,,225,,17,94,W,,,03,,,,,,
8808563544922,ART025211,HANKOOK,REIFEN,03.csv,,235,,18,95,W,,,03,,,,,,
8808563544939,ART042872,HANKOOK,REIFEN,03.csv,,225,,18,92,W,,,03,,,,,,
8808563544953,ART024781,HANKOOK,REIFEN,03.csv,,225,,18,95,W,,,03,,,,,,
8808563545035,ART024783,HANKOOK,REIFEN,03.csv,,215,,17,87,Y,,,03,,,,,,
8808563545103,ART024786,HANKOOK,REIFEN,03.csv,,215,,17,91,Y,,,03,,,,,,
8808563545110,ART025223,HANKOOK,REIFEN,03.csv,,205,,17,88,V,,,03,,,,,,
8808563545202,ART025731,HANKOOK,REIFEN,03.csv,,215,,17,94,V,,,03,,,,,,
8808563545219,ART025732,HANKOOK,REIFEN,03.csv,,215,,17,98,W,,,03,,,,,,
8808563545349,ART025207,HANKOOK,REIFEN,03.csv,,215,,16,93,V,,,03,,,,,,
8808563545356,ART025735,HANKOOK,REIFEN,03.csv,,215,,16,97,W,,,03,,,,,,
8808563545400,ART025736,HANKOOK,REIFEN,03.csv,,205,,16,94,W,,,03,,,,,,
8808563545448,ART025739,HANKOOK,REIFEN,03.csv,,215,,16,99,V,,,03,,,,,,
8808563545486,ART025230,HANKOOK,REIFEN,03.csv,,195,,16,89,V,,,03,,,,,,
8808563556796,ART025742,HANKOOK,REIFEN,03.csv,,225,,17,99,V,,,03,,,,,,
8808563571041,ART027147,HANKOOK,REIFEN,03.csv,,295,,22,108,Y,,,03,,,,,,
8808563574707,ART026749,HANKOOK,REIFEN,03.csv,,215,,18,95,H,,,03,,,,,,
8808563575322,ART027151,HANKOOK,REIFEN,03.csv,,225,,18,104,W,,,03,,,,,,
8808563575346,ART027152,HANKOOK,REIFEN,03.csv,,195,,20,95,H,,,03,,,,,,
8808563575384,ART028567,HANKOOK,REIFEN,03.csv,,215,,18,89,V,,,03,,,,,,
8808563590417,ART027160,HANKOOK,REIFEN,03.csv,,185,,15,88,H,,,03,,,,,,
8808563590424,ART027161,HANKOOK,REIFEN,03.csv,,195,,15,91,H,,,03,,,,,,
8808563590431,ART027162,HANKOOK,REIFEN,03.csv,,195,,15,82,V,,,03,,,,,,
8808563590479,ART027163,HANKOOK,REIFEN,03.csv,,185,,15,84,H,,,03,,,,,,
8808563590486,ART027164,HANKOOK,REIFEN,03.csv,,195,,15,85,V,,,03,,,,,,
8808563590509,ART027165,HANKOOK,REIFEN,03.csv,,195,,15,91,V,,,03,,,,,,
8808563590677,ART027166,HANKOOK,REIFEN,03.csv,,195,,15,91,T,,,03,,,,,,
8808563590691,ART027168,HANKOOK,REIFEN,03.csv,,185,,15,88,T,,,03,,,,,,
8808563596488,ART040708,HANKOOK,REIFEN,03.csv,,195,,16,104,T,,,03,,,,,,
8808563607757,ART040678,HANKOOK,REIFEN,03.csv,,255,,19,107,W,,,03,,,,,,
8808956061937,ART002109,KUMHO,REIFEN,03.csv,,175,,15,77,T,,,03,,,,,,
8808956065140,ART002100,KUMHO,REIFEN,03.csv,,215,,18,95,H,,,03,,,,,,
8808956112424,ART037726,KUMHO,REIFEN,03.csv,,165,,13,87,T,,,03,,,,,,
8808956126292,ART042962,KUMHO,REIFEN,03.csv,,195,,16,107,T,,,03,,,,,,
8808956127701,ART003081,KUMHO,REIFEN,03.csv,,235,,17,96,Y,,,03,,,,,,
8808956129941,ART037732,KUMHO,REIFEN,03.csv,,185,,14,102,R,,,03,,,,,,
8808956129965,ART037733,KUMHO,REIFEN,03.csv,,195,,14,106,R,,,03,,,,,,
8808956130008,ART003097,KUMHO,REIFEN,03.csv,,195,,16,104,T,,,03,,,,,,
8808956130039,ART037744,KUMHO,REIFEN,03.csv,,215,,16,108,T,,,03,,,,,,
8808956139131,ART037848,KUMHO,REIFEN,03.csv,,225,,17,99,H,,,03,,,,,,
8808956140878,ART008808,KUMHO,REIFEN,03.csv,,255,,19,104,Y,,,03,,,,,,
8808956141295,ART004753,KUMHO,REIFEN,03.csv,,185,,14,102,Q,,,03,,,,,,
8808956141509,ART004756,KUMHO,REIFEN,03.csv,,195,,15,104,R,,,03,,,,,,
8808956143572,ART008800,KUMHO,REIFEN,03.csv,,265,,18,101,Y,,,03,,,,,,
8808956144081,ART005085,KUMHO,REIFEN,03.csv,,255,,17,110,V,,,03,,,,,,
8808956145071,ART004742,KUMHO,REIFEN,03.csv,,205,,15,91,H,,,03,,,,,,
8808956145088,ART004743,KUMHO,REIFEN,03.csv,,205,,15,91,V,,,03,,,,,,
8808956145095,ART004737,KUMHO,REIFEN,03.csv,,175,,13,82,T,,,03,,,,,,
8808956145309,ART004736,KUMHO,REIFEN,03.csv,,165,,13,79,T,,,03,,,,,,
8808956145316,ART004739,KUMHO,REIFEN,03.csv,,175,,13,80,T,,,03,,,,,,
8808956145415,ART004734,KUMHO,REIFEN,03.csv,,175,,14,88,T,,,03,,,,,,
8808956145453,ART004744,KUMHO,REIFEN,03.csv,,185,,14,80,H,,,03,,,,,,
8808956148430,ART012269,KUMHO,REIFEN,03.csv,,205,,15,86,V,,,03,,,,,,
8808956148805,ART005096,KUMHO,REIFEN,03.csv,,145,,15,72,T,,,03,,,,,,
8808956157951,ART005912,KUMHO,REIFEN,03.csv,,175,,15,77,T,,,03,,,,,,
8808956158743,ART037773,KUMHO,REIFEN,03.csv,,215,,17,87,V,,,03,,,,,,
8808956160449,ART005902,KUMHO,REIFEN,03.csv,,185,,14,88,T,,,03,,,,,,
8808956160456,ART005904,KUMHO,REIFEN,03.csv,,195,,14,91,T,,,03,,,,,,
8808956160487,ART005901,KUMHO,REIFEN,03.csv,,215,,15,96,H,,,03,,,,,,
8808956164980,ART010967,KUMHO,REIFEN,03.csv,,195,,16,107,T,,,03,,,,,,
8808956165413,ART037837,KUMHO,REIFEN,03.csv,,245,,20,99,Y,,,03,,,,,,
8808956165840,ART015658,KUMHO,REIFEN,03.csv,,265,,20,108,V,,,03,,,,,,
8808956166441,ART008834,KUMHO,REIFEN,03.csv,,195,,16,99,H,,,03,,,,,,
8808956166465,ART037839,KUMHO,REIFEN,03.csv,,215,,16,103,T,,,03,,,,,,
8808956166502,ART037840,KUMHO,REIFEN,03.csv,,205,,15,102,T,,,03,,,,,,
8808956166885,ART037827,KUMHO,REIFEN,03.csv,,235,,17,97,Y,,,03,,,,,,
8808956167905,ART009372,KUMHO,REIFEN,03.csv,,255,,18,112,V,,,03,,,,,,
8808956168353,ART007489,KUMHO,REIFEN,03.csv,,185,,16,81,H,,,03,,,,,,
8808956220396,ART037865,KUMHO,REIFEN,03.csv,,245,,18,105,V,,,03,,,,,,
8808956230746,ART018249,KUMHO,REIFEN,03.csv,,265,,18,110,V,,,03,,,,,,
8808956232788,ART018252,KUMHO,REIFEN,03.csv,,255,,16,109,V,,,03,,,,,,
8808956232801,ART018253,KUMHO,REIFEN,03.csv,,255,,18,108,V,,,03,,,,,,
8808956232962,ART018259,KUMHO,REIFEN,03.csv,,235,,16,109,H,,,03,,,,,,
8808956233129,ART018264,KUMHO,REIFEN,03.csv,,235,,19,103,V,,,03,,,,,,
8808956233402,ART037902,KUMHO,REIFEN,03.csv,,255,,16,109,H,,,03,,,,,,
8808956233587,ART015668,KUMHO,REIFEN,03.csv,,235,,18,106,H,,,03,,,,,,
8808956234430,ART012292,KUMHO,REIFEN,03.csv,,235,,18,97,V,,,03,,,,,,
8808956234799,ART012293,KUMHO,REIFEN,03.csv,,245,,18,96,Y,,,03,,,,,,
8808956234812,ART012294,KUMHO,REIFEN,03.csv,,225,,18,91,Y,,,03,,,,,,
8808956235413,ART012295,KUMHO,REIFEN,03.csv,,225,,18,88,Y,,,03,,,,,,
8808956235451,ART011005,KUMHO,REIFEN,03.csv,,205,,17,84,V,,,03,,,,,,
8808956235659,ART012296,KUMHO,REIFEN,03.csv,,145,,13,88,R,,,03,,,,,,
8808956235710,ART037907,KUMHO,REIFEN,03.csv,,155,,13,90,R,,,03,,,,,,
8808956236441,ART012298,KUMHO,REIFEN,03.csv,,245,,18,93,Y,,,03,,,,,,
8808956238148,ART010982,KUMHO,REIFEN,03.csv,,225,,16,102,H,,,03,,,,,,
8808956238179,ART010985,KUMHO,REIFEN,03.csv,,255,,17,106,V,,,03,,,,,,
8808956238193,ART010987,KUMHO,REIFEN,03.csv,,155,,14,75,T,,,03,,,,,,
8808956238216,ART037868,KUMHO,REIFEN,03.csv,,165,,14,81,T,,,03,,,,,,
8808956238247,ART010989,KUMHO,REIFEN,03.csv,,175,,14,86,T,,,03,,,,,,
8808956238254,ART037870,KUMHO,REIFEN,03.csv,,175,,14,84,T,,,03,,,,,,
8808956238261,ART037871,KUMHO,REIFEN,03.csv,,175,,14,88,T,,,03,,,,,,
8808956238278,ART037872,KUMHO,REIFEN,03.csv,,175,,14,88,T,,,03,,,,,,
8808956238292,ART037874,KUMHO,REIFEN,03.csv,,185,,14,82,T,,,03,,,,,,
8808956238308,ART037875,KUMHO,REIFEN,03.csv,,185,,14,86,T,,,03,,,,,,
8808956238315,ART037876,KUMHO,REIFEN,03.csv,,185,,14,88,T,,,03,,,,,,
8808956238322,ART037877,KUMHO,REIFEN,03.csv,,165,,15,81,T,,,03,,,,,,
8808956238360,ART010991,KUMHO,REIFEN,03.csv,,185,,15,84,H,,,03,,,,,,
8808956238391,ART010993,KUMHO,REIFEN,03.csv,,185,,15,88,T,,,03,,,,,,
8808956238414,ART037882,KUMHO,REIFEN,03.csv,,195,,15,88,H,,,03,,,,,,
8808956238438,ART037883,KUMHO,REIFEN,03.csv,,195,,15,91,T,,,03,,,,,,
8808956238476,ART037887,KUMHO,REIFEN,03.csv,,205,,16,94,H,,,03,,,,,,
8808956248598,ART011009,KUMHO,REIFEN,03.csv,,265,,17,115,H,,,03,,,,,,
8808956249021,ART012299,KUMHO,REIFEN,03.csv,,215,,16,86,H,,,03,,,,,,
8808956250768,ART012300,KUMHO,REIFEN,03.csv,,205,,16,91,W,,,03,,,,,,
8808956250874,ART012301,KUMHO,REIFEN,03.csv,,205,,16,91,V,,,03,,,,,,
8808956252236,ART012302,KUMHO,REIFEN,03.csv,,175,,13,94,P,,,03,,,,,,
8808956252786,ART012303,KUMHO,REIFEN,03.csv,,185,,16,104,R,,,03,,,,,,
8808956252915,ART012304,KUMHO,REIFEN,03.csv,,215,,17,104,T,,,03,,,,,,
8808956253905,ART018270,KUMHO,REIFEN,03.csv,,285,,18,101,Y,,,03,,,,,,
8808956253967,ART018273,KUMHO,REIFEN,03.csv,,255,,19,100,Y,,,03,,,,,,
8808956254001,ART018275,KUMHO,REIFEN,03.csv,,265,,19,98,Y,,,03,,,,,,
8808956254087,ART037928,KUMHO,REIFEN,03.csv,,255,,20,97,Y,,,03,,,,,,
8808956254858,ART015660,KUMHO,REIFEN,03.csv,,275,,19,108,V,,,03,,,,,,
8808956255770,ART037929,KUMHO,REIFEN,03.csv,,255,,17,94,Y,,,03,,,,,,
8808956258535,ART037918,KUMHO,REIFEN,03.csv,,215,,16,99,V,,,03,,,,,,
8808956258542,ART018278,KUMHO,REIFEN,03.csv,,165,,14,75,H,,,03,,,,,,
8808956258610,ART018280,KUMHO,REIFEN,03.csv,,175,,15,75,H,,,03,,,,,,
8808956261320,ART018281,KUMHO,REIFEN,03.csv,,205,,16,92,H,,,03,,,,,,
8808956261337,ART037944,KUMHO,REIFEN,03.csv,,235,,18,94,V,,,03,,,,,,
8808956268657,ART038156,KUMHO,REIFEN,03.csv,,185,,15,88,H,,,03,,,,,,
8808956268749,ART018287,KUMHO,REIFEN,03.csv,,205,,16,87,W,,,03,,,,,,
8808956269326,ART015665,KUMHO,REIFEN,03.csv,,265,,19,110,V,,,03,,,,,,
8808956269357,ART014276,KUMHO,REIFEN,03.csv,,155,,13,73,T,,,03,,,,,,
8808956269364,ART014277,KUMHO,REIFEN,03.csv,,215,,16,98,H,,,03,,,,,,
8808956269371,ART014278,KUMHO,REIFEN,03.csv,,195,,16,89,H,,,03,,,,,,
8808956269890,ART037933,KUMHO,REIFEN,03.csv,,245,,18,100,Y,,,03,,,,,,
8808956269906,ART018289,KUMHO,REIFEN,03.csv,,225,,17,97,Y,,,03,,,,,,
8808956270186,ART018290,KUMHO,REIFEN,03.csv,,215,,17,94,W,,,03,,,,,,
8808956270483,ART015662,KUMHO,REIFEN,03.csv,,255,,20,109,V,,,03,,,,,,
8808956270636,ART018291,KUMHO,REIFEN,03.csv,,205,,16,95,H,,,03,,,,,,
8808956271251,ART037946,KUMHO,REIFEN,03.csv,,315,,21,115,Y,,,03,,,,,,
8808956271305,ART018296,KUMHO,REIFEN,03.csv,,255,,19,107,Y,,,03,,,,,,
8808956271312,ART018297,KUMHO,REIFEN,03.csv,,255,,18,109,Y,,,03,,,,,,
8808956279899,ART037947,KUMHO,REIFEN,03.csv,,275,,19,105,W,,,03,,,,,,
8808956280369,ART021473,KUMHO,REIFEN,03.csv,,275,,20,106,Y,,,03,,,,,,
8808956280383,ART037949,KUMHO,REIFEN,03.csv,,265,,21,105,Y,,,03,,,,,,
8808956281298,ART019773,KUMHO,REIFEN,03.csv,,155,,14,75,T,,,03,,,,,,
8808956281304,ART019774,KUMHO,REIFEN,03.csv,,165,,14,75,H,,,03,,,,,,
8808956281311,ART019775,KUMHO,REIFEN,03.csv,,165,,14,79,T,,,03,,,,,,
8808956281328,ART019776,KUMHO,REIFEN,03.csv,,165,,15,81,T,,,03,,,,,,
8808956281342,ART019778,KUMHO,REIFEN,03.csv,,175,,15,77,T,,,03,,,,,,
8808956281359,ART019779,KUMHO,REIFEN,03.csv,,175,,14,82,T,,,03,,,,,,
8808956281366,ART019780,KUMHO,REIFEN,03.csv,,175,,15,84,H,,,03,,,,,,
8808956281373,ART019781,KUMHO,REIFEN,03.csv,,185,,15,86,H,,,03,,,,,,
8808956281403,ART019784,KUMHO,REIFEN,03.csv,,185,,15,88,H,,,03,,,,,,
8808956281458,ART019789,KUMHO,REIFEN,03.csv,,195,,15,91,H,,,03,,,,,,
8808956281472,ART019791,KUMHO,REIFEN,03.csv,,205,,17,88,V,,,03,,,,,,
8808956281519,ART019795,KUMHO,REIFEN,03.csv,,205,,15,99,V,,,03,,,,,,
8808956281564,ART019800,KUMHO,REIFEN,03.csv,,215,,16,102,V,,,03,,,,,,
8808956281656,ART019809,KUMHO,REIFEN,03.csv,,215,,17,103,V,,,03,,,,,,
8808956281663,ART019810,KUMHO,REIFEN,03.csv,,225,,18,102,V,,,03,,,,,,
8808956297442,ART037953,KUMHO,REIFEN,03.csv,,215,,17,91,W,,,03,,,,,,
8808956297565,ART022912,KUMHO,REIFEN,03.csv,,195,,16,99,H,,,03,,,,,,
8808956297589,ART022913,KUMHO,REIFEN,03.csv,,195,,16,104,T,,,03,,,,,,
8808956297602,ART022914,KUMHO,REIFEN,03.csv,,195,,15,104,R,,,03,,,,,,
8808956297626,ART022915,KUMHO,REIFEN,03.csv,,195,,16,107,R,,,03,,,,,,
8808956297664,ART022917,KUMHO,REIFEN,03.csv,,205,,16,110,R,,,03,,,,,,
8808956297688,ART022918,KUMHO,REIFEN,03.csv,,215,,17,109,T,,,03,,,,,,
8808956297701,ART022919,KUMHO,REIFEN,03.csv,,215,,16,109,T,,,03,,,,,,
8808956297749,ART022921,KUMHO,REIFEN,03.csv,,225,,16,112,R,,,03,,,,,,
8808956297763,ART022922,KUMHO,REIFEN,03.csv,,225,,15,112,R,,,03,,,,,,
8808956297800,ART022924,KUMHO,REIFEN,03.csv,,235,,16,115,R,,,03,,,,,,
8808956297824,ART022925,KUMHO,REIFEN,03.csv,,215,,15,104,T,,,03,,,,,,
8808956297848,ART022926,KUMHO,REIFEN,03.csv,,215,,16,116,R,,,03,,,,,,
8808956297862,ART024477,KUMHO,REIFEN,03.csv,,225,,17,109,H,,,03,,,,,,
8808956297886,ART024478,KUMHO,REIFEN,03.csv,,215,,16,103,T,,,03,,,,,,
8808956298289,ART022928,KUMHO,REIFEN,03.csv,,155,,13,75,T,,,03,,,,,,
8808956298296,ART022929,KUMHO,REIFEN,03.csv,,155,,13,79,T,,,03,,,,,,
8808956298326,ART022932,KUMHO,REIFEN,03.csv,,165,,15,77,H,,,03,,,,,,
8808956298340,ART022934,KUMHO,REIFEN,03.csv,,175,,16,82,H,,,03,,,,,,
8808956298357,ART022935,KUMHO,REIFEN,03.csv,,185,,16,87,V,,,03,,,,,,
8808956298371,ART022937,KUMHO,REIFEN,03.csv,,205,,16,87,V,,,03,,,,,,
8808956298388,ART022938,KUMHO,REIFEN,03.csv,,205,,16,87,V,,,03,,,,,,
8808956298401,ART022940,KUMHO,REIFEN,03.csv,,225,,19,96,W,,,03,,,,,,
8808956298814,ART021484,KUMHO,REIFEN,03.csv,,215,,16,100,H,,,03,,,,,,
8808956298821,ART021485,KUMHO,REIFEN,03.csv,,225,,17,103,V,,,03,,,,,,
8808956298906,ART021493,KUMHO,REIFEN,03.csv,,245,,17,111,V,,,03,,,,,,
8808956298913,ART021494,KUMHO,REIFEN,03.csv,,255,,18,109,V,,,03,,,,,,
8808956298975,ART021500,KUMHO,REIFEN,03.csv,,255,,19,111,W,,,03,,,,,,
8808956298982,ART021501,KUMHO,REIFEN,03.csv,,265,,19,110,V,,,03,,,,,,
8808956298999,ART021502,KUMHO,REIFEN,03.csv,,275,,20,106,W,,,03,,,,,,
8808956299002,ART021503,KUMHO,REIFEN,03.csv,,275,,20,110,W,,,03,,,,,,
8808956299019,ART021504,KUMHO,REIFEN,03.csv,,235,,18,110,H,,,03,,,,,,
8808956303495,ART025781,KUMHO,REIFEN,03.csv,,195,,15,95,T,,,03,,,,,,
8808956303518,ART025783,KUMHO,REIFEN,03.csv,,195,,16,88,H,,,03,,,,,,
8808956303624,ART028914,KUMHO,REIFEN,03.csv,,225,,16,99,V,,,03,,,,,,
8808956303761,ART028915,KUMHO,REIFEN,03.csv,,245,,18,97,W,,,03,,,,,,
8808956303815,ART038098,KUMHO,REIFEN,03.csv,,185,,16,83,H,,,03,,,,,,
8808956316464,ART037954,KUMHO,REIFEN,03.csv,,215,,17,98,W,,,03,,,,,,
8808956316877,ART037956,KUMHO,REIFEN,03.csv,,195,,15,85,V,,,03,,,,,,
8808956316884,ART024482,KUMHO,REIFEN,03.csv,,195,,15,82,V,,,03,,,,,,
8808956318710,ART037959,KUMHO,REIFEN,03.csv,,235,,17,103,W,,,03,,,,,,
8808956318970,ART024489,KUMHO,REIFEN,03.csv,,195,,16,87,V,,,03,,,,,,
8808956319717,ART024490,KUMHO,REIFEN,03.csv,,175,,14,82,H,,,03,,,,,,
8808956320416,ART038020,KUMHO,REIFEN,03.csv,,195,,15,85,H,,,03,,,,,,
8808956320423,ART038021,KUMHO,REIFEN,03.csv,,195,,15,82,H,,,03,,,,,,
8808956320584,ART025807,KUMHO,REIFEN,03.csv,,215,,18,99,V,,,03,,,,,,
8808956320720,ART027269,KUMHO,REIFEN,03.csv,,205,,15,102,T,,,03,,,,,,
8808956320737,ART027270,KUMHO,REIFEN,03.csv,,235,,17,117,S,,,03,,,,,,
8808956320744,ART038024,KUMHO,REIFEN,03.csv,,205,,17,115,R,,,03,,,,,,
8808956321291,ART027271,KUMHO,REIFEN,03.csv,,205,,19,97,V,,,03,,,,,,
8808956321314,ART027273,KUMHO,REIFEN,03.csv,,225,,18,99,W,,,03,,,,,,
8808956321321,ART027274,KUMHO,REIFEN,03.csv,,195,,20,95,H,,,03,,,,,,
8808956321345,ART027276,KUMHO,REIFEN,03.csv,,235,,19,99,W,,,03,,,,,,
8808956324414,ART038029,KUMHO,REIFEN,03.csv,,285,,18,116,V,,,03,,,,,,
8808956324421,ART038030,KUMHO,REIFEN,03.csv,,255,,19,111,Y,,,03,,,,,,
8808956324599,ART038044,KUMHO,REIFEN,03.csv,,295,,21,107,Y,,,03,,,,,,
8808956324834,ART071420,KUMHO,REIFEN,03.csv,,225,,19,88,Y,,,03,,,,,,
8808956326111,ART038105,KUMHO,REIFEN,03.csv,,245,,20,103,W,,,03,,,,,,
8808956326562,ART038063,KUMHO,REIFEN,03.csv,,165,,13,79,T,,,03,,,,,,
8808956328498,ART027289,KUMHO,REIFEN,03.csv,,225,,18,92,Y,,,03,,,,,,
8808956334154,ART038065,KUMHO,REIFEN,03.csv,,175,,14,82,T,,,03,,,,,,
8808956340797,ART028938,KUMHO,REIFEN,03.csv,,195,,16,91,V,,,03,,,,,,
8808956341312,ART038197,KUMHO,REIFEN,03.csv,,245,,20,95,Y,,,03,,,,,,
8808956341695,ART038202,KUMHO,REIFEN,03.csv,,215,,17,87,Y,,,03,,,,,,
8808956342463,ART038206,KUMHO,REIFEN,03.csv,,215,,17,95,W,,,03,,,,,,
8808956346942,ART027291,KUMHO,REIFEN,03.csv,,155,,13,79,T,,,03,,,,,,
8808956350390,ART027294,KUMHO,REIFEN,03.csv,,175,,14,86,H,,,03,,,,,,
8808956350406,ART027295,KUMHO,REIFEN,03.csv,,195,,15,92,V,,,03,,,,,,
8808956350413,ART027296,KUMHO,REIFEN,03.csv,,195,,15,89,V,,,03,,,,,,
8808956350420,ART027297,KUMHO,REIFEN,03.csv,,195,,15,82,V,,,03,,,,,,
8808956350444,ART028939,KUMHO,REIFEN,03.csv,,225,,16,99,W,,,03,,,,,,
8808956350451,ART027299,KUMHO,REIFEN,03.csv,,165,,14,85,T,,,03,,,,,,
8808956350468,ART027300,KUMHO,REIFEN,03.csv,,175,,14,88,T,,,03,,,,,,
8808956350475,ART027301,KUMHO,REIFEN,03.csv,,215,,17,95,W,,,03,,,,,,
8808956350482,ART027302,KUMHO,REIFEN,03.csv,,185,,15,88,H,,,03,,,,,,
8808956350499,ART027303,KUMHO,REIFEN,03.csv,,185,,15,92,V,,,03,,,,,,
8808956350505,ART027304,KUMHO,REIFEN,03.csv,,195,,15,95,V,,,03,,,,,,
8808956350536,ART027306,KUMHO,REIFEN,03.csv,,205,,17,95,V,,,03,,,,,,
8808956350550,ART027308,KUMHO,REIFEN,03.csv,,215,,16,97,V,,,03,,,,,,
8808956350567,ART027309,KUMHO,REIFEN,03.csv,,195,,16,93,V,,,03,,,,,,
8808956350574,ART027310,KUMHO,REIFEN,03.csv,,205,,16,96,V,,,03,,,,,,
8808956350703,ART042956,KUMHO,REIFEN,03.csv,,185,,15,86,H,,,03,,,,,,
8808956352165,ART038232,KUMHO,REIFEN,03.csv,,215,,16,99,W,,,03,,,,,,
8808956352189,ART038117,KUMHO,REIFEN,03.csv,,195,,16,88,V,,,03,,,,,,
8808956352196,ART028943,KUMHO,REIFEN,03.csv,,145,,15,72,T,,,03,,,,,,
8808956352257,ART028948,KUMHO,REIFEN,03.csv,,235,,18,95,Y,,,03,,,,,,
8808956361198,ART028957,KUMHO,REIFEN,03.csv,,225,,18,95,W,,,03,,,,,,
8808956361211,ART028958,KUMHO,REIFEN,03.csv,,225,,17,94,W,,,03,,,,,,
8808956361228,ART028959,KUMHO,REIFEN,03.csv,,215,,16,99,V,,,03,,,,,,
8808956361426,ART028999,KUMHO,REIFEN,03.csv,,225,,19,96,W,,,03,,,,,,
8808956361686,ART038255,KUMHO,REIFEN,03.csv,,215,,17,91,W,,,03,,,,,,
8808956361716,ART038258,KUMHO,REIFEN,03.csv,,215,,16,97,W,,,03,,,,,,
8808956361723,ART038259,KUMHO,REIFEN,03.csv,,205,,16,91,W,,,03,,,,,,
8808956361822,ART038269,KUMHO,REIFEN,03.csv,,215,,16,90,V,,,03,,,,,,
8808956366056,ART038135,KUMHO,REIFEN,03.csv,,185,,15,82,T,,,03,,,,,,
8808956373535,ART076278,KUMHO,REIFEN,03.csv,,225,,17,91,Y,,,03,,,,,,
8808956373832,ART071424,KUMHO,REIFEN,03.csv,,285,,19,98,Y,,,03,,,,,,
8808956373863,ART071374,KUMHO,REIFEN,03.csv,,235,,20,92,Y,,,03,,,,,,
8808956373917,ART071392,KUMHO,REIFEN,03.csv,,275,,20,97,Y,,,03,,,,,,
8808956373924,ART071425,KUMHO,REIFEN,03.csv,,275,,20,102,Y,,,03,,,,,,
8808956374372,ART042929,KUMHO,REIFEN,03.csv,,255,,19,96,Y,,,03,,,,,,
8808956375089,ART071348,KUMHO,REIFEN,03.csv,,235,,19,96,Y,,,03,,,,,,
8808956375102,ART042928,KUMHO,REIFEN,03.csv,,245,,19,102,Y,,,03,,,,,,
8808956604776,ART042944,KUMHO,REIFEN,03.csv,,255,,19,107,W,,,03,,,,,,
8808956606664,ART042950,KUMHO,REIFEN,03.csv,,265,,18,114,V,,,03,,,,,,
8808956609733,ART071404,KUMHO,REIFEN,03.csv,,245,,17,99,Y,,,03,,,,,,
8808956609740,ART076288,KUMHO,REIFEN,03.csv,,225,,19,96,Y,,,03,,,,,,
8808956609771,ART076290,KUMHO,REIFEN,03.csv,,225,,17,94,Y,,,03,,,,,,
8808956609986,ART071431,KUMHO,REIFEN,03.csv,,235,,18,95,Y,,,03,,,,,,
8808956610005,ART071422,KUMHO,REIFEN,03.csv,,205,,17,84,Y,,,03,,,,,,
8808956610685,ART082889,KUMHO,REIFEN,03.csv,,205,,15,106,R,,,03,,,,,,
8808956610692,ART076967,KUMHO,REIFEN,03.csv,,185,,16,104,R,,,03,,,,,,
8808956611798,ART071411,KUMHO,REIFEN,03.csv,,225,,19,93,Y,,,03,,,,,,
8808956611804,ART076298,KUMHO,REIFEN,03.csv,,245,,18,104,Y,,,03,,,,,,
8808956621759,ART071435,KUMHO,REIFEN,03.csv,,245,,19,98,Y,,,03,,,,,,
8886459500047,ART007919,RADAR,REIFEN,03.csv,,195,,15,91,H,,,03,,,,,,
8886459500092,ART017146,RADAR,REIFEN,03.csv,,205,,16,91,V,,,03,,,,,,
8886459500290,ART013419,RADAR,REIFEN,03.csv,,195,,14,91,H,,,03,,,,,,
8886459500467,ART017150,RADAR,REIFEN,03.csv,,215,,16,97,W,,,03,,,,,,
8886459500610,ART039030,RADAR,REIFEN,03.csv,,185,,14,80,H,,,03,,,,,,
8886459500641,ART007920,RADAR,REIFEN,03.csv,,195,,17,81,W,,,03,,,,,,
8886459500825,ART017153,RADAR,REIFEN,03.csv,,155,,15,74,V,,,03,,,,,,
8886459500863,ART017154,RADAR,REIFEN,03.csv,,175,,15,77,V,,,03,,,,,,
8886459500979,ART013454,RADAR,REIFEN,03.csv,,185,,15,93,V,,,03,,,,,,
8886459500986,ART013456,RADAR,REIFEN,03.csv,,205,,15,96,W,,,03,,,,,,
8886459501457,ART017156,RADAR,REIFEN,03.csv,,195,,16,104,R,,,03,,,,,,
8886459501464,ART017157,RADAR,REIFEN,03.csv,,195,,16,107,R,,,03,,,,,,
8886459501471,ART017158,RADAR,REIFEN,03.csv,,205,,16,107,T,,,03,,,,,,
8886459501488,ART017159,RADAR,REIFEN,03.csv,,215,,16,109,T,,,03,,,,,,
8886459501495,ART017160,RADAR,REIFEN,03.csv,,225,,16,112,S,,,03,,,,,,
8886459502249,ART039036,RADAR,REIFEN,03.csv,,175,,13,82,T,,,03,,,,,,
8886459502256,ART039037,RADAR,REIFEN,03.csv,,185,,13,86,T,,,03,,,,,,
8886459502263,ART007921,RADAR,REIFEN,03.csv,,175,,14,82,H,,,03,,,,,,
8886459502294,ART039038,RADAR,REIFEN,03.csv,,185,,14,86,H,,,03,,,,,,
8886459506773,ART017164,RADAR,REIFEN,03.csv,,205,,18,86,Y,,,03,,,,,,
8886459506797,ART039039,RADAR,REIFEN,03.csv,,225,,18,99,Y,,,03,,,,,,
8886459506896,ART017166,RADAR,REIFEN,03.csv,,245,,21,96,Y,,,03,,,,,,
8886459506926,ART017167,RADAR,REIFEN,03.csv,,275,,18,99,Y,,,03,,,,,,
8886459507442,ART017173,RADAR,REIFEN,03.csv,,255,,18,99,Y,,,03,,,,,,
8886459507466,ART007924,RADAR,REIFEN,03.csv,,265,,18,97,Y,,,03,,,,,,
8886459507824,ART013424,RADAR,REIFEN,03.csv,,12,,20,121,Q,,,03,,,,,,
8886459507848,ART017181,RADAR,REIFEN,03.csv,,12,,22,117,Q,,,03,,,,,,
8886459507855,ART039047,RADAR,REIFEN,03.csv,,155,,13,73,T,,,03,,,,,,
8886459507893,ART017182,RADAR,REIFEN,03.csv,,265,,20,112,V,,,03,,,,,,
8886459507916,ART039048,RADAR,REIFEN,03.csv,,155,,13,75,T,,,03,,,,,,
8886459507947,ART017183,RADAR,REIFEN,03.csv,,155,,13,79,T,,,03,,,,,,
8886459509736,ART017184,RADAR,REIFEN,03.csv,,235,,17,117,S,,,03,,,,,,
8886459509743,ART017185,RADAR,REIFEN,03.csv,,195,,16,110,T,,,03,,,,,,
8886459509750,ART017186,RADAR,REIFEN,03.csv,,265,,21,96,Y,,,03,,,,,,
8886459509767,ART017187,RADAR,REIFEN,03.csv,,195,,16,104,T,,,03,,,,,,
8886459509781,ART017188,RADAR,REIFEN,03.csv,,155,,13,91,N,,,03,,,,,,
8886459509828,ART017191,RADAR,REIFEN,03.csv,,185,,14,104,N,,,03,,,,,,
8886459509842,ART017192,RADAR,REIFEN,03.csv,,195,,14,96,N,,,03,,,,,,
8886459509859,ART017193,RADAR,REIFEN,03.csv,,195,,14,108,N,,,03,,,,,,
8886459509880,ART017196,RADAR,REIFEN,03.csv,,165,,13,94,R,,,03,,,,,,
8886459509897,ART017197,RADAR,REIFEN,03.csv,,175,,14,99,N,,,03,,,,,,
8886459511609,ART017198,RADAR,REIFEN,03.csv,,275,,21,98,Y,,,03,,,,,,
8886459511869,ART017201,RADAR,REIFEN,03.csv,,285,,20,99,Y,,,03,,,,,,
8886459511906,ART039051,RADAR,REIFEN,03.csv,,195,,16,93,V,,,03,,,,,,
8886459511913,ART039052,RADAR,REIFEN,03.csv,,205,,16,91,W,,,03,,,,,,
8886459512002,ART017203,RADAR,REIFEN,03.csv,,235,,17,97,W,,,03,,,,,,
8886459512132,ART055760,RADAR,REIFEN,03.csv,,205,,16,94,W,,,03,,,,,,
8886459512170,ART055781,RADAR,REIFEN,03.csv,,205,,16,91,V,,,03,,,,,,
8886459512590,ART055798,RADAR,REIFEN,03.csv,,195,,15,95,V,,,03,,,,,,
8886459512644,ART055771,RADAR,REIFEN,03.csv,,195,,15,91,T,,,03,,,,,,
8886459512668,ART055787,RADAR,REIFEN,03.csv,,185,,15,88,T,,,03,,,,,,
8886459512682,ART055765,RADAR,REIFEN,03.csv,,205,,16,92,H,,,03,,,,,,
8886459512705,ART055713,RADAR,REIFEN,03.csv,,175,,14,82,T,,,03,,,,,,
8886459512811,ART076738,RADAR,REIFEN,03.csv,,195,,15,91,H,,,03,,,,,,
8886459512880,ART055750,RADAR,REIFEN,03.csv,,225,,17,94,V,,,03,,,,,,
8886459512910,ART055795,RADAR,REIFEN,03.csv,,215,,16,99,H,,,03,,,,,,
8886459512965,ART055776,RADAR,REIFEN,03.csv,,185,,15,92,V,,,03,,,,,,
8886459512989,ART055804,RADAR,REIFEN,03.csv,,175,,14,86,H,,,03,,,,,,
8886459513078,ART055808,RADAR,REIFEN,03.csv,,195,,16,91,V,,,03,,,,,,
8886459513085,ART055810,RADAR,REIFEN,03.csv,,185,,15,88,V,,,03,,,,,,
8886459513139,ART055794,RADAR,REIFEN,03.csv,,215,,16,102,H,,,03,,,,,,
8886459513146,ART055806,RADAR,REIFEN,03.csv,,215,,16,98,H,,,03,,,,,,
8886459513153,ART055814,RADAR,REIFEN,03.csv,,195,,16,91,V,,,03,,,,,,
8886459513160,ART055800,RADAR,REIFEN,03.csv,,195,,16,87,H,,,03,,,,,,
8886459513177,ART055701,RADAR,REIFEN,03.csv,,165,,14,85,T,,,03,,,,,,
8886459513214,ART055719,RADAR,REIFEN,03.csv,,175,,15,84,T,,,03,,,,,,
8886459513238,ART055708,RADAR,REIFEN,03.csv,,175,,14,88,T,,,03,,,,,,
8886459513245,ART055725,RADAR,REIFEN,03.csv,,175,,14,84,T,,,03,,,,,,
8886459513283,ART055785,RADAR,REIFEN,03.csv,,205,,16,96,V,,,03,,,,,,
8886459514877,ART017205,RADAR,REIFEN,03.csv,,285,,20,116,V,,,03,,,,,,
8886459514884,ART017206,RADAR,REIFEN,03.csv,,285,,22,114,V,,,03,,,,,,
8886459514914,ART017207,RADAR,REIFEN,03.csv,,265,,20,121,S,,,03,,,,,,
8886459514945,ART017208,RADAR,REIFEN,03.csv,,305,,22,118,S,,,03,,,,,,
8886459514952,ART017209,RADAR,REIFEN,03.csv,,285,,22,121,R,,,03,,,,,,
8886459515089,ART076739,RADAR,REIFEN,03.csv,,205,,16,92,H,,,03,,,,,,
8886459515096,ART076740,RADAR,REIFEN,03.csv,,165,,14,85,T,,,03,,,,,,
8886459515157,ART076742,RADAR,REIFEN,03.csv,,175,,15,88,H,,,03,,,,,,
8886459515218,ART076746,RADAR,REIFEN,03.csv,,185,,15,86,V,,,03,,,,,,
8886459515225,ART076747,RADAR,REIFEN,03.csv,,195,,15,86,V,,,03,,,,,,
8886459515249,ART076749,RADAR,REIFEN,03.csv,,215,,16,102,V,,,03,,,,,,
8886459515256,ART076750,RADAR,REIFEN,03.csv,,215,,16,97,W,,,03,,,,,,
8886459515270,ART076752,RADAR,REIFEN,03.csv,,215,,17,100,V,,,03,,,,,,
8886459515331,ART055820,RADAR,REIFEN,03.csv,,215,,17,100,V,,,03,,,,,,
8886459515348,ART055759,RADAR,REIFEN,03.csv,,225,,18,92,V,,,03,,,,,,
8886459515355,ART055817,RADAR,REIFEN,03.csv,,205,,17,95,V,,,03,,,,,,
8886459515386,ART055731,RADAR,REIFEN,03.csv,,185,,15,86,H,,,03,,,,,,
8886459515393,ART055782,RADAR,REIFEN,03.csv,,215,,16,97,V,,,03,,,,,,
8886459515423,ART055714,RADAR,REIFEN,03.csv,,185,,14,82,T,,,03,,,,,,
8886459515430,ART055788,RADAR,REIFEN,03.csv,,195,,15,88,H,,,03,,,,,,
8886459516161,ART055757,RADAR,REIFEN,03.csv,,225,,18,92,Y,,,03,,,,,,
8886459516345,ART017211,RADAR,REIFEN,03.csv,,265,,16,112,H,,,03,,,,,,
8886459516352,ART017212,RADAR,REIFEN,03.csv,,265,,16,116,S,,,03,,,,,,
8886459516406,ART017214,RADAR,REIFEN,03.csv,,235,,16,120,S,,,03,,,,,,
8886459516413,ART017215,RADAR,REIFEN,03.csv,,245,,16,120,R,,,03,,,,,,
8886459516420,ART017216,RADAR,REIFEN,03.csv,,265,,16,123,R,,,03,,,,,,
8886459516437,ART017217,RADAR,REIFEN,03.csv,,245,,17,121,S,,,03,,,,,,
8886459516444,ART017218,RADAR,REIFEN,03.csv,,265,,17,121,S,,,03,,,,,,
8886459516451,ART017219,RADAR,REIFEN,03.csv,,285,,17,121,S,,,03,,,,,,
8886459516482,ART017222,RADAR,REIFEN,03.csv,,285,,16,126,R,,,03,,,,,,
8886459516505,ART017224,RADAR,REIFEN,03.csv,,235,,15,109,T,,,03,,,,,,
8886459516529,ART017225,RADAR,REIFEN,03.csv,,245,,16,111,H,,,03,,,,,,
8886459516536,ART017226,RADAR,REIFEN,03.csv,,245,,16,111,T,,,03,,,,,,
8886459516550,ART017227,RADAR,REIFEN,03.csv,,245,,17,111,H,,,03,,,,,,
8886459516567,ART017228,RADAR,REIFEN,03.csv,,245,,17,110,T,,,03,,,,,,
8886459516574,ART017229,RADAR,REIFEN,03.csv,,275,,18,116,T,,,03,,,,,,
8886459516598,ART017230,RADAR,REIFEN,03.csv,,225,,16,115,R,,,03,,,,,,
8886459516611,ART017232,RADAR,REIFEN,03.csv,,245,,17,119,S,,,03,,,,,,
8886459516628,ART017233,RADAR,REIFEN,03.csv,,255,,17,111,Q,,,03,,,,,,
8886459516666,ART017235,RADAR,REIFEN,03.csv,,305,,20,121,S,,,03,,,,,,
8886459516680,ART017236,RADAR,REIFEN,03.csv,,12,,20,121,S,,,03,,,,,,
8886459516697,ART017237,RADAR,REIFEN,03.csv,,265,,17,115,H,,,03,,,,,,
8886459516703,ART017238,RADAR,REIFEN,03.csv,,275,,20,117,H,,,03,,,,,,
8886459516734,ART017239,RADAR,REIFEN,03.csv,,235,,16,106,H,,,03,,,,,,
8886459516741,ART017240,RADAR,REIFEN,03.csv,,255,,16,111,H,,,03,,,,,,
8886459516765,ART017241,RADAR,REIFEN,03.csv,,275,,20,119,H,,,03,,,,,,
8886459516772,ART055802,RADAR,REIFEN,03.csv,,195,,15,89,V,,,03,,,,,,
8886459516871,ART055756,RADAR,REIFEN,03.csv,,215,,16,99,V,,,03,,,,,,
8886459516888,ART055813,RADAR,REIFEN,03.csv,,225,,17,101,W,,,03,,,,,,
8886459516901,ART055803,RADAR,REIFEN,03.csv,,205,,17,88,W,,,03,,,,,,
8886459516918,ART055761,RADAR,REIFEN,03.csv,,215,,17,95,W,,,03,,,,,,
8886459516925,ART055816,RADAR,REIFEN,03.csv,,225,,17,103,V,,,03,,,,,,
8886459517007,ART055773,RADAR,REIFEN,03.csv,,225,,16,99,W,,,03,,,,,,
8886459517076,ART055783,RADAR,REIFEN,03.csv,,225,,18,104,W,,,03,,,,,,
8886459517083,ART055790,RADAR,REIFEN,03.csv,,215,,18,99,V,,,03,,,,,,
8886459517113,ART055786,RADAR,REIFEN,03.csv,,215,,17,95,V,,,03,,,,,,
8886459517120,ART055812,RADAR,REIFEN,03.csv,,185,,14,86,T,,,03,,,,,,
8886459517137,ART055755,RADAR,REIFEN,03.csv,,205,,17,88,V,,,03,,,,,,
8886459517144,ART055796,RADAR,REIFEN,03.csv,,195,,15,86,H,,,03,,,,,,
8886459517151,ART055707,RADAR,REIFEN,03.csv,,165,,14,79,T,,,03,,,,,,
8886459517175,ART055749,RADAR,REIFEN,03.csv,,225,,18,99,V,,,03,,,,,,
8886459517205,ART055779,RADAR,REIFEN,03.csv,,235,,19,103,V,,,03,,,,,,
8886459517229,ART055762,RADAR,REIFEN,03.csv,,225,,17,106,V,,,03,,,,,,
8886459517236,ART055791,RADAR,REIFEN,03.csv,,215,,17,91,W,,,03,,,,,,
8886459517243,ART055768,RADAR,REIFEN,03.csv,,235,,18,107,W,,,03,,,,,,
8886459517298,ART055769,RADAR,REIFEN,03.csv,,235,,18,104,V,,,03,,,,,,
8886459517748,ART013426,RADAR,REIFEN,03.csv,,12,,22,109,Q,,,03,,,,,,
8886459517755,ART017248,RADAR,REIFEN,03.csv,,12,,22,117,Q,,,03,,,,,,
8886459517786,ART017249,RADAR,REIFEN,03.csv,,215,,17,87,Y,,,03,,,,,,
8886459518059,ART017253,RADAR,REIFEN,03.csv,,265,,20,108,Y,,,03,,,,,,
8886459518127,ART017255,RADAR,REIFEN,03.csv,,255,,21,102,Y,,,03,,,,,,
8886459518165,ART017256,RADAR,REIFEN,03.csv,,285,,21,105,Y,,,03,,,,,,
8886459518226,ART017257,RADAR,REIFEN,03.csv,,225,,16,99,W,,,03,,,,,,
8886459518240,ART017258,RADAR,REIFEN,03.csv,,215,,17,100,H,,,03,,,,,,
8886459518349,ART013988,RADAR,REIFEN,03.csv,,215,,16,99,V,,,03,,,,,,
8886459518356,ART017260,RADAR,REIFEN,03.csv,,225,,16,99,V,,,03,,,,,,
8886459518370,ART017261,RADAR,REIFEN,03.csv,,225,,17,98,W,,,03,,,,,,
8886459518387,ART013962,RADAR,REIFEN,03.csv,,225,,17,101,W,,,03,,,,,,
8886459518660,ART007925,RADAR,REIFEN,03.csv,,195,,15,104,R,,,03,,,,,,
8886459518677,ART007926,RADAR,REIFEN,03.csv,,225,,15,112,R,,,03,,,,,,
8886459518806,ART055740,RADAR,REIFEN,03.csv,,205,,16,91,V,,,03,,,,,,
8886459518813,ART055734,RADAR,REIFEN,03.csv,,205,,16,94,V,,,03,,,,,,
8886459518837,ART055705,RADAR,REIFEN,03.csv,,195,,15,91,H,,,03,,,,,,
8886459519919,ART017262,RADAR,REIFEN,03.csv,,155,,14,75,H,,,03,,,,,,
8886459519926,ART017263,RADAR,REIFEN,03.csv,,165,,14,79,H,,,03,,,,,,
8886459519933,ART017264,RADAR,REIFEN,03.csv,,165,,14,81,H,,,03,,,,,,
8886459519940,ART017265,RADAR,REIFEN,03.csv,,175,,14,82,H,,,03,,,,,,
8886459519957,ART017266,RADAR,REIFEN,03.csv,,175,,14,88,H,,,03,,,,,,
8886459519964,ART017267,RADAR,REIFEN,03.csv,,185,,14,82,H,,,03,,,,,,
8886459519971,ART013954,RADAR,REIFEN,03.csv,,165,,15,81,H,,,03,,,,,,
8886459519995,ART017268,RADAR,REIFEN,03.csv,,175,,15,88,H,,,03,,,,,,
8886459520007,ART017269,RADAR,REIFEN,03.csv,,185,,15,86,V,,,03,,,,,,
8886459520014,ART017270,RADAR,REIFEN,03.csv,,185,,15,88,V,,,03,,,,,,
8886459520021,ART017271,RADAR,REIFEN,03.csv,,185,,15,92,V,,,03,,,,,,
8886459520038,ART017272,RADAR,REIFEN,03.csv,,195,,15,85,V,,,03,,,,,,
8886459520045,ART017273,RADAR,REIFEN,03.csv,,195,,15,88,V,,,03,,,,,,
8886459520052,ART017274,RADAR,REIFEN,03.csv,,195,,15,95,V,,,03,,,,,,
8886459520069,ART013956,RADAR,REIFEN,03.csv,,225,,16,103,H,,,03,,,,,,
8886459520076,ART017275,RADAR,REIFEN,03.csv,,235,,16,100,H,,,03,,,,,,
8886459520083,ART013958,RADAR,REIFEN,03.csv,,235,,16,106,H,,,03,,,,,,
8886459520144,ART017276,RADAR,REIFEN,03.csv,,205,,16,94,V,,,03,,,,,,
8886459520151,ART055743,RADAR,REIFEN,03.csv,,225,,17,94,Y,,,03,,,,,,
8886459520168,ART055821,RADAR,REIFEN,03.csv,,225,,18,92,Y,,,03,,,,,,
8886459520410,ART013974,RADAR,REIFEN,03.csv,,235,,18,107,W,,,03,,,,,,
8886459520489,ART017277,RADAR,REIFEN,03.csv,,215,,16,97,V,,,03,,,,,,
8886459520557,ART017280,RADAR,REIFEN,03.csv,,215,,16,100,H,,,03,,,,,,
8886459520564,ART039058,RADAR,REIFEN,03.csv,,175,,14,90,T,,,03,,,,,,
8886459520588,ART039060,RADAR,REIFEN,03.csv,,195,,15,104,R,,,03,,,,,,
8886459520595,ART039061,RADAR,REIFEN,03.csv,,205,,15,102,T,,,03,,,,,,
8886459520618,ART017281,RADAR,REIFEN,03.csv,,215,,15,104,T,,,03,,,,,,
8886459520625,ART017282,RADAR,REIFEN,03.csv,,215,,15,109,T,,,03,,,,,,
8886459520663,ART039063,RADAR,REIFEN,03.csv,,205,,16,107,T,,,03,,,,,,
8886459520694,ART017285,RADAR,REIFEN,03.csv,,215,,16,116,R,,,03,,,,,,
8886459520731,ART039064,RADAR,REIFEN,03.csv,,225,,16,112,T,,,03,,,,,,
8886459520748,ART039065,RADAR,REIFEN,03.csv,,225,,16,121,R,,,03,,,,,,
8886459521141,ART017286,RADAR,REIFEN,03.csv,,245,,18,100,W,,,03,,,,,,
8886459521158,ART013977,RADAR,REIFEN,03.csv,,245,,18,104,W,,,03,,,,,,
8886459521226,ART076756,RADAR,REIFEN,03.csv,,125,,12,62,S,,,03,,,,,,
8886459521233,ART017287,RADAR,REIFEN,03.csv,,275,,20,110,H,,,03,,,,,,
8886459521271,ART017288,RADAR,REIFEN,03.csv,,305,,20,120,H,,,03,,,,,,
8886459521288,ART076757,RADAR,REIFEN,03.csv,,125,,12,62,S,,,03,,,,,,
8886459521394,ART076758,RADAR,REIFEN,03.csv,,155,,12,104,N,,,03,,,,,,
8886459521424,ART017290,RADAR,REIFEN,03.csv,,265,,17,116,T,,,03,,,,,,
8886459521448,ART017291,RADAR,REIFEN,03.csv,,195,,15,86,V,,,03,,,,,,
8886459521523,ART039070,RADAR,REIFEN,03.csv,,165,,14,83,H,,,03,,,,,,
8886459521530,ART039071,RADAR,REIFEN,03.csv,,165,,14,79,H,,,03,,,,,,
8886459521592,ART039075,RADAR,REIFEN,03.csv,,175,,15,81,V,,,03,,,,,,
8886459521639,ART017293,RADAR,REIFEN,03.csv,,185,,15,86,V,,,03,,,,,,
8886459521660,ART017295,RADAR,REIFEN,03.csv,,195,,15,86,V,,,03,,,,,,
8886459521684,ART039076,RADAR,REIFEN,03.csv,,205,,15,95,V,,,03,,,,,,
8886459521691,ART017296,RADAR,REIFEN,03.csv,,205,,15,92,V,,,03,,,,,,
8886459521738,ART017297,RADAR,REIFEN,03.csv,,205,,16,96,V,,,03,,,,,,
8886459521752,ART017298,RADAR,REIFEN,03.csv,,215,,16,99,V,,,03,,,,,,
8886459521783,ART039078,RADAR,REIFEN,03.csv,,165,,13,83,T,,,03,,,,,,
8886459521837,ART017299,RADAR,REIFEN,03.csv,,265,,18,114,H,,,03,,,,,,
8886459521851,ART017300,RADAR,REIFEN,03.csv,,245,,18,100,W,,,03,,,,,,
8886459521868,ART013976,RADAR,REIFEN,03.csv,,245,,18,100,W,,,03,,,,,,
8886459521875,ART013973,RADAR,REIFEN,03.csv,,235,,18,104,V,,,03,,,,,,
8886459521882,ART013972,RADAR,REIFEN,03.csv,,235,,18,101,W,,,03,,,,,,
8886459521899,ART017301,RADAR,REIFEN,03.csv,,225,,18,92,W,,,03,,,,,,
8886459521905,ART013966,RADAR,REIFEN,03.csv,,235,,17,108,V,,,03,,,,,,
8886459521943,ART013963,RADAR,REIFEN,03.csv,,225,,17,103,V,,,03,,,,,,
8886459521967,ART017302,RADAR,REIFEN,03.csv,,215,,17,100,H,,,03,,,,,,
8886459522100,ART039079,RADAR,REIFEN,03.csv,,225,,17,106,V,,,03,,,,,,
8886459522155,ART017303,RADAR,REIFEN,03.csv,,175,,15,88,H,,,03,,,,,,
8886459522254,ART039083,RADAR,REIFEN,03.csv,,225,,16,102,W,,,03,,,,,,
8886459522452,ART013978,RADAR,REIFEN,03.csv,,255,,18,109,W,,,03,,,,,,
8886459522698,ART017306,RADAR,REIFEN,03.csv,,235,,17,97,Y,,,03,,,,,,
8886459522704,ART039085,RADAR,REIFEN,03.csv,,245,,17,99,Y,,,03,,,,,,
8886459522742,ART017307,RADAR,REIFEN,03.csv,,245,,19,93,Y,,,03,,,,,,
8886459522766,ART017309,RADAR,REIFEN,03.csv,,255,,20,97,Y,,,03,,,,,,
8886459522858,ART017310,RADAR,REIFEN,03.csv,,205,,17,95,V,,,03,,,,,,
8886459523053,ART039088,RADAR,REIFEN,03.csv,,195,,16,99,H,,,03,,,,,,
8886459523107,ART039089,RADAR,REIFEN,03.csv,,175,,14,86,H,,,03,,,,,,
8886459523114,ART017313,RADAR,REIFEN,03.csv,,135,,13,70,T,,,03,,,,,,
8886459524180,ART013983,RADAR,REIFEN,03.csv,,255,,19,111,W,,,03,,,,,,
8886459524197,ART013984,RADAR,REIFEN,03.csv,,255,,20,105,W,,,03,,,,,,
8886459524203,ART013985,RADAR,REIFEN,03.csv,,255,,20,109,W,,,03,,,,,,
8886459524210,ART017316,RADAR,REIFEN,03.csv,,295,,21,107,W,,,03,,,,,,
8886459524357,ART013423,RADAR,REIFEN,03.csv,,12,,18,118,Q,,,03,,,,,,
8886459524371,ART024639,RADAR,REIFEN,03.csv,,12,,20,114,Q,,,03,,,,,,
8886459524456,ART017318,RADAR,REIFEN,03.csv,,12,,20,121,Q,,,03,,,,,,
8886459524739,ART013987,RADAR,REIFEN,03.csv,,235,,17,117,R,,,03,,,,,,
8886459525033,ART017321,RADAR,REIFEN,03.csv,,225,,17,101,Y,,,03,,,,,,
8886459525040,ART017322,RADAR,REIFEN,03.csv,,215,,18,89,Y,,,03,,,,,,
8886459525125,ART017323,RADAR,REIFEN,03.csv,,315,,20,110,Y,,,03,,,,,,
8886459525361,ART017326,RADAR,REIFEN,03.csv,,225,,19,103,Y,,,03,,,,,,
8886459525439,ART017328,RADAR,REIFEN,03.csv,,205,,17,88,W,,,03,,,,,,
8886459525446,ART013960,RADAR,REIFEN,03.csv,,215,,17,103,V,,,03,,,,,,
8886459525453,ART017329,RADAR,REIFEN,03.csv,,225,,17,99,V,,,03,,,,,,
8886459525460,ART013964,RADAR,REIFEN,03.csv,,225,,17,106,V,,,03,,,,,,
8886459525477,ART013967,RADAR,REIFEN,03.csv,,215,,18,99,V,,,03,,,,,,
8886459525484,ART013969,RADAR,REIFEN,03.csv,,225,,18,102,V,,,03,,,,,,
8886459525552,ART013980,RADAR,REIFEN,03.csv,,235,,19,105,W,,,03,,,,,,
8886459525569,ART013982,RADAR,REIFEN,03.csv,,255,,19,107,W,,,03,,,,,,
8886459525576,ART017332,RADAR,REIFEN,03.csv,,215,,17,95,W,,,03,,,,,,
8886459525583,ART013968,RADAR,REIFEN,03.csv,,225,,18,95,W,,,03,,,,,,
8886459525613,ART013970,RADAR,REIFEN,03.csv,,225,,18,104,W,,,03,,,,,,
8886459526245,ART017334,RADAR,REIFEN,03.csv,,195,,16,91,V,,,03,,,,,,
8886459526252,ART017335,RADAR,REIFEN,03.csv,,205,,16,96,V,,,03,,,,,,
8886459526269,ART013955,RADAR,REIFEN,03.csv,,215,,16,102,V,,,03,,,,,,
8886459526276,ART017336,RADAR,REIFEN,03.csv,,205,,17,93,W,,,03,,,,,,
8886459526283,ART017337,RADAR,REIFEN,03.csv,,215,,17,91,W,,,03,,,,,,
8886459526290,ART013959,RADAR,REIFEN,03.csv,,215,,17,98,W,,,03,,,,,,
8886459526306,ART017338,RADAR,REIFEN,03.csv,,225,,17,94,W,,,03,,,,,,
8886459526313,ART017339,RADAR,REIFEN,03.csv,,225,,17,94,W,,,03,,,,,,
8886459526344,ART013965,RADAR,REIFEN,03.csv,,235,,17,103,W,,,03,,,,,,
8886459526351,ART017340,RADAR,REIFEN,03.csv,,235,,17,103,Y,,,03,,,,,,
8886459526634,ART017341,RADAR,REIFEN,03.csv,,225,,19,96,Y,,,03,,,,,,
8886459526641,ART017342,RADAR,REIFEN,03.csv,,205,,17,88,W,,,03,,,,,,
8886459527495,ART039099,RADAR,REIFEN,03.csv,,205,,16,87,W,,,03,,,,,,
8886459527518,ART017344,RADAR,REIFEN,03.csv,,215,,17,83,W,,,03,,,,,,
8886459527617,ART017345,RADAR,REIFEN,03.csv,,205,,15,100,H,,,03,,,,,,
8886459527624,ART016741,RADAR,REIFEN,03.csv,,205,,16,104,T,,,03,,,,,,
8886459527631,ART013420,RADAR,REIFEN,03.csv,,205,,16,110,S,,,03,,,,,,
8886459528058,ART017347,RADAR,REIFEN,03.csv,,195,,16,84,V,,,03,,,,,,
8886459528119,ART039104,RADAR,REIFEN,03.csv,,185,,14,86,H,,,03,,,,,,
8886459528164,ART039108,RADAR,REIFEN,03.csv,,195,,15,95,V,,,03,,,,,,
8886459528232,ART017350,RADAR,REIFEN,03.csv,,195,,16,91,V,,,03,,,,,,
8886459528256,ART017351,RADAR,REIFEN,03.csv,,205,,16,94,V,,,03,,,,,,
8886459529598,ART017353,RADAR,REIFEN,03.csv,,235,,16,121,R,,,03,,,,,,
8886459529970,ART017355,RADAR,REIFEN,03.csv,,205,,15,99,V,,,03,,,,,,
8886459529987,ART039113,RADAR,REIFEN,03.csv,,185,,15,92,H,,,03,,,,,,
8886459530488,ART017356,RADAR,REIFEN,03.csv,,205,,17,84,Y,,,03,,,,,,
8886459530495,ART039114,RADAR,REIFEN,03.csv,,205,,17,88,Y,,,03,,,,,,
8886459530501,ART017357,RADAR,REIFEN,03.csv,,205,,17,93,Y,,,03,,,,,,
8886459530518,ART017358,RADAR,REIFEN,03.csv,,215,,17,91,Y,,,03,,,,,,
8886459530556,ART017360,RADAR,REIFEN,03.csv,,225,,17,103,V,,,03,,,,,,
8886459530587,ART017361,RADAR,REIFEN,03.csv,,245,,18,100,Y,,,03,,,,,,
8886459532703,ART013979,RADAR,REIFEN,03.csv,,235,,19,91,W,,,03,,,,,,
8886459532710,ART013975,RADAR,REIFEN,03.csv,,245,,18,97,W,,,03,,,,,,
8886459532727,ART013981,RADAR,REIFEN,03.csv,,255,,19,100,W,,,03,,,,,,
8886459532741,ART017363,RADAR,REIFEN,03.csv,,235,,16,121,R,,,03,,,,,,
8886459532758,ART013986,RADAR,REIFEN,03.csv,,225,,17,109,H,,,03,,,,,,
8886459532765,ART017364,RADAR,REIFEN,03.csv,,215,,17,109,T,,,03,,,,,,
8886459533564,ART017365,RADAR,REIFEN,03.csv,,215,,17,98,Y,,,03,,,,,,
8886459533571,ART017366,RADAR,REIFEN,03.csv,,225,,17,94,Y,,,03,,,,,,
8886459533595,ART017367,RADAR,REIFEN,03.csv,,225,,17,98,Y,,,03,,,,,,
8886459533700,ART013439,RADAR,REIFEN,03.csv,,205,,14,95,W,,,03,,,,,,
8886459533786,ART013434,RADAR,REIFEN,03.csv,,175,,14,88,H,,,03,,,,,,
8886459533809,ART013438,RADAR,REIFEN,03.csv,,195,,14,91,V,,,03,,,,,,
8886459533847,ART013432,RADAR,REIFEN,03.csv,,205,,13,86,V,,,03,,,,,,
8886459534219,ART017368,RADAR,REIFEN,03.csv,,275,,22,108,V,,,03,,,,,,
8886459534226,ART017369,RADAR,REIFEN,03.csv,,255,,20,110,H,,,03,,,,,,
8886459534509,ART017370,RADAR,REIFEN,03.csv,,145,,13,74,Q,,,03,,,,,,
8886459536534,ART017371,RADAR,REIFEN,03.csv,,265,,20,121,Q,,,03,,,,,,
8886459536541,ART017372,RADAR,REIFEN,03.csv,,275,,20,120,Q,,,03,,,,,,
8886459536626,ART017377,RADAR,REIFEN,03.csv,,12,,17,121,Q,,,03,,,,,,
8886459536701,ART017380,RADAR,REIFEN,03.csv,,285,,16,121,Q,,,03,,,,,,
8886459538835,ART017383,RADAR,REIFEN,03.csv,,265,,16,121,Q,,,03,,,,,,
8886459538842,ART017384,RADAR,REIFEN,03.csv,,285,,22,121,Q,,,03,,,,,,
8886459538972,ART017385,RADAR,REIFEN,03.csv,,13,,17,121,Q,,,03,,,,,,
8886459540142,ART013461,RADAR,REIFEN,03.csv,,255,,15,102,W,,,03,,,,,,
8886459540166,ART017386,RADAR,REIFEN,03.csv,,145,,13,75,T,,,03,,,,,,
8886459540173,ART039022,RADAR,REIFEN,03.csv,,175,,13,72,V,,,03,,,,,,
8886459540395,ART039124,RADAR,REIFEN,03.csv,,185,,16,85,V,,,03,,,,,,
8886459540418,ART017388,RADAR,REIFEN,03.csv,,215,,16,90,W,,,03,,,,,,
8886459540425,ART017389,RADAR,REIFEN,03.csv,,205,,17,95,Y,,,03,,,,,,
8886459540449,ART017390,RADAR,REIFEN,03.csv,,215,,18,92,W,,,03,,,,,,
8886459540463,ART017392,RADAR,REIFEN,03.csv,,225,,18,102,Y,,,03,,,,,,
8886459540494,ART017394,RADAR,REIFEN,03.csv,,225,,18,104,W,,,03,,,,,,
8886459541620,ART017395,RADAR,REIFEN,03.csv,,265,,18,117,Q,,,03,,,,,,
8886459541637,ART017396,RADAR,REIFEN,03.csv,,265,,18,121,Q,,,03,,,,,,
8886459541651,ART039127,RADAR,REIFEN,03.csv,,275,,18,121,Q,,,03,,,,,,
8886459541668,ART016271,RADAR,REIFEN,03.csv,,285,,18,121,Q,,,03,,,,,,
8886459541682,ART017398,RADAR,REIFEN,03.csv,,295,,18,121,Q,,,03,,,,,,
8886459542221,ART017400,RADAR,REIFEN,03.csv,,195,,16,91,W,,,03,,,,,,
8886459542238,ART017401,RADAR,REIFEN,03.csv,,205,,16,94,W,,,03,,,,,,
8886459542252,ART017402,RADAR,REIFEN,03.csv,,205,,17,93,W,,,03,,,,,,
8886459542269,ART017403,RADAR,REIFEN,03.csv,,205,,17,95,W,,,03,,,,,,
8886459542276,ART017404,RADAR,REIFEN,03.csv,,225,,17,98,W,,,03,,,,,,
8886459542283,ART017405,RADAR,REIFEN,03.csv,,225,,17,101,W,,,03,,,,,,
8886459542306,ART017406,RADAR,REIFEN,03.csv,,225,,18,95,Y,,,03,,,,,,
8886459542313,ART017407,RADAR,REIFEN,03.csv,,235,,18,107,W,,,03,,,,,,
8886459543709,ART017410,RADAR,REIFEN,03.csv,,195,,20,95,H,,,03,,,,,,
8886459543778,ART017411,RADAR,REIFEN,03.csv,,275,,22,104,Y,,,03,,,,,,
8886459545673,ART017412,RADAR,REIFEN,03.csv,,275,,20,121,Q,,,03,,,,,,
8886459545697,ART039129,RADAR,REIFEN,03.csv,,285,,20,117,Q,,,03,,,,,,
8886459545710,ART039130,RADAR,REIFEN,03.csv,,295,,20,121,Q,,,03,,,,,,
8886459545727,ART017414,RADAR,REIFEN,03.csv,,295,,20,121,Q,,,03,,,,,,
8886459545932,ART017421,RADAR,REIFEN,03.csv,,215,,16,97,H,,,03,,,,,,
8886459545949,ART017422,RADAR,REIFEN,03.csv,,215,,16,99,H,,,03,,,,,,
8886459545994,ART017426,RADAR,REIFEN,03.csv,,205,,17,95,V,,,03,,,,,,
8886459546038,ART017429,RADAR,REIFEN,03.csv,,225,,17,94,V,,,03,,,,,,
8886459546083,ART017432,RADAR,REIFEN,03.csv,,225,,17,103,V,,,03,,,,,,
8886459546106,ART017434,RADAR,REIFEN,03.csv,,215,,18,99,V,,,03,,,,,,
8886459546113,ART017435,RADAR,REIFEN,03.csv,,225,,18,92,V,,,03,,,,,,
8886459546120,ART017436,RADAR,REIFEN,03.csv,,225,,18,95,V,,,03,,,,,,
8886459546137,ART017437,RADAR,REIFEN,03.csv,,225,,18,102,V,,,03,,,,,,
8886459546144,ART017438,RADAR,REIFEN,03.csv,,225,,18,104,V,,,03,,,,,,
8886459546151,ART017439,RADAR,REIFEN,03.csv,,235,,18,98,V,,,03,,,,,,
8886459546168,ART039131,RADAR,REIFEN,03.csv,,235,,18,101,V,,,03,,,,,,
8886459546182,ART017441,RADAR,REIFEN,03.csv,,235,,18,107,V,,,03,,,,,,
8886459546236,ART017443,RADAR,REIFEN,03.csv,,235,,19,91,V,,,03,,,,,,
8886459546335,ART017446,RADAR,REIFEN,03.csv,,195,,16,110,R,,,03,,,,,,
8886459546342,ART017447,RADAR,REIFEN,03.csv,,205,,16,107,T,,,03,,,,,,
8886459546366,ART039133,RADAR,REIFEN,03.csv,,235,,16,115,R,,,03,,,,,,
8886459587918,ART039147,RADAR,REIFEN,03.csv,,255,,19,107,Y,,,03,,,,,,
8886459587932,ART039148,RADAR,REIFEN,03.csv,,245,,20,98,Y,,,03,,,,,,
8886459587949,ART039149,RADAR,REIFEN,03.csv,,265,,20,99,Y,,,03,,,,,,
8886459588069,ART026420,RADAR,REIFEN,03.csv,,255,,18,103,Y,,,03,,,,,,
8886459588083,ART026421,RADAR,REIFEN,03.csv,,255,,19,91,Y,,,03,,,,,,
8886459588328,ART026424,RADAR,REIFEN,03.csv,,275,,20,110,Y,,,03,,,,,,
8886459588335,ART026425,RADAR,REIFEN,03.csv,,275,,20,119,Q,,,03,,,,,,
8886459588533,ART021564,RADAR,REIFEN,03.csv,,295,,21,107,Y,,,03,,,,,,
8886459588656,ART026426,RADAR,REIFEN,03.csv,,255,,20,101,Y,,,03,,,,,,
8886459588687,ART039154,RADAR,REIFEN,03.csv,,265,,21,105,Y,,,03,,,,,,
8886459588717,ART026428,RADAR,REIFEN,03.csv,,285,,22,106,Y,,,03,,,,,,
8886459590666,ART021567,RADAR,REIFEN,03.csv,,215,,17,109,T,,,03,,,,,,
8886459594190,ART021568,RADAR,REIFEN,03.csv,,225,,18,92,Y,,,03,,,,,,
8886459594213,ART039139,RADAR,REIFEN,03.csv,,225,,18,95,Y,,,03,,,,,,
8886459594244,ART021571,RADAR,REIFEN,03.csv,,235,,18,98,Y,,,03,,,,,,
8886459594275,ART021573,RADAR,REIFEN,03.csv,,245,,18,92,Y,,,03,,,,,,
8886459594299,ART021574,RADAR,REIFEN,03.csv,,245,,18,97,Y,,,03,,,,,,
8886459594336,ART021575,RADAR,REIFEN,03.csv,,235,,19,91,Y,,,03,,,,,,
8886459594343,ART021576,RADAR,REIFEN,03.csv,,255,,19,96,Y,,,03,,,,,,
8886459594367,ART021577,RADAR,REIFEN,03.csv,,255,,18,94,Y,,,03,,,,,,
8886459594381,ART021578,RADAR,REIFEN,03.csv,,225,,19,88,Y,,,03,,,,,,
8886459594404,ART021579,RADAR,REIFEN,03.csv,,225,,19,93,Y,,,03,,,,,,
8886459594428,ART021581,RADAR,REIFEN,03.csv,,235,,19,96,Y,,,03,,,,,,
8886459594435,ART021582,RADAR,REIFEN,03.csv,,235,,19,99,Y,,,03,,,,,,
8886459594459,ART039145,RADAR,REIFEN,03.csv,,245,,19,102,Y,,,03,,,,,,
8886459594473,ART021583,RADAR,REIFEN,03.csv,,255,,19,100,Y,,,03,,,,,,
8886459594497,ART021584,RADAR,REIFEN,03.csv,,275,,19,100,Y,,,03,,,,,,
8886459594510,ART021586,RADAR,REIFEN,03.csv,,255,,20,105,Y,,,03,,,,,,
8886459594534,ART021587,RADAR,REIFEN,03.csv,,275,,20,106,Y,,,03,,,,,,
8886459595234,ART026430,RADAR,REIFEN,03.csv,,215,,16,102,V,,,03,,,,,,
8886459598068,ART026433,RADAR,REIFEN,03.csv,,185,,14,88,V,,,03,,,,,,
8886459598075,ART026434,RADAR,REIFEN,03.csv,,185,,14,88,V,,,03,,,,,,
8886459598129,ART026437,RADAR,REIFEN,03.csv,,125,,15,68,S,,,03,,,,,,
8886459598136,ART026438,RADAR,REIFEN,03.csv,,125,,15,68,S,,,03,,,,,,
8886459598143,ART026439,RADAR,REIFEN,03.csv,,165,,15,86,H,,,03,,,,,,
8886459598167,ART026441,RADAR,REIFEN,03.csv,,185,,15,89,V,,,03,,,,,,
8886459598198,ART026444,RADAR,REIFEN,03.csv,,215,,15,98,W,,,03,,,,,,
8886459598686,ART039165,RADAR,REIFEN,03.csv,,175,,16,82,H,,,03,,,,,,
8886459598693,ART027445,RADAR,REIFEN,03.csv,,215,,15,104,T,,,03,,,,,,
8886459598709,ART055678,RADAR,REIFEN,03.csv,,195,,15,107,Q,,,03,,,,,,
8886459598976,ART027446,RADAR,REIFEN,03.csv,,185,,15,88,T,,,03,,,,,,
8886459598983,ART027447,RADAR,REIFEN,03.csv,,185,,15,92,T,,,03,,,,,,
8886459598990,ART027448,RADAR,REIFEN,03.csv,,185,,15,88,T,,,03,,,,,,
8886459599003,ART039166,RADAR,REIFEN,03.csv,,195,,15,89,H,,,03,,,,,,
8886459599034,ART027450,RADAR,REIFEN,03.csv,,195,,15,91,T,,,03,,,,,,
8886459599041,ART027451,RADAR,REIFEN,03.csv,,195,,16,91,H,,,03,,,,,,
8886459599072,ART027454,RADAR,REIFEN,03.csv,,255,,18,109,V,,,03,,,,,,
8886459599133,ART027457,RADAR,REIFEN,03.csv,,275,,20,110,V,,,03,,,,,,
8886459599140,ART028529,RADAR,REIFEN,03.csv,,325,,22,121,Q,,,03,,,,,,
8886459599164,ART017242,RADAR,REIFEN,03.csv,,245,,19,98,Y,,,03,,,,,,
8903094007714,ART002254,BKT,REIFEN,03.csv,,23,,10,,,,,03,,,,,,
8903094010974,ART001455,BKT,REIFEN,03.csv,,200,,14.5,109,A8,,,03,,,,,,
8903094012640,ART004038,BKT,REIFEN,03.csv,,8.50,,12,,,,,03,,,,,,
8903094055807,ART011182,BKT,REIFEN,03.csv,,6.00,,18,101,A6,,,03,,,,,,
8994242026626,ART011379,Deli Tire,REIFEN,03.csv,,6.00,,6,70,A6,,,03,,,,,,
8994242027333,ART007896,Deli Tire,REIFEN,03.csv,,3.50,,8,55,,,,03,,,,,,
4026569024536,ART023540,DEZENT,ALUFELGEN,03.csv,,,,,,,,,03,,,,,,
4026569024901,ART023530,DEZENT,ALUFELGEN,03.csv,,,,,,,,,03,,,,,,
4026569025311,ART023522,DEZENT,ALUFELGEN,03.csv,,,,,,,,,03,,,,,,
4026569037659,ART023550,DEZENT,ALUFELGEN,03.csv,,,,,,,,,03,,,,,,
4026569048594,ART027430,DEZENT,ALUFELGEN,03.csv,,,,,,,,,03,,,,,,
4026569054298,ART023518,DEZENT,ALUFELGEN,03.csv,,,,,,,,,03,,,,,,
4026569254612,ART004656,DEZENT,ALUFELGEN,03.csv,,,,,,,,,03,,,,,,
4032167361928,ART006761,DBV ,ALUFELGEN,03.csv,,,,,,,,,03,,,,,,
4032167700918,ART012825,DBV ,ALUFELGEN,03.csv,,,,,,,,,03,,,,,,
4032167702271,ART012822,DBV ,ALUFELGEN,03.csv,,,,,,,,,03,,,,,,
4032167703155,ART022123,DBV ,ALUFELGEN,03.csv,,,,,,,,,03,,,,,,
4032167703278,ART022120,DBV ,ALUFELGEN,03.csv,,,,,,,,,03,,,,,,
4032167705814,ART026009,DBV ,ALUFELGEN,03.csv,,,,,,,,,03,,,,,,
4040658027550,ART000616,ACCURIDE,STAHLFELGEN,03.csv,,,,,,,,,03,,,,,,
4051665026863,ART004722,BORBET,ALUFELGEN,03.csv,,,,,,,,,03,,,,,,
4051665032161,ART006760,BORBET,ALUFELGEN,03.csv,,,,,,,,,03,,,,,,
4051665032680,ART006756,BORBET,ALUFELGEN,03.csv,,,,,,,,,03,,,,,,
4051665035063,ART009861,BORBET,ALUFELGEN,03.csv,,,,,,,,,03,,,,,,
4051665035520,ART009866,BORBET,ALUFELGEN,03.csv,,,,,,,,,03,,,,,,
4051665036404,ART009884,BORBET,ALUFELGEN,03.csv,,,,,,,,,03,,,,,,
4051665038569,ART009880,BORBET,ALUFELGEN,03.csv,,,,,,,,,03,,,,,,
4051665038606,ART009882,BORBET,ALUFELGEN,03.csv,,,,,,,,,03,,,,,,
4051665038637,ART009877,BORBET,ALUFELGEN,03.csv,,,,,,,,,03,,,,,,
4051665038712,ART009895,BORBET,ALUFELGEN,03.csv,,,,,,,,,03,,,,,,
4051665040593,ART010513,BORBET,ALUFELGEN,03.csv,,,,,,,,,03,,,,,,
4051665041798,ART010520,BORBET,ALUFELGEN,03.csv,,,,,,,,,03,,,,,,
4051665041835,ART010519,BORBET,ALUFELGEN,03.csv,,,,,,,,,03,,,,,,
4051665046458,ART014282,BORBET,ALUFELGEN,03.csv,,,,,,,,,03,,,,,,
4051665048926,ART016379,BORBET,ALUFELGEN,03.csv,,,,,,,,,03,,,,,,
4051665049374,ART017653,BORBET,ALUFELGEN,03.csv,,,,,,,,,03,,,,,,
4051665049411,ART017650,BORBET,ALUFELGEN,03.csv,,,,,,,,,03,,,,,,
4051665052909,ART020022,BORBET,ALUFELGEN,03.csv,,,,,,,,,03,,,,,,
4051665055375,ART021963,BORBET,ALUFELGEN,03.csv,,,,,,,,,03,,,,,,
4051665058178,ART024559,BORBET,ALUFELGEN,03.csv,,,,,,,,,03,,,,,,
4051665058376,ART024560,BORBET,ALUFELGEN,03.csv,,,,,,,,,03,,,,,,
4052894174271,ART006778,2DRV,ALUFELGEN,03.csv,,,,,,,,,03,,,,,,
4052894178767,ART008961,2DRV,ALUFELGEN,03.csv,,,,,,,,,03,,,,,,
4053881148169,ART003925,RONAL,ALUFELGEN,03.csv,,,,,,,,,03,,,,,,
4053881156966,ART003931,RONAL,ALUFELGEN,03.csv,,,,,,,,,03,,,,,,
4053881266610,ART025990,RONAL,ALUFELGEN,03.csv,,,,,,,,,03,,,,,,
4059771003006,ART009930,ATS,ALUFELGEN,03.csv,,,,,,,,,03,,,,,,
4059771003433,ART009933,ATS,ALUFELGEN,03.csv,,,,,,,,,03,,,,,,
4059771012268,ART014325,ALUTEC,ALUFELGEN,03.csv,,,,,,,,,03,,,,,,
4059771014866,ART017635,ALUTEC,ALUFELGEN,03.csv,,,,,,,,,03,,,,,,
4059771017027,ART017705,RIAL,ALUFELGEN,03.csv,,,,,,,,,03,,,,,,
4059771022557,ART022012,RIAL,ALUFELGEN,03.csv,,,,,,,,,03,,,,,,
4059771023349,ART022020,RIAL,ALUFELGEN,03.csv,,,,,,,,,03,,,,,,
4059771024209,ART022033,ALUTEC,ALUFELGEN,03.csv,,,,,,,,,03,,,,,,
4250084646786,ART005785,MAM,ALUFELGEN,03.csv,,,,,,,,,03,,,,,,
4250084648834,ART005772,MAM,ALUFELGEN,03.csv,,,,,,,,,03,,,,,,
4250084648872,ART005775,MAM,ALUFELGEN,03.csv,,,,,,,,,03,,,,,,
4250084648896,ART005773,MAM,ALUFELGEN,03.csv,,,,,,,,,03,,,,,,
4250084656075,ART020171,MAM,ALUFELGEN,03.csv,,,,,,,,,03,,,,,,
4250084656082,ART020172,MAM,ALUFELGEN,03.csv,,,,,,,,,03,,,,,,
4250084656112,ART020167,MAM,ALUFELGEN,03.csv,,,,,,,,,03,,,,,,
4250084656266,ART020161,MAM,ALUFELGEN,03.csv,,,,,,,,,03,,,,,,
4250084656280,ART020162,MAM,ALUFELGEN,03.csv,,,,,,,,,03,,,,,,
4250084657096,ART020184,MAM,ALUFELGEN,03.csv,,,,,,,,,03,,,,,,
4250084657508,ART022061,MAM,ALUFELGEN,03.csv,,,,,,,,,03,,,,,,
4250084657522,ART022056,MAM,ALUFELGEN,03.csv,,,,,,,,,03,,,,,,
4250084657607,ART022060,MAM,ALUFELGEN,03.csv,,,,,,,,,03,,,,,,
4250084657874,ART022066,MAM,ALUFELGEN,03.csv,,,,,,,,,03,,,,,,
4250145473917,ART005229,RC-DESIGN,ALUFELGEN,03.csv,,,,,,,,,03,,,,,,
4250314116676,ART044843,CMS,ALUFELGEN,03.csv,,,,,,,,,03,,,,,,
4250314124602,ART046232,CMS,ALUFELGEN,03.csv,,,,,,,,,03,,,,,,
4250314124626,ART046233,CMS,ALUFELGEN,03.csv,,,,,,,,,03,,,,,,
4250314124909,ART020151,CMS,ALUFELGEN,03.csv,,,,,,,,,03,,,,,,
4250314124923,ART046253,CMS,ALUFELGEN,03.csv,,,,,,,,,03,,,,,,
4250314125302,ART044836,CMS,ALUFELGEN,03.csv,,,,,,,,,03,,,,,,
4250314125388,ART044906,CMS,ALUFELGEN,03.csv,,,,,,,,,03,,,,,,
4250314125647,ART045926,CMS,ALUFELGEN,03.csv,,,,,,,,,03,,,,,,
4250314125661,ART045917,CMS,ALUFELGEN,03.csv,,,,,,,,,03,,,,,,
4250314125746,ART045906,CMS,ALUFELGEN,03.csv,,,,,,,,,03,,,,,,
4250314127603,ART044910,CMS,ALUFELGEN,03.csv,,,,,,,,,03,,,,,,
4250314127627,ART044911,CMS,ALUFELGEN,03.csv,,,,,,,,,03,,,,,,
4250314128228,ART045576,CMS,ALUFELGEN,03.csv,,,,,,,,,03,,,,,,
4250314128280,ART045556,CMS,ALUFELGEN,03.csv,,,,,,,,,03,,,,,,
4250314128303,ART045567,CMS,ALUFELGEN,03.csv,,,,,,,,,03,,,,,,
4250314128310,ART020135,CMS,ALUFELGEN,03.csv,,,,,,,,,03,,,,,,
4250314128389,ART045573,CMS,ALUFELGEN,03.csv,,,,,,,,,03,,,,,,
4250314133703,ART025926,CMS,ALUFELGEN,03.csv,,,,,,,,,03,,,,,,
4250314134359,ART025923,CMS,ALUFELGEN,03.csv,,,,,,,,,03,,,,,,
4250314134908,ART027896,CMS,ALUFELGEN,03.csv,,,,,,,,,03,,,,,,
4250314142354,ART046344,CMS,ALUFELGEN,03.csv,,,,,,,,,03,,,,,,
4250325724129,ART008932,AUTEC,ALUFELGEN,03.csv,,,,,,,,,03,,,,,,
4250325732643,ART017737,AUTEC,ALUFELGEN,03.csv,,,,,,,,,03,,,,,,
4250353319489,ART008992,TEC,ALUFELGEN,03.csv,,,,,,,,,03,,,,,,
4250353328818,ART023611,TEC,ALUFELGEN,03.csv,,,,,,,,,03,,,,,,
4250353329365,ART023596,TEC,ALUFELGEN,03.csv,,,,,,,,,03,,,,,,
4250390919185,ART006873,OXXO,ALUFELGEN,03.csv,,,,,,,,,03,,,,,,
4250390919260,ART041950,OXXO,ALUFELGEN,03.csv,,,,,,,,,03,,,,,,
4250390919321,ART006872,OXXO,ALUFELGEN,03.csv,,,,,,,,,03,,,,,,
4250390919680,ART006868,OXXO,ALUFELGEN,03.csv,,,,,,,,,03,,,,,,
4250390919710,ART006848,OXXO,ALUFELGEN,03.csv,,,,,,,,,03,,,,,,
4250390920303,ART006894,OXXO,ALUFELGEN,03.csv,,,,,,,,,03,,,,,,
4250390920310,ART006895,OXXO,ALUFELGEN,03.csv,,,,,,,,,03,,,,,,
4250390920365,ART006880,OXXO,ALUFELGEN,03.csv,,,,,,,,,03,,,,,,
4250390920372,ART006881,OXXO,ALUFELGEN,03.csv,,,,,,,,,03,,,,,,
4250390920389,ART006882,OXXO,ALUFELGEN,03.csv,,,,,,,,,03,,,,,,
4250390923939,ART007961,OXXO,ALUFELGEN,03.csv,,,,,,,,,03,,,,,,
4250390923960,ART041969,OXXO,ALUFELGEN,03.csv,,,,,,,,,03,,,,,,
4250390924899,ART008917,OXXO,ALUFELGEN,03.csv,,,,,,,,,03,,,,,,
4250390924905,ART008918,OXXO,ALUFELGEN,03.csv,,,,,,,,,03,,,,,,
4250390924929,ART008920,OXXO,ALUFELGEN,03.csv,,,,,,,,,03,,,,,,
4250390924950,ART008921,OXXO,ALUFELGEN,03.csv,,,,,,,,,03,,,,,,
4250390924967,ART008922,OXXO,ALUFELGEN,03.csv,,,,,,,,,03,,,,,,
4250390924974,ART008923,OXXO,ALUFELGEN,03.csv,,,,,,,,,03,,,,,,
4250390925056,ART009009,OXXO,ALUFELGEN,03.csv,,,,,,,,,03,,,,,,
4250390925070,ART009007,OXXO,ALUFELGEN,03.csv,,,,,,,,,03,,,,,,
4250390925100,ART008994,OXXO,ALUFELGEN,03.csv,,,,,,,,,03,,,,,,
4250390925698,ART041784,OXXO,ALUFELGEN,03.csv,,,,,,,,,03,,,,,,
4250390926190,ART009964,OXXO,ALUFELGEN,03.csv,,,,,,,,,03,,,,,,
4250390926220,ART009953,OXXO,ALUFELGEN,03.csv,,,,,,,,,03,,,,,,
4250390926350,ART041994,OXXO,ALUFELGEN,03.csv,,,,,,,,,03,,,,,,
4250390929375,ART041840,OXXO,ALUFELGEN,03.csv,,,,,,,,,03,,,,,,
4250390929498,ART013147,OXXO,ALUFELGEN,03.csv,,,,,,,,,03,,,,,,
4250390929542,ART013149,OXXO,ALUFELGEN,03.csv,,,,,,,,,03,,,,,,
4250390929580,ART041856,OXXO,ALUFELGEN,03.csv,,,,,,,,,03,,,,,,
4250390929597,ART041859,OXXO,ALUFELGEN,03.csv,,,,,,,,,03,,,,,,
4250390929634,ART041861,OXXO,ALUFELGEN,03.csv,,,,,,,,,03,,,,,,
4250390929641,ART041862,OXXO,ALUFELGEN,03.csv,,,,,,,,,03,,,,,,
4250390929719,ART013154,OXXO,ALUFELGEN,03.csv,,,,,,,,,03,,,,,,
4250390929788,ART013127,OXXO,ALUFELGEN,03.csv,,,,,,,,,03,,,,,,
4250390929887,ART041878,OXXO,ALUFELGEN,03.csv,,,,,,,,,03,,,,,,
4250390930043,ART013138,OXXO,ALUFELGEN,03.csv,,,,,,,,,03,,,,,,
4250390930135,ART041713,OXXO,ALUFELGEN,03.csv,,,,,,,,,03,,,,,,
4250390930142,ART013140,OXXO,ALUFELGEN,03.csv,,,,,,,,,03,,,,,,
4250390930159,ART013141,OXXO,ALUFELGEN,03.csv,,,,,,,,,03,,,,,,
4250390930166,ART041715,OXXO,ALUFELGEN,03.csv,,,,,,,,,03,,,,,,
4250390930173,ART013142,OXXO,ALUFELGEN,03.csv,,,,,,,,,03,,,,,,
4250390930197,ART013143,OXXO,ALUFELGEN,03.csv,,,,,,,,,03,,,,,,
4250390930210,ART041718,OXXO,ALUFELGEN,03.csv,,,,,,,,,03,,,,,,
4250390930241,ART041725,OXXO,ALUFELGEN,03.csv,,,,,,,,,03,,,,,,
4250390930258,ART041727,OXXO,ALUFELGEN,03.csv,,,,,,,,,03,,,,,,
4250390930265,ART013119,OXXO,ALUFELGEN,03.csv,,,,,,,,,03,,,,,,
4250390930272,ART041729,OXXO,ALUFELGEN,03.csv,,,,,,,,,03,,,,,,
4250390930289,ART013120,OXXO,ALUFELGEN,03.csv,,,,,,,,,03,,,,,,
4250390930845,ART013150,OXXO,ALUFELGEN,03.csv,,,,,,,,,03,,,,,,
4250390930869,ART014362,OXXO,ALUFELGEN,03.csv,,,,,,,,,03,,,,,,
4250390930876,ART014363,OXXO,ALUFELGEN,03.csv,,,,,,,,,03,,,,,,
4250390930883,ART041864,OXXO,ALUFELGEN,03.csv,,,,,,,,,03,,,,,,
4250390930890,ART014357,OXXO,ALUFELGEN,03.csv,,,,,,,,,03,,,,,,
4250390930920,ART014359,OXXO,ALUFELGEN,03.csv,,,,,,,,,03,,,,,,
4250390930937,ART014360,OXXO,ALUFELGEN,03.csv,,,,,,,,,03,,,,,,
4250390930944,ART014361,OXXO,ALUFELGEN,03.csv,,,,,,,,,03,,,,,,
4250390930951,ART041795,OXXO,ALUFELGEN,03.csv,,,,,,,,,03,,,,,,
4250390930968,ART041796,OXXO,ALUFELGEN,03.csv,,,,,,,,,03,,,,,,
4250390930975,ART014344,OXXO,ALUFELGEN,03.csv,,,,,,,,,03,,,,,,
4250390931484,ART041812,OXXO,ALUFELGEN,03.csv,,,,,,,,,03,,,,,,
4250390931507,ART017795,OXXO,ALUFELGEN,03.csv,,,,,,,,,03,,,,,,
4250390931552,ART041814,OXXO,ALUFELGEN,03.csv,,,,,,,,,03,,,,,,
4250390931637,ART017791,OXXO,ALUFELGEN,03.csv,,,,,,,,,03,,,,,,
4250390931675,ART041816,OXXO,ALUFELGEN,03.csv,,,,,,,,,03,,,,,,
4250390931682,ART041817,OXXO,ALUFELGEN,03.csv,,,,,,,,,03,,,,,,
4250390931712,ART017790,OXXO,ALUFELGEN,03.csv,,,,,,,,,03,,,,,,
4250390931736,ART017789,OXXO,ALUFELGEN,03.csv,,,,,,,,,03,,,,,,
4250390931743,ART041818,OXXO,ALUFELGEN,03.csv,,,,,,,,,03,,,,,,
4250390931750,ART017788,OXXO,ALUFELGEN,03.csv,,,,,,,,,03,,,,,,
4250390931767,ART017787,OXXO,ALUFELGEN,03.csv,,,,,,,,,03,,,,,,
4250390931774,ART017786,OXXO,ALUFELGEN,03.csv,,,,,,,,,03,,,,,,
4250390932962,ART017777,OXXO,ALUFELGEN,03.csv,,,,,,,,,03,,,,,,
4250390933013,ART017775,OXXO,ALUFELGEN,03.csv,,,,,,,,,03,,,,,,
4250390933082,ART017773,OXXO,ALUFELGEN,03.csv,,,,,,,,,03,,,,,,
4250390933099,ART017772,OXXO,ALUFELGEN,03.csv,,,,,,,,,03,,,,,,
4250390933105,ART041925,OXXO,ALUFELGEN,03.csv,,,,,,,,,03,,,,,,
4250390933228,ART017770,OXXO,ALUFELGEN,03.csv,,,,,,,,,03,,,,,,
4250390933273,ART041932,OXXO,ALUFELGEN,03.csv,,,,,,,,,03,,,,,,
4250390933280,ART041933,OXXO,ALUFELGEN,03.csv,,,,,,,,,03,,,,,,
4250390933303,ART017768,OXXO,ALUFELGEN,03.csv,,,,,,,,,03,,,,,,
4250390933402,ART017835,OXXO,ALUFELGEN,03.csv,,,,,,,,,03,,,,,,
4250390933495,ART017831,OXXO,ALUFELGEN,03.csv,,,,,,,,,03,,,,,,
4250390933549,ART017828,OXXO,ALUFELGEN,03.csv,,,,,,,,,03,,,,,,
4250390933587,ART041940,OXXO,ALUFELGEN,03.csv,,,,,,,,,03,,,,,,
4250390933600,ART017827,OXXO,ALUFELGEN,03.csv,,,,,,,,,03,,,,,,
4250390933617,ART017826,OXXO,ALUFELGEN,03.csv,,,,,,,,,03,,,,,,
4250390933624,ART017825,OXXO,ALUFELGEN,03.csv,,,,,,,,,03,,,,,,
4250390933631,ART017824,OXXO,ALUFELGEN,03.csv,,,,,,,,,03,,,,,,
4250390933808,ART017819,OXXO,ALUFELGEN,03.csv,,,,,,,,,03,,,,,,
4250390933815,ART041946,OXXO,ALUFELGEN,03.csv,,,,,,,,,03,,,,,,
4250390933907,ART017848,OXXO,ALUFELGEN,03.csv,,,,,,,,,03,,,,,,
4250390933952,ART041821,OXXO,ALUFELGEN,03.csv,,,,,,,,,03,,,,,,
4250390933983,ART041822,OXXO,ALUFELGEN,03.csv,,,,,,,,,03,,,,,,
4250390934089,ART017844,OXXO,ALUFELGEN,03.csv,,,,,,,,,03,,,,,,
4250390934119,ART041824,OXXO,ALUFELGEN,03.csv,,,,,,,,,03,,,,,,
4250390934140,ART017842,OXXO,ALUFELGEN,03.csv,,,,,,,,,03,,,,,,
4250390934218,ART017784,OXXO,ALUFELGEN,03.csv,,,,,,,,,03,,,,,,
4250390934225,ART017839,OXXO,ALUFELGEN,03.csv,,,,,,,,,03,,,,,,
4250390934348,ART018410,OXXO,ALUFELGEN,03.csv,,,,,,,,,03,,,,,,
4250390934416,ART018413,OXXO,ALUFELGEN,03.csv,,,,,,,,,03,,,,,,
4250390934454,ART041728,OXXO,ALUFELGEN,03.csv,,,,,,,,,03,,,,,,
4250390934805,ART042018,OXXO,ALUFELGEN,03.csv,,,,,,,,,03,,,,,,
4250390934812,ART042019,OXXO,ALUFELGEN,03.csv,,,,,,,,,03,,,,,,
4250390934829,ART042020,OXXO,ALUFELGEN,03.csv,,,,,,,,,03,,,,,,
4250390934836,ART018426,OXXO,ALUFELGEN,03.csv,,,,,,,,,03,,,,,,
4250390934843,ART042021,OXXO,ALUFELGEN,03.csv,,,,,,,,,03,,,,,,
4250390934850,ART042022,OXXO,ALUFELGEN,03.csv,,,,,,,,,03,,,,,,
4250390934867,ART042023,OXXO,ALUFELGEN,03.csv,,,,,,,,,03,,,,,,
4250390934881,ART042025,OXXO,ALUFELGEN,03.csv,,,,,,,,,03,,,,,,
4250390934898,ART042026,OXXO,ALUFELGEN,03.csv,,,,,,,,,03,,,,,,
4250390934904,ART042027,OXXO,ALUFELGEN,03.csv,,,,,,,,,03,,,,,,
4250390934942,ART042030,OXXO,ALUFELGEN,03.csv,,,,,,,,,03,,,,,,
4250390934966,ART042031,OXXO,ALUFELGEN,03.csv,,,,,,,,,03,,,,,,
4250390934973,ART042032,OXXO,ALUFELGEN,03.csv,,,,,,,,,03,,,,,,
4250390934980,ART018423,OXXO,ALUFELGEN,03.csv,,,,,,,,,03,,,,,,
4250390934997,ART018422,OXXO,ALUFELGEN,03.csv,,,,,,,,,03,,,,,,
4250390935000,ART042033,OXXO,ALUFELGEN,03.csv,,,,,,,,,03,,,,,,
4250390935109,ART023655,OXXO,ALUFELGEN,03.csv,,,,,,,,,03,,,,,,
4250390935116,ART023654,OXXO,ALUFELGEN,03.csv,,,,,,,,,03,,,,,,
4250390935147,ART023653,OXXO,ALUFELGEN,03.csv,,,,,,,,,03,,,,,,
4250390935208,ART023650,OXXO,ALUFELGEN,03.csv,,,,,,,,,03,,,,,,
4250390935253,ART041954,OXXO,ALUFELGEN,03.csv,,,,,,,,,03,,,,,,
4250390936199,ART041992,OXXO,ALUFELGEN,03.csv,,,,,,,,,03,,,,,,
4250390936236,ART041979,OXXO,ALUFELGEN,03.csv,,,,,,,,,03,,,,,,
4250390936328,ART042000,OXXO,ALUFELGEN,03.csv,,,,,,,,,03,,,,,,
4250390936342,ART025941,OXXO,ALUFELGEN,03.csv,,,,,,,,,03,,,,,,
4250390936366,ART025940,OXXO,ALUFELGEN,03.csv,,,,,,,,,03,,,,,,
4250390936427,ART025938,OXXO,ALUFELGEN,03.csv,,,,,,,,,03,,,,,,
4250390936441,ART041988,OXXO,ALUFELGEN,03.csv,,,,,,,,,03,,,,,,
4250390936601,ART042012,OXXO,ALUFELGEN,03.csv,,,,,,,,,03,,,,,,
4250390936625,ART025945,OXXO,ALUFELGEN,03.csv,,,,,,,,,03,,,,,,
4250390936632,ART041995,OXXO,ALUFELGEN,03.csv,,,,,,,,,03,,,,,,
4250390936717,ART042015,OXXO,ALUFELGEN,03.csv,,,,,,,,,03,,,,,,
4250390936748,ART041961,OXXO,ALUFELGEN,03.csv,,,,,,,,,03,,,,,,
4250390936823,ART041975,OXXO,ALUFELGEN,03.csv,,,,,,,,,03,,,,,,
4250390936915,ART041841,OXXO,ALUFELGEN,03.csv,,,,,,,,,03,,,,,,
4250390936922,ART025964,OXXO,ALUFELGEN,03.csv,,,,,,,,,03,,,,,,
4250390937004,ART041871,OXXO,ALUFELGEN,03.csv,,,,,,,,,03,,,,,,
4250390937028,ART025962,OXXO,ALUFELGEN,03.csv,,,,,,,,,03,,,,,,
4250390937035,ART041872,OXXO,ALUFELGEN,03.csv,,,,,,,,,03,,,,,,
4250390937288,ART028459,OXXO,ALUFELGEN,03.csv,,,,,,,,,03,,,,,,
4250390937325,ART041779,OXXO,ALUFELGEN,03.csv,,,,,,,,,03,,,,,,
4250390937332,ART041797,OXXO,ALUFELGEN,03.csv,,,,,,,,,03,,,,,,
4250390937349,ART041780,OXXO,ALUFELGEN,03.csv,,,,,,,,,03,,,,,,
4250390937356,ART041799,OXXO,ALUFELGEN,03.csv,,,,,,,,,03,,,,,,
4250390937530,ART006869,OXXO,ALUFELGEN,03.csv,,,,,,,,,03,,,,,,
4250390937547,ART028449,OXXO,ALUFELGEN,03.csv,,,,,,,,,03,,,,,,
4250390937554,ART041740,OXXO,ALUFELGEN,03.csv,,,,,,,,,03,,,,,,
4250390937561,ART028451,OXXO,ALUFELGEN,03.csv,,,,,,,,,03,,,,,,
4250390937578,ART009945,OXXO,ALUFELGEN,03.csv,,,,,,,,,03,,,,,,
4250390937592,ART028448,OXXO,ALUFELGEN,03.csv,,,,,,,,,03,,,,,,
4250390937608,ART029260,OXXO,ALUFELGEN,03.csv,,,,,,,,,03,,,,,,
4250390937615,ART028450,OXXO,ALUFELGEN,03.csv,,,,,,,,,03,,,,,,
4250390937653,ART041696,OXXO,ALUFELGEN,03.csv,,,,,,,,,03,,,,,,
4250390937707,ART041702,OXXO,ALUFELGEN,03.csv,,,,,,,,,03,,,,,,
4250390937714,ART041703,OXXO,ALUFELGEN,03.csv,,,,,,,,,03,,,,,,
4250390937721,ART041704,OXXO,ALUFELGEN,03.csv,,,,,,,,,03,,,,,,
4250390937738,ART041705,OXXO,ALUFELGEN,03.csv,,,,,,,,,03,,,,,,
4250390937745,ART041706,OXXO,ALUFELGEN,03.csv,,,,,,,,,03,,,,,,
4250390937752,ART041707,OXXO,ALUFELGEN,03.csv,,,,,,,,,03,,,,,,
4250390937769,ART041708,OXXO,ALUFELGEN,03.csv,,,,,,,,,03,,,,,,
4250390937776,ART041709,OXXO,ALUFELGEN,03.csv,,,,,,,,,03,,,,,,
4250390937783,ART041710,OXXO,ALUFELGEN,03.csv,,,,,,,,,03,,,,,,
4250390937790,ART041701,OXXO,ALUFELGEN,03.csv,,,,,,,,,03,,,,,,
4250390937806,ART023664,OXXO,ALUFELGEN,03.csv,,,,,,,,,03,,,,,,
4250390937813,ART023663,OXXO,ALUFELGEN,03.csv,,,,,,,,,03,,,,,,
4250390937837,ART023661,OXXO,ALUFELGEN,03.csv,,,,,,,,,03,,,,,,
4250390937844,ART023660,OXXO,ALUFELGEN,03.csv,,,,,,,,,03,,,,,,
4250390937851,ART023659,OXXO,ALUFELGEN,03.csv,,,,,,,,,03,,,,,,
4250390937868,ART023658,OXXO,ALUFELGEN,03.csv,,,,,,,,,03,,,,,,
4250390937875,ART023657,OXXO,ALUFELGEN,03.csv,,,,,,,,,03,,,,,,
4250390937882,ART029266,OXXO,ALUFELGEN,03.csv,,,,,,,,,03,,,,,,
4250390937899,ART029262,OXXO,ALUFELGEN,03.csv,,,,,,,,,03,,,,,,
4250390937905,ART029264,OXXO,ALUFELGEN,03.csv,,,,,,,,,03,,,,,,
4250390937912,ART029265,OXXO,ALUFELGEN,03.csv,,,,,,,,,03,,,,,,
4250390938438,ART041756,OXXO,ALUFELGEN,03.csv,,,,,,,,,03,,,,,,
4250390938445,ART041757,OXXO,ALUFELGEN,03.csv,,,,,,,,,03,,,,,,
4250390938452,ART041758,OXXO,ALUFELGEN,03.csv,,,,,,,,,03,,,,,,
4250390938469,ART041759,OXXO,ALUFELGEN,03.csv,,,,,,,,,03,,,,,,
4250390938476,ART041760,OXXO,ALUFELGEN,03.csv,,,,,,,,,03,,,,,,
4250390938483,ART041761,OXXO,ALUFELGEN,03.csv,,,,,,,,,03,,,,,,
4250390938490,ART041762,OXXO,ALUFELGEN,03.csv,,,,,,,,,03,,,,,,
4250390938506,ART041763,OXXO,ALUFELGEN,03.csv,,,,,,,,,03,,,,,,
4250390938551,ART041768,OXXO,ALUFELGEN,03.csv,,,,,,,,,03,,,,,,
4250390938599,ART041772,OXXO,ALUFELGEN,03.csv,,,,,,,,,03,,,,,,
4250390938636,ART041776,OXXO,ALUFELGEN,03.csv,,,,,,,,,03,,,,,,
4250390938643,ART041777,OXXO,ALUFELGEN,03.csv,,,,,,,,,03,,,,,,
4250390938674,ART041717,OXXO,ALUFELGEN,03.csv,,,,,,,,,03,,,,,,
4250390938681,ART041731,OXXO,ALUFELGEN,03.csv,,,,,,,,,03,,,,,,
4250390938698,ART041781,OXXO,ALUFELGEN,03.csv,,,,,,,,,03,,,,,,
4250390938704,ART041789,OXXO,ALUFELGEN,03.csv,,,,,,,,,03,,,,,,
4250390938711,ART041800,OXXO,ALUFELGEN,03.csv,,,,,,,,,03,,,,,,
4250390938759,ART041852,OXXO,ALUFELGEN,03.csv,,,,,,,,,03,,,,,,
4250390938773,ART041857,OXXO,ALUFELGEN,03.csv,,,,,,,,,03,,,,,,
4250390938797,ART041863,OXXO,ALUFELGEN,03.csv,,,,,,,,,03,,,,,,
4250390938872,ART041889,OXXO,ALUFELGEN,03.csv,,,,,,,,,03,,,,,,
4250390938919,ART041897,OXXO,ALUFELGEN,03.csv,,,,,,,,,03,,,,,,
4250390938926,ART041898,OXXO,ALUFELGEN,03.csv,,,,,,,,,03,,,,,,
4250390938933,ART041899,OXXO,ALUFELGEN,03.csv,,,,,,,,,03,,,,,,
4250390938940,ART041900,OXXO,ALUFELGEN,03.csv,,,,,,,,,03,,,,,,
4250390939046,ART041910,OXXO,ALUFELGEN,03.csv,,,,,,,,,03,,,,,,
4250390939053,ART041911,OXXO,ALUFELGEN,03.csv,,,,,,,,,03,,,,,,
4250390939060,ART041912,OXXO,ALUFELGEN,03.csv,,,,,,,,,03,,,,,,
4250390939374,ART041801,OXXO,ALUFELGEN,03.csv,,,,,,,,,03,,,,,,
4250390939497,ART044733,OXXO,ALUFELGEN,03.csv,,,,,,,,,03,,,,,,
4250390939503,ART044741,OXXO,ALUFELGEN,03.csv,,,,,,,,,03,,,,,,
4250390939510,ART044740,OXXO,ALUFELGEN,03.csv,,,,,,,,,03,,,,,,
4250390939527,ART044730,OXXO,ALUFELGEN,03.csv,,,,,,,,,03,,,,,,
4250390939589,ART044728,OXXO,ALUFELGEN,03.csv,,,,,,,,,03,,,,,,
4250454616159,ART011444,BBS,ALUFELGEN,03.csv,,,,,,,,,03,,,,,,
4250630224321,ART004578,RHAlurad,ALUFELGEN,03.csv,,,,,,,,,03,,,,,,
4250683519276,ART022000,TOMASON,ALUFELGEN,03.csv,,,,,,,,,03,,,,,,
4250683519764,ART025898,TOMASON,ALUFELGEN,03.csv,,,,,,,,,03,,,,,,
4250683519795,ART025895,TOMASON,ALUFELGEN,03.csv,,,,,,,,,03,,,,,,
4250756101889,ART029248,ACCURIDE,STAHLFELGEN,03.csv,,,,,,,,,03,,,,,,
4250756102084,ART029249,ACCURIDE,STAHLFELGEN,03.csv,,,,,,,,,03,,,,,,
4250756102404,ART029241,ACCURIDE,STAHLFELGEN,03.csv,,,,,,,,,03,,,,,,
4250756102541,ART029237,ACCURIDE,STAHLFELGEN,03.csv,,,,,,,,,03,,,,,,
4250756103067,ART029250,ACCURIDE,STAHLFELGEN,03.csv,,,,,,,,,03,,,,,,
4250756103197,ART029254,ACCURIDE,STAHLFELGEN,03.csv,,,,,,,,,03,,,,,,
4250756103203,ART029242,ACCURIDE,STAHLFELGEN,03.csv,,,,,,,,,03,,,,,,
4250756110881,ART029255,ACCURIDE,STAHLFELGEN,03.csv,,,,,,,,,03,,,,,,
4250756111253,ART029245,ACCURIDE,STAHLFELGEN,03.csv,,,,,,,,,03,,,,,,
4250756111772,ART044718,ACCURIDE,STAHLFELGEN,03.csv,,,,,,,,,03,,,,,,
4250756111888,ART029239,ACCURIDE,STAHLFELGEN,03.csv,,,,,,,,,03,,,,,,
4250756112649,ART044726,ACCURIDE,STAHLFELGEN,03.csv,,,,,,,,,03,,,,,,
4250756112755,ART029236,ACCURIDE,STAHLFELGEN,03.csv,,,,,,,,,03,,,,,,
4250756112960,ART029257,ACCURIDE,STAHLFELGEN,03.csv,,,,,,,,,03,,,,,,
4250816515328,ART013255,PLATIN,ALUFELGEN,03.csv,,,,,,,,,03,,,,,,
4250816518299,ART026932,PLATIN,ALUFELGEN,03.csv,,,,,,,,,03,,,,,,
4250816524726,ART013244,PLATIN,ALUFELGEN,03.csv,,,,,,,,,03,,,,,,
4250906811323,ART029334,MW,STAHLFELGEN,03.csv,,,,,,,,,03,,,,,,
4250906812009,ART029333,MW,STAHLFELGEN,03.csv,,,,,,,,,03,,,,,,
4250906813471,ART044568,MW,STAHLFELGEN,03.csv,,,,,,,,,03,,,,,,
4250906813723,ART044537,MW,STAHLFELGEN,03.csv,,,,,,,,,03,,,,,,
4250906814690,ART029340,MW,STAHLFELGEN,03.csv,,,,,,,,,03,,,,,,
4250906814751,ART044532,MW,STAHLFELGEN,03.csv,,,,,,,,,03,,,,,,
4250906814898,ART044538,MW,STAHLFELGEN,03.csv,,,,,,,,,03,,,,,,
4250906814928,ART044560,MW,STAHLFELGEN,03.csv,,,,,,,,,03,,,,,,
4250906815192,ART029341,MW,STAHLFELGEN,03.csv,,,,,,,,,03,,,,,,
4250906815796,ART029342,MW,STAHLFELGEN,03.csv,,,,,,,,,03,,,,,,
4250906815802,ART029204,MW,STAHLFELGEN,03.csv,,,,,,,,,03,,,,,,
4250906815932,ART044542,MW,STAHLFELGEN,03.csv,,,,,,,,,03,,,,,,
4250906815970,ART029212,MW,STAHLFELGEN,03.csv,,,,,,,,,03,,,,,,
4250906816625,ART044567,MW,STAHLFELGEN,03.csv,,,,,,,,,03,,,,,,
4250906816632,ART029213,MW,STAHLFELGEN,03.csv,,,,,,,,,03,,,,,,
4250906816724,ART029360,MW,STAHLFELGEN,03.csv,,,,,,,,,03,,,,,,
4250906816892,ART044558,MW,STAHLFELGEN,03.csv,,,,,,,,,03,,,,,,
4250906817073,ART029214,MW,STAHLFELGEN,03.csv,,,,,,,,,03,,,,,,
4250906817233,ART029215,MW,STAHLFELGEN,03.csv,,,,,,,,,03,,,,,,
4250906817301,ART029343,MW,STAHLFELGEN,03.csv,,,,,,,,,03,,,,,,
4250906817318,ART044612,MW,STAHLFELGEN,03.csv,,,,,,,,,03,,,,,,
4250906817325,ART044584,MW,STAHLFELGEN,03.csv,,,,,,,,,03,,,,,,
4250906817349,ART029361,MW,STAHLFELGEN,03.csv,,,,,,,,,03,,,,,,
4250906817356,ART044561,MW,STAHLFELGEN,03.csv,,,,,,,,,03,,,,,,
4250906817387,ART029202,MW,STAHLFELGEN,03.csv,,,,,,,,,03,,,,,,
4250906817417,ART044579,MW,STAHLFELGEN,03.csv,,,,,,,,,03,,,,,,
4250906817790,ART029216,MW,STAHLFELGEN,03.csv,,,,,,,,,03,,,,,,
4250906818087,ART044556,MW,STAHLFELGEN,03.csv,,,,,,,,,03,,,,,,
4250906818131,ART029344,MW,STAHLFELGEN,03.csv,,,,,,,,,03,,,,,,
4250906818179,ART029205,MW,STAHLFELGEN,03.csv,,,,,,,,,03,,,,,,
4250906818261,ART029345,MW,STAHLFELGEN,03.csv,,,,,,,,,03,,,,,,
4250906818292,ART044596,MW,STAHLFELGEN,03.csv,,,,,,,,,03,,,,,,
4250906818476,ART029206,MW,STAHLFELGEN,03.csv,,,,,,,,,03,,,,,,
4250906818551,ART029207,MW,STAHLFELGEN,03.csv,,,,,,,,,03,,,,,,
4250906818629,ART029444,MW,STAHLFELGEN,03.csv,,,,,,,,,03,,,,,,
4250906818711,ART029218,MW,STAHLFELGEN,03.csv,,,,,,,,,03,,,,,,
4250906818735,ART029208,MW,STAHLFELGEN,03.csv,,,,,,,,,03,,,,,,
4250906818827,ART053301,MW,STAHLFELGEN,03.csv,,,,,,,,,03,,,,,,
4250906818872,ART044610,MW,STAHLFELGEN,03.csv,,,,,,,,,03,,,,,,
4250906818896,ART044614,MW,STAHLFELGEN,03.csv,,,,,,,,,03,,,,,,
4250906818902,ART044615,MW,STAHLFELGEN,03.csv,,,,,,,,,03,,,,,,
4250906818926,ART053302,MW,STAHLFELGEN,03.csv,,,,,,,,,03,,,,,,
4250906818964,ART044625,MW,STAHLFELGEN,03.csv,,,,,,,,,03,,,,,,
4250906818971,ART029219,MW,STAHLFELGEN,03.csv,,,,,,,,,03,,,,,,
4250906819015,ART029346,MW,STAHLFELGEN,03.csv,,,,,,,,,03,,,,,,
4250906819077,ART044637,MW,STAHLFELGEN,03.csv,,,,,,,,,03,,,,,,
4250906819091,ART029220,MW,STAHLFELGEN,03.csv,,,,,,,,,03,,,,,,
4250906819107,ART004572,MW,STAHLFELGEN,03.csv,,,,,,,,,03,,,,,,
4250906819121,ART029358,MW,STAHLFELGEN,03.csv,,,,,,,,,03,,,,,,
4250906819138,ART029359,MW,STAHLFELGEN,03.csv,,,,,,,,,03,,,,,,
4250906819152,ART029347,MW,STAHLFELGEN,03.csv,,,,,,,,,03,,,,,,
4250906819183,ART029221,MW,STAHLFELGEN,03.csv,,,,,,,,,03,,,,,,
4250906819251,ART029348,MW,STAHLFELGEN,03.csv,,,,,,,,,03,,,,,,
4250906819268,ART029354,MW,STAHLFELGEN,03.csv,,,,,,,,,03,,,,,,
4250906819305,ART044620,MW,STAHLFELGEN,03.csv,,,,,,,,,03,,,,,,
4250906819428,ART029209,MW,STAHLFELGEN,03.csv,,,,,,,,,03,,,,,,
4250906819466,ART044630,MW,STAHLFELGEN,03.csv,,,,,,,,,03,,,,,,
4250906819473,ART044632,MW,STAHLFELGEN,03.csv,,,,,,,,,03,,,,,,
4250906819541,ART029336,MW,STAHLFELGEN,03.csv,,,,,,,,,03,,,,,,
4250906819558,ART029349,MW,STAHLFELGEN,03.csv,,,,,,,,,03,,,,,,
4250906819565,ART029222,MW,STAHLFELGEN,03.csv,,,,,,,,,03,,,,,,
4250906819619,ART006371,MW,STAHLFELGEN,03.csv,,,,,,,,,03,,,,,,
4250906819626,ART029223,MW,STAHLFELGEN,03.csv,,,,,,,,,03,,,,,,
4250906819657,ART007512,MW,STAHLFELGEN,03.csv,,,,,,,,,03,,,,,,
4250906819695,ART029355,MW,STAHLFELGEN,03.csv,,,,,,,,,03,,,,,,
4250906819817,ART029232,MW,STAHLFELGEN,03.csv,,,,,,,,,03,,,,,,
4250906819824,ART044690,MW,STAHLFELGEN,03.csv,,,,,,,,,03,,,,,,
4250906819961,ART029234,MW,STAHLFELGEN,03.csv,,,,,,,,,03,,,,,,
4250906820080,ART029210,MW,STAHLFELGEN,03.csv,,,,,,,,,03,,,,,,
4250906820103,ART029350,MW,STAHLFELGEN,03.csv,,,,,,,,,03,,,,,,
4250906820110,ART029356,MW,STAHLFELGEN,03.csv,,,,,,,,,03,,,,,,
4250906820134,ART044648,MW,STAHLFELGEN,03.csv,,,,,,,,,03,,,,,,
4250906820165,ART029357,MW,STAHLFELGEN,03.csv,,,,,,,,,03,,,,,,
4250906820325,ART029338,MW,STAHLFELGEN,03.csv,,,,,,,,,03,,,,,,
4250906820387,ART044655,MW,STAHLFELGEN,03.csv,,,,,,,,,03,,,,,,
4250906820394,ART029224,MW,STAHLFELGEN,03.csv,,,,,,,,,03,,,,,,
4250906820455,ART029351,MW,STAHLFELGEN,03.csv,,,,,,,,,03,,,,,,
4250906820462,ART029235,MW,STAHLFELGEN,03.csv,,,,,,,,,03,,,,,,
4250906820479,ART029226,MW,STAHLFELGEN,03.csv,,,,,,,,,03,,,,,,
4250906820493,ART044670,MW,STAHLFELGEN,03.csv,,,,,,,,,03,,,,,,
4250906820509,ART044658,MW,STAHLFELGEN,03.csv,,,,,,,,,03,,,,,,
4250906820516,ART029225,MW,STAHLFELGEN,03.csv,,,,,,,,,03,,,,,,
4250906820530,ART029228,MW,STAHLFELGEN,03.csv,,,,,,,,,03,,,,,,
4250906820561,ART044664,MW,STAHLFELGEN,03.csv,,,,,,,,,03,,,,,,
4250906820578,ART029337,MW,STAHLFELGEN,03.csv,,,,,,,,,03,,,,,,
4250906820592,ART029229,MW,STAHLFELGEN,03.csv,,,,,,,,,03,,,,,,
4250906820608,ART029352,MW,STAHLFELGEN,03.csv,,,,,,,,,03,,,,,,
4250906820615,ART029230,MW,STAHLFELGEN,03.csv,,,,,,,,,03,,,,,,
4250906820769,ART044666,MW,STAHLFELGEN,03.csv,,,,,,,,,03,,,,,,
4250906820837,ART044665,MW,STAHLFELGEN,03.csv,,,,,,,,,03,,,,,,
4250906820851,ART044662,MW,STAHLFELGEN,03.csv,,,,,,,,,03,,,,,,
4250906820882,ART029231,MW,STAHLFELGEN,03.csv,,,,,,,,,03,,,,,,
4250906820905,ART044677,MW,STAHLFELGEN,03.csv,,,,,,,,,03,,,,,,
4250906820912,ART044678,MW,STAHLFELGEN,03.csv,,,,,,,,,03,,,,,,
4250906820929,ART044675,MW,STAHLFELGEN,03.csv,,,,,,,,,03,,,,,,
4250906820950,ART044683,MW,STAHLFELGEN,03.csv,,,,,,,,,03,,,,,,
4250906820967,ART044686,MW,STAHLFELGEN,03.csv,,,,,,,,,03,,,,,,
4250906821025,ART044680,MW,STAHLFELGEN,03.csv,,,,,,,,,03,,,,,,
4250906821124,ART044682,MW,STAHLFELGEN,03.csv,,,,,,,,,03,,,,,,
4250906821131,ART044681,MW,STAHLFELGEN,03.csv,,,,,,,,,03,,,,,,
4250906821230,ART044685,MW,STAHLFELGEN,03.csv,,,,,,,,,03,,,,,,
4250906821292,ART044705,MW,STAHLFELGEN,03.csv,,,,,,,,,03,,,,,,
4250906821322,ART044701,MW,STAHLFELGEN,03.csv,,,,,,,,,03,,,,,,
4250906821339,ART044708,MW,STAHLFELGEN,03.csv,,,,,,,,,03,,,,,,
4250996307027,ART006068,RC-DESIGN,ALUFELGEN,03.csv,,,,,,,,,03,,,,,,
4250996307744,ART006328,RC-DESIGN,ALUFELGEN,03.csv,,,,,,,,,03,,,,,,
4250996308031,ART006333,RC-DESIGN,ALUFELGEN,03.csv,,,,,,,,,03,,,,,,
4250996320866,ART012522,RC-DESIGN,ALUFELGEN,03.csv,,,,,,,,,03,,,,,,
4250996336133,ART016448,RC-DESIGN,ALUFELGEN,03.csv,,,,,,,,,03,,,,,,
4250996353147,ART027928,RC-DESIGN,ALUFELGEN,03.csv,,,,,,,,,03,,,,,,
4250996353468,ART027379,RC-DESIGN,ALUFELGEN,03.csv,,,,,,,,,03,,,,,,
4250996353888,ART027375,RC-DESIGN,ALUFELGEN,03.csv,,,,,,,,,03,,,,,,
4250996356193,ART027957,BROCK,ALUFELGEN,03.csv,,,,,,,,,03,,,,,,
5707562274539,ART000855,ACCURIDE,STAHLFELGEN,03.csv,,,,,,,,,03,,,,,,
5707562363301,ART000578,STAHLFELGE,STAHLFELGEN,03.csv,,,,,,,,,03,,,,,,
5707562363400,ART022990,STAHLFELGE,STAHLFELGEN,03.csv,,,,,,,,,03,,,,,,
8008018015742,ART014421,GMP,ALUFELGEN,03.csv,,,,,,,,,03,,,,,,
8030580170888,ART018547,MAK,ALUFELGEN,03.csv,,,,,,,,,03,,,,,,
8030580172868,ART018558,MAK,ALUFELGEN,03.csv,,,,,,,,,03,,,,,,
8030580172882,ART018557,MAK,ALUFELGEN,03.csv,,,,,,,,,03,,,,,,
8030580173285,ART018561,MAK,ALUFELGEN,03.csv,,,,,,,,,03,,,,,,
8030580173322,ART018560,MAK,ALUFELGEN,03.csv,,,,,,,,,03,,,,,,
8030580218054,ART018529,MAK,ALUFELGEN,03.csv,,,,,,,,,03,,,,,,
8030580221047,ART018526,MAK,ALUFELGEN,03.csv,,,,,,,,,03,,,,,,
8030580224987,ART018522,MAK,ALUFELGEN,03.csv,,,,,,,,,03,,,,,,
8030580226905,ART018520,MAK,ALUFELGEN,03.csv,,,,,,,,,03,,,,,,
8030580227025,ART018519,MAK,ALUFELGEN,03.csv,,,,,,,,,03,,,,,,
8030580244015,ART018489,MAK,ALUFELGEN,03.csv,,,,,,,,,03,,,,,,
8030580245074,ART018487,MAK,ALUFELGEN,03.csv,,,,,,,,,03,,,,,,
8030580245081,ART018486,MAK,ALUFELGEN,03.csv,,,,,,,,,03,,,,,,
8030580245265,ART018484,MAK,ALUFELGEN,03.csv,,,,,,,,,03,,,,,,
8030580245395,ART018483,MAK,ALUFELGEN,03.csv,,,,,,,,,03,,,,,,
8030580254335,ART018498,MAK,ALUFELGEN,03.csv,,,,,,,,,03,,,,,,
8030580255509,ART020491,MAK,ALUFELGEN,03.csv,,,,,,,,,03,,,,,,
8030580255776,ART020492,MAK,ALUFELGEN,03.csv,,,,,,,,,03,,,,,,
8030580257015,ART020494,MAK,ALUFELGEN,03.csv,,,,,,,,,03,,,,,,
8030580259545,ART020486,MAK,ALUFELGEN,03.csv,,,,,,,,,03,,,,,,
8030580259552,ART020484,MAK,ALUFELGEN,03.csv,,,,,,,,,03,,,,,,
8030580259569,ART020482,MAK,ALUFELGEN,03.csv,,,,,,,,,03,,,,,,
8030580259606,ART020487,MAK,ALUFELGEN,03.csv,,,,,,,,,03,,,,,,
8030580259613,ART020485,MAK,ALUFELGEN,03.csv,,,,,,,,,03,,,,,,
8030580260220,ART022165,MAK,ALUFELGEN,03.csv,,,,,,,,,03,,,,,,
9008070000297,ART029278,Alcar,STAHLFELGEN,03.csv,,,,,,,,,03,,,,,,
9008070001287,ART026146,Alcar,STAHLFELGEN,03.csv,,,,,,,,,03,,,,,,
9008070001539,ART026923,Alcar,STAHLFELGEN,03.csv,,,,,,,,,03,,,,,,
9008070001669,ART026920,Alcar,STAHLFELGEN,03.csv,,,,,,,,,03,,,,,,
9008070001973,ART026479,Alcar,STAHLFELGEN,03.csv,,,,,,,,,03,,,,,,
9008070040019,ART029269,Alcar,STAHLFELGEN,03.csv,,,,,,,,,03,,,,,,
9008070040026,ART004044,Alcar,STAHLFELGEN,03.csv,,,,,,,,,03,,,,,,
9008070040651,ART009405,Alcar,STAHLFELGEN,03.csv,,,,,,,,,03,,,,,,
9008070041054,ART007439,Alcar,STAHLFELGEN,03.csv,,,,,,,,,03,,,,,,
9008070041108,ART009407,Alcar,STAHLFELGEN,03.csv,,,,,,,,,03,,,,,,
9008070052159,ART029273,Alcar,STAHLFELGEN,03.csv,,,,,,,,,03,,,,,,
9008070056515,ART005456,Alcar,STAHLFELGEN,03.csv,,,,,,,,,03,,,,,,
9008070071907,ART000942,Alcar,STAHLFELGEN,03.csv,,,,,,,,,03,,,,,,
9008070077107,ART002762,Alcar,STAHLFELGEN,03.csv,,,,,,,,,03,,,,,,
9008070077800,ART029283,Alcar,STAHLFELGEN,03.csv,,,,,,,,,03,,,,,,
9008070081852,ART000690,Alcar,STAHLFELGEN,03.csv,,,,,,,,,03,,,,,,
9008070083054,ART029287,Alcar,STAHLFELGEN,03.csv,,,,,,,,,03,,,,,,
9008070090625,ART029299,Alcar,STAHLFELGEN,03.csv,,,,,,,,,03,,,,,,
9008070091271,ART002779,Alcar,STAHLFELGEN,03.csv,,,,,,,,,03,,,,,,
9008070093374,ART029305,Alcar,STAHLFELGEN,03.csv,,,,,,,,,03,,,,,,
9008070095064,ART000771,Alcar,STAHLFELGEN,03.csv,,,,,,,,,03,,,,,,
9008070176251,ART029281,Alcar,STAHLFELGEN,03.csv,,,,,,,,,03,,,,,,
9008070185550,ART029291,Alcar,STAHLFELGEN,03.csv,,,,,,,,,03,,,,,,
9008070187950,ART029295,Alcar,STAHLFELGEN,03.csv,,,,,,,,,03,,,,,,
9008070196839,ART029310,Alcar,STAHLFELGEN,03.csv,,,,,,,,,03,,,,,,
9008070197324,ART029312,Alcar,STAHLFELGEN,03.csv,,,,,,,,,03,,,,,,
9008070233459,ART029267,Alcar,STAHLFELGEN,03.csv,,,,,,,,,03,,,,,,
9008070246459,ART029270,Alcar,STAHLFELGEN,03.csv,,,,,,,,,03,,,,,,
9008070247036,ART016673,Alcar,STAHLFELGEN,03.csv,,,,,,,,,03,,,,,,
9008070262152,ART029275,Alcar,STAHLFELGEN,03.csv,,,,,,,,,03,,,,,,
9008070263951,ART003378,Alcar,STAHLFELGEN,03.csv,,,,,,,,,03,,,,,,
9008070273851,ART003456,Alcar,STAHLFELGEN,03.csv,,,,,,,,,03,,,,,,
9008070287339,ART029294,Alcar,STAHLFELGEN,03.csv,,,,,,,,,03,,,,,,
9008070290018,ART029297,Alcar,STAHLFELGEN,03.csv,,,,,,,,,03,,,,,,
9008070290315,ART009686,Alcar,STAHLFELGEN,03.csv,,,,,,,,,03,,,,,,
9008070299813,ART029318,Alcar,STAHLFELGEN,03.csv,,,,,,,,,03,,,,,,
9008070467953,ART002440,Alcar,STAHLFELGEN,03.csv,,,,,,,,,03,,,,,,
9008070481478,ART029284,Alcar,STAHLFELGEN,03.csv,,,,,,,,,03,,,,,,
9008070483809,ART029289,Alcar,STAHLFELGEN,03.csv,,,,,,,,,03,,,,,,
9008070684428,ART004009,Alcar,STAHLFELGEN,03.csv,,,,,,,,,03,,,,,,
9008071306008,ART010420,Alcar,STAHLFELGEN,03.csv,,,,,,,,,03,,,,,,
9008071315000,ART006373,Alcar,STAHLFELGEN,03.csv,,,,,,,,,03,,,,,,
