ean,product_id,manufacturer,article_type,source_file,tyre_width,tyre_aspect_ratio,tyre_construction,tyre_diameter,tyre_load_index,tyre_speed_index,tyre_tread,tyre_tt_tl,provider,rim_width,rim_diameter,rim_offset,rim_color,rim_load_index,rim_speed_index
3188649806959,20004421,DUNLOP,Reifen,09.csv,275,35,R,21,,,SP SPORT MAXX  GT RO,,09,,,,,,
3188649808793,20004617,DUNLOP,Reifen,09.csv,255,40,R,18,,,SP WIN.SPORT 4D MO XL,,09,,,,,,
3188649808861,20003519,DUNLOP,Reifen,09.csv,235,45,R,19,,,WISPO 3D AO XL MFS,,09,,,,,,
3188649809714,20004425,DUNLOP,Reifen,09.csv,215,40,R,17,,,WISPO 3D AO XL MFS,,09,,,,,,
3188649809738,20004439,DUNLOP,Reifen,09.csv,225,50,R,18,,,WISPO 3D AO XL,,09,,,,,,
3188649809967,20004426,DUNLOP,Reifen,09.csv,225,60,R,17,,,SP SPORT MAXX  TT *,,09,,,,,,
3188649811328,20004559,DUNLOP,Reifen,09.csv,195,65,R,15,,,SP SPORT FASTRESPONSE MO,,09,,,,,,
3188649811403,20004723,DUNLOP,Reifen,09.csv,225,45,R,17,,,SP SPT MAXX TT*ROF,,09,,,,,,
3188649811571,20004621,DUNLOP,Reifen,09.csv,225,55,R,16,,,SP WIN.SPORT 4D*,,09,,,,,,
3188649813674,20004812,DUNLOP,Reifen,09.csv,195,65,R,16C,102,,ECONODRIVE,,09,,,,,,
3188649813735,20004818,DUNLOP,Reifen,09.csv,205,65,R,16C,105,,ECONODRIVE,,09,,,,,,
3188649813780,20004824,DUNLOP,Reifen,09.csv,215,65,R,16C,107,,ECONODRIVE,,09,,,,,,
3188649815111,20004628,DUNLOP,Reifen,09.csv,235,55,R,18,,,SP WINTER SPORT 3D MS,,09,,,,,,
3188649815203,20004573,DUNLOP,Reifen,09.csv,225,50,R,17,,,WISPO 4D * ROF,,09,,,,,,
3188649815227,20004729,DUNLOP,Reifen,09.csv,225,45,R,17,,,SP SPORT MAXX  TT MO,,09,,,,,,
3188649817078,20004737,DUNLOP,Reifen,09.csv,245,45,R,19,,Z,SPORT MAXX RT MGT,,09,,,,,,
3188649818563,20004670,DUNLOP,Reifen,09.csv,185,55,R,15,,,SPORT BLURESPONSE,,09,,,,,,
3188649818570,20004671,DUNLOP,Reifen,09.csv,185,60,R,14,,,SPORT BLURESPONSE,,09,,,,,,
3188649818587,20004672,DUNLOP,Reifen,09.csv,185,60,R,15,,,SPORT BLURESPONSE XL,,09,,,,,,
3188649818617,20004950,DUNLOP,Reifen,09.csv,195,45,R,16,,,SPORT BLURESPONSE XL,,09,,,,,,
3188649818679,20004662,DUNLOP,Reifen,09.csv,195,55,R,15,,,SPORT BLURESPONSE,,09,,,,,,
3188649818723,20004667,DUNLOP,Reifen,09.csv,195,65,R,15,,,SPORT BLURESPONSE XL,,09,,,,,,
3188649818754,20004678,DUNLOP,Reifen,09.csv,205,55,R,16,,,SPORT BLURESPONSE,,09,,,,,,
3188649818785,20004682,DUNLOP,Reifen,09.csv,205,60,R,15,,,SPORT BLURESPONSE,,09,,,,,,
3188649818884,20004689,DUNLOP,Reifen,09.csv,215,60,R,16,,,SPORT BLURESPONSE,,09,,,,,,
3188649818891,20004690,DUNLOP,Reifen,09.csv,215,60,R,16,,,SPORT BLURESPONSE XL,,09,,,,,,
3188649819225,20004692,DUNLOP,Reifen,09.csv,195,65,R,15,,,SPORT BLURESPONSE,,09,,,,,,
3188649819263,20004695,DUNLOP,Reifen,09.csv,205,55,R,16,,,SPORT BLURESPONSE,,09,,,,,,
3188649819287,20004697,DUNLOP,Reifen,09.csv,215,55,R,16,,,SPORT BLURESPONSE,,09,,,,,,
3188649819324,20004755,DUNLOP,Reifen,09.csv,215,50,R,17,,,SPORT MAXX RT,,09,,,,,,
3188649820429,20004864,DUNLOP,Reifen,09.csv,185,55,R,15,,,WINTER RESPONSE 2 MS,,09,,,,,,
3188649820504,20004872,DUNLOP,Reifen,09.csv,195,65,R,15,,,WINTER RESPONSE 2 MS,,09,,,,,,
3188649821044,20004979,DUNLOP,Reifen,09.csv,185,65,R,14,,,STREET RESPONSE 2,,09,,,,,,
3188649821709,20005139,DUNLOP,Reifen,09.csv,195,65,R,15,,,WINTER RESPONSE 2 XL,,09,,,,,,
3188649821747,50005752,GOODYEAR,Reifen,09.csv,235,55,R,19,,,EAG.F1 AS.2 SUV N0,,09,,,,,,
3188649821754,50005753,GOODYEAR,Reifen,09.csv,255,50,R,19,,,EAG.F1 AS.2 SUV N0,,09,,,,,,
3188649822010,20004994,DUNLOP,Reifen,09.csv,175,65,R,15,,,SPORT BLURESPONSE *,,09,,,,,,
3286340221313,140004676,BRIDGESTONE,Reifen,09.csv,225,55,R,16,,,BLIZZAK LM-32  MO XL,,09,,,,,,
3286340249010,140004437,BRIDGESTONE,Reifen,09.csv,235,60,R,18,,,DUELER SPORT AO,,09,,,,,,
3286340268417,140004450,BRIDGESTONE,Reifen,09.csv,265,35,R,19,,,POTENZA RE050A N-1,,09,,,,,,
3286340268714,140004452,BRIDGESTONE,Reifen,09.csv,225,55,R,16,,,TURANZA ER 300 AO,,09,,,,,,
3286340296113,140004589,BRIDGESTONE,Reifen,09.csv,245,45,R,17,,,TURANZA ER 300 MO,,09,,,,,,
3286340306317,140005140,BRIDGESTONE,Reifen,09.csv,205,55,R,16,,,TURANZA ER 300 *,,09,,,,,,
3286340306416,140004934,BRIDGESTONE,Reifen,09.csv,205,55,R,16,,,TURANZA ER 300 *,,09,,,,,,
3286340388214,140005028,BRIDGESTONE,Reifen,09.csv,265,35,R,19,,,POTENZA RE 050 A XL AO,,09,,,,,,
3286340438414,140005727,BRIDGESTONE,Reifen,09.csv,195,55,R,16,,,BLIZZAK LM-32  *,,09,,,,,,
3286340451918,140005188,BRIDGESTONE,Reifen,09.csv,185,60,R,16,,,ECOPIA EP25,,09,,,,,,
3286340488617,140005303,BRIDGESTONE,Reifen,09.csv,225,55,R,16,,,TURANZA ER 300 MO XL,,09,,,,,,
3286340495318,140005308,BRIDGESTONE,Reifen,09.csv,225,55,R,16,,,TURANZA ER300A*ECOPIA,,09,,,,,,
3286340495516,140005353,BRIDGESTONE,Reifen,09.csv,225,50,R,17,,,POTENZA S001*RFT,,09,,,,,,
3286340509312,140005268,BRIDGESTONE,Reifen,09.csv,225,45,R,17,,,TURANZA T001 MO,,09,,,,,,
3286340535519,140005371,BRIDGESTONE,Reifen,09.csv,245,35,R,20,,,POT.RE050A*RFT XL,,09,,,,,,
3286340549219,140006018,BRIDGESTONE,Reifen,09.csv,215,65,R,16,,,BLIZZAK LM-80 AO,,09,,,,,,
3286340550314,140005553,BRIDGESTONE,Reifen,09.csv,255,35,R,19,,,POTENZA S001 EXT MOE,,09,,,,,,
3286340550413,140004630,BRIDGESTONE,Reifen,09.csv,255,35,R,19,,,POTENZA S001 MO,,09,,,,,,
3286340579612,140005833,BRIDGESTONE,Reifen,09.csv,235,55,R,17,,,DUELER H/P SPORT AO,,09,,,,,,
3286340583015,140005595,BRIDGESTONE,Reifen,09.csv,275,35,R,19,,,TURANZA ER 300*RFT,,09,,,,,,
3286340583411,140005598,BRIDGESTONE,Reifen,09.csv,275,40,R,19,,,POTENZA S001 MO,,09,,,,,,
3286340599511,140007772,BRIDGESTONE,Reifen,09.csv,235,35,R,19,,,TURANZA T 005 XLAO,,09,,,,,,
3286340619714,140006182,BRIDGESTONE,Reifen,09.csv,205,55,R,17,,,TURANZA T001 *,,09,,,,,,
3286340619813,140006183,BRIDGESTONE,Reifen,09.csv,205,55,R,17,,,TURANZA T001 RFT *,,09,,,,,,
3286340619912,140006184,BRIDGESTONE,Reifen,09.csv,225,45,R,18,,,POTENZA S001 RFT *,,09,,,,,,
3286340623513,140006684,BRIDGESTONE,Reifen,09.csv,245,50,R,18,,,POTENZA S001 MO,,09,,,,,,
3286340627917,140006190,BRIDGESTONE,Reifen,09.csv,245,55,R,17,,,TURANZA T001 MO,,09,,,,,,
3286340628617,140005620,BRIDGESTONE,Reifen,09.csv,275,35,R,20,,,POTENZA S001 RO1 XL,,09,,,,,,
3286340641814,140005867,BRIDGESTONE,Reifen,09.csv,225,55,R,17,,,TURANZA T001 * RFT,,09,,,,,,
3286340641913,140006192,BRIDGESTONE,Reifen,09.csv,235,50,R,18,,,DUELER H/P SPORT AO,,09,,,,,,
3286340646918,140006687,BRIDGESTONE,Reifen,09.csv,245,35,R,19,,,POTENZA S001 AO XL,,09,,,,,,
3286340647410,140007666,BRIDGESTONE,Reifen,09.csv,225,50,R,17,,,TURANZA T 005 XLAO,,09,,,,,,
3286340657310,140005626,BRIDGESTONE,Reifen,09.csv,225,65,R,17,,,DUELER H/T 687,,09,,,,,,
3286340658416,140006196,BRIDGESTONE,Reifen,09.csv,155,60,R,20,,,ECOPIA EP500 *,,09,,,,,,
3286340659819,140006043,BRIDGESTONE,Reifen,09.csv,235,75,R,15,,,BLIZZAK LM-80  EVO XL,,09,,,,,,
3286340715119,150001630,FIRESTONE,Reifen,09.csv,225,45,R,18,,,FIREHAWK SZ 90 XL,,09,,,,,,
3286340721516,140006271,BRIDGESTONE,Reifen,09.csv,215,60,R,17,,,DUELER H/P SPORT MO,,09,,,,,,
3286340728218,140006273,BRIDGESTONE,Reifen,09.csv,245,35,R,18,,,POTENZA S001 RFT * XL,,09,,,,,,
3286340728911,140006712,BRIDGESTONE,Reifen,09.csv,215,40,R,17,,,POTENZA S001 AO XL,,09,,,,,,
3286340729017,140006620,BRIDGESTONE,Reifen,09.csv,225,35,R,18,,,POTENZA S001 AO XL,,09,,,,,,
3286340729116,140006621,BRIDGESTONE,Reifen,09.csv,255,60,R,18,,,DUELER H/P SPORT AO,,09,,,,,,
3286340729710,140006275,BRIDGESTONE,Reifen,09.csv,245,45,R,18,,,TURANZA ER 300 AO XL,,09,,,,,,
3286340730310,140006276,BRIDGESTONE,Reifen,09.csv,215,40,R,17,,,POTENZA RE 050 A XL VW,,09,,,,,,
3286340736312,140006277,BRIDGESTONE,Reifen,09.csv,265,30,R,20,,,94Y POTENZA S007 RO2 XL,,09,,,,,,
3286340740418,140005944,BRIDGESTONE,Reifen,09.csv,235,55,R,18,,,DUELER H/T 687,,09,,,,,,
3286340742313,140006283,BRIDGESTONE,Reifen,09.csv,225,55,R,16,,,TURANZA ER300A* RFT,,09,,,,,,
3286340742511,140006107,BRIDGESTONE,Reifen,09.csv,195,55,R,16,,,TURANZA ER300A* RFT,,09,,,,,,
3286340747318,140006290,BRIDGESTONE,Reifen,09.csv,195,55,R,16,,,TURANZA ER 300 A *,,09,,,,,,
3286340753517,140006596,BRIDGESTONE,Reifen,09.csv,225,35,R,18,,,POTENZA S001 AO XL,,09,,,,,,
3286340779012,140006727,BRIDGESTONE,Reifen,09.csv,225,50,R,17,,,POTENZA S001 *,,09,,,,,,
3286340783019,140006628,BRIDGESTONE,Reifen,09.csv,245,50,R,18,,,POTENZA S001 *,,09,,,,,,
3286340783316,140006627,BRIDGESTONE,Reifen,09.csv,225,50,R,18,,,TURANZA T001 RFT *,,09,,,,,,
3286340785310,140006815,BRIDGESTONE,Reifen,09.csv,175,55,R,20,,,ECOPIA EP 500 XL*,,09,,,,,,
3286340786119,140006631,BRIDGESTONE,Reifen,09.csv,185,50,R,16,,,TURANZA T001,,09,,,,,,
3286340791311,140006632,BRIDGESTONE,Reifen,09.csv,225,45,R,17,,,TURANZA T001 RFT *,,09,,,,,,
3286340791717,140006633,BRIDGESTONE,Reifen,09.csv,225,50,R,17,,,POTENZA S001 RFT*XL,,09,,,,,,
3286340810517,140006638,BRIDGESTONE,Reifen,09.csv,245,45,R,19,,,POTENZA S001 RFT *,,09,,,,,,
3286340810715,140006640,BRIDGESTONE,Reifen,09.csv,225,45,R,19,,,POTENZA S001 RFT *,,09,,,,,,
3286340810913,140006641,BRIDGESTONE,Reifen,09.csv,225,40,R,18,,,POTENZA S001 RFT * XL,,09,,,,,,
3286340813310,140007578,BRIDGESTONE,Reifen,09.csv,255,35,R,19,,,POTENZA S 001 XLAO,,09,,,,,,
3286340826617,140007150,BRIDGESTONE,Reifen,09.csv,255,40,R,20,,,POTENZA S 007 XL,,09,,,,,,
3286340829915,140006650,BRIDGESTONE,Reifen,09.csv,205,50,R,17,,,POTENZA S001 RFT *,,09,,,,,,
3286340830119,140007034,BRIDGESTONE,Reifen,09.csv,215,40,R,17,,,POTENZA S 001 XLAOFSL,,09,,,,,,
3286340840811,140006882,BRIDGESTONE,Reifen,09.csv,205,65,R,16,,,BLIZZAK LM-001 *FSL,,09,,,,,,
3286340842914,140007151,BRIDGESTONE,Reifen,09.csv,255,50,R,20,,,DUELER H/P SPO. XLFSL,,09,,,,,,
3286340850513,140007116,BRIDGESTONE,Reifen,09.csv,235,50,R,19,,,DUELER H/P SPO. MO,,09,,,,,,
3286340851916,140007212,BRIDGESTONE,Reifen,09.csv,235,40,R,18,,Z,POTENZA RE050 A N,,09,,,,,,
3286340852913,140007145,BRIDGESTONE,Reifen,09.csv,245,70,R,16,,,DUELER H/T 684 II XL,,09,,,,,,
3286340868419,140007155,BRIDGESTONE,Reifen,09.csv,255,60,R,18,,,DUELER H/P SPO.,,09,,,,,,
3286340873413,140007191,BRIDGESTONE,Reifen,09.csv,205,55,R,16,,,TURANZA T 005 AO,,09,,,,,,
3286340874816,140007237,BRIDGESTONE,Reifen,09.csv,205,45,R,17,,,TURANZA T 005 LHD,,09,,,,,,
3286340881814,150001930,FIRESTONE,Reifen,09.csv,215,65,R,16C,104,,VANHAWK 2,,09,,,,,,
3286340882514,150001927,FIRESTONE,Reifen,09.csv,215,60,R,16C,101,,VANHAWK 2,,09,,,,,,
3286340882613,150001946,FIRESTONE,Reifen,09.csv,225,70,R,15C,110,,VANHAWK 2,,09,,,,,,
3286340882910,150001933,FIRESTONE,Reifen,09.csv,215,75,R,16C,111,,VANHAWK 2,,09,,,,,,
3286340885317,140007425,BRIDGESTONE,Reifen,09.csv,275,40,R,19,,,TURANZA T 005 XLFSL,,09,,,,,,
3286340890311,140007312,BRIDGESTONE,Reifen,09.csv,195,65,R,15,,,TURANZA T 005,,09,,,,,,
3286340890410,140007309,BRIDGESTONE,Reifen,09.csv,195,65,R,15,,,TURANZA T 005,,09,,,,,,
3286340921015,140006910,BRIDGESTONE,Reifen,09.csv,225,55,R,17,,,BLIZZAK LM-001 *FSL,,09,,,,,,
3286340921619,140006919,BRIDGESTONE,Reifen,09.csv,245,40,R,18,,,BLIZZAK LM-001 AO,,09,,,,,,
3286340925815,140006943,BRIDGESTONE,Reifen,09.csv,155,70,R,19,,,ECOPIA EP 500 *,,09,,,,,,
3286340925914,140006948,BRIDGESTONE,Reifen,09.csv,175,60,R,19,,,ECOPIA EP 500 *,,09,,,,,,
3286340936316,140007508,BRIDGESTONE,Reifen,09.csv,225,40,R,19,,,TURANZA T 005 XLMO,,09,,,,,,
3286340937511,140007884,BRIDGESTONE,Reifen,09.csv,225,55,R,17,,,TURANZA T 005 SEAL,,09,,,,,,
3286340937610,140007889,BRIDGESTONE,Reifen,09.csv,245,45,R,18,,,TURANZA T 005 SEAL,,09,,,,,,
3286340938518,140007820,BRIDGESTONE,Reifen,09.csv,255,40,R,20,,,TURANZA T 005 XLAO,,09,,,,,,
3286340938716,140007406,BRIDGESTONE,Reifen,09.csv,245,45,R,19,,,TURANZA T 005 XLAO,,09,,,,,,
3286340939317,140007864,BRIDGESTONE,Reifen,09.csv,235,45,R,20,,,ALENZA 001 MO,,09,,,,,,
3286340942218,140007066,BRIDGESTONE,Reifen,09.csv,215,70,R,16,,,DUELER A/T 001,,09,,,,,,
3286340960014,140006885,BRIDGESTONE,Reifen,09.csv,215,45,R,16,,,BLIZZAK LM-32 FSL,,09,,,,,,
3286340962216,140007982,BRIDGESTONE,Reifen,09.csv,225,45,R,17,,,BLIZZAK LM001 RFT* 3PMSF,,09,,,,,,
3286340963312,140008920,BRIDGESTONE,Reifen,09.csv,205,55,R,16,,,ECOPIA EP 150 LHD,,09,,,,,,
3286340965118,150001909,FIRESTONE,Reifen,09.csv,205,55,R,16,,,ROADHAWK,,09,,,,,,
3286340965316,150001904,FIRESTONE,Reifen,09.csv,195,65,R,15,,,ROADHAWK,,09,,,,,,
3286340965910,150002015,FIRESTONE,Reifen,09.csv,195,65,R,15,,,ROADHAWK XL,,09,,,,,,
3286340966412,150002036,FIRESTONE,Reifen,09.csv,255,40,R,19,,,ROADHAWK XLFSL,,09,,,,,,
3286340970310,150001940,FIRESTONE,Reifen,09.csv,225,55,R,16,,,ROADHAWK,,09,,,,,,
3286340970815,150001921,FIRESTONE,Reifen,09.csv,215,55,R,16,,,ROADHAWK,,09,,,,,,
3286340971010,150001922,FIRESTONE,Reifen,09.csv,215,55,R,16,,,ROADHAWK XL,,09,,,,,,
3286340971119,150001926,FIRESTONE,Reifen,09.csv,215,60,R,16,,,ROADHAWK XL,,09,,,,,,
3286340974318,140007080,BRIDGESTONE,Reifen,09.csv,225,45,R,18,,,POTENZA S 001 RFTXL*,,09,,,,,,
3286340981910,140007664,BRIDGESTONE,Reifen,09.csv,225,50,R,17,,,TURANZA T 005 XL*,,09,,,,,,
3286340982313,140007661,BRIDGESTONE,Reifen,09.csv,225,45,R,18,,,TURANZA T 005 XL*,,09,,,,,,
3286340982511,140007662,BRIDGESTONE,Reifen,09.csv,225,45,R,18,,,TURANZA T 005 RFTXL*,,09,,,,,,
3286340983914,140007651,BRIDGESTONE,Reifen,09.csv,205,60,R,16,,,TURANZA T 005 XL*,,09,,,,,,
3286340984812,140007879,BRIDGESTONE,Reifen,09.csv,205,55,R,16,,,TURANZA T 005 *,,09,,,,,,
3286340985017,140008055,BRIDGESTONE,Reifen,09.csv,205,55,R,16,,,TURANZA T 005 RFT*,,09,,,,,,
3286340985413,140007875,BRIDGESTONE,Reifen,09.csv,225,45,R,17,,,TURANZA T 005 RFTXL*,,09,,,,,,
3286340985611,140007874,BRIDGESTONE,Reifen,09.csv,225,40,R,18,,,TURANZA T 005 RFTXL*,,09,,,,,,
3286340989114,140007619,BRIDGESTONE,Reifen,09.csv,285,40,R,21,,,ALENZA 001 XL,,09,,,,,,
3286340990011,140007676,BRIDGESTONE,Reifen,09.csv,275,30,R,20,,,POTENZA S 007 XL*,,09,,,,,,
3286340990417,140007559,BRIDGESTONE,Reifen,09.csv,245,40,R,19,,,TURANZA T 005 RFT*,,09,,,,,,
3286340991018,140007670,BRIDGESTONE,Reifen,09.csv,245,35,R,20,,,POTENZA S 007 XL*,,09,,,,,,
3286340991216,140007673,BRIDGESTONE,Reifen,09.csv,245,45,R,18,,,TURANZA T 005 XL*,,09,,,,,,
3286340991414,140007562,BRIDGESTONE,Reifen,09.csv,245,45,R,18,,,TURANZA T 005 RFTXL*,,09,,,,,,
3286340997010,140006953,BRIDGESTONE,Reifen,09.csv,185,55,R,16,,,ECOPIA EP150,,09,,,,,,
3286340998017,140007270,BRIDGESTONE,Reifen,09.csv,195,50,R,20,,,ECOPIA EP 500 XL*,,09,,,,,,
3286341002713,140007512,BRIDGESTONE,Reifen,09.csv,225,45,R,18,,,BLIZZAK LM-001 3PMSF RFTXL*,,09,,,,,,
3286341003017,140007978,BRIDGESTONE,Reifen,09.csv,225,40,R,18,,,BLIZZAK LM-001 RFTXL*FSL 3PM,,09,,,,,,
3286341005615,140008120,BRIDGESTONE,Reifen,09.csv,225,65,R,17,,,TURANZA T 005,,09,,,,,,
3286341006018,140007672,BRIDGESTONE,Reifen,09.csv,245,40,R,21,,,ALENZA 001 RFTXL*,,09,,,,,,
3286341006315,140007846,BRIDGESTONE,Reifen,09.csv,275,35,R,21,,,ALENZA 001 RFTXL*,,09,,,,,,
3286341016314,140007308,BRIDGESTONE,Reifen,09.csv,195,65,R,15,,,TURANZA T 005 XL,,09,,,,,,
3286341042818,140007831,BRIDGESTONE,Reifen,09.csv,255,55,R,19,,,ALENZA 001 XLAO,,09,,,,,,
3286341043211,140007515,BRIDGESTONE,Reifen,09.csv,225,45,R,18,,,TURANZA T 005 MO,,09,,,,,,
3286341043518,140007516,BRIDGESTONE,Reifen,09.csv,225,45,R,18,,,TURANZA T 005 EXTMOE,,09,,,,,,
3286341044614,150001959,FIRESTONE,Reifen,09.csv,215,65,R,15C,102,,VANHAWK 2,,09,,,,,,
3286341074116,140008059,BRIDGESTONE,Reifen,09.csv,235,35,R,19,,,POTENZA S005 XL*,,09,,,,,,
3286341076912,140007120,BRIDGESTONE,Reifen,09.csv,235,60,R,16,,,DUELER H/T 687,,09,,,,,,
3286341087512,140007303,BRIDGESTONE,Reifen,09.csv,195,55,R,15,,,TURANZA T 005,,09,,,,,,
3286341087611,140007300,BRIDGESTONE,Reifen,09.csv,195,50,R,15,,,TURANZA T 005,,09,,,,,,
3286341088113,140007374,BRIDGESTONE,Reifen,09.csv,225,55,R,16,,,TURANZA T 005 XL,,09,,,,,,
3286341088915,140007319,BRIDGESTONE,Reifen,09.csv,205,50,R,16,,,TURANZA T 005 FSL,,09,,,,,,
3286341089417,140007342,BRIDGESTONE,Reifen,09.csv,215,55,R,16,,,TURANZA T 005 XL,,09,,,,,,
3286341089516,140007375,BRIDGESTONE,Reifen,09.csv,225,55,R,16,,,TURANZA T 005,,09,,,,,,
3286341098914,140007268,BRIDGESTONE,Reifen,09.csv,175,55,R,20,,,ECOPIA EP 500 XL*,,09,,,,,,
3286341110319,150002003,FIRESTONE,Reifen,09.csv,185,65,R,15,,,ROADHAWK,,09,,,,,,
3286341110418,150001994,FIRESTONE,Reifen,09.csv,185,55,R,15,,,ROADHAWK,,09,,,,,,
3286341111316,150002022,FIRESTONE,Reifen,09.csv,205,60,R,15,,,ROADHAWK,,09,,,,,,
3286341111811,150002004,FIRESTONE,Reifen,09.csv,185,65,R,15,,,ROADHAWK,,09,,,,,,
3286341112412,150002008,FIRESTONE,Reifen,09.csv,195,50,R,15,,,ROADHAWK,,09,,,,,,
3286341112511,150001998,FIRESTONE,Reifen,09.csv,185,60,R,15,,,ROADHAWK XL,,09,,,,,,
3286341113013,150002018,FIRESTONE,Reifen,09.csv,205,50,R,16,,,ROADHAWK FSL,,09,,,,,,
3286341113310,150002026,FIRESTONE,Reifen,09.csv,215,45,R,16,,,ROADHAWK XL,,09,,,,,,
3286341114515,140007863,BRIDGESTONE,Reifen,09.csv,235,40,R,19,,,TURANZA T 005 XLAOFSL,,09,,,,,,
3286341115017,140008096,BRIDGESTONE,Reifen,09.csv,215,60,R,17,,,DUELER H/P SPO.,,09,,,,,,
3286341115611,140008057,BRIDGESTONE,Reifen,09.csv,215,60,R,17C,107,H,DURAVIS R 660 (104H),,09,,,,,,
3286341116519,140007264,BRIDGESTONE,Reifen,09.csv,275,35,R,20,,,POTENZA S 001 RFTXL*FSL,,09,,,,,,
3286341116915,140007477,BRIDGESTONE,Reifen,09.csv,205,55,R,17,,,TURANZA T 001 XL*,,09,,,,,,
3286341281910,140008397,BRIDGESTONE,Reifen,09.csv,225,45,R,18,,,TURANZA T 005 EXTXLMOFSL,,09,,,,,,
3286341284812,140008127,BRIDGESTONE,Reifen,09.csv,235,55,R,18,,,TURANZA T 005,,09,,,,,,
3286341286113,140007383,BRIDGESTONE,Reifen,09.csv,225,60,R,18,,,ALENZA 001 LHD,,09,,,,,,
3286341298710,150001980,FIRESTONE,Reifen,09.csv,165,60,R,14,,,MULTIHAWK 2,,09,,,,,,
3286341301618,140008158,BRIDGESTONE,Reifen,09.csv,225,45,R,17,,,TURANZA T 005 AO,,09,,,,,,
3286341302318,140008156,BRIDGESTONE,Reifen,09.csv,225,40,R,18,,,TURANZA T 005 EXTXLAOEFSL,,09,,,,,,
3286341318715,140008106,BRIDGESTONE,Reifen,09.csv,225,40,R,18,,,TURANZA T 005 XL,,09,,,,,,
3286341319019,140008090,BRIDGESTONE,Reifen,09.csv,215,50,R,19,,,TURANZA ECO VW,,09,,,,,,
3286341319514,140007876,BRIDGESTONE,Reifen,09.csv,235,50,R,19,,,TURANZA T 005 XLAO,,09,,,,,,
3286341319613,140008061,BRIDGESTONE,Reifen,09.csv,245,45,R,20,,,TURANZA T 005 XLAOFSL,,09,,,,,,
3286341319712,140008131,BRIDGESTONE,Reifen,09.csv,245,40,R,21,,,TURANZA T 005 NB XLAOFSL,,09,,,,,,
3286341323917,140008110,BRIDGESTONE,Reifen,09.csv,225,45,R,17,,,TURANZA T 005,,09,,,,,,
3286341337013,140007296,BRIDGESTONE,Reifen,09.csv,185,65,R,15,,,TURANZA T 005 XL,,09,,,,,,
3286341338515,140007282,BRIDGESTONE,Reifen,09.csv,245,40,R,20,,,POTENZA S 001 XL*,,09,,,,,,
3286341356618,140007943,BRIDGESTONE,Reifen,09.csv,205,55,R,19,,,BLIZZAK LM-001 XL,,09,,,,,,
3286341365115,140007872,BRIDGESTONE,Reifen,09.csv,205,50,R,17,,,TURANZA T 005,,09,,,,,,
3286341371017,140008133,BRIDGESTONE,Reifen,09.csv,255,35,R,19,,,TURANZA T 005 RFTXL*,,09,,,,,,
3286341375015,140008121,BRIDGESTONE,Reifen,09.csv,235,35,R,19,,,POTENZA S005 AO XL,,09,,,,,,
3286341375114,140008105,BRIDGESTONE,Reifen,09.csv,225,40,R,18,,,TURANZA T 005 XLAO,,09,,,,,,
3286341377811,140008083,BRIDGESTONE,Reifen,09.csv,205,55,R,19,,,TURANZA ECO XL,,09,,,,,,
3286341380118,140007688,BRIDGESTONE,Reifen,09.csv,165,65,R,15,,,TURANZA T 005,,09,,,,,,
3286341380316,140007692,BRIDGESTONE,Reifen,09.csv,175,65,R,15,,,TURANZA T 005,,09,,,,,,
3286341380514,140007697,BRIDGESTONE,Reifen,09.csv,185,55,R,15,,,TURANZA T 005,,09,,,,,,
3286341383515,150002096,FIRESTONE,Reifen,09.csv,215,65,R,16,,,ROADHAWK,,09,,,,,,
3286341383713,150002118,FIRESTONE,Reifen,09.csv,235,60,R,16,,,ROADHAWK XL,,09,,,,,,
3286341388411,140008290,BRIDGESTONE,Reifen,09.csv,235,55,R,19,,,DUELER H/P SPO. MO,,09,,,,,,
3286341389418,140007778,BRIDGESTONE,Reifen,09.csv,235,45,R,18,,,TURANZA T 005 DRIVEGUARD RFT,,09,,,,,,
3286341390117,140007750,BRIDGESTONE,Reifen,09.csv,225,45,R,18,,,TURANZA T 005 DRIVEGUARD RFT,,09,,,,,,
3286341390919,140007715,BRIDGESTONE,Reifen,09.csv,205,50,R,17,,,TURANZA T 005 DRIVEGUARD RFT,,09,,,,,,
3286341391114,140007776,BRIDGESTONE,Reifen,09.csv,235,45,R,17,,,TURANZA T 005 DRIVEGUARD RFT,,09,,,,,,
3286341391312,140007705,BRIDGESTONE,Reifen,09.csv,195,55,R,16,,,TURANZA T 005 DRIVEGUARD RFT,,09,,,,,,
3286341391718,140007712,BRIDGESTONE,Reifen,09.csv,205,45,R,17,,,TURANZA T 005 DRIVEGUARD RFT,,09,,,,,,
3286341395310,140008081,BRIDGESTONE,Reifen,09.csv,205,55,R,16,,,TURANZA ECO,,09,,,,,,
3286341396119,140008071,BRIDGESTONE,Reifen,09.csv,185,65,R,15,,,TURANZA ECO,,09,,,,,,
3286341396218,140008073,BRIDGESTONE,Reifen,09.csv,195,55,R,16,,,TURANZA ECO XL,,09,,,,,,
3286341396416,140008139,BRIDGESTONE,Reifen,09.csv,255,45,R,19,,,TURANZA T005 SLT B-SEAL,,09,,,,,,
3286341397512,140007935,BRIDGESTONE,Reifen,09.csv,205,55,R,16,,,BLIZZAK LM-005 3PMSF,,09,,,,,,
3286341397819,140007972,BRIDGESTONE,Reifen,09.csv,215,65,R,16,,,BLIZZAK LM-005 DRIVEGUARD RF,,09,,,,,,
3286341401219,140007663,BRIDGESTONE,Reifen,09.csv,225,45,R,19,,,TURANZA T 005,,09,,,,,,
3286341403916,140007720,BRIDGESTONE,Reifen,09.csv,205,55,R,17,,,TURANZA T 005 XL*,,09,,,,,,
3286341406412,140008281,BRIDGESTONE,Reifen,09.csv,235,50,R,18,,,TURANZA T 005 XL,,09,,,,,,
3286341406511,140008709,BRIDGESTONE,Reifen,09.csv,235,50,R,18,,,A005 WEATHER CONTROL XL 3PMS,,09,,,,,,
3286341406719,140008675,BRIDGESTONE,Reifen,09.csv,215,55,R,17,,,TURANZA T 005 XL,,09,,,,,,
3286341406917,140008204,BRIDGESTONE,Reifen,09.csv,235,60,R,18,,,TURANZA ECO (+),,09,,,,,,
3286341409017,140007710,BRIDGESTONE,Reifen,09.csv,205,45,R,17,,,POTENZA RE050 A XL*,,09,,,,,,
3286341411218,140008288,BRIDGESTONE,Reifen,09.csv,235,55,R,19,,,TURANZA ECO SLT C+,,09,,,,,,
3286341411317,140008203,BRIDGESTONE,Reifen,09.csv,235,55,R,19,,,TURANZA ECO (+),,09,,,,,,
3286341411416,140008282,BRIDGESTONE,Reifen,09.csv,235,50,R,19,,,TURANZA T 005 XLMO,,09,,,,,,
3286341412116,140007783,BRIDGESTONE,Reifen,09.csv,235,50,R,19,,,TURANZA T 005 MO,,09,,,,,,
3286341412215,140008287,BRIDGESTONE,Reifen,09.csv,235,55,R,19,,,A005 WEATHER CONTROL SLT C+,,09,,,,,,
3286341414615,140007716,BRIDGESTONE,Reifen,09.csv,205,55,R,16,,,TURANZA ER300-1 RFT*FSL,,09,,,,,,
3286341414813,140008130,BRIDGESTONE,Reifen,09.csv,245,40,R,18,,,TURANZA ECO,,09,,,,,,
3286341415810,140008058,BRIDGESTONE,Reifen,09.csv,225,50,R,18,,,TURANZA T 005 RFTXL*,,09,,,,,,
3286341500615,140007950,BRIDGESTONE,Reifen,09.csv,205,70,R,15,,,BLIZZAK LM-005 3PMSF,,09,,,,,,
3286341501018,140007970,BRIDGESTONE,Reifen,09.csv,215,65,R,16,,,BLIZZAK LM-005 XL 3PMSF,,09,,,,,,
3286341502916,140007998,BRIDGESTONE,Reifen,09.csv,225,60,R,17,,,BLIZZAK LM-005 3PMSF,,09,,,,,,
3286341503210,140007974,BRIDGESTONE,Reifen,09.csv,215,65,R,17,,,BLIZZAK LM-005 XL 3PMSF,,09,,,,,,
3286341503517,140008002,BRIDGESTONE,Reifen,09.csv,225,65,R,17,,,BLIZZAK LM-005 3PMSF,,09,,,,,,
3286341504217,140008041,BRIDGESTONE,Reifen,09.csv,265,65,R,17,,,BLIZZAK LM-005 XL 3PMSF,,09,,,,,,
3286341504316,140008007,BRIDGESTONE,Reifen,09.csv,235,50,R,18,,,BLIZZAK LM-005 XLFSL 3PMSF,,09,,,,,,
3286341506914,140008035,BRIDGESTONE,Reifen,09.csv,255,60,R,18,,,BLIZZAK LM-005 XL 3PMSF,,09,,,,,,
3286341507515,140008045,BRIDGESTONE,Reifen,09.csv,275,45,R,19,,,BLIZZAK LM-005 XLFSL 3PMSF,,09,,,,,,
3286341510515,140008037,BRIDGESTONE,Reifen,09.csv,265,45,R,20,,,BLIZZAK LM-005 XLFSL 3PMSF,,09,,,,,,
3286341511215,140008474,BRIDGESTONE,Reifen,09.csv,265,50,R,20,,,BLIZZAK LM-005 XLFSL 3PMSF,,09,,,,,,
3286341512915,140008468,BRIDGESTONE,Reifen,09.csv,265,40,R,21,,,BLIZZAK LM-005 XLFSL 3PMSF,,09,,,,,,
3286341513110,140008487,BRIDGESTONE,Reifen,09.csv,275,40,R,21,,,BLIZZAK LM-005 XLFSL 3PMSF,,09,,,,,,
3286341513417,140008471,BRIDGESTONE,Reifen,09.csv,265,45,R,21,,,BLIZZAK LM-005 XLFSL 3PMSF,,09,,,,,,
3286341516715,140007910,BRIDGESTONE,Reifen,09.csv,185,55,R,15,,,BLIZZAK LM-005 3PMSF,,09,,,,,,
3286341516913,140007912,BRIDGESTONE,Reifen,09.csv,185,60,R,15,,,BLIZZAK LM-005 XL 3PMSF,,09,,,,,,
3286341517316,140007915,BRIDGESTONE,Reifen,09.csv,185,65,R,15,,,BLIZZAK LM-005 3PMSF,,09,,,,,,
3286341517415,140007916,BRIDGESTONE,Reifen,09.csv,185,65,R,15,,,BLIZZAK LM-005 XL 3PMSF,,09,,,,,,
3286341529012,140007929,BRIDGESTONE,Reifen,09.csv,195,65,R,15,,,BLIZZAK LM-005 XL 3PMSF,,09,,,,,,
3286341529517,140007919,BRIDGESTONE,Reifen,09.csv,195,55,R,15,,,BLIZZAK LM-005 3PMSF,,09,,,,,,
3286341529616,140007927,BRIDGESTONE,Reifen,09.csv,195,65,R,15,,,BLIZZAK LM-005 3PMSF,,09,,,,,,
3286341529715,140007948,BRIDGESTONE,Reifen,09.csv,205,65,R,15,,,BLIZZAK LM-005 3PMSF,,09,,,,,,
3286341529814,140007917,BRIDGESTONE,Reifen,09.csv,195,45,R,16,,,BLIZZAK LM-005 XLFSL 3PMSF,,09,,,,,,
3286341530810,140007926,BRIDGESTONE,Reifen,09.csv,195,60,R,16,,,BLIZZAK LM-005 3PMSF,,09,,,,,,
3286341531213,140007951,BRIDGESTONE,Reifen,09.csv,215,40,R,17,,,BLIZZAK LM-005 XLFSL 3PMSF,,09,,,,,,
3286341531411,140007931,BRIDGESTONE,Reifen,09.csv,205,45,R,17,,,BLIZZAK LM-005 XLFSL 3PMSF,,09,,,,,,
3286341531817,140008023,BRIDGESTONE,Reifen,09.csv,245,45,R,17,,,BLIZZAK LM-005 XLFSL 3PMSF,,09,,,,,,
3286341532814,140008010,BRIDGESTONE,Reifen,09.csv,235,55,R,17,,,BLIZZAK LM-005 3PMSF,,09,,,,,,
3286341534412,140007963,BRIDGESTONE,Reifen,09.csv,215,55,R,18,,,BLIZZAK LM-005 XL 3PMSF,,09,,,,,,
3286341534719,140008449,BRIDGESTONE,Reifen,09.csv,255,35,R,19,,,BLIZZAK LM-005 XLFSL 3PMSF,,09,,,,,,
3286341535013,140008436,BRIDGESTONE,Reifen,09.csv,245,40,R,19,,,BLIZZAK LM-005 XLFSL 3PMSF,,09,,,,,,
3286341535211,140008042,BRIDGESTONE,Reifen,09.csv,275,40,R,19,,,BLIZZAK LM-005 XLFSL 3PMSF,,09,,,,,,
3286341535815,140008028,BRIDGESTONE,Reifen,09.csv,255,35,R,20,,,BLIZZAK LM-005 XLFSL 3PMSF,,09,,,,,,
3286341593815,140008258,BRIDGESTONE,Reifen,09.csv,225,45,R,17,,,TURANZA T 005 XLAO,,09,,,,,,
3286341594218,140008237,BRIDGESTONE,Reifen,09.csv,215,55,R,17,,,A005 WEATHER CONTROL XL 3PMS,,09,,,,,,
3286341660814,140008098,BRIDGESTONE,Reifen,09.csv,215,65,R,16,,,TURANZA T 005,,09,,,,,,
3286341670011,140007922,BRIDGESTONE,Reifen,09.csv,195,55,R,16,,,BLIZZAK LM-005 DRIVEGUARD RF,,09,,,,,,
3286341671018,140007965,BRIDGESTONE,Reifen,09.csv,215,60,R,16,,,BLIZZAK LM-005 DRIVEGUARD RF,,09,,,,,,
3286341671216,140007940,BRIDGESTONE,Reifen,09.csv,205,55,R,16,,,BLIZZAK LM-005 DRIVEGUARD RF,,09,,,,,,
3286341671513,140008435,BRIDGESTONE,Reifen,09.csv,245,40,R,18,,,BLIZZAK LM-005 DRIVEGUARD RF,,09,,,,,,
3286341671810,140008417,BRIDGESTONE,Reifen,09.csv,235,45,R,18,,,BLIZZAK LM-005 DRIVEGUARD RF,,09,,,,,,
3286341672114,140008401,BRIDGESTONE,Reifen,09.csv,225,55,R,16,,,BLIZZAK LM-005 DRIVEGUARD RF,,09,,,,,,
3286341672411,150002080,FIRESTONE,Reifen,09.csv,205,50,R,17,,,MULTISEASON 2 XL 3PMSF,,09,,,,,,
3286341672619,150002052,FIRESTONE,Reifen,09.csv,165,60,R,15,,,MULTISEASON 2,,09,,,,,,
3286341672718,150002076,FIRESTONE,Reifen,09.csv,195,60,R,16,,,MULTISEASON 2,,09,,,,,,
3286341672916,150002049,FIRESTONE,Reifen,09.csv,155,65,R,14,,,MULTISEASON 2 3PMSF,,09,,,,,,
3286341673012,150002072,FIRESTONE,Reifen,09.csv,195,55,R,16,,,MULTISEASON 2 XL,,09,,,,,,
3286341673111,150002056,FIRESTONE,Reifen,09.csv,175,65,R,14,,,MULTISEASON 2 3PMSF XL,,09,,,,,,
3286341673319,150002063,FIRESTONE,Reifen,09.csv,185,60,R,15,,,MULTISEASON 2 XL 3PMSF,,09,,,,,,
3286341673418,150002081,FIRESTONE,Reifen,09.csv,205,55,R,16,,,MULTISEASON 2 3PMSF,,09,,,,,,
3286341673517,150002089,FIRESTONE,Reifen,09.csv,215,55,R,16,,,MULTISEASON 2 XL 3PMSF,,09,,,,,,
3286341673616,150002082,FIRESTONE,Reifen,09.csv,205,55,R,16,,,MULTISEASON 2 XL 3PMSF,,09,,,,,,
3286341673715,150002105,FIRESTONE,Reifen,09.csv,225,55,R,16,,,MULTISEASON 2 XL 3PMSF,,09,,,,,,
3286341673814,150002074,FIRESTONE,Reifen,09.csv,195,60,R,15,,,MULTISEASON 2 3PMSF,,09,,,,,,
3286341673913,150002065,FIRESTONE,Reifen,09.csv,185,65,R,15,,,MULTISEASON 2 3PMSF XL,,09,,,,,,
3286341674019,150002109,FIRESTONE,Reifen,09.csv,225,60,R,17,,,MULTISEASON 2,,09,,,,,,
3286341674217,150002070,FIRESTONE,Reifen,09.csv,195,50,R,15,,,MULTISEASON 2 3PMSF,,09,,,,,,
3286341674316,150002062,FIRESTONE,Reifen,09.csv,185,60,R,14,,,MULTISEASON 2 XL 3PMSF,,09,,,,,,
3286341674514,150002053,FIRESTONE,Reifen,09.csv,165,65,R,14,,,MULTISEASON 2 3PMSF,,09,,,,,,
3286341674712,150002069,FIRESTONE,Reifen,09.csv,195,45,R,16,,,MULTISEASON 2 XL,,09,,,,,,
3286341674811,150002093,FIRESTONE,Reifen,09.csv,215,60,R,16,,,MULTISEASON 2 XL,,09,,,,,,
3286341674910,150002102,FIRESTONE,Reifen,09.csv,225,45,R,17,,,MULTISEASON 2 XL,,09,,,,,,
3286341675016,150002061,FIRESTONE,Reifen,09.csv,185,55,R,15,,,MULTISEASON 2 XL,,09,,,,,,
3286341675115,150002073,FIRESTONE,Reifen,09.csv,195,55,R,16,,,MULTISEASON 2 XL,,09,,,,,,
3286341675214,150002106,FIRESTONE,Reifen,09.csv,225,55,R,17,,,MULTISEASON 2 XL,,09,,,,,,
3286341675313,150002090,FIRESTONE,Reifen,09.csv,215,55,R,17,,,MULTISEASON 2 XL,,09,,,,,,
3286341675412,150002066,FIRESTONE,Reifen,09.csv,185,65,R,15,,,MULTISEASON 2 XL,,09,,,,,,
3286341675511,150002101,FIRESTONE,Reifen,09.csv,225,40,R,18,,,MULTISEASON 2 XL,,09,,,,,,
3286341675610,150002104,FIRESTONE,Reifen,09.csv,225,50,R,17,,,MULTISEASON 2 XL,,09,,,,,,
3286341675719,150002088,FIRESTONE,Reifen,09.csv,215,50,R,17,,,MULTISEASON 2 XL,,09,,,,,,
3286341675917,150002057,FIRESTONE,Reifen,09.csv,175,65,R,15,,,MULTISEASON 2 XL,,09,,,,,,
3286341676013,150002059,FIRESTONE,Reifen,09.csv,175,70,R,14,,,MULTISEASON 2 XL,,09,,,,,,
3286341676112,150002064,FIRESTONE,Reifen,09.csv,185,65,R,14,,,MULTISEASON 2 XL,,09,,,,,,
3286341676211,150002083,FIRESTONE,Reifen,09.csv,205,55,R,17,,,MULTISEASON 2 XL,,09,,,,,,
3286341676419,150002055,FIRESTONE,Reifen,09.csv,165,70,R,14,,,MULTISEASON 2 XL,,09,,,,,,
3286341676518,150002071,FIRESTONE,Reifen,09.csv,195,55,R,15,,,MULTISEASON 2 XL,,09,,,,,,
3286341676617,150002075,FIRESTONE,Reifen,09.csv,195,60,R,15,,,MULTISEASON 2 XL,,09,,,,,,
3286341676716,150002111,FIRESTONE,Reifen,09.csv,225,65,R,17,,,MULTISEASON 2 3PMSF,,09,,,,,,
3286341676815,150002095,FIRESTONE,Reifen,09.csv,215,60,R,17,,,MULTISEASON 2 XL 3PMSF,,09,,,,,,
3286341676914,150002123,FIRESTONE,Reifen,09.csv,235,65,R,17,,,MULTISEASON 2 XL 3PMSF,,09,,,,,,
3286341677010,150002091,FIRESTONE,Reifen,09.csv,215,55,R,18,,,MULTISEASON 2 XL 3PMSF,,09,,,,,,
3286341677119,150002120,FIRESTONE,Reifen,09.csv,235,60,R,18,,,MULTISEASON 2 XL 3PMSF,,09,,,,,,
3286341677218,150002098,FIRESTONE,Reifen,09.csv,215,65,R,16,,,MULTISEASON 2 XL 3PMSF,,09,,,,,,
3286341677317,150002114,FIRESTONE,Reifen,09.csv,235,55,R,17,,,MULTISEASON 2 XL 3PMSF,,09,,,,,,
3286341677416,150002128,FIRESTONE,Reifen,09.csv,255,55,R,18,,,MULTISEASON 2 XL 3PMSF,,09,,,,,,
3286341710410,140008438,BRIDGESTONE,Reifen,09.csv,245,45,R,19,,,TURANZA T 005 XL,,09,,,,,,
3286341770810,140007924,BRIDGESTONE,Reifen,09.csv,195,60,R,15,,,BLIZZAK LM-005 3PMSF,,09,,,,,,
3286341801316,150002275,FIRESTONE,Reifen,09.csv,255,55,R,18,,,WINTERHAWK 4 XL 3PMSF,,09,,,,,,
3286341801712,150002236,FIRESTONE,Reifen,09.csv,215,65,R,16,,,WINTERHAWK 4 3PMSF,,09,,,,,,
3286341802115,150002234,FIRESTONE,Reifen,09.csv,215,60,R,17,,,WINTERHAWK 4 3PMSF,,09,,,,,,
3286341804010,150002199,FIRESTONE,Reifen,09.csv,185,60,R,15,,,WINTERHAWK 4 3PMSF,,09,,,,,,
3286341804812,150002198,FIRESTONE,Reifen,09.csv,185,60,R,15,,,WINTERHAWK 4 XL 3PMSF,,09,,,,,,
3286341805116,150002206,FIRESTONE,Reifen,09.csv,195,55,R,15,,,WINTERHAWK 4 3PMSF,,09,,,,,,
3286341805314,150002208,FIRESTONE,Reifen,09.csv,195,55,R,16,,,WINTERHAWK 4 3PMSF,,09,,,,,,
3286341805611,150002230,FIRESTONE,Reifen,09.csv,215,55,R,16,,,WINTERHAWK 4 XL 3PMSF,,09,,,,,,
3286341805918,150002256,FIRESTONE,Reifen,09.csv,235,45,R,17,,,WINTERHAWK 4 XLFSL 3PMSF,,09,,,,,,
3286341806113,150002222,FIRESTONE,Reifen,09.csv,205,60,R,16,,,WINTERHAWK 4 3PMSF,,09,,,,,,
3286341806816,150002232,FIRESTONE,Reifen,09.csv,215,55,R,18,,,WINTERHAWK 4 XL 3PMSF,,09,,,,,,
3286341808216,150002272,FIRESTONE,Reifen,09.csv,255,40,R,19,,,WINTERHAWK 4 XLFSL 3PMSF,,09,,,,,,
3286341808315,150002253,FIRESTONE,Reifen,09.csv,235,35,R,19,,,WINTERHAWK 4 XLFSL 3PMSF,,09,,,,,,
3286341808711,150002217,FIRESTONE,Reifen,09.csv,205,55,R,16,,,WINTERHAWK 4 3PMSF,,09,,,,,,
3286341808919,150002245,FIRESTONE,Reifen,09.csv,225,50,R,18,,,WINTERHAWK 4 XL 3PMSF,,09,,,,,,
3286341809312,150002271,FIRESTONE,Reifen,09.csv,255,35,R,19,,,WINTERHAWK 4 XLFSL 3PMSF,,09,,,,,,
3286341809916,150002079,FIRESTONE,Reifen,09.csv,195,70,R,15C,102,,VANHAWK 2,,09,,,,,,
3286341816310,150002309,FIRESTONE,Reifen,09.csv,205,60,R,16,,,ROADHAWK,,09,,,,,,
3286341817218,150002304,FIRESTONE,Reifen,09.csv,185,60,R,14,,,MULTIHAWK 2,,09,,,,,,
3286341817317,150002318,FIRESTONE,Reifen,09.csv,185,60,R,15,,,ROADHAWK,,09,,,,,,
3286341817614,150002319,FIRESTONE,Reifen,09.csv,195,60,R,15,,,ROADHAWK,,09,,,,,,
3286341818215,150002315,FIRESTONE,Reifen,09.csv,225,60,R,16,,,ROADHAWK XL,,09,,,,,,
3286341818314,150002311,FIRESTONE,Reifen,09.csv,215,55,R,16,,,ROADHAWK XL,,09,,,,,,
3286341818413,150002310,FIRESTONE,Reifen,09.csv,205,65,R,15,,,ROADHAWK,,09,,,,,,
3286341818611,150002314,FIRESTONE,Reifen,09.csv,225,55,R,16,,,ROADHAWK XL,,09,,,,,,
3286341818819,150002361,FIRESTONE,Reifen,09.csv,195,65,R,15,,,ROADHAWK,,09,,,,,,
3286341819311,150002170,FIRESTONE,Reifen,09.csv,245,35,R,20,,,ROADHAWK XLFSL,,09,,,,,,
3286341819410,150002181,FIRESTONE,Reifen,09.csv,265,45,R,20,,,ROADHAWK XLFSL,,09,,,,,,
3286341819519,150002178,FIRESTONE,Reifen,09.csv,255,45,R,20,,,ROADHAWK XLFSL,,09,,,,,,
3286341819618,150002182,FIRESTONE,Reifen,09.csv,275,40,R,20,,,ROADHAWK XLFSL,,09,,,,,,
3286341819816,150002185,FIRESTONE,Reifen,09.csv,295,35,R,21,,,ROADHAWK XLFSL,,09,,,,,,
3286341821017,150002176,FIRESTONE,Reifen,09.csv,255,35,R,19,,,ROADHAWK XLFSL,,09,,,,,,
3286341825411,140008236,BRIDGESTONE,Reifen,09.csv,215,50,R,18,,,TURANZA T 005 AO,,09,,,,,,
3286341825619,140008243,BRIDGESTONE,Reifen,09.csv,215,60,R,16,,,TURANZA T 005 AO,,09,,,,,,
3286341827613,140008285,BRIDGESTONE,Reifen,09.csv,235,55,R,17,,,TURANZA T 005,,09,,,,,,
3286341829815,140008250,BRIDGESTONE,Reifen,09.csv,225,35,R,20,,,TURANZA T 005 RFTXL*,,09,,,,,,
3286341830316,140008302,BRIDGESTONE,Reifen,09.csv,255,30,R,20,,,TURANZA T 005 RFTXL*,,09,,,,,,
3286341831511,140008229,BRIDGESTONE,Reifen,09.csv,205,60,R,16,,,A005 WEATHER CONTROL XL 3PMS,,09,,,,,,
3286341832617,150002140,FIRESTONE,Reifen,09.csv,195,65,R,16C,102,,VANHAWK 2 WINTER 3PMSF,,09,,,,,,
3286341832716,150002152,FIRESTONE,Reifen,09.csv,225,65,R,16C,110,,VANHAWK 2 WINTER 3PMSF,,09,,,,,,
3286341833317,150002142,FIRESTONE,Reifen,09.csv,195,75,R,16C,105,,VANHAWK 2 WINTER 3PMSF,,09,,,,,,
3286341833515,150002150,FIRESTONE,Reifen,09.csv,215,70,R,15C,107,,VANHAWK 2 WINTER 3PMSF,,09,,,,,,
3286341836615,140008754,BRIDGESTONE,Reifen,09.csv,255,50,R,19,,,TURANZA ECO ID.4 C+,,09,,,,,,
3286341836813,140007726,BRIDGESTONE,Reifen,09.csv,215,45,R,18,,,TURANZA T 005A LHD,,09,,,,,,
3286341838817,140008291,BRIDGESTONE,Reifen,09.csv,235,55,R,19,,,TURANZA T 005 XLMO,,09,,,,,,
3286341839012,140008307,BRIDGESTONE,Reifen,09.csv,255,50,R,19,,,TURANZA T 005 XLMO,,09,,,,,,
3286341858112,140008306,BRIDGESTONE,Reifen,09.csv,255,50,R,19,,,A005 WEATHER CONTROL SLT C+,,09,,,,,,
3286341866810,140008278,BRIDGESTONE,Reifen,09.csv,235,45,R,18,,,TURANZA T 005,,09,,,,,,
3286341873313,140007955,BRIDGESTONE,Reifen,09.csv,215,50,R,18,,,BLIZZAK LM-005 FSL 3PMSF,,09,,,,,,
3286341877311,150002357,FIRESTONE,Reifen,09.csv,255,55,R,18,,,ROADHAWK,,09,,,,,,
3286341879919,140008635,BRIDGESTONE,Reifen,09.csv,235,55,R,18,,,TURANZA T 005 AO,,09,,,,,,
3286341880311,140008266,BRIDGESTONE,Reifen,09.csv,225,45,R,18,,,TURANZA T 005 XL,,09,,,,,,
3286341880519,140008295,BRIDGESTONE,Reifen,09.csv,245,35,R,18,,,POTENZA S 001 XLM0FSL,,09,,,,,,
3286341880618,140008252,BRIDGESTONE,Reifen,09.csv,225,40,R,18,,,POTENZA S 001 XLM0FSL,,09,,,,,,
3286341881615,140008727,BRIDGESTONE,Reifen,09.csv,245,40,R,18,,,TURANZA T 005 XLMOFSL,,09,,,,,,
3286341883510,140008892,BRIDGESTONE,Reifen,09.csv,245,45,R,20,,,ALENZA 001 RFTXL*FSL,,09,,,,,,
3286341886610,140008271,BRIDGESTONE,Reifen,09.csv,225,50,R,17,,,POTENZA S 001 RFT*FSL,,09,,,,,,
3286341891515,140008395,BRIDGESTONE,Reifen,09.csv,215,70,R,16,,,BLIZZAK DM-V3 3PMSF,,09,,,,,,
3286341896817,140007886,BRIDGESTONE,Reifen,09.csv,225,60,R,18,,,ALENZA 001 XL*,,09,,,,,,
3286341918816,140008373,BRIDGESTONE,Reifen,09.csv,165,60,R,15,,,BLIZZAK LM-005 XL 3PMSF,,09,,,,,,
3286341919011,140008427,BRIDGESTONE,Reifen,09.csv,235,55,R,20,,,BLIZZAK LM-005 XL 3PMSF,,09,,,,,,
3286341922219,140009056,BRIDGESTONE,Reifen,09.csv,215,40,R,18,,,TURANZA T 005 XLFSL,,09,,,,,,
3286341923612,140008230,BRIDGESTONE,Reifen,09.csv,205,60,R,16,,,TURANZA T 005 AO,,09,,,,,,
3286341925814,140008190,BRIDGESTONE,Reifen,09.csv,215,50,R,19,,,A005 WEATHER CONTROL SLT (+),,09,,,,,,
3286341935516,140008383,BRIDGESTONE,Reifen,09.csv,215,40,R,18,,,TURANZA T 005 XLAO,,09,,,,,,
3286341936117,150002203,FIRESTONE,Reifen,09.csv,195,45,R,16,,,WINTERHAWK 4 XL 3PMSF,,09,,,,,,
3286341936315,150002209,FIRESTONE,Reifen,09.csv,195,55,R,20,,,WINTERHAWK 4 XL 3PMSF,,09,,,,,,
3286341936513,150002243,FIRESTONE,Reifen,09.csv,225,45,R,19,,,WINTERHAWK 4 XLFSL 3PMSF,,09,,,,,,
3286341937411,150002277,FIRESTONE,Reifen,09.csv,255,60,R,18,,,WINTERHAWK 4 XL 3PMSF,,09,,,,,,
3286341937510,150002223,FIRESTONE,Reifen,09.csv,205,60,R,17,,,WINTERHAWK 4 XL 3PMSF,,09,,,,,,
3286341937817,140008516,BRIDGESTONE,Reifen,09.csv,175,65,R,15,,,A005 WEATHER CONTROL EVO XL,,09,,,,,,
3286341937916,140008517,BRIDGESTONE,Reifen,09.csv,185,55,R,15,,,A005 WEATHER CONTROL EVO XL,,09,,,,,,
3286341938111,140008519,BRIDGESTONE,Reifen,09.csv,185,60,R,15,,,A005 WEATHER CONTROL EVO XL,,09,,,,,,
3286341938210,140008520,BRIDGESTONE,Reifen,09.csv,185,65,R,15,,,A005 WEATHER CONTROL EVO XL,,09,,,,,,
3286341938517,140008523,BRIDGESTONE,Reifen,09.csv,195,50,R,15,,,A005 WEATHER CONTROL EVO 3PM,,09,,,,,,
3286341938616,140008524,BRIDGESTONE,Reifen,09.csv,195,55,R,15,,,A005 WEATHER CONTROL EVO XL,,09,,,,,,
3286341938913,140008527,BRIDGESTONE,Reifen,09.csv,195,60,R,15,,,A005 WEATHER CONTROL EVO XL,,09,,,,,,
3286341939118,140008530,BRIDGESTONE,Reifen,09.csv,195,65,R,15,,,A005 WEATHER CONTROL EVO 3PM,,09,,,,,,
3286341939217,140008644,BRIDGESTONE,Reifen,09.csv,195,65,R,15,,,A005 WEATHER CONTROL DRIVEGU,,09,,,,,,
3286341939316,140008531,BRIDGESTONE,Reifen,09.csv,195,65,R,15,,,A005 WEATHER CONTROL EVO XL,,09,,,,,,
3286341940312,140008544,BRIDGESTONE,Reifen,09.csv,205,65,R,15,,,A005 WEATHER CONTROL EVO XL,,09,,,,,,
3286341945119,140008620,BRIDGESTONE,Reifen,09.csv,255,35,R,18,,,A005 WEATHER CONTROL EVO XLF,,09,,,,,,
3286341945515,140008626,BRIDGESTONE,Reifen,09.csv,255,55,R,18,,,A005 WEATHER CONTROL EVO XL,,09,,,,,,
3286341954616,140008647,BRIDGESTONE,Reifen,09.csv,205,75,R,16C,108,,DURAVIS R 660 ECO MO,,09,,,,,,
3286341960112,140008390,BRIDGESTONE,Reifen,09.csv,215,65,R,17,,,BLIZZAK LM-001 SLT 3PMSF,,09,,,,,,
3286341960716,140008332,BRIDGESTONE,Reifen,09.csv,235,45,R,18,,,TURANZA T 005 SLT,,09,,,,,,
3286341974317,140008386,BRIDGESTONE,Reifen,09.csv,215,50,R,19,,,BLIZZAK LM-005 3PMSF,,09,,,,,,
3286341974416,140008196,BRIDGESTONE,Reifen,09.csv,225,60,R,18,,,ALENZA 001 XL*,,09,,,,,,
3286341979312,140008380,BRIDGESTONE,Reifen,09.csv,205,65,R,16C,105,,DURAVIS R660 ECO,,09,,,,,,
3286342032917,140009128,BRIDGESTONE,Reifen,09.csv,195,80,R,15,,,DUELER ALL TERRAIN 3PMSF,,09,,,,,,
3286342033013,140009129,BRIDGESTONE,Reifen,09.csv,205,70,R,15,,,DUELER ALL TERRAIN 3PMSF,,09,,,,,,
3286342033211,140009132,BRIDGESTONE,Reifen,09.csv,215,75,R,15,,,DUELER ALL TERRAIN 3PMSF,,09,,,,,,
3286342033617,140009378,BRIDGESTONE,Reifen,09.csv,235,75,R,15,,,DUELER ALL TERRAIN 3PMSF,,09,,,,,,
3286342034119,140009341,BRIDGESTONE,Reifen,09.csv,205,80,R,16,,,DUELER ALL TERRAIN 3PMSF,,09,,,,,,
3286342034317,140009349,BRIDGESTONE,Reifen,09.csv,215,70,R,16,,,DUELER ALL TERRAIN 3PMSF,,09,,,,,,
3286342035819,140009356,BRIDGESTONE,Reifen,09.csv,225,60,R,17,,,DUELER ALL TERRAIN A/T002 XL,,09,,,,,,
3286342036915,140009355,BRIDGESTONE,Reifen,09.csv,225,55,R,18,,,DUELER ALL TERRAIN 3PMSF,,09,,,,,,
3286342037110,140009373,BRIDGESTONE,Reifen,09.csv,235,60,R,18,,,DUELER ALL TERRAIN XL 3PMSF,,09,,,,,,
3286342045313,140009715,BRIDGESTONE,Reifen,09.csv,225,60,R,17,,,BLIZZAK 6 ENLITEN XL 3PMSF,,09,,,,,,
3286342045610,140009736,BRIDGESTONE,Reifen,09.csv,235,65,R,17,,,BLIZZAK 6 ENLITEN XL 3PMSF,,09,,,,,,
3286342045719,140009752,BRIDGESTONE,Reifen,09.csv,245,65,R,17,,,BLIZZAK 6 ENLITEN XL,,09,,,,,,
3286342045917,140009767,BRIDGESTONE,Reifen,09.csv,255,65,R,17,,,BLIZZAK 6 ENLITEN XL 3PMSF,,09,,,,,,
3286342046013,140009776,BRIDGESTONE,Reifen,09.csv,265,65,R,17,,,BLIZZAK 6 ENLITEN XL 3PMSF,,09,,,,,,
3286342046211,140009716,BRIDGESTONE,Reifen,09.csv,225,60,R,18,,,BLIZZAK 6 ENLITEN XL 3PMSF,,09,,,,,,
3286342047010,140009775,BRIDGESTONE,Reifen,09.csv,265,60,R,18,,,BLIZZAK 6 ENLITEN XL 3PMSF,,09,,,,,,
3286342048819,140009834,BRIDGESTONE,Reifen,09.csv,275,45,R,20,,,BLIZZAK 6 ENLITEN XLFSL 3PMS,,09,,,,,,
3286342051918,140009525,BRIDGESTONE,Reifen,09.csv,215,65,R,16,,,TURANZA 6 ENLITEN XL,,09,,,,,,
3286342052113,140009568,BRIDGESTONE,Reifen,09.csv,235,60,R,16,,,TURANZA 6 ENLITEN XL,,09,,,,,,
3286342052717,140009187,BRIDGESTONE,Reifen,09.csv,215,65,R,17,,,TURANZA 6 ENLITEN,,09,,,,,,
3286342052816,140009182,BRIDGESTONE,Reifen,09.csv,215,60,R,17,,,TURANZA 6 ENLITEN XL,,09,,,,,,
3286342053011,140009207,BRIDGESTONE,Reifen,09.csv,225,60,R,17,,,TURANZA 6 ENLITEN,,09,,,,,,
3286342053318,140009244,BRIDGESTONE,Reifen,09.csv,235,65,R,17,,,TURANZA 6 ENLITEN XL,,09,,,,,,
3286342053615,140009238,BRIDGESTONE,Reifen,09.csv,235,60,R,17,,,TURANZA 6 ENLITEN,,09,,,,,,
3286342053813,140009261,BRIDGESTONE,Reifen,09.csv,245,65,R,17,,,TURANZA 6 ENLITEN XL,,09,,,,,,
3286342053912,140009248,BRIDGESTONE,Reifen,09.csv,245,40,R,17,,,TURANZA 6 ENLITEN XLFSL,,09,,,,,,
3286342054216,140009292,BRIDGESTONE,Reifen,09.csv,265,65,R,17,,,TURANZA 6 ENLITEN,,09,,,,,,
3286342054414,140009304,BRIDGESTONE,Reifen,09.csv,275,55,R,17,,,TURANZA 6 ENLITEN,,09,,,,,,
3286342054612,140009180,BRIDGESTONE,Reifen,09.csv,215,55,R,18,,,TURANZA 6 ENLITEN XL,,09,,,,,,
3286342054919,140009205,BRIDGESTONE,Reifen,09.csv,225,55,R,18,,,TURANZA 6 ENLITEN,,09,,,,,,
3286342055015,140009208,BRIDGESTONE,Reifen,09.csv,225,60,R,18,,,TURANZA 6 ENLITEN,,09,,,,,,
3286342055312,140009232,BRIDGESTONE,Reifen,09.csv,235,55,R,18,,,TURANZA 6 ENLITEN,,09,,,,,,
3286342055510,140009284,BRIDGESTONE,Reifen,09.csv,255,60,R,18,,,TURANZA 6 ENLITEN XL,,09,,,,,,
3286342055619,140009280,BRIDGESTONE,Reifen,09.csv,255,55,R,18,,,TURANZA 6 ENLITEN XL,,09,,,,,,
3286342055718,140009291,BRIDGESTONE,Reifen,09.csv,265,60,R,18,,,TURANZA 6 ENLITEN,,09,,,,,,
3286342056012,140009206,BRIDGESTONE,Reifen,09.csv,225,55,R,19,,,TURANZA 6 ENLITEN,,09,,,,,,
3286342056210,140009227,BRIDGESTONE,Reifen,09.csv,235,50,R,19,,,TURANZA 6 ENLITEN,,09,,,,,,
3286342056319,140009260,BRIDGESTONE,Reifen,09.csv,245,55,R,19,,,TURANZA 6 ENLITEN,,09,,,,,,
3286342056517,140009281,BRIDGESTONE,Reifen,09.csv,255,55,R,19,,,TURANZA 6 ENLITEN XL,,09,,,,,,
3286342056715,140009300,BRIDGESTONE,Reifen,09.csv,275,45,R,19,,,TURANZA 6 ENLITEN XLFSL,,09,,,,,,
3286342056913,140009224,BRIDGESTONE,Reifen,09.csv,235,45,R,20,,,TURANZA 6 ENLITEN XLFSL,,09,,,,,,
3286342057019,140009236,BRIDGESTONE,Reifen,09.csv,235,55,R,20,,,TURANZA 6 ENLITEN,,09,,,,,,
3286342057316,140009279,BRIDGESTONE,Reifen,09.csv,255,50,R,20,,,TURANZA 6 ENLITEN XL,,09,,,,,,
3286342057613,140009290,BRIDGESTONE,Reifen,09.csv,265,50,R,20,,,TURANZA 6 ENLITEN XL,,09,,,,,,
3286342057811,140009297,BRIDGESTONE,Reifen,09.csv,275,40,R,20,,,TURANZA 6 ENLITEN XLFSL,,09,,,,,,
3286342058511,140009271,BRIDGESTONE,Reifen,09.csv,255,40,R,21,,,TURANZA 6 ENLITEN XLFSL,,09,,,,,,
3286342058610,140009302,BRIDGESTONE,Reifen,09.csv,275,45,R,21,,,TURANZA 6 ENLITEN XLFSL,,09,,,,,,
3286342058719,140009298,BRIDGESTONE,Reifen,09.csv,275,40,R,21,,,TURANZA 6 ENLITEN XLFSL,,09,,,,,,
3286342058818,140009315,BRIDGESTONE,Reifen,09.csv,295,35,R,21,,,TURANZA 6 ENLITEN XLFSL,,09,,,,,,
3286342061511,150002524,FIRESTONE,Reifen,09.csv,215,65,R,16,,,ROADHAWK 2 ENLITEN,,09,,,,,,
3286342062211,150002413,FIRESTONE,Reifen,09.csv,215,60,R,17,,,ROADHAWK 2 ENLITEN,,09,,,,,,
3286342062419,150002426,FIRESTONE,Reifen,09.csv,225,60,R,17,,,ROADHAWK 2 ENLITEN,,09,,,,,,
3286342062617,150002437,FIRESTONE,Reifen,09.csv,235,55,R,17,,,ROADHAWK 2 ENLITEN XL,,09,,,,,,
3286342064215,150002427,FIRESTONE,Reifen,09.csv,225,60,R,18,,,ROADHAWK 2 ENLITEN,,09,,,,,,
3286342065014,150002461,FIRESTONE,Reifen,09.csv,255,55,R,18,,,ROADHAWK 2 ENLITEN XL,,09,,,,,,
3286342066417,150002462,FIRESTONE,Reifen,09.csv,255,55,R,19,,Z,ROADHAWK 2 ENLITEN XL,,09,,,,,,
3286342067018,150002460,FIRESTONE,Reifen,09.csv,255,50,R,20,,,ROADHAWK 2 ENLITEN XL,,09,,,,,,
3286342067315,150002465,FIRESTONE,Reifen,09.csv,265,50,R,20,,,ROADHAWK 2 ENLITEN,,09,,,,,,
3286342068510,140008712,BRIDGESTONE,Reifen,09.csv,235,55,R,19,,,POTENZA SPO. XL,,09,,,,,,
3286342069012,140008753,BRIDGESTONE,Reifen,09.csv,255,45,R,20,,Z,POTENZA SPO. XLFSL,,09,,,,,,
3286342069111,140008772,BRIDGESTONE,Reifen,09.csv,265,45,R,20,,,POTENZA SPO. XLFSL,,09,,,,,,
3286342077017,140008560,BRIDGESTONE,Reifen,09.csv,215,65,R,15C,,,DURAVIS ALL SEASON 3PMSF,,09,,,,,,
3286342078915,140008558,BRIDGESTONE,Reifen,09.csv,215,60,R,17C,107,,DURAVIS ALL SEASON 3PMSF,,09,,,,,,
3286342079110,140009656,BRIDGESTONE,Reifen,09.csv,195,70,R,15C,102,,DURAVIS ALL SEASON EVO ENLIT,,09,,,,,,
3286342079813,140009662,BRIDGESTONE,Reifen,09.csv,215,65,R,16C,107,,DURAVIS ALL SEASON EVO ENLIT,,09,,,,,,
3286342084015,150002282,FIRESTONE,Reifen,09.csv,195,70,R,15C,,,VANHAWK MULTISEASON 3PMSF,,09,,,,,,
3286342084114,150002290,FIRESTONE,Reifen,09.csv,215,70,R,15C,,,VANHAWK MULTISEASON 3PMSF,,09,,,,,,
3286342084213,150002287,FIRESTONE,Reifen,09.csv,215,65,R,15C,,,VANHAWK MULTISEASON 3PMSF,,09,,,,,,
3286342084718,150002281,FIRESTONE,Reifen,09.csv,195,65,R,16C,,,VANHAWK MULTISEASON 3PMSF,,09,,,,,,
3286342085012,150002284,FIRESTONE,Reifen,09.csv,205,65,R,16C,,,VANHAWK MULTISEASON 3PMSF,,09,,,,,,
3286342085111,150002286,FIRESTONE,Reifen,09.csv,215,60,R,16C,101,,VANHAWK MULTISEASON 3PMSF,,09,,,,,,
3286342085517,150002288,FIRESTONE,Reifen,09.csv,215,65,R,16C,,,VANHAWK MULTISEASON 3PMSF,,09,,,,,,
3286342085814,150002293,FIRESTONE,Reifen,09.csv,225,65,R,16C,,,VANHAWK MULTISEASON 3PMSF,,09,,,,,,
3286342088716,140009212,BRIDGESTONE,Reifen,09.csv,225,70,R,15C,110,,DURAVIS VAN ENLITEN,,09,,,,,,
3286342089416,140009170,BRIDGESTONE,Reifen,09.csv,205,65,R,16C,105,,DURAVIS VAN ENLITEN,,09,,,,,,
3286342089911,140009186,BRIDGESTONE,Reifen,09.csv,215,65,R,16C,104,,DURAVIS VAN ENLITEN,,09,,,,,,
3286342090214,140009210,BRIDGESTONE,Reifen,09.csv,225,65,R,16C,110,,DURAVIS VAN ENLITEN,,09,,,,,,
3286342090511,140009242,BRIDGESTONE,Reifen,09.csv,235,65,R,16C,113,,DURAVIS VAN ENLITEN,,09,,,,,,
3286342090719,140009346,BRIDGESTONE,Reifen,09.csv,215,60,R,17C,107,,DURAVIS VAN ENLITEN,,09,,,,,,
3286342091815,140009632,BRIDGESTONE,Reifen,09.csv,195,75,R,16C,105,,DURAVIS VAN WINTER ENLITEN 3,,09,,,,,,
3286342092218,140009507,BRIDGESTONE,Reifen,09.csv,205,65,R,16C,105,,DURAVIS VAN WINTER ENLITEN A,,09,,,,,,
3286342117911,140009691,BRIDGESTONE,Reifen,09.csv,205,55,R,16,,,BLIZZAK 6 ENLITEN XL 3PMSF,,09,,,,,,
3286342118314,140009689,BRIDGESTONE,Reifen,09.csv,205,55,R,16,,,BLIZZAK 6 ENLITEN XL,,09,,,,,,
3286342119717,140009695,BRIDGESTONE,Reifen,09.csv,215,50,R,17,,,BLIZZAK 6 ENLITEN XL 3PMSF,,09,,,,,,
3286342119816,140009698,BRIDGESTONE,Reifen,09.csv,215,55,R,17,,,BLIZZAK 6 ENLITEN XL 3PMSF,,09,,,,,,
3286342120010,140009708,BRIDGESTONE,Reifen,09.csv,225,45,R,17,,,BLIZZAK 6 XLFSL 3PMSF,,09,,,,,,
3286342120713,140009724,BRIDGESTONE,Reifen,09.csv,235,45,R,17,,,BLIZZAK 6 ENLITEN XLFSL 3PMS,,09,,,,,,
3286342121512,140009700,BRIDGESTONE,Reifen,09.csv,215,55,R,18,,,BLIZZAK 6 ENLITEN XL 3PMSF,,09,,,,,,
3286342121819,140009712,BRIDGESTONE,Reifen,09.csv,225,50,R,18,,,BLIZZAK 6 ENLITEN XL 3PMSF,,09,,,,,,
3286342122519,140009746,BRIDGESTONE,Reifen,09.csv,245,45,R,18,,,BLIZZAK 6 ENLITEN XLFSL 3PMS,,09,,,,,,
3286342122618,140009750,BRIDGESTONE,Reifen,09.csv,245,50,R,18,,,BLIZZAK 6 ENLITEN XL 3PMSF,,09,,,,,,
3286342122816,140009758,BRIDGESTONE,Reifen,09.csv,255,40,R,18,,,BLIZZAK 6 ENLITEN XLFSL 3PMS,,09,,,,,,
3286342123219,140009710,BRIDGESTONE,Reifen,09.csv,225,45,R,19,,,BLIZZAK 6 ENLITEN XLFSL 3PMS,,09,,,,,,
3286342123615,140009738,BRIDGESTONE,Reifen,09.csv,245,35,R,19,,,BLIZZAK 6 ENLITEN XLFSL 3PMS,,09,,,,,,
3286342123714,140009743,BRIDGESTONE,Reifen,09.csv,245,40,R,19,,,BLIZZAK 6 ENLITEN XLFSL 3PMS,,09,,,,,,
3286342123912,140009753,BRIDGESTONE,Reifen,09.csv,255,35,R,19,,,BLIZZAK 6 ENLITEN XLFSL 3PMS,,09,,,,,,
3286342124018,140009673,BRIDGESTONE,Reifen,09.csv,255,40,R,19,,,BLIZZAK 6 ENLITEN XLFSL 3PMS,,09,,,,,,
3286342124810,140009757,BRIDGESTONE,Reifen,09.csv,255,35,R,21,,,BLIZZAK 6 ENLITEN XLFSL 3PMS,,09,,,,,,
3286342128917,150002367,FIRESTONE,Reifen,09.csv,225,45,R,18,,,SPORT XLFSL,,09,,,,,,
3286342129211,150002372,FIRESTONE,Reifen,09.csv,235,40,R,18,,,SPORT XLFSL,,09,,,,,,
3286342129310,150002378,FIRESTONE,Reifen,09.csv,245,40,R,18,,,SPORT XLFSL,,09,,,,,,
3286342129419,150002381,FIRESTONE,Reifen,09.csv,245,45,R,18,,,SPORT XLFSL,,09,,,,,,
3286342129518,150002373,FIRESTONE,Reifen,09.csv,235,40,R,19,,,SPORT XLFSL,,09,,,,,,
3286342129617,150002382,FIRESTONE,Reifen,09.csv,245,45,R,19,,,SPORT XLFSL,,09,,,,,,
3286342129716,150002399,FIRESTONE,Reifen,09.csv,255,35,R,19,,,SPORT XLFSL,,09,,,,,,
3286342129815,150002387,FIRESTONE,Reifen,09.csv,255,35,R,20,,,SPORT XLFSL,,09,,,,,,
3286342130019,140009165,BRIDGESTONE,Reifen,09.csv,205,50,R,17,,,TURANZA 6 ENLITEN,,09,,,,,,
3286342130217,140009166,BRIDGESTONE,Reifen,09.csv,205,50,R,17,,,TURANZA 6 ENLITEN XL,,09,,,,,,
3286342130316,140009179,BRIDGESTONE,Reifen,09.csv,215,55,R,17,,,TURANZA 6 ENLITEN XL,,09,,,,,,
3286342130514,140009177,BRIDGESTONE,Reifen,09.csv,215,50,R,17,,,TURANZA 6 ENLITEN XL,,09,,,,,,
3286342130811,140009176,BRIDGESTONE,Reifen,09.csv,215,45,R,17,,,TURANZA 6 ENLITEN XLFSL,,09,,,,,,
3286342130910,140009175,BRIDGESTONE,Reifen,09.csv,215,45,R,17,,,TURANZA 6 ENLITEN FSL,,09,,,,,,
3286342131016,140009196,BRIDGESTONE,Reifen,09.csv,225,45,R,17,,,TURANZA 6 ENLITEN XLFSL,,09,,,,,,
3286342131313,140009195,BRIDGESTONE,Reifen,09.csv,225,45,R,17,,,TURANZA 6 ENLITEN FSL,,09,,,,,,
3286342131412,140009203,BRIDGESTONE,Reifen,09.csv,225,55,R,17,,,TURANZA 6 ENLITEN XL,,09,,,,,,
3286342147017,150002492,FIRESTONE,Reifen,09.csv,195,50,R,16,,,ROADHAWK 2 ENLITEN XL,,09,,,,,,
3286342147215,150002493,FIRESTONE,Reifen,09.csv,195,55,R,16,,,ROADHAWK 2 ENLITEN,,09,,,,,,
3286342147314,150002499,FIRESTONE,Reifen,09.csv,205,55,R,16,,,ROADHAWK 2 ENLITEN,,09,,,,,,
3286342147413,150002500,FIRESTONE,Reifen,09.csv,205,55,R,16,,,ROADHAWK 2 ENLITEN XL,,09,,,,,,
3286342147512,150002486,FIRESTONE,Reifen,09.csv,205,55,R,16,,,ROADHAWK 2 ENLITEN,,09,,,,,,
3286342148014,150002501,FIRESTONE,Reifen,09.csv,205,55,R,16,,,ROADHAWK 2 ENLITEN,,09,,,,,,
3286342149615,150002403,FIRESTONE,Reifen,09.csv,205,40,R,17,,,ROADHAWK 2 ENLITEN XLFSL,,09,,,,,,
3286342149813,150002531,FIRESTONE,Reifen,09.csv,215,50,R,17,,,ROADHAWK 2 XL,,09,,,,,,
3286342149912,150002412,FIRESTONE,Reifen,09.csv,215,55,R,17,,,ROADHAWK 2 ENLITEN,,09,,,,,,
3286342150017,150002410,FIRESTONE,Reifen,09.csv,215,45,R,17,,,ROADHAWK 2 ENLITEN XLFSL,,09,,,,,,
3286342150116,150002408,FIRESTONE,Reifen,09.csv,215,40,R,17,,,ROADHAWK 2 ENLITEN XLFSL,,09,,,,,,
3286342150314,150002418,FIRESTONE,Reifen,09.csv,225,45,R,17,,,ROADHAWK 2 ENLITEN FSL,,09,,,,,,
3286342150512,150002421,FIRESTONE,Reifen,09.csv,225,50,R,17,,,ROADHAWK 2 ENLITEN XL,,09,,,,,,
3286342150611,150002423,FIRESTONE,Reifen,09.csv,225,55,R,17,,,ROADHAWK 2 ENLITEN XL,,09,,,,,,
3286342150710,150002474,FIRESTONE,Reifen,09.csv,225,45,R,17,,,ROADHAWK 2 ENLITEN XL FSL,,09,,,,,,
3286342151113,150002430,FIRESTONE,Reifen,09.csv,235,45,R,17,,,ROADHAWK 2 ENLITEN XLFSL,,09,,,,,,
3286342151410,150002447,FIRESTONE,Reifen,09.csv,245,45,R,17,,,ROADHAWK 2 ENLITEN XLFSL,,09,,,,,,
3286342151519,150002444,FIRESTONE,Reifen,09.csv,245,40,R,17,,,ROADHAWK 2 ENLITEN XLFSL,,09,,,,,,
3286342151618,150002424,FIRESTONE,Reifen,09.csv,225,55,R,18,,,ROADHAWK 2 ENLITEN,,09,,,,,,
3286342152110,140008694,BRIDGESTONE,Reifen,09.csv,225,45,R,19,,,POTENZA SPO. XLFSL,,09,,,,,,
3286342152318,140008704,BRIDGESTONE,Reifen,09.csv,235,40,R,19,,Z,POTENZA SPO. XLFSL,,09,,,,,,
3286342152714,140008728,BRIDGESTONE,Reifen,09.csv,245,40,R,19,,Z,POTENZA SPO. XLFSL,,09,,,,,,
3286342152813,140008739,BRIDGESTONE,Reifen,09.csv,255,30,R,19,,Z,POTENZA SPO. XLFSL,,09,,,,,,
3286342152912,140008743,BRIDGESTONE,Reifen,09.csv,255,35,R,19,,Z,POTENZA SPO. XLFSL,,09,,,,,,
3286342153216,140008760,BRIDGESTONE,Reifen,09.csv,265,30,R,19,,,POTENZA SPO. XLFSL,,09,,,,,,
3286342153315,140008763,BRIDGESTONE,Reifen,09.csv,265,35,R,19,,Z,POTENZA SPO. XLFSL,,09,,,,,,
3286342153919,140008791,BRIDGESTONE,Reifen,09.csv,285,30,R,19,,Z,POTENZA SPO. XLFSL,,09,,,,,,
3286342154411,140008804,BRIDGESTONE,Reifen,09.csv,295,30,R,19,,Z,POTENZA SPO. XLFSL,,09,,,,,,
3286342154718,140008702,BRIDGESTONE,Reifen,09.csv,235,35,R,20,,,POTENZA SPO. XLFSL,,09,,,,,,
3286342155012,140008722,BRIDGESTONE,Reifen,09.csv,245,35,R,20,,Z,POTENZA SPO. XLFSL,,09,,,,,,
3286342155210,140008729,BRIDGESTONE,Reifen,09.csv,245,40,R,20,,Z,POTENZA SPO. XLFSL,,09,,,,,,
3286342155517,140008744,BRIDGESTONE,Reifen,09.csv,255,35,R,20,,Z,POTENZA SPO. XLFSL,,09,,,,,,
3286342155715,140008768,BRIDGESTONE,Reifen,09.csv,265,40,R,20,,,POTENZA SPO. XLFSL,,09,,,,,,
3286342155814,140008764,BRIDGESTONE,Reifen,09.csv,265,35,R,20,,Z,POTENZA SPO. XLFSL,,09,,,,,,
3286342156019,140008782,BRIDGESTONE,Reifen,09.csv,275,35,R,20,,Z,POTENZA SPO. XLFSL,,09,,,,,,
3286342156118,140008777,BRIDGESTONE,Reifen,09.csv,275,30,R,20,,Z,POTENZA SPO. XLFSL,,09,,,,,,
3286342156910,140008810,BRIDGESTONE,Reifen,09.csv,305,30,R,20,,Z,POTENZA SPO. XLFSL,,09,,,,,,
3286342157412,140008783,BRIDGESTONE,Reifen,09.csv,275,35,R,21,,,POTENZA SPO. XLFSL,,09,,,,,,
3286342157511,140008798,BRIDGESTONE,Reifen,09.csv,285,35,R,21,,,POTENZA SPO. XLFSL,,09,,,,,,
3286342175010,140008483,BRIDGESTONE,Reifen,09.csv,275,35,R,21,,,BLIZZAK LM-005 XLFSL 3PMSF,,09,,,,,,
3286342176512,140008839,BRIDGESTONE,Reifen,09.csv,215,50,R,17,,,A005 WEATHER CONTROL XL 3PMS,,09,,,,,,
3286342198514,140008708,BRIDGESTONE,Reifen,09.csv,235,45,R,19,,,TURANZA T005 XLARFSL,,09,,,,,,
3286342198613,140008841,BRIDGESTONE,Reifen,09.csv,235,40,R,20,,,TURANZA T005 XLARFSL,,09,,,,,,
3286342199313,140009000,BRIDGESTONE,Reifen,09.csv,245,35,R,20,,Z,POTENZA SPO. B-SILENT,,09,,,,,,
3286342227412,140009487,BRIDGESTONE,Reifen,09.csv,195,45,R,16,,,TURANZA 6 ENLITEN XL,,09,,,,,,
3286342227511,140009488,BRIDGESTONE,Reifen,09.csv,195,50,R,16,,,TURANZA 6 ENLITEN XL,,09,,,,,,
3286342227610,140009490,BRIDGESTONE,Reifen,09.csv,195,55,R,16,,,TURANZA 6 ENLITEN,,09,,,,,,
3286342227818,140009605,BRIDGESTONE,Reifen,09.csv,195,55,R,16,,,TURANZA 6 ENLITEN XL,,09,,,,,,
3286342227917,140009505,BRIDGESTONE,Reifen,09.csv,205,60,R,16,,,TURANZA 6 ENLITEN XL,,09,,,,,,
3286342228013,140009493,BRIDGESTONE,Reifen,09.csv,205,45,R,16,,,TURANZA 6 ENLITEN XL,,09,,,,,,
3286342228310,140009499,BRIDGESTONE,Reifen,09.csv,205,55,R,16,,,TURANZA 6 ENLITEN,,09,,,,,,
3286342228518,140009495,BRIDGESTONE,Reifen,09.csv,205,50,R,16,,,TURANZA 6 ENLITEN,,09,,,,,,
3286342228617,140009502,BRIDGESTONE,Reifen,09.csv,205,55,R,16,,,TURANZA 6 ENLITEN,,09,,,,,,
3286342229812,140009500,BRIDGESTONE,Reifen,09.csv,205,55,R,16,,,TURANZA 6 ENLITEN XL,,09,,,,,,
3286342229911,140009607,BRIDGESTONE,Reifen,09.csv,205,60,R,16,,,TURANZA 6 ENLITEN,,09,,,,,,
3286342230115,140009498,BRIDGESTONE,Reifen,09.csv,205,55,R,16,,,TURANZA 6 ENLITEN,,09,,,,,,
3286342230610,140009511,BRIDGESTONE,Reifen,09.csv,215,45,R,16,,,TURANZA 6 ENLITEN XL,,09,,,,,,
3286342231518,140009518,BRIDGESTONE,Reifen,09.csv,215,55,R,16,,,TURANZA 6 ENLITEN XL,,09,,,,,,
3286342232515,140009516,BRIDGESTONE,Reifen,09.csv,215,55,R,16,,,TURANZA 6 ENLITEN,,09,,,,,,
3286342234519,140009543,BRIDGESTONE,Reifen,09.csv,225,55,R,16,,,TURANZA 6 ENLITEN,,09,,,,,,
3286342234915,140009612,BRIDGESTONE,Reifen,09.csv,225,55,R,16,,,TURANZA 6 ENLITEN XL,,09,,,,,,
3286342235110,140009167,BRIDGESTONE,Reifen,09.csv,205,55,R,17,,,TURANZA 6 ENLITEN XL,,09,,,,,,
3286342235318,140009230,BRIDGESTONE,Reifen,09.csv,235,55,R,17,,,TURANZA 6 ENLITEN,,09,,,,,,
3286342235417,140009219,BRIDGESTONE,Reifen,09.csv,235,45,R,17,,,TURANZA 6 ENLITEN XLFSL,,09,,,,,,
3286342237510,140009198,BRIDGESTONE,Reifen,09.csv,225,45,R,18,,,TURANZA 6 ENLITEN XLFSL,,09,,,,,,
3286342237619,140009201,BRIDGESTONE,Reifen,09.csv,225,50,R,18,,,TURANZA 6 ENLITEN XL,,09,,,,,,
3286342237718,140009193,BRIDGESTONE,Reifen,09.csv,225,40,R,18,,,TURANZA 6 ENLITEN XLFSL,,09,,,,,,
3286342237817,140009226,BRIDGESTONE,Reifen,09.csv,235,50,R,18,,,TURANZA 6 ENLITEN,,09,,,,,,
3286342238111,140009249,BRIDGESTONE,Reifen,09.csv,245,40,R,18,,,TURANZA 6 ENLITEN XLFSL,,09,,,,,,
3286342238319,140009258,BRIDGESTONE,Reifen,09.csv,245,50,R,18,,,TURANZA 6 ENLITEN,,09,,,,,,
3286342238517,140009262,BRIDGESTONE,Reifen,09.csv,255,35,R,18,,,TURANZA 6 ENLITEN XLFSL,,09,,,,,,
3286342238814,140009285,BRIDGESTONE,Reifen,09.csv,265,35,R,18,,,TURANZA 6 ENLITEN XLFSL,,09,,,,,,
3286342238913,140009191,BRIDGESTONE,Reifen,09.csv,225,35,R,19,,,TURANZA 6 ENLITEN XLFSL,,09,,,,,,
3286342239019,140009199,BRIDGESTONE,Reifen,09.csv,225,45,R,19,,,TURANZA 6 ENLITEN XLFSL,,09,,,,,,
3286342239118,140009214,BRIDGESTONE,Reifen,09.csv,235,35,R,19,,,TURANZA 6 ENLITEN XLFSL,,09,,,,,,
3286342239217,140009216,BRIDGESTONE,Reifen,09.csv,235,40,R,19,,,TURANZA 6 ENLITEN XLFSL,,09,,,,,,
3286342239316,140009250,BRIDGESTONE,Reifen,09.csv,245,40,R,19,,,TURANZA 6 ENLITEN XLFSL,,09,,,,,,
3286342239514,140009254,BRIDGESTONE,Reifen,09.csv,245,45,R,19,,,TURANZA 6 ENLITEN XLFSL,,09,,,,,,
3286342239811,140009267,BRIDGESTONE,Reifen,09.csv,255,40,R,19,,,TURANZA 6 ENLITEN XLFSL,,09,,,,,,
3286342239910,140009296,BRIDGESTONE,Reifen,09.csv,275,40,R,19,,,TURANZA 6 ENLITEN XLFSL,,09,,,,,,
3286342244013,150002431,FIRESTONE,Reifen,09.csv,235,45,R,18,,,ROADHAWK 2 ENLITEN XLFSL,,09,,,,,,
3286342244112,150002435,FIRESTONE,Reifen,09.csv,235,50,R,18,,,ROADHAWK 2 ENLITEN XL,,09,,,,,,
3286342244211,150002484,FIRESTONE,Reifen,09.csv,235,40,R,18,,,ROADHAWK 2 ENLITEN XLFSL,,09,,,,,,
3286342244419,150002448,FIRESTONE,Reifen,09.csv,245,45,R,18,,,ROADHAWK 2 ENLITEN XLFSL,,09,,,,,,
3286342244914,150002456,FIRESTONE,Reifen,09.csv,255,45,R,18,,,ROADHAWK 2 ENLITEN XLFSL,,09,,,,,,
3286342245119,150002446,FIRESTONE,Reifen,09.csv,245,40,R,19,,,ROADHAWK 2 ENLITEN XLFSL,,09,,,,,,
3286342245416,150002454,FIRESTONE,Reifen,09.csv,255,40,R,19,,,ROADHAWK 2 ENLITEN XLFSL,,09,,,,,,
3286342247519,140008691,BRIDGESTONE,Reifen,09.csv,225,45,R,17,,,POTENZA SPO. XLFSL,,09,,,,,,
3286342248516,140008674,BRIDGESTONE,Reifen,09.csv,215,45,R,18,,,POTENZA SPO. XLFSL,,09,,,,,,
3286342248714,140008698,BRIDGESTONE,Reifen,09.csv,225,50,R,18,,,POTENZA SPO. XL,,09,,,,,,
3286342248813,140008692,BRIDGESTONE,Reifen,09.csv,225,45,R,18,,,POTENZA SPO. XLFSL,,09,,,,,,
3286342248912,140008681,BRIDGESTONE,Reifen,09.csv,225,35,R,18,,,POTENZA SPO. XLFSL,,09,,,,,,
3286342249216,140008707,BRIDGESTONE,Reifen,09.csv,235,45,R,18,,,POTENZA SPO. XLFSL,,09,,,,,,
3286342249315,140008703,BRIDGESTONE,Reifen,09.csv,235,40,R,18,,Z,POTENZA SPO. XLFSL,,09,,,,,,
3286342249612,140008735,BRIDGESTONE,Reifen,09.csv,245,50,R,18,,,POTENZA SPO. XL,,09,,,,,,
3286342249711,140008717,BRIDGESTONE,Reifen,09.csv,245,35,R,18,,,POTENZA SPO. XLFSL,,09,,,,,,
3286342249810,140008741,BRIDGESTONE,Reifen,09.csv,255,35,R,18,,Z,POTENZA SPO. XLFSL,,09,,,,,,
3286342250014,140008745,BRIDGESTONE,Reifen,09.csv,255,40,R,18,,Z,POTENZA SPO. XLFSL,,09,,,,,,
3286342250212,140008762,BRIDGESTONE,Reifen,09.csv,265,35,R,18,,,POTENZA SPO. XLFSL,,09,,,,,,
3286342250717,140008784,BRIDGESTONE,Reifen,09.csv,275,40,R,18,,Z,POTENZA SPO. XLFSL,,09,,,,,,
3286342250915,140008794,BRIDGESTONE,Reifen,09.csv,285,35,R,18,,Z,POTENZA SPO. XLFSL,,09,,,,,,
3286342251110,140008689,BRIDGESTONE,Reifen,09.csv,225,40,R,19,,,POTENZA SPO. XLFSL,,09,,,,,,
3286342267111,140008723,BRIDGESTONE,Reifen,09.csv,245,35,R,20,,Z,POTENZA SPO. XLMGTFSL,,09,,,,,,
3286342267418,140009007,BRIDGESTONE,Reifen,09.csv,255,40,R,21,,,POTENZA SPO. XLMGTFSL,,09,,,,,,
3286342276717,140009309,BRIDGESTONE,Reifen,09.csv,285,40,R,20,,,TURANZA 6 XL*FSL,,09,,,,,,
3286342277110,140009308,BRIDGESTONE,Reifen,09.csv,285,35,R,21,,,TURANZA 6 XL*FSL,,09,,,,,,
3286342277318,140009307,BRIDGESTONE,Reifen,09.csv,HL285,30,R,22,,,TURANZA 6 XL*FSL,,09,,,,,,
3286342278711,140009601,BRIDGESTONE,Reifen,09.csv,275,40,R,19,,,TURANZA 6 XL* MOFSL,,09,,,,,,
3286342279312,140009146,BRIDGESTONE,Reifen,09.csv,275,35,R,20,,,TURANZA 6 XLMO *FSL,,09,,,,,,
3286342283012,140008677,BRIDGESTONE,Reifen,09.csv,215,60,R,17,,,TURANZA T005,,09,,,,,,
3286342295312,140009660,BRIDGESTONE,Reifen,09.csv,215,65,R,15C,102,,DURAVIS ALL SEASON EVO ENLIT,,09,,,,,,
3286342295411,140009663,BRIDGESTONE,Reifen,09.csv,215,70,R,15C,107,,DURAVIS ALL SEASON EVO ENLIT,,09,,,,,,
3286342296319,140009664,BRIDGESTONE,Reifen,09.csv,225,55,R,17C,107,,DURAVIS ALL SEASON EVO ENLIT,,09,,,,,,
3286342311418,140008759,BRIDGESTONE,Reifen,09.csv,265,30,R,19,,Z,POTENZA SPO. RO1 XLFSL,,09,,,,,,
3286342311616,140008719,BRIDGESTONE,Reifen,09.csv,245,35,R,19,,Z,POTENZA SPO. RO1 XLFSL,,09,,,,,,
3286342311715,140008778,BRIDGESTONE,Reifen,09.csv,275,30,R,20,,,POTENZA SPO. XL*FSL,,09,,,,,,
3286342312316,140008678,BRIDGESTONE,Reifen,09.csv,215,65,R,16,,,TURANZA T005,,09,,,,,,
3286342331317,140009040,BRIDGESTONE,Reifen,09.csv,215,45,R,17,,,TURANZA ECO XLFSL,,09,,,,,,
3286342344010,140008955,BRIDGESTONE,Reifen,09.csv,255,40,R,20,,,TURANZA T 005 B-SILENT XLMOF,,09,,,,,,
3286342345918,140008936,BRIDGESTONE,Reifen,09.csv,235,50,R,20,,,BLIZZAK LM-005 SLT ID XL(+),,09,,,,,,
3286342354811,140008341,BRIDGESTONE,Reifen,09.csv,275,40,R,20,,,ALENZA 001 XLFSL,,09,,,,,,
3286342354910,140008336,BRIDGESTONE,Reifen,09.csv,245,45,R,20,,,ALENZA 001 XLFSL,,09,,,,,,
3286342384610,140009723,BRIDGESTONE,Reifen,09.csv,235,40,R,20,,,BLIZZAK 6 ENLITEN XLFSL 3PMS,,09,,,,,,
3286342386416,150002513,FIRESTONE,Reifen,09.csv,215,70,R,15C,107,,VANHAWK 3 ENLITEN,,09,,,,,,
3286342387116,150002504,FIRESTONE,Reifen,09.csv,205,65,R,16C,105,,VANHAWK 3 ENLITEN,,09,,,,,,
3286342388311,140009809,BRIDGESTONE,Reifen,09.csv,205,60,R,16,,,TURANZA ALL SEASON 6 DRIVEGU,,09,,,,,,
3286342388519,140009533,BRIDGESTONE,Reifen,09.csv,225,45,R,17,,,TURANZA ALL SEASON 6 DRIVEGU,,09,,,,,,
3286342388618,140009540,BRIDGESTONE,Reifen,09.csv,225,50,R,17,,,TURANZA ALL SEASON 6 DRIVEGU,,09,,,,,,
3286342389714,140009431,BRIDGESTONE,Reifen,09.csv,185,55,R,16,,,TURANZA ALL SEASON 6 ENLITEN,,09,,,,,,
3286342389813,140009486,BRIDGESTONE,Reifen,09.csv,195,45,R,16,,,TURANZA ALL SEASON 6 ENLITEN,,09,,,,,,
3286342389912,140009432,BRIDGESTONE,Reifen,09.csv,195,55,R,16,,,TURANZA ALL SEASON 6 ENLITEN,,09,,,,,,
3286342390017,140009433,BRIDGESTONE,Reifen,09.csv,195,60,R,16,,,TURANZA ALL SEASON 6 ENLITEN,,09,,,,,,
3286342390116,140009436,BRIDGESTONE,Reifen,09.csv,205,55,R,16,,,TURANZA ALL SEASON 6 ENLITEN,,09,,,,,,
3286342390215,140009437,BRIDGESTONE,Reifen,09.csv,205,55,R,16,,,TURANZA ALL SEASON 6 ENLITEN,,09,,,,,,
3286342390314,140009439,BRIDGESTONE,Reifen,09.csv,205,60,R,16,,,TURANZA ALL SEASON 6 ENLITEN,,09,,,,,,
3286342390413,140009512,BRIDGESTONE,Reifen,09.csv,215,45,R,16,,,TURANZA ALL SEASON 6 ENLITEN,,09,,,,,,
3286342390512,140009517,BRIDGESTONE,Reifen,09.csv,215,55,R,16,,,TURANZA ALL SEASON 6 ENLITEN,,09,,,,,,
3286342390611,140009344,BRIDGESTONE,Reifen,09.csv,215,60,R,16,,,TURANZA ALL SEASON 6 ENLITEN,,09,,,,,,
3286342390710,140009526,BRIDGESTONE,Reifen,09.csv,215,65,R,16,,,TURANZA ALL SEASON 6 ENLITEN,,09,,,,,,
3286342390918,140009542,BRIDGESTONE,Reifen,09.csv,225,55,R,16,,,TURANZA ALL SEASON 6 ENLITEN,,09,,,,,,
3286342391014,140009549,BRIDGESTONE,Reifen,09.csv,225,60,R,16,,,TURANZA ALL SEASON 6 ENLITEN,,09,,,,,,
3286342391113,140009569,BRIDGESTONE,Reifen,09.csv,235,60,R,16,,,TURANZA ALL SEASON 6 ENLITEN,,09,,,,,,
3286342391212,140009434,BRIDGESTONE,Reifen,09.csv,205,40,R,17,,,TURANZA ALL SEASON 6 XLFSL 3,,09,,,,,,
3286342391311,140009435,BRIDGESTONE,Reifen,09.csv,205,45,R,17,,,TURANZA ALL SEASON 6 ENLITEN,,09,,,,,,
3286342391410,140009496,BRIDGESTONE,Reifen,09.csv,205,50,R,17,,,TURANZA ALL SEASON 6 ENLITEN,,09,,,,,,
3286342391519,140009497,BRIDGESTONE,Reifen,09.csv,205,50,R,17,,,TURANZA ALL SEASON 6 ENLITEN,,09,,,,,,
3286342391618,140009438,BRIDGESTONE,Reifen,09.csv,205,55,R,17,,,TURANZA ALL SEASON 6 ENLITEN,,09,,,,,,
3286342391816,140009513,BRIDGESTONE,Reifen,09.csv,215,45,R,17,,,TURANZA ALL SEASON 6 XLFSL 3,,09,,,,,,
3286342391915,140009515,BRIDGESTONE,Reifen,09.csv,215,50,R,17,,,TURANZA ALL SEASON 6 ENLITEN,,09,,,,,,
3286342392011,140009443,BRIDGESTONE,Reifen,09.csv,215,55,R,17,,,TURANZA ALL SEASON 6 ENLITEN,,09,,,,,,
3286342392110,140009445,BRIDGESTONE,Reifen,09.csv,215,60,R,17,,,TURANZA ALL SEASON 6 XLFSL 3,,09,,,,,,
3286342392219,140009446,BRIDGESTONE,Reifen,09.csv,215,65,R,17,,,TURANZA ALL SEASON 6 ENLITEN,,09,,,,,,
3286342392318,140009449,BRIDGESTONE,Reifen,09.csv,225,45,R,17,,,TURANZA ALL SEASON 6 ENLITEN,,09,,,,,,
3286342392417,140009451,BRIDGESTONE,Reifen,09.csv,225,45,R,17,,,TURANZA ALL SEASON 6 ENLITEN,,09,,,,,,
3286342392516,140009453,BRIDGESTONE,Reifen,09.csv,225,50,R,17,,,TURANZA ALL SEASON 6 ENLITEN,,09,,,,,,
3286342392615,140009545,BRIDGESTONE,Reifen,09.csv,225,55,R,17,,,TURANZA ALL SEASON 6 ENLITEN,,09,,,,,,
3286342392714,140009551,BRIDGESTONE,Reifen,09.csv,225,60,R,17,,,TURANZA ALL SEASON 6 ENLITEN,,09,,,,,,
3286342392813,140009553,BRIDGESTONE,Reifen,09.csv,225,65,R,17,,,TURANZA ALL SEASON 6 ENLITEN,,09,,,,,,
3286342392912,140009558,BRIDGESTONE,Reifen,09.csv,235,45,R,17,,,TURANZA ALL SEASON 6 XLFSL 3,,09,,,,,,
3286342393018,140009461,BRIDGESTONE,Reifen,09.csv,235,55,R,17,,,TURANZA ALL SEASON 6 ENLITEN,,09,,,,,,
3286342393117,140009467,BRIDGESTONE,Reifen,09.csv,235,65,R,17,,,TURANZA ALL SEASON 6 ENLITEN,,09,,,,,,
3286342393216,140009578,BRIDGESTONE,Reifen,09.csv,245,45,R,17,,,TURANZA ALL SEASON 6 ENLITEN,,09,,,,,,
3286342393315,140009442,BRIDGESTONE,Reifen,09.csv,215,50,R,18,,,TURANZA ALL SEASON 6 ENLITEN,,09,,,,,,
3286342393414,140009444,BRIDGESTONE,Reifen,09.csv,215,55,R,18,,,TURANZA ALL SEASON 6 ENLITEN,,09,,,,,,
3286342393612,140009536,BRIDGESTONE,Reifen,09.csv,225,45,R,18,,,TURANZA ALL SEASON 6 ENLITEN,,09,,,,,,
3286342393711,140009454,BRIDGESTONE,Reifen,09.csv,225,50,R,18,,,TURANZA ALL SEASON 6 ENLITEN,,09,,,,,,
3286342393810,140009547,BRIDGESTONE,Reifen,09.csv,225,55,R,18,,,TURANZA ALL SEASON 6 ENLITEN,,09,,,,,,
3286342393919,140009457,BRIDGESTONE,Reifen,09.csv,225,60,R,18,,,TURANZA ALL SEASON 6 ENLITEN,,09,,,,,,
3286342394015,140009459,BRIDGESTONE,Reifen,09.csv,235,40,R,18,,,TURANZA ALL SEASON 6 XLFSL 3,,09,,,,,,
3286342394114,140009560,BRIDGESTONE,Reifen,09.csv,235,45,R,18,,,TURANZA ALL SEASON 6 ENLITEN,,09,,,,,,
3286342394213,140009565,BRIDGESTONE,Reifen,09.csv,235,50,R,18,,,TURANZA ALL SEASON 6 XL 3PMS,,09,,,,,,
3286342394312,140009462,BRIDGESTONE,Reifen,09.csv,235,55,R,18,,,TURANZA ALL SEASON 6 ENLITEN,,09,,,,,,
3286342394619,140009575,BRIDGESTONE,Reifen,09.csv,245,40,R,18,,,TURANZA ALL SEASON 6 XLFSL 3,,09,,,,,,
3286342394718,140009483,BRIDGESTONE,Reifen,09.csv,245,45,R,18,,,TURANZA ALL SEASON 6 ENLITEN,,09,,,,,,
3286342394817,140009580,BRIDGESTONE,Reifen,09.csv,245,50,R,18,,,TURANZA ALL SEASON 6 ENLITEN,,09,,,,,,
3286342394916,140009582,BRIDGESTONE,Reifen,09.csv,255,35,R,18,,,TURANZA ALL SEASON 6 ENLITEN,,09,,,,,,
3286342395012,140009586,BRIDGESTONE,Reifen,09.csv,255,45,R,18,,,TURANZA ALL SEASON 6 ENLITEN,,09,,,,,,
3286342395111,140009592,BRIDGESTONE,Reifen,09.csv,255,55,R,18,,,TURANZA ALL SEASON 6 ENLITEN,,09,,,,,,
3286342395210,140009593,BRIDGESTONE,Reifen,09.csv,255,60,R,18,,,TURANZA ALL SEASON 6 ENLITEN,,09,,,,,,
3286342395319,140009532,BRIDGESTONE,Reifen,09.csv,225,40,R,19,,,TURANZA ALL SEASON 6 ENLITEN,,09,,,,,,
3286342395418,140009538,BRIDGESTONE,Reifen,09.csv,225,45,R,19,,,TURANZA ALL SEASON 6 ENLITEN,,09,,,,,,
3286342395517,140009456,BRIDGESTONE,Reifen,09.csv,225,55,R,19,,,TURANZA ALL SEASON 6 ENLITEN,,09,,,,,,
3286342395616,140009555,BRIDGESTONE,Reifen,09.csv,235,35,R,19,,,TURANZA ALL SEASON 6 XLFSL 3,,09,,,,,,
3286342395715,140009557,BRIDGESTONE,Reifen,09.csv,235,40,R,19,,,TURANZA ALL SEASON 6 ENLITEN,,09,,,,,,
3286342395814,140009562,BRIDGESTONE,Reifen,09.csv,235,45,R,19,,,TURANZA ALL SEASON 6 ENLITEN,,09,,,,,,
3286342395913,140009566,BRIDGESTONE,Reifen,09.csv,235,50,R,19,,,TURANZA ALL SEASON 6 ENLITEN,,09,,,,,,
3286342396019,140009464,BRIDGESTONE,Reifen,09.csv,235,55,R,19,,,TURANZA ALL SEASON 6 XLFSL 3,,09,,,,,,
3286342396118,140009577,BRIDGESTONE,Reifen,09.csv,245,40,R,19,,,TURANZA ALL SEASON 6 XLFSL 3,,09,,,,,,
3286342396217,140009468,BRIDGESTONE,Reifen,09.csv,245,45,R,19,,,TURANZA ALL SEASON 6 ENLITEN,,09,,,,,,
3286342396316,140009584,BRIDGESTONE,Reifen,09.csv,255,35,R,19,,,TURANZA ALL SEASON 6 ENLITEN,,09,,,,,,
3286342396415,140009585,BRIDGESTONE,Reifen,09.csv,255,40,R,19,,,TURANZA ALL SEASON 6 ENLITEN,,09,,,,,,
3286342396514,140009591,BRIDGESTONE,Reifen,09.csv,255,50,R,19,,,TURANZA ALL SEASON 6 ENLITEN,,09,,,,,,
3286342396613,140009470,BRIDGESTONE,Reifen,09.csv,255,55,R,19,,,TURANZA ALL SEASON 6 ENLITEN,,09,,,,,,
3286342396712,140009602,BRIDGESTONE,Reifen,09.csv,275,40,R,19,,,TURANZA ALL SEASON 6 ENLITEN,,09,,,,,,
3286342396811,140009491,BRIDGESTONE,Reifen,09.csv,195,55,R,20,,,TURANZA ALL SEASON 6 XL 3PMS,,09,,,,,,
3286342396910,140009579,BRIDGESTONE,Reifen,09.csv,245,45,R,20,,,TURANZA ALL SEASON 6 ENLITEN,,09,,,,,,
3286342397016,140009590,BRIDGESTONE,Reifen,09.csv,255,45,R,20,,,TURANZA ALL SEASON 6 ENLITEN,,09,,,,,,
3286342397115,140009471,BRIDGESTONE,Reifen,09.csv,275,45,R,20,,,TURANZA ALL SEASON 6 ENLITEN,,09,,,,,,
3286342397214,140009472,BRIDGESTONE,Reifen,09.csv,275,45,R,21,,,TURANZA ALL SEASON 6 ENLITEN,,09,,,,,,
3286342403212,150002386,FIRESTONE,Reifen,09.csv,255,35,R,18,,,SPORT XLFSL,,09,,,,,,
3286342404011,150002370,FIRESTONE,Reifen,09.csv,235,35,R,19,,,SPORT XLFSL,,09,,,,,,
3286342404219,150002376,FIRESTONE,Reifen,09.csv,245,35,R,19,,,SPORT XLFSL,,09,,,,,,
3286342405216,150002389,FIRESTONE,Reifen,09.csv,255,40,R,19,,,SPORT XLFSL,,09,,,,,,
3286342433615,140008905,BRIDGESTONE,Reifen,09.csv,235,50,R,20,,,BLIZZAK LM-005 SLT (+) AO 3P,,09,,,,,,
3286342551517,140008680,BRIDGESTONE,Reifen,09.csv,215,70,R,16,,,BLIZZAK LM-005 3PMSF,,09,,,,,,
3286342551715,140008971,BRIDGESTONE,Reifen,09.csv,245,45,R,18,,,TURANZA T 005 RFTXL*,,09,,,,,,
3286342555713,140008748,BRIDGESTONE,Reifen,09.csv,255,40,R,20,,,POTENZA SPO. XLAO,,09,,,,,,
3286342570013,140008687,BRIDGESTONE,Reifen,09.csv,225,40,R,18,,,TURANZA T 005 XL*,,09,,,,,,
3286342574813,140008890,BRIDGESTONE,Reifen,09.csv,245,40,R,19,,,TURANZA T 005 FSL,,09,,,,,,
3286342578019,140009637,BRIDGESTONE,Reifen,09.csv,215,65,R,15C,102,,DURAVIS VAN WINTER ENLITEN 3,,09,,,,,,
3286342578118,140009631,BRIDGESTONE,Reifen,09.csv,195,75,R,16C,,,DURAVIS VAN WINTER 3PMSF (10,,09,,,,,,
3286342578712,150002404,FIRESTONE,Reifen,09.csv,205,40,R,18,,,ROADHAWK 2 ENLITEN XLFSL,,09,,,,,,
3286342579016,150002480,FIRESTONE,Reifen,09.csv,255,45,R,19,,,ROADHAWK 2 ENLITEN XLFSL,,09,,,,,,
3286342584317,140008866,BRIDGESTONE,Reifen,09.csv,225,45,R,17,,,TURANZA T005 XL*FSL,,09,,,,,,
3286342601915,140009168,BRIDGESTONE,Reifen,09.csv,205,55,R,19,,,TURANZA 6 ENLITEN XL,,09,,,,,,
3286342602219,140009194,BRIDGESTONE,Reifen,09.csv,225,40,R,19,,,TURANZA 6 ENLITEN XLFSL,,09,,,,,,
3286342604015,140009256,BRIDGESTONE,Reifen,09.csv,245,45,R,20,,,TURANZA 6 ENLITEN XLFSL,,09,,,,,,
3286342604312,140009311,BRIDGESTONE,Reifen,09.csv,285,45,R,21,,,TURANZA 6 ENLITEN XLFSL,,09,,,,,,
3286342604411,140009288,BRIDGESTONE,Reifen,09.csv,265,45,R,21,,,TURANZA 6 ENLITEN FSL,,09,,,,,,
3286342604718,140009251,BRIDGESTONE,Reifen,09.csv,245,40,R,21,,,TURANZA 6 ENLITEN XLFSL,,09,,,,,,
3286342604916,140009310,BRIDGESTONE,Reifen,09.csv,285,40,R,21,,,TURANZA 6 ENLITEN XLFSL,,09,,,,,,
3286342606811,140009299,BRIDGESTONE,Reifen,09.csv,275,40,R,22,,,TURANZA 6 ENLITEN XLFSL,,09,,,,,,
3286342609317,140008854,BRIDGESTONE,Reifen,09.csv,205,50,R,19,,,BLIZZAK LM-005 XL 3PMSF,,09,,,,,,
3286342610610,140008870,BRIDGESTONE,Reifen,09.csv,235,35,R,20,,,BLIZZAK LM-005 XLFSL 3PMSF,,09,,,,,,
3286342612119,140009430,BRIDGESTONE,Reifen,09.csv,185,50,R,16,,,TURANZA ALL SEASON 6 ENLITEN,,09,,,,,,
3286342612218,140009616,BRIDGESTONE,Reifen,09.csv,235,60,R,17,,,TURANZA ALL SEASON 6 ENLITEN,,09,,,,,,
3286342662411,140009610,BRIDGESTONE,Reifen,09.csv,225,45,R,18,,,TURANZA ALL SEASON 6 DRIVEGU,,09,,,,,,
3286342670515,150002405,FIRESTONE,Reifen,09.csv,205,45,R,17,,,ROADHAWK 2 ENLITEN XLFSL,,09,,,,,,
3286342670614,150002451,FIRESTONE,Reifen,09.csv,255,35,R,18,,,ROADHAWK 2 ENLITEN XLFSL,,09,,,,,,
3286342670713,150002532,FIRESTONE,Reifen,09.csv,215,50,R,18,,,ROADHAWK 2,,09,,,,,,
3286342670812,150002333,FIRESTONE,Reifen,09.csv,225,50,R,18,,,ROADHAWK 2,,09,,,,,,
3286342671116,150002409,FIRESTONE,Reifen,09.csv,215,40,R,18,,,ROADHAWK 2 ENLITEN FSL,,09,,,,,,
3286342671215,150002442,FIRESTONE,Reifen,09.csv,245,35,R,18,,,ROADHAWK 2 ENLITEN XLFSL,,09,,,,,,
3286342671512,150002443,FIRESTONE,Reifen,09.csv,245,35,R,19,,,ROADHAWK 2 ENLITEN XLFSL,,09,,,,,,
3286342671819,150002428,FIRESTONE,Reifen,09.csv,235,35,R,19,,,ROADHAWK 2 ENLITEN XLFSL,,09,,,,,,
3286342671918,150002539,FIRESTONE,Reifen,09.csv,245,45,R,19,,,ROADHAWK 2 XLFSL,,09,,,,,,
3286342672113,150002538,FIRESTONE,Reifen,09.csv,255,35,R,19,,,ROADHAWK 2 ENLITEN XLFSL,,09,,,,,,
3286342672618,150002338,FIRESTONE,Reifen,09.csv,255,40,R,20,,,ROADHAWK 2 XLFSL,,09,,,,,,
3286342673011,150002438,FIRESTONE,Reifen,09.csv,235,55,R,18,,,ROADHAWK 2 ENLITEN,,09,,,,,,
3286342673318,140009514,BRIDGESTONE,Reifen,09.csv,215,45,R,18,,,TURANZA ALL SEASON 6 ENLITEN,,09,,,,,,
3286342673417,140009510,BRIDGESTONE,Reifen,09.csv,215,40,R,18,,,TURANZA ALL SEASON 6 ENLITEN,,09,,,,,,
3286342673516,140009574,BRIDGESTONE,Reifen,09.csv,245,35,R,19,,,TURANZA ALL SEASON 6 ENLITEN,,09,,,,,,
3286342673714,140009597,BRIDGESTONE,Reifen,09.csv,265,50,R,19,,,TURANZA ALL SEASON 6 ENLITEN,,09,,,,,,
3286342673813,140009504,BRIDGESTONE,Reifen,09.csv,205,55,R,19,,,TURANZA ALL SEASON 6 ENLITEN,,09,,,,,,
3286342678511,140009452,BRIDGESTONE,Reifen,09.csv,225,45,R,17,,,TURANZA 6 AOFSL,,09,,,,,,
3286342678719,140009450,BRIDGESTONE,Reifen,09.csv,225,45,R,17,,,TURANZA 6 XLAOFSL,,09,,,,,,
3286342679914,150002385,FIRESTONE,Reifen,09.csv,255,30,R,20,,,SPORT XLFSL,,09,,,,,,
3286342685519,150002396,FIRESTONE,Reifen,09.csv,275,35,R,19,,,SPORT XLFSL,,09,,,,,,
3286342726311,140009531,BRIDGESTONE,Reifen,09.csv,225,40,R,19,,,TURANZA 6 ENLITEN XL*FSL,,09,,,,,,
3286342735719,140009071,BRIDGESTONE,Reifen,09.csv,255,50,R,20,,,POTENZA SPO. ENLITEN XL,,09,,,,,,
3286342746814,140009353,BRIDGESTONE,Reifen,09.csv,225,40,R,19,,,TURANZA 6 ENLITEN XLMO,,09,,,,,,
3286342784816,140009004,BRIDGESTONE,Reifen,09.csv,255,40,R,19,,,POTENZA SPO. XLFSL,,09,,,,,,
3286342785615,140009114,BRIDGESTONE,Reifen,09.csv,235,40,R,20,,,POTENZA SPO. XLFSL,,09,,,,,,
3286342785813,140009002,BRIDGESTONE,Reifen,09.csv,245,40,R,20,,Z,POTENZA SPO. XLFSL,,09,,,,,,
3286342786018,140008997,BRIDGESTONE,Reifen,09.csv,245,30,R,20,,Z,POTENZA SPO. XLFSL,,09,,,,,,
3286342786117,140009005,BRIDGESTONE,Reifen,09.csv,255,40,R,20,,Z,POTENZA SPO. XLFSL,,09,,,,,,
3286342786216,140009003,BRIDGESTONE,Reifen,09.csv,255,30,R,20,,Z,POTENZA SPO. XLFSL,,09,,,,,,
3286342786513,140009011,BRIDGESTONE,Reifen,09.csv,265,30,R,20,,Z,POTENZA SPO. XLFSL,,09,,,,,,
3286342786711,140009020,BRIDGESTONE,Reifen,09.csv,275,45,R,20,,Z,POTENZA SPO. XLFSL,,09,,,,,,
3286342786919,140009019,BRIDGESTONE,Reifen,09.csv,275,40,R,20,,Z,POTENZA SPO. XLFSL,,09,,,,,,
3286342787114,140009021,BRIDGESTONE,Reifen,09.csv,285,30,R,20,,Z,POTENZA SPO. XLFSL,,09,,,,,,
3286342787213,140009023,BRIDGESTONE,Reifen,09.csv,285,35,R,20,,Z,POTENZA SPO. XLFSL,,09,,,,,,
3286342787718,140009045,BRIDGESTONE,Reifen,09.csv,265,35,R,21,,,POTENZA SPO. XLFSL,,09,,,,,,
3286342787817,140009013,BRIDGESTONE,Reifen,09.csv,265,40,R,21,,Z,POTENZA SPO. XLFSL,,09,,,,,,
3286342787916,140009017,BRIDGESTONE,Reifen,09.csv,275,35,R,21,,,POTENZA SPO. FSL,,09,,,,,,
3286342788418,140009014,BRIDGESTONE,Reifen,09.csv,265,40,R,22,,,POTENZA SPO. XLFSL,,09,,,,,,
3286342821214,140009052,BRIDGESTONE,Reifen,09.csv,195,70,R,15C,102,,BLIZZAK W810 3PMSF,,09,,,,,,
3286342821719,140009087,BRIDGESTONE,Reifen,09.csv,195,65,R,16C,102,,BLIZZAK W810 3PMSF,,09,,,,,,
3286342827513,140009133,BRIDGESTONE,Reifen,09.csv,225,40,R,18,,Z,POTENZA RACE XLFSL,,09,,,,,,
3286342827612,140009134,BRIDGESTONE,Reifen,09.csv,225,45,R,17,,Z,POTENZA RACE XLFSL,,09,,,,,,
3286342827711,140009136,BRIDGESTONE,Reifen,09.csv,235,40,R,18,,Z,POTENZA RACE XLFSL,,09,,,,,,
3286342827810,140009140,BRIDGESTONE,Reifen,09.csv,245,40,R,18,,Z,POTENZA RACE XLFSL,,09,,,,,,
3286342828114,140009135,BRIDGESTONE,Reifen,09.csv,235,35,R,19,,Z,POTENZA RACE XLFSL,,09,,,,,,
3286342828213,140009138,BRIDGESTONE,Reifen,09.csv,245,35,R,19,,Z,POTENZA RACE XLFSL,,09,,,,,,
3286342828312,140009142,BRIDGESTONE,Reifen,09.csv,255,35,R,19,,,POTENZA RACE XLFSL,,09,,,,,,
3286342828411,140009144,BRIDGESTONE,Reifen,09.csv,265,35,R,19,,Z,POTENZA RACE XLFSL,,09,,,,,,
3286342828510,140009145,BRIDGESTONE,Reifen,09.csv,265,35,R,20,,Z,POTENZA RACE XLFSL,,09,,,,,,
3286342836614,140008944,BRIDGESTONE,Reifen,09.csv,255,35,R,20,,,POTENZA S 001 XLFSL,,09,,,,,,
3286342840314,140008989,BRIDGESTONE,Reifen,09.csv,225,40,R,19,,,TURANZA T005 RFTXL*FSL,,09,,,,,,
3286342841014,140009047,BRIDGESTONE,Reifen,09.csv,275,45,R,21,,,TURANZA T005 XLFSL,,09,,,,,,
3286342851013,150002326,FIRESTONE,Reifen,09.csv,195,65,R,15,,,MULTISEASON 2 XL 3PMSF,,09,,,,,,
3286342851112,150002327,FIRESTONE,Reifen,09.csv,205,60,R,16,,,MULTISEASON 2 XL,,09,,,,,,
3286342852416,150002328,FIRESTONE,Reifen,09.csv,215,55,R,17,,,ROADHAWK XL,,09,,,,,,
3286342852614,150002332,FIRESTONE,Reifen,09.csv,225,45,R,19,,,ROADHAWK XLFSL,,09,,,,,,
3286342852713,150002334,FIRESTONE,Reifen,09.csv,235,45,R,19,,,ROADHAWK XLFSL,,09,,,,,,
3286342854113,140009192,BRIDGESTONE,Reifen,09.csv,225,40,R,18,,,POTENZA S 005 XL(+)FSL,,09,,,,,,
3286342854410,140009163,BRIDGESTONE,Reifen,09.csv,205,45,R,17,,,POTENZA SPO. ENLITEN XLFSL,,09,,,,,,
3286342854618,140009162,BRIDGESTONE,Reifen,09.csv,205,40,R,18,,,POTENZA SPO. ENLITEN XLFSL,,09,,,,,,
3286342855516,140009060,BRIDGESTONE,Reifen,09.csv,235,50,R,20,,,"BLIZZAK LM-005 (+) , AO 3PMS",,09,,,,,,
3286342855912,140009088,BRIDGESTONE,Reifen,09.csv,215,55,R,18,,,BLIZZAK LM-001 ID.3 (+) 3PMS,,09,,,,,,
3286342856315,150002388,FIRESTONE,Reifen,09.csv,255,40,R,18,,,SPORT XLFSL,,09,,,,,,
3286342856513,150002398,FIRESTONE,Reifen,09.csv,275,40,R,19,,,SPORT XLFSL,,09,,,,,,
3286342856810,150002394,FIRESTONE,Reifen,09.csv,275,30,R,19,,,SPORT XLFSL,,09,,,,,,
3286342856919,150002392,FIRESTONE,Reifen,09.csv,265,35,R,19,,,SPORT XLFSL,,09,,,,,,
3286342857015,150002368,FIRESTONE,Reifen,09.csv,225,45,R,19,,,SPORT XLFSL,,09,,,,,,
3286342857114,150002383,FIRESTONE,Reifen,09.csv,245,45,R,20,,,SPORT XLFSL,,09,,,,,,
3286342857213,150002380,FIRESTONE,Reifen,09.csv,245,40,R,20,,,SPORT XLFSL,,09,,,,,,
3286342857312,150002375,FIRESTONE,Reifen,09.csv,245,30,R,20,,,SPORT XLFSL,,09,,,,,,
3286342857411,150002393,FIRESTONE,Reifen,09.csv,265,35,R,20,,,SPORT XLFSL,,09,,,,,,
3286342857619,150002390,FIRESTONE,Reifen,09.csv,265,30,R,20,,,SPORT XLFSL,,09,,,,,,
3286342857718,150002395,FIRESTONE,Reifen,09.csv,275,30,R,20,,,SPORT XLFSL,,09,,,,,,
3286342857817,150002371,FIRESTONE,Reifen,09.csv,235,35,R,20,,,SPORT XLFSL,,09,,,,,,
3286342857916,150002397,FIRESTONE,Reifen,09.csv,275,35,R,20,,,SPORT XLFSL,,09,,,,,,
3286342858814,150002377,FIRESTONE,Reifen,09.csv,245,35,R,20,,Z,SPORT XLFSL,,09,,,,,,
3286342859712,150002347,FIRESTONE,Reifen,09.csv,225,45,R,19,,,MULTISEASON 2 XLFSL 3PMSF,,09,,,,,,
3286342859811,150002348,FIRESTONE,Reifen,09.csv,225,55,R,18,,,MULTISEASON 2 XL 3PMSF,,09,,,,,,
3286342859910,150002349,FIRESTONE,Reifen,09.csv,235,45,R,18,,,MULTISEASON 2 XLFSL 3PMSF,,09,,,,,,
3286342860015,150002342,FIRESTONE,Reifen,09.csv,235,50,R,18,,,MULTISEASON 2 XL 3PMSF,,09,,,,,,
3286342860114,150002350,FIRESTONE,Reifen,09.csv,235,55,R,18,,,MULTISEASON 2 XL 3PMSF,,09,,,,,,
3286342860213,150002352,FIRESTONE,Reifen,09.csv,235,55,R,19,,,MULTISEASON 2 XL 3PMSF,,09,,,,,,
3286342860312,150002354,FIRESTONE,Reifen,09.csv,245,45,R,18,,,MULTISEASON 2 XLFSL 3PMSF,,09,,,,,,
3286342860510,140009701,BRIDGESTONE,Reifen,09.csv,215,60,R,17,,,ALENZA 001,,09,,,,,,
3286342877211,140009225,BRIDGESTONE,Reifen,09.csv,235,45,R,21,,,TURANZA ECO SLT ENLITEN XL(+,,09,,,,,,
3286342877419,140009269,BRIDGESTONE,Reifen,09.csv,255,40,R,21,,,TURANZA ECO SLT ENLITEN XL(+,,09,,,,,,
3286342885612,140009552,BRIDGESTONE,Reifen,09.csv,225,65,R,16C,110,,DURAVIS ALL SEASON 3PMSF,,09,,,,,,
3286342890111,140009684,BRIDGESTONE,Reifen,09.csv,195,60,R,18,,,BLIZZAK 6 ENLITEN XL 3PMSF,,09,,,,,,
3286342890210,140009686,BRIDGESTONE,Reifen,09.csv,205,40,R,18,,,BLIZZAK 6 ENLITEN XLFSL 3PMS,,09,,,,,,
3286342891217,140009730,BRIDGESTONE,Reifen,09.csv,235,50,R,20,,,BLIZZAK 6 ENLITEN XL 3PMSF,,09,,,,,,
3286342894416,140009530,BRIDGESTONE,Reifen,09.csv,225,40,R,18,,,TURANZA ALL SEASON 6 DRIVEGU,,09,,,,,,
3286342949215,140009573,BRIDGESTONE,Reifen,09.csv,245,35,R,19,,Z,POTENZA SPORT ENLITEN,,09,,,,,,
3286343087015,140009871,BRIDGESTONE,Reifen,09.csv,255,45,R,20,,,TURANZA ECO ENLITEN (+) AOFS,,09,,,,,,
3286343121313,140009544,BRIDGESTONE,Reifen,09.csv,225,55,R,17,,,TURANZA ALL SEASON 6 DRIVEGU,,09,,,,,,
3286343121610,140009494,BRIDGESTONE,Reifen,09.csv,205,45,R,17,,,TURANZA ALL SEASON 6 DRIVEGU,,09,,,,,,
3286343121818,140009789,BRIDGESTONE,Reifen,09.csv,205,50,R,17,,,TURANZA ALL SEASON 6 DRIVEGU,,09,,,,,,
3286343139912,140009690,BRIDGESTONE,Reifen,09.csv,205,55,R,16,,,BLIZZAK 6 ENLITEN 3PMSF,,09,,,,,,
3286343147115,140009720,BRIDGESTONE,Reifen,09.csv,235,35,R,19,,Z,POTENZA SPORT XLFSL,,09,,,,,,
3286343147511,140009739,BRIDGESTONE,Reifen,09.csv,245,35,R,19,,,POTENZA SPORT XLFSL,,09,,,,,,
3286343147610,140009706,BRIDGESTONE,Reifen,09.csv,225,40,R,18,,,POTENZA SPORT XLFSL,,09,,,,,,
3286343147719,140009742,BRIDGESTONE,Reifen,09.csv,245,40,R,18,,,POTENZA SPORT XLFSL,,09,,,,,,
3286343147818,140009754,BRIDGESTONE,Reifen,09.csv,255,35,R,19,,Z,POTENZA SPORT XLFSL,,09,,,,,,
3286343148013,140009648,BRIDGESTONE,Reifen,09.csv,255,45,R,19,,Z,POTENZA SPORT XLFSL,,09,,,,,,
3286343150719,140009675,BRIDGESTONE,Reifen,09.csv,255,45,R,19,,,TURANZA 6 ENLITEN XLFSL,,09,,,,,,
3286343251812,140009818,BRIDGESTONE,Reifen,09.csv,265,45,R,20,,,TURANZA ALL SEASON 6 ENLITEN,,09,,,,,,
3286343251911,140009608,BRIDGESTONE,Reifen,09.csv,215,45,R,20,,,TURANZA ALL SEASON 6 ENLITEN,,09,,,,,,
3286343252017,140009606,BRIDGESTONE,Reifen,09.csv,195,60,R,18,,,TURANZA ALL SEASON 6 ENLITEN,,09,,,,,,
3286343252116,140009615,BRIDGESTONE,Reifen,09.csv,235,50,R,20,,,TURANZA ALL SEASON 6 ENLITEN,,09,,,,,,
3286343252918,140009760,BRIDGESTONE,Reifen,09.csv,255,40,R,20,,,TURANZA ALL SEASON 6 ENLITEN,,09,,,,,,
3286343253014,140009609,BRIDGESTONE,Reifen,09.csv,215,50,R,19,,,TURANZA ALL SEASON 6 ENLITEN,,09,,,,,,
3286343277911,150002449,FIRESTONE,Reifen,09.csv,245,50,R,18,,,ROADHAWK 2 ENLITEN,,09,,,,,,
3286343278116,150002417,FIRESTONE,Reifen,09.csv,225,40,R,19,,,ROADHAWK 2 ENLITEN FSL,,09,,,,,,
3286343278215,150002455,FIRESTONE,Reifen,09.csv,255,40,R,20,,,ROADHAWK 2 ENLITEN XLFSL,,09,,,,,,
3286343293317,140009837,BRIDGESTONE,Reifen,09.csv,215,45,R,20,,,TURANZA 6 ENLITEN XL(+),,09,,,,,,
3286347895715,140004494,BRIDGESTONE,Reifen,09.csv,225,50,R,16,,,POT.RE 050 RFT *I,,09,,,,,,
3286347924910,140004057,BRIDGESTONE,Reifen,09.csv,275,40,R,18,,,POTENZA RE 050 A AM8,,09,,,,,,
3528700002195,70010536,MICHELIN,Reifen,09.csv,305,25,R,20,,Z,PIL.SPT 4S XL,,09,,,,,,
3528700004250,70012416,MICHELIN,Reifen,09.csv,245,40,R,19,,,PIL.SPT 4S XLMO1,,09,,,,,,
3528700007886,70012265,MICHELIN,Reifen,09.csv,215,55,R,17,,,E PRIMACY XL,,09,,,,,,
3528700008326,70011787,MICHELIN,Reifen,09.csv,205,55,R,17,,,E PRIMACY,,09,,,,,,
3528700014136,70009585,MICHELIN,Reifen,09.csv,255,40,R,20,,Z,PIL.SPT 3 ELMOFSL,,09,,,,,,
3528700021646,73907582,MICHELIN,Reifen,09.csv,195,55,R,16,,,CROSS CLIMATE 2 XL 3PMSF,,09,,,,,,
3528700026382,70011851,MICHELIN,Reifen,09.csv,235,55,R,18,,,CROSS CLIMATE 2 XLVOL 3PMSF,,09,,,,,,
3528700053418,70011000,MICHELIN,Reifen,09.csv,295,35,R,20,,Z,PIL.SPT 4S ACOUSTIC X,,09,,,,,,
3528700074345,70012328,MICHELIN,Reifen,09.csv,225,65,R,17,,,CROSS CLIMATE 2 SUV 3PMSF,,09,,,,,,
3528700093414,70010462,MICHELIN,Reifen,09.csv,245,40,R,18,,Z,PIL.SPT 4 DT1 XLDT1,,09,,,,,,
3528700094190,70011812,MICHELIN,Reifen,09.csv,225,65,R,17,,,E PRIMACY,,09,,,,,,
3528700140323,73907467,MICHELIN,Reifen,09.csv,225,45,R,17,,,ALPIN 7 RG 3PMSF,,09,,,,,,
3528700143041,70012380,MICHELIN,Reifen,09.csv,255,65,R,17,,,CROSS CLIMATE 2 3PMSF,,09,,,,,,
3528700153026,70012103,MICHELIN,Reifen,09.csv,205,55,R,19,,,PRIMACY 4+ XL,,09,,,,,,
3528700154221,70011288,MICHELIN,Reifen,09.csv,245,35,R,19,,Z,PIL.SPT 4 S ELMO1FSL,,09,,,,,,
3528700163230,70009590,MICHELIN,Reifen,09.csv,195,55,R,16,,,PRIMACY3 ZPELFSL,,09,,,,,,
3528700171198,70010959,MICHELIN,Reifen,09.csv,295,30,R,20,,Z,PIL.SPT CUP 2 XLN1,,09,,,,,,
3528700171662,73907644,MICHELIN,Reifen,09.csv,225,45,R,18,,,PILOT SPORT 5 XLMO,,09,,,,,,
3528700178616,73907681,MICHELIN,Reifen,09.csv,235,55,R,19,,,PRIMACY 5 FRV RG,,09,,,,,,
3528700207279,73907646,MICHELIN,Reifen,09.csv,225,45,R,18,,,PRIMACY 5 FRV XLRG,,09,,,,,,
3528700242928,70011301,MICHELIN,Reifen,09.csv,265,35,R,21,,Z,PIL.SPT 4 S ACOUSTIC,,09,,,,,,
3528700247015,70009923,MICHELIN,Reifen,09.csv,245,40,R,20,,Z,PIL.SPT 4S EL,,09,,,,,,
3528700266368,70012009,MICHELIN,Reifen,09.csv,275,35,R,21,,Z,PIL.SPT 4 S ACOUSTIC,,09,,,,,,
3528700284461,70010882,MICHELIN,Reifen,09.csv,225,65,R,16C,110,,AGILIS CROSS CLIMATE 3PMSF M,,09,,,,,,
3528700295948,70010812,MICHELIN,Reifen,09.csv,205,55,R,16,,,PRIMACY 4 XL,,09,,,,,,
3528700300345,70012731,MICHELIN,Reifen,09.csv,255,55,R,18,,,LATITUDE SPORT 3 N1,,09,,,,,,
3528700303384,70011784,MICHELIN,Reifen,09.csv,205,55,R,16,,,E PRIMACY,,09,,,,,,
3528700306125,73907460,MICHELIN,Reifen,09.csv,215,60,R,16,,,ALPIN 7 XL 3PMSF,,09,,,,,,
3528700306590,70011901,MICHELIN,Reifen,09.csv,195,65,R,15,,,CROSS CLIMATE 2 3PMSF,,09,,,,,,
3528700310733,70011435,MICHELIN,Reifen,09.csv,235,55,R,19,,,PRIMACY 4 XLMOFSL,,09,,,,,,
3528700325430,70010534,MICHELIN,Reifen,09.csv,295,35,R,21,,Z,PIL.SPT 4S XLMO1,,09,,,,,,
3528700331226,70012241,MICHELIN,Reifen,09.csv,195,65,R,15,,,E PRIMACY,,09,,,,,,
3528700349740,70012027,MICHELIN,Reifen,09.csv,235,50,R,19,,,CROSS CLIMATE 2 SUV RP XLVOL,,09,,,,,,
3528700355451,70012719,MICHELIN,Reifen,09.csv,255,40,R,21,,,CROSS CLIMATE 2 SUV XLRG 3PM,,09,,,,,,
3528700365122,70010330,MICHELIN,Reifen,09.csv,305,30,R,20,,Z,PILOT SUPERSP. ELMO,,09,,,,,,
3528700369236,70010461,MICHELIN,Reifen,09.csv,245,35,R,20,,Z,PILOT SUPERSP. XL,,09,,,,,,
3528700383201,70010640,MICHELIN,Reifen,09.csv,235,45,R,18,,Z,PIL.SPT 4 EL,,09,,,,,,
3528700405897,70012337,MICHELIN,Reifen,09.csv,235,55,R,18,,,CROSS CLIMATE 2 3PMSF,,09,,,,,,
3528700406993,70011476,MICHELIN,Reifen,09.csv,275,25,R,21,,Z,PIL.SPT 4 S XLFSL,,09,,,,,,
3528700420876,70010291,MICHELIN,Reifen,09.csv,235,60,R,16,,,CROSS CLIMATE SUV XL,,09,,,,,,
3528700438420,70011195,MICHELIN,Reifen,09.csv,235,35,R,19,,Z,PIL.SPT 4S XLMO1,,09,,,,,,
3528700444957,73907620,MICHELIN,Reifen,09.csv,215,55,R,18,,,PRIMACY 5 FRV XLRG,,09,,,,,,
3528700463385,70012285,MICHELIN,Reifen,09.csv,235,50,R,20,,,PIL.SPT 4 SUV XLRG,,09,,,,,,
3528700474060,70012213,MICHELIN,Reifen,09.csv,255,45,R,18,,Z,PIL.SPT 5 XL,,09,,,,,,
3528700484199,70011782,MICHELIN,Reifen,09.csv,205,55,R,16,,,E PRIMACY,,09,,,,,,
3528700512328,70012090,MICHELIN,Reifen,09.csv,205,45,R,17,,Z,PIL.SPT 5 XL,,09,,,,,,
3528700513226,70011658,MICHELIN,Reifen,09.csv,275,35,R,19,,Z,PIL.SPT 4 S XL*,,09,,,,,,
3528700538892,73907674,MICHELIN,Reifen,09.csv,235,50,R,18,,,PRIMACY 5 FRV XLRG,,09,,,,,,
3528700540291,70010239,MICHELIN,Reifen,09.csv,295,30,R,18,,Z,PIL.SPT PS2 ELN4FSL,,09,,,,,,
3528700544121,70010315,MICHELIN,Reifen,09.csv,245,35,R,20,,,PILOT SUPERSP. EL*,,09,,,,,,
3528700552515,70012043,MICHELIN,Reifen,09.csv,235,50,R,18,,,PRIMACY 4 S1 XL,,09,,,,,,
3528700556001,70012721,MICHELIN,Reifen,09.csv,255,45,R,19,,,E PRIMACY XLRG,,09,,,,,,
3528700563306,70012346,MICHELIN,Reifen,09.csv,235,60,R,18,,,CROSS CLIMATE 2 SUV 3PMSF,,09,,,,,,
3528700566154,70009600,MICHELIN,Reifen,09.csv,235,55,R,19,,,LATITUDE SPORT 3 N0FSL,,09,,,,,,
3528700584493,70012687,MICHELIN,Reifen,09.csv,225,50,R,18,,Z,PILOT SPORT 5 XLRG,,09,,,,,,
3528700599213,70011076,MICHELIN,Reifen,09.csv,275,35,R,19,,Z,PIL.SPT 4S,,09,,,,,,
3528700604146,70012198,MICHELIN,Reifen,09.csv,245,45,R,17,,,PRIMACY 4+ XL,,09,,,,,,
3528700643596,70009602,MICHELIN,Reifen,09.csv,235,65,R,17,,,LATITUDE SPORT 3 MO,,09,,,,,,
3528700645293,70012631,MICHELIN,Reifen,09.csv,195,55,R,20,,,PRIMACY 4+ XLRG,,09,,,,,,
3528700650686,73907690,MICHELIN,Reifen,09.csv,245,45,R,18,,,PRIMACY 5 XLRG,,09,,,,,,
3528700691382,70012585,MICHELIN,Reifen,09.csv,265,35,R,21,,Z,PILOT SPORT EV ACOUST,,09,,,,,,
3528700710854,73907664,MICHELIN,Reifen,09.csv,235,40,R,19,,,PRIMACY 5 FRV XLRG,,09,,,,,,
3528700713534,70011052,MICHELIN,Reifen,09.csv,245,35,R,21,,Z,PIL.SPT 4S XL,,09,,,,,,
3528700718690,70011939,MICHELIN,Reifen,09.csv,215,60,R,17,,,CROSS CLIMATE 2 XL 3PMSF,,09,,,,,,
3528700732351,70010472,MICHELIN,Reifen,09.csv,245,60,R,18,,,CROSS CLIMATE SUV 3PMSF M+S,,09,,,,,,
3528700747164,70011946,MICHELIN,Reifen,09.csv,225,40,R,19,,,CROSS CLIMATE 2 XL 3PMSF,,09,,,,,,
3528700751413,70011037,MICHELIN,Reifen,09.csv,235,40,R,19,,,PRIMACY 4 ACOUSTIC XL,,09,,,,,,
3528700763188,73907456,MICHELIN,Reifen,09.csv,215,55,R,16,,,ALPIN 7 XL 3PMSF,,09,,,,,,
3528700764048,70010278,MICHELIN,Reifen,09.csv,215,70,R,16,,,CROSS CLIMATE+,,09,,,,,,
3528700769487,70011296,MICHELIN,Reifen,09.csv,255,40,R,21,,Z,PIL.SPT 4 S XL*FSL,,09,,,,,,
3528700770278,70010538,MICHELIN,Reifen,09.csv,305,30,R,20,,Z,PIL.SPT 4S ELN0,,09,,,,,,
3528700791297,70012470,MICHELIN,Reifen,09.csv,265,35,R,20,,Z,PIL.SPT 4S XLMO1,,09,,,,,,
3528700796902,70010357,MICHELIN,Reifen,09.csv,205,50,R,17,,Z,PIL.SPT 4 ZP,,09,,,,,,
3528700843231,70010513,MICHELIN,Reifen,09.csv,275,35,R,21,,Z,PIL.SPT 4 XLN0,,09,,,,,,
3528700854534,70012272,MICHELIN,Reifen,09.csv,225,45,R,18,,,E PRIMACY XL,,09,,,,,,
3528700858143,70009607,MICHELIN,Reifen,09.csv,195,55,R,16,,,PRIMACY3 ZPFSL,,09,,,,,,
3528700873481,70010964,MICHELIN,Reifen,09.csv,295,35,R,21,,,LATITUDE SPORT 3 N2,,09,,,,,,
3528700879056,70012134,MICHELIN,Reifen,09.csv,225,40,R,19,,Z,PIL.SPT 5 XL,,09,,,,,,
3528700891805,70011571,MICHELIN,Reifen,09.csv,215,40,R,18,,,PIL.ALP. 5 XL 3PMSF,,09,,,,,,
3528700894981,70011205,MICHELIN,Reifen,09.csv,245,55,R,17,,,PIL.ALP. 5 3PMSF,,09,,,,,,
3528700895933,70012556,MICHELIN,Reifen,09.csv,245,45,R,19,,,CROSS CLIMATE 2 ACOUSTIC XLR,,09,,,,,,
3528700929799,70009920,MICHELIN,Reifen,09.csv,245,40,R,19,,,PIL.ALP. 5 ELMO,,09,,,,,,
3528700942651,70012110,MICHELIN,Reifen,09.csv,215,40,R,18,,Z,PIL.SPT 5 XL,,09,,,,,,
3528700952582,70011903,MICHELIN,Reifen,09.csv,195,65,R,16,,,CROSS CLIMATE 2 3PMSF,,09,,,,,,
3528700956368,70009612,MICHELIN,Reifen,09.csv,235,35,R,19,,Z,PIL.SPT PS2 N2 ELN,,09,,,,,,
3528700972085,70011063,MICHELIN,Reifen,09.csv,255,50,R,19,,,PIL.SPT 4 SUV XL,,09,,,,,,
3528700972412,70012419,MICHELIN,Reifen,09.csv,265,30,R,20,,,PIL.SPT 4S XLMO1,,09,,,,,,
3528701019383,70011234,MICHELIN,Reifen,09.csv,175,60,R,15,,,CROSS CLIMATE+ XL 3PMSF,,09,,,,,,
3528701021225,70011395,MICHELIN,Reifen,09.csv,205,45,R,17,,,PRIMACY 4 XL,,09,,,,,,
3528701034379,70011175,MICHELIN,Reifen,09.csv,195,60,R,15,,,ALPIN 6 3PMSF,,09,,,,,,
3528701119977,70010150,MICHELIN,Reifen,09.csv,255,35,R,19,,Z,PIL.SPT 3 ELAOFSL,,09,,,,,,
3528701125244,70010932,MICHELIN,Reifen,09.csv,255,45,R,20,,,PIL.ALP. 5 SUV 3PMSF XLMO M+,,09,,,,,,
3528701126791,73907724,MICHELIN,Reifen,09.csv,265,35,R,21,,Z,PILOT SPORT 4S XLMO1,,09,,,,,,
3528701129150,70012225,MICHELIN,Reifen,09.csv,275,45,R,20,,Z,PIL.SPT 5 XL,,09,,,,,,
3528701200750,70010135,MICHELIN,Reifen,09.csv,245,40,R,18,,,PIL.SPT 4 AO,,09,,,,,,
3528701201047,70009908,MICHELIN,Reifen,09.csv,235,60,R,18,,,CROSS CLIMATE SUV AO,,09,,,,,,
3528701201344,70009962,MICHELIN,Reifen,09.csv,275,30,R,20,,Z,PIL.SPT 4S EL,,09,,,,,,
3528701202594,70011388,MICHELIN,Reifen,09.csv,185,60,R,14,,,CROSS CLIMATE+ XL 3PMSF,,09,,,,,,
3528701208176,70011613,MICHELIN,Reifen,09.csv,245,35,R,19,,Z,PIL.SPT CUP 2 DT1 XL*,,09,,,,,,
3528701208534,70012145,MICHELIN,Reifen,09.csv,225,45,R,19,,Z,PIL.SPT 5 XL,,09,,,,,,
3528701208862,70012347,MICHELIN,Reifen,09.csv,235,60,R,18,,,CROSS CLIMATE 2 SUV XL 3PMSF,,09,,,,,,
3528701209203,70012562,MICHELIN,Reifen,09.csv,245,50,R,19,,,CROSS CLIMATE 2 SUV XL 3PMSF,,09,,,,,,
3528701209401,70012357,MICHELIN,Reifen,09.csv,245,45,R,20,,,PIL.ALP. 5 SUV ZPXLRG 3PMSF,,09,,,,,,
3528701213194,73907649,MICHELIN,Reifen,09.csv,225,50,R,17,,,PRIMACY 5 RG,,09,,,,,,
3528701229621,70008609,MICHELIN,Reifen,09.csv,255,40,R,20,,Z,PIL.SUP.SPORT N0 E,,09,,,,,,
3528701240053,70008517,MICHELIN,Reifen,09.csv,205,60,R,15,,,ENERGY SAVER +,,09,,,,,,
3528701241616,70011500,MICHELIN,Reifen,09.csv,315,30,R,21,,Z,PIL.SPT CUP 2 XLN0,,09,,,,,,
3528701242620,73907458,MICHELIN,Reifen,09.csv,215,55,R,17,,,ALPIN 7 XL 3PMSF,,09,,,,,,
3528701258553,70011799,MICHELIN,Reifen,09.csv,215,60,R,16,,,E PRIMACY,,09,,,,,,
3528701263052,70011401,MICHELIN,Reifen,09.csv,205,65,R,16C,105,H,AGILIS 3 (103H),,09,,,,,,
3528701269894,70012167,MICHELIN,Reifen,09.csv,235,35,R,19,,Z,PIL.SPT 5 XL,,09,,,,,,
3528701278209,70012004,MICHELIN,Reifen,09.csv,265,40,R,20,,,PIL.ALP. 5 ACOUSTIC XLMO1 3P,,09,,,,,,
3528701307220,70011700,MICHELIN,Reifen,09.csv,315,30,R,19,,Z,PIL.SPT 4 S XL,,09,,,,,,
3528701314068,70011885,MICHELIN,Reifen,09.csv,185,55,R,16,,,CROSS CLIMATE 2 3PMSF,,09,,,,,,
3528701323169,70011820,MICHELIN,Reifen,09.csv,245,40,R,21,,,PIL.SPT 4 S XL,,09,,,,,,
3528701323398,73907597,MICHELIN,Reifen,09.csv,205,55,R,16,,,PRIMACY 5 XLRG,,09,,,,,,
3528701334042,70009175,MICHELIN,Reifen,09.csv,205,45,R,17,,,PRIMACY 3 ZP  XL,,09,,,,,,
3528701341361,70010977,MICHELIN,Reifen,09.csv,215,75,R,16C,114,,AGILIS CROSS CLIMATE 3PMSF M,,09,,,,,,
3528701341941,70012255,MICHELIN,Reifen,09.csv,215,45,R,17,,,PRIMACY 4+ XL,,09,,,,,,
3528701393056,70010126,MICHELIN,Reifen,09.csv,245,35,R,19,,Z,PIL.SPT CUP 2 ELN0FSL,,09,,,,,,
3528701395531,70011270,MICHELIN,Reifen,09.csv,225,50,R,18,,,PRIMACY 4 XL*FSL,,09,,,,,,
3528701395562,70010470,MICHELIN,Reifen,09.csv,245,45,R,20,,Z,PIL.SPT 4S XL,,09,,,,,,
3528701397689,70012275,MICHELIN,Reifen,09.csv,225,55,R,17,,,E PRIMACY XL,,09,,,,,,
3528701422633,70012361,MICHELIN,Reifen,09.csv,245,50,R,20,,,PIL.ALP. 5 SUV XLRG 3PMSF,,09,,,,,,
3528701425511,70011981,MICHELIN,Reifen,09.csv,245,40,R,19,,,PIL.SPT 4 S1 XL*,,09,,,,,,
3528701461229,70009622,MICHELIN,Reifen,09.csv,245,35,R,19,,Z,PIL.SPT CUP 2 XLMO,,09,,,,,,
3528701462165,70010347,MICHELIN,Reifen,09.csv,185,65,R,15,,,PRIMACY 4,,09,,,,,,
3528701463254,70009991,MICHELIN,Reifen,09.csv,305,30,R,19,,Z,PIL.SPT 4S EL,,09,,,,,,
3528701468761,70012698,MICHELIN,Reifen,09.csv,235,55,R,18,,,E PRIMACY XLMO,,09,,,,,,
3528701476025,70012366,MICHELIN,Reifen,09.csv,255,35,R,20,,,CROSS CLIMATE 2 XL 3PMSF,,09,,,,,,
3528701494463,70012371,MICHELIN,Reifen,09.csv,255,50,R,19,,,CROSS CLIMATE 2 SUV XL 3PMSF,,09,,,,,,
3528701511900,70011954,MICHELIN,Reifen,09.csv,225,50,R,17,,,CROSS CLIMATE 2 3PMSF,,09,,,,,,
3528701512143,70011778,MICHELIN,Reifen,09.csv,205,40,R,18,,,PIL.SPT 4 ZPXL,,09,,,,,,
3528701515175,70012048,MICHELIN,Reifen,09.csv,175,65,R,17,,,ALPIN 6 3PMSF,,09,,,,,,
3528701519609,70010916,MICHELIN,Reifen,09.csv,245,35,R,20,,,PIL.ALP. 5 3PMSF XLNA0 M+S,,09,,,,,,
3528701522739,70010324,MICHELIN,Reifen,09.csv,275,35,R,19,,,PIL.ALP. 5 ELMO,,09,,,,,,
3528701529172,70011953,MICHELIN,Reifen,09.csv,225,50,R,17,,,CROSS CLIMATE 2 XL 3PMSF,,09,,,,,,
3528701542706,70012545,MICHELIN,Reifen,09.csv,235,40,R,18,,,PRIMACY 4+,,09,,,,,,
3528701546940,73907693,MICHELIN,Reifen,09.csv,245,45,R,19,,,PRIMACY 5 FRV XLRG,,09,,,,,,
3528701555430,70012532,MICHELIN,Reifen,09.csv,215,40,R,17,,,PRIMACY 4+ XL,,09,,,,,,
3528701558943,70010393,MICHELIN,Reifen,09.csv,225,45,R,17,,Z,PIL.SPT 4 ZP,,09,,,,,,
3528701584959,70011673,MICHELIN,Reifen,09.csv,285,30,R,20,,Z,PIL.SPT CUP 2 CNT XL,,09,,,,,,
3528701611952,70009046,MICHELIN,Reifen,09.csv,255,40,R,20,,,PILOT ALPIN PA4 N0 XL,,09,,,,,,
3528701623054,70008610,MICHELIN,Reifen,09.csv,245,45,R,19,,,PILOT SPORT 3  MO EL,,09,,,,,,
3528701625430,70012701,MICHELIN,Reifen,09.csv,235,55,R,20,,,PILOT ALPIN 5 SUV XLNE0 3PMS,,09,,,,,,
3528701625829,70012096,MICHELIN,Reifen,09.csv,205,55,R,16,,,PRIMACY 4+ XL,,09,,,,,,
3528701625881,70011996,MICHELIN,Reifen,09.csv,255,45,R,18,,,CROSS CLIMATE 2 XL 3PMSF,,09,,,,,,
3528701626208,70012028,MICHELIN,Reifen,09.csv,245,35,R,20,,Z,PIL.SPT CUP 2 R K2 XL,,09,,,,,,
3528701626475,70012266,MICHELIN,Reifen,09.csv,215,65,R,16,,,PRIMACY 4+ XL,,09,,,,,,
3528701627205,73907447,MICHELIN,Reifen,09.csv,205,55,R,16,,,ALPIN 7 3PMSF,,09,,,,,,
3528701642673,70011731,MICHELIN,Reifen,09.csv,245,45,R,17,,,PRIMACY 4 XLMO,,09,,,,,,
3528701668406,70010991,MICHELIN,Reifen,09.csv,235,45,R,19,,Z,PIL.SPT 4 XLMO,,09,,,,,,
3528701698120,70012050,MICHELIN,Reifen,09.csv,205,45,R,17,,,ALPIN 6 ZPXL 3PMSF,,09,,,,,,
3528701708317,70012598,MICHELIN,Reifen,09.csv,275,35,R,21,,Z,PILOT SPORT S 5 ACOUS,,09,,,,,,
3528701715209,70010310,MICHELIN,Reifen,09.csv,235,55,R,18,,,PRIMACY3 ELAO,,09,,,,,,
3528701720722,70009427,MICHELIN,Reifen,09.csv,245,45,R,18,,,PIL.ALP.PA4 ZP*MOE XL,,09,,,,,,
3528701727950,70007481,MICHELIN,Reifen,09.csv,295,30,R,19,,,PILOT SPORT PS2 N2 XL,,09,,,,,,
3528701740126,70011663,MICHELIN,Reifen,09.csv,275,35,R,21,,Z,PIL.SPT 4 S XLND0,,09,,,,,,
3528701748191,73907446,MICHELIN,Reifen,09.csv,205,55,R,16,,,ALPIN 7 XL 3PMSF,,09,,,,,,
3528701753911,70010477,MICHELIN,Reifen,09.csv,255,40,R,17,,Z,PIL.SPT 4 EL,,09,,,,,,
3528701763682,70011971,MICHELIN,Reifen,09.csv,235,50,R,18,,,CROSS CLIMATE 2 XL 3PMSF,,09,,,,,,
3528701775654,70011499,MICHELIN,Reifen,09.csv,315,30,R,21,,Z,PIL.SPT 4 S XLND0,,09,,,,,,
3528701777054,70011965,MICHELIN,Reifen,09.csv,235,45,R,17,,,CROSS CLIMATE 2 3PMSF,,09,,,,,,
3528701778051,70012677,MICHELIN,Reifen,09.csv,205,40,R,18,,Z,PILOT SPORT 4S XLRG,,09,,,,,,
3528701787428,70011280,MICHELIN,Reifen,09.csv,235,45,R,18,,,PRIMACY 4 S1 XL,,09,,,,,,
3528701842288,70010156,MICHELIN,Reifen,09.csv,255,40,R,18,,Z,PIL.SPT 3 ELMO1FSL,,09,,,,,,
3528701842837,70012127,MICHELIN,Reifen,09.csv,215,60,R,16,,,PRIMACY 4+ XL,,09,,,,,,
3528701844381,70012440,MICHELIN,Reifen,09.csv,205,60,R,17,,,CROSS CLIMATE 2 XL 3PMSF,,09,,,,,,
3528701844404,70012693,MICHELIN,Reifen,09.csv,235,50,R,19,,,PILOT SPORT 4 SUV XLRG,,09,,,,,,
3528701844411,70011199,MICHELIN,Reifen,09.csv,235,55,R,18,,,PRIMACY 4 S1 MO,,09,,,,,,
3528701845050,70011282,MICHELIN,Reifen,09.csv,235,45,R,21,,,PIL.SPT 4 SUV XLMO,,09,,,,,,
3528701846811,70012297,MICHELIN,Reifen,09.csv,255,45,R,19,,,E PRIMACY XL,,09,,,,,,
3528701860084,73907436,MICHELIN,Reifen,09.csv,195,55,R,16,,,ALPIN 7 3PMSF,,09,,,,,,
3528701866116,70012338,MICHELIN,Reifen,09.csv,235,55,R,18,,,CROSS CLIMATE 2 XL 3PMSF,,09,,,,,,
3528701869773,73907434,MICHELIN,Reifen,09.csv,185,65,R,15,,,ALPIN 7 3PMSF,,09,,,,,,
3528701871707,70007452,MICHELIN,Reifen,09.csv,225,70,R,15C,110,,AGILIS ALPIN,,09,,,,,,
3528701878881,70011905,MICHELIN,Reifen,09.csv,205,45,R,17,,,CROSS CLIMATE 2 XL 3PMSF,,09,,,,,,
3528701886428,73907747,MICHELIN,Reifen,09.csv,HL295,30,R,21,,Z,PILOT SPORT 4S XLMO1,,09,,,,,,
3528701920009,73907679,MICHELIN,Reifen,09.csv,235,55,R,18,,,PRIMACY 5 FRV RG,,09,,,,,,
3528701920030,73907683,MICHELIN,Reifen,09.csv,235,55,R,19,,,PRIMACY 5 FRV XLRG,,09,,,,,,
3528701921853,70011057,MICHELIN,Reifen,09.csv,255,35,R,19,,Z,PIL.SPT 4S,,09,,,,,,
3528701926100,70009636,MICHELIN,Reifen,09.csv,285,30,R,20,,Z,PIL.SPT CUP 2 XLMO,,09,,,,,,
3528701926988,73907472,MICHELIN,Reifen,09.csv,225,50,R,19,,,ALPIN 7 XL 3PMSF,,09,,,,,,
3528701934099,70012195,MICHELIN,Reifen,09.csv,245,40,R,19,,Z,PIL.SPT 5 XL,,09,,,,,,
3528701953328,70012375,MICHELIN,Reifen,09.csv,255,55,R,18,,,CROSS CLIMATE 2 SUV XL 3PMSF,,09,,,,,,
3528701955063,70012520,MICHELIN,Reifen,09.csv,175,65,R,15,,,PRIMACY 4,,09,,,,,,
3528701961866,70010852,MICHELIN,Reifen,09.csv,215,70,R,15C,107,,AGILIS CROSS CLIMATE 3PMSF M,,09,,,,,,
3528701979151,70010187,MICHELIN,Reifen,09.csv,265,40,R,21,,,LATITUDE SPORT 3 N0,,09,,,,,,
3528701983226,70012691,MICHELIN,Reifen,09.csv,235,45,R,20,,,PRIMACY 4+ XLRG,,09,,,,,,
3528701984704,70011970,MICHELIN,Reifen,09.csv,235,50,R,18,,,CROSS CLIMATE 2 3PMSF,,09,,,,,,
3528702005859,70008441,MICHELIN,Reifen,09.csv,265,40,R,19,,,PILOT ALPIN PA4 N0,,09,,,,,,
3528702009673,70011943,MICHELIN,Reifen,09.csv,215,65,R,17,,,CROSS CLIMATE 2 XL 3PMSF,,09,,,,,,
3528702016824,70010474,MICHELIN,Reifen,09.csv,255,30,R,21,,Z,PIL.SPT 4S XL,,09,,,,,,
3528702022795,70010286,MICHELIN,Reifen,09.csv,275,30,R,20,,,PIL.SPT 3 ZPEL* MOEFSL,,09,,,,,,
3528702044285,70012264,MICHELIN,Reifen,09.csv,215,55,R,17,,,E PRIMACY,,09,,,,,,
3528702050583,73907585,MICHELIN,Reifen,09.csv,195,55,R,16,,,PRIMACY 5 XLRG,,09,,,,,,
3528702063989,70011252,MICHELIN,Reifen,09.csv,205,55,R,17,,,PRIMACY 4 XL*FSL,,09,,,,,,
3528702066867,70010225,MICHELIN,Reifen,09.csv,285,35,R,18,,Z,PIL.SPT 3 ELMO1FSL,,09,,,,,,
3528702081952,70010355,MICHELIN,Reifen,09.csv,205,40,R,18,,Z,PIL.SPT 4 EL,,09,,,,,,
3528702094983,70011932,MICHELIN,Reifen,09.csv,215,55,R,16,,,CROSS CLIMATE 2 XL 3PMSF,,09,,,,,,
3528702104958,70011372,MICHELIN,Reifen,09.csv,245,40,R,19,,,PIL.SPT 4 XL*,,09,,,,,,
3528702121054,70012173,MICHELIN,Reifen,09.csv,235,45,R,17,,,PRIMACY 4+ XL,,09,,,,,,
3528702137772,70010297,MICHELIN,Reifen,09.csv,205,55,R,16,,Z,PIL.SPT 4,,09,,,,,,
3528702145227,70011976,MICHELIN,Reifen,09.csv,245,35,R,19,,Z,PIL.SPT 4 S XL*,,09,,,,,,
3528702160282,70012053,MICHELIN,Reifen,09.csv,225,45,R,18,,,CROSS CLIMATE 2 ZPXL 3PMSF,,09,,,,,,
3528702174715,70009926,MICHELIN,Reifen,09.csv,245,45,R,18,,,PIL.ALP. PA4 XL* MOFSL,,09,,,,,,
3528702175026,70012111,MICHELIN,Reifen,09.csv,215,45,R,17,,Z,PIL.SPT 5 XL,,09,,,,,,
3528702175644,70011985,MICHELIN,Reifen,09.csv,245,45,R,18,,,CROSS CLIMATE 2 XL 3PMSF,,09,,,,,,
3528702184349,73907601,MICHELIN,Reifen,09.csv,205,55,R,16,,,PRIMACY 5 RG,,09,,,,,,
3528702187050,70011927,MICHELIN,Reifen,09.csv,215,45,R,17,,,CROSS CLIMATE 2 XL 3PMSF,,09,,,,,,
3528702191262,73907602,MICHELIN,Reifen,09.csv,205,55,R,17,,,PRIMACY 5 XLRG,,09,,,,,,
3528702213100,70011209,MICHELIN,Reifen,09.csv,255,40,R,20,,,PIL.ALP. 5 XLMO1 3PMSF,,09,,,,,,
3528702237502,70011963,MICHELIN,Reifen,09.csv,235,40,R,18,,,CROSS CLIMATE 2 XL 3PMSF,,09,,,,,,
3528702239353,70010995,MICHELIN,Reifen,09.csv,245,40,R,19,,,PRIMACY3 ACOUSTIC ZPXL* MOE,,09,,,,,,
3528702240298,70007565,MICHELIN,Reifen,09.csv,295,35,R,21,,,LATITUDE SPORT N1 XL,,09,,,,,,
3528702247280,70012403,MICHELIN,Reifen,09.csv,285,45,R,20,,,CROSS CLIMATE 2 A/W XL 3PMSF,,09,,,,,,
3528702257395,73907623,MICHELIN,Reifen,09.csv,215,60,R,16,,,PRIMACY 5 XL,,09,,,,,,
3528702265918,70011810,MICHELIN,Reifen,09.csv,225,50,R,18,,,PRIMACY 4 ZP,,09,,,,,,
3528702295441,70010941,MICHELIN,Reifen,09.csv,265,40,R,21,,,LATITUDE SPORT 3 N2,,09,,,,,,
3528702309124,73907618,MICHELIN,Reifen,09.csv,215,55,R,17,,,PRIMACY 5 XL,,09,,,,,,
3528702325520,70010308,MICHELIN,Reifen,09.csv,235,40,R,18,,,PIL.SPT 4 ELDT1,,09,,,,,,
3528702345504,70012047,MICHELIN,Reifen,09.csv,175,60,R,18,,,ALPIN 6 3PMSF,,09,,,,,,
3528702360941,70011880,MICHELIN,Reifen,09.csv,155,60,R,20,,,E PRIMACY,,09,,,,,,
3528702374764,70011826,MICHELIN,Reifen,09.csv,245,55,R,17,,,E PRIMACY XL,,09,,,,,,
3528702380147,73907595,MICHELIN,Reifen,09.csv,205,50,R,17,,,PRIMACY 5 XLRG,,09,,,,,,
3528702383056,70010924,MICHELIN,Reifen,09.csv,245,40,R,20,,Z,PIL.SPT 4 ZPXL,,09,,,,,,
3528702387177,70012159,MICHELIN,Reifen,09.csv,225,55,R,17,,,PRIMACY 4+,,09,,,,,,
3528702397169,70010108,MICHELIN,Reifen,09.csv,235,35,R,19,,Z,PIL.SPT CUP 2 ELN0FSL,,09,,,,,,
3528702400937,70007360,MICHELIN,Reifen,09.csv,295,35,R,18,,,PILOT SPORT PS2 N4 FSL,,09,,,,,,
3528702403983,73907441,MICHELIN,Reifen,09.csv,195,60,R,18,,,ALPIN 7 XL 3PMSF,,09,,,,,,
3528702411810,70011019,MICHELIN,Reifen,09.csv,205,55,R,16,,Z,PIL.SPT 4,,09,,,,,,
3528702412794,70009645,MICHELIN,Reifen,09.csv,245,45,R,19,,,PRIMACY3 ZP*FSL,,09,,,,,,
3528702419298,70009982,MICHELIN,Reifen,09.csv,295,30,R,19,,Z,PIL.SPT 4S EL,,09,,,,,,
3528702424407,70011614,MICHELIN,Reifen,09.csv,245,35,R,20,,,PIL.SPT 4 XLVOL,,09,,,,,,
3528702427811,70009974,MICHELIN,Reifen,09.csv,285,30,R,19,,Z,PILOT SUPERSP. XLMO1,,09,,,,,,
3528702428443,70011972,MICHELIN,Reifen,09.csv,235,55,R,17,,,CROSS CLIMATE 2 3PMSF,,09,,,,,,
3528702436776,70011992,MICHELIN,Reifen,09.csv,255,35,R,19,,Z,PIL.SPT 4 S XL*,,09,,,,,,
3528702437636,70012316,MICHELIN,Reifen,09.csv,215,45,R,18,,,CROSS CLIMATE 2 XL 3PMSF,,09,,,,,,
3528702438138,70011902,MICHELIN,Reifen,09.csv,195,65,R,15,,,CROSS CLIMATE 2 XL 3PMSF,,09,,,,,,
3528702447017,70012405,MICHELIN,Reifen,09.csv,305,30,R,21,,,PIL.SPT EV ACOUSTIC XLRG,,09,,,,,,
3528702447956,70012683,MICHELIN,Reifen,09.csv,215,60,R,17,,,CROSS CLIMATE 2 XL 3PMSF,,09,,,,,,
3528702458532,70009922,MICHELIN,Reifen,09.csv,245,40,R,19,,,PRIMACY3 EL* MO,,09,,,,,,
3528702465004,70011926,MICHELIN,Reifen,09.csv,215,45,R,16,,,CROSS CLIMATE 2 XL 3PMSF,,09,,,,,,
3528702466643,70011909,MICHELIN,Reifen,09.csv,205,50,R,17,,,CROSS CLIMATE 2 XL 3PMSF,,09,,,,,,
3528702488201,70011633,MICHELIN,Reifen,09.csv,255,35,R,21,,,PIL.ALP. 5 XL 3PMSF,,09,,,,,,
3528702493007,70012259,MICHELIN,Reifen,09.csv,215,50,R,18,,,E PRIMACY,,09,,,,,,
3528702507926,70011738,MICHELIN,Reifen,09.csv,195,60,R,17,,,PRIMACY 4 MO,,09,,,,,,
3528702522950,70011913,MICHELIN,Reifen,09.csv,205,55,R,16,,,CROSS CLIMATE 2 3PMSF,,09,,,,,,
3528702543252,70010542,MICHELIN,Reifen,09.csv,325,25,R,21,,Z,PIL.SPT 4S XL,,09,,,,,,
3528702547786,70011699,MICHELIN,Reifen,09.csv,305,30,R,21,,Z,PIL.SPT CUP 2 CNT XL,,09,,,,,,
3528702557938,73907630,MICHELIN,Reifen,09.csv,215,65,R,17,,,PRIMACY 5,,09,,,,,,
3528702564608,70009978,MICHELIN,Reifen,09.csv,285,35,R,19,,Z,PIL.SPT 4S EL,,09,,,,,,
3528702568996,70010528,MICHELIN,Reifen,09.csv,295,25,R,20,,Z,PIL.SPT 4S XL,,09,,,,,,
3528702585283,70011260,MICHELIN,Reifen,09.csv,215,65,R,17,,,PIL.ALP. 5 MOFSL 3PMSF,,09,,,,,,
3528702594711,73907590,MICHELIN,Reifen,09.csv,205,45,R,17,,,PRIMACY 5 XLRG,,09,,,,,,
3528702614051,70012227,MICHELIN,Reifen,09.csv,285,40,R,19,,Z,PIL.SPT 5 XL,,09,,,,,,
3528702615454,70011291,MICHELIN,Reifen,09.csv,245,45,R,20,,,PIL.SPT 4 ELNF0FSL,,09,,,,,,
3528702621905,70011769,MICHELIN,Reifen,09.csv,185,60,R,15,,,E PRIMACY XL,,09,,,,,,
3528702646298,70012011,MICHELIN,Reifen,09.csv,285,35,R,21,,,PIL.ALP. 5 SUV XL 3PMSF,,09,,,,,,
3528702646687,70011293,MICHELIN,Reifen,09.csv,245,65,R,17,,,LATITUDE SPORT 3 XLMO-V,,09,,,,,,
3528702649206,70012059,MICHELIN,Reifen,09.csv,245,35,R,20,,Z,PIL.SPT 4S XL,,09,,,,,,
3528702649619,70011044,MICHELIN,Reifen,09.csv,235,55,R,19,,,PIL.SPT 4 SUV,,09,,,,,,
3528702650783,70012204,MICHELIN,Reifen,09.csv,255,35,R,20,,Z,PIL.SPT 5 XL,,09,,,,,,
3528702659106,70011021,MICHELIN,Reifen,09.csv,205,60,R,16,,,PRIMACY 4 XL*,,09,,,,,,
3528702661543,70011648,MICHELIN,Reifen,09.csv,265,35,R,19,,Z,PIL.SPT CUP 2 DT1 XL*,,09,,,,,,
3528702663257,73907435,MICHELIN,Reifen,09.csv,195,45,R,17,,,ALPIN 7 RG 3PMSF,,09,,,,,,
3528702675656,70009886,MICHELIN,Reifen,09.csv,225,45,R,19,,Z,PIL.SPT 4S EL,,09,,,,,,
3528702683637,70010537,MICHELIN,Reifen,09.csv,305,25,R,21,,Z,PIL.SPT 4S XL,,09,,,,,,
3528702691427,70011220,MICHELIN,Reifen,09.csv,285,40,R,20,,,PIL.SPT 4 ELNF0,,09,,,,,,
3528702696651,70012747,MICHELIN,Reifen,09.csv,275,35,R,18,,Z,PILOT SPORT 5 XLRG,,09,,,,,,
3528702706299,70008528,MICHELIN,Reifen,09.csv,205,60,R,15,,,ENERGY SAVER +,,09,,,,,,
3528702707760,70012222,MICHELIN,Reifen,09.csv,275,35,R,19,,Z,PIL.SPT 5 XL,,09,,,,,,
3528702719114,70011904,MICHELIN,Reifen,09.csv,205,45,R,16,,,CROSS CLIMATE 2 3PMSF,,09,,,,,,
3528702727768,70012533,MICHELIN,Reifen,09.csv,215,40,R,17,,Z,PILOT SPORT 5 FRV XLRG,,09,,,,,,
3528702727959,70009649,MICHELIN,Reifen,09.csv,255,40,R,19,,Z,PIL.SPT 3 ELAO,,09,,,,,,
3528702746035,70012725,MICHELIN,Reifen,09.csv,255,50,R,19,,,CROSS CLIMATE 2 SUV 3PMSF,,09,,,,,,
3528702755303,70011865,MICHELIN,Reifen,09.csv,275,45,R,19,,,PIL.ALP. 5 SUV XL 3PMSF,,09,,,,,,
3528702768495,70009967,MICHELIN,Reifen,09.csv,275,35,R,20,,Z,PIL.SPT 4S EL,,09,,,,,,
3528702783603,70012388,MICHELIN,Reifen,09.csv,265,60,R,18,,,CROSS CLIMATE 2 SUV 3PMSF,,09,,,,,,
3528702784150,70012292,MICHELIN,Reifen,09.csv,235,65,R,17,,,PIL.SPT 4 SUV XLRG,,09,,,,,,
3528702785966,73907672,MICHELIN,Reifen,09.csv,235,50,R,18,,,PRIMACY 5 FRV RG,,09,,,,,,
3528702788066,70010350,MICHELIN,Reifen,09.csv,195,65,R,15,,,PRIMACY 4 XL,,09,,,,,,
3528702789483,70010511,MICHELIN,Reifen,09.csv,275,30,R,21,,Z,PIL.SPT 4S XL,,09,,,,,,
3528702792186,70011798,MICHELIN,Reifen,09.csv,215,55,R,18,,,E PRIMACY XL,,09,,,,,,
3528702794920,70011556,MICHELIN,Reifen,09.csv,185,65,R,15,,,PRIMACY 4 E,,09,,,,,,
3528702821374,70011610,MICHELIN,Reifen,09.csv,245,30,R,20,,Z,PIL.SPT CUP 2 CNT XL,,09,,,,,,
3528702822166,70012115,MICHELIN,Reifen,09.csv,215,50,R,17,,,PRIMACY 4+ XL,,09,,,,,,
3528702845240,70012030,MICHELIN,Reifen,09.csv,255,40,R,18,,,PIL.SPT 4 S1 XL*,,09,,,,,,
3528702883921,70012583,MICHELIN,Reifen,09.csv,265,30,R,19,,Z,PILOT SPORT 4S DT1 XL,,09,,,,,,
3528702926826,70011629,MICHELIN,Reifen,09.csv,255,35,R,19,,Z,PIL.SPT CUP 2 CNT XL,,09,,,,,,
3528702937440,70011747,MICHELIN,Reifen,09.csv,235,60,R,18,,,PRIMACY 4 MO,,09,,,,,,
3528702949412,70012118,MICHELIN,Reifen,09.csv,215,50,R,18,,,PRIMACY 4+,,09,,,,,,
3528702952559,70012452,MICHELIN,Reifen,09.csv,235,40,R,18,,,E PRIMACY XLRG,,09,,,,,,
3528702992951,70010877,MICHELIN,Reifen,09.csv,225,55,R,18,,,PRIMACY 4 XLAO1,,09,,,,,,
3528702999936,70012250,MICHELIN,Reifen,09.csv,205,50,R,17,,,E PRIMACY XL,,09,,,,,,
3528703001799,70010326,MICHELIN,Reifen,09.csv,295,30,R,20,,Z,PIL.SPT 4S XLMO1,,09,,,,,,
3528703004813,70009070,MICHELIN,Reifen,09.csv,255,45,R,19,,,PILOT ALPIN PA4 MO XL,,09,,,,,,
3528703030980,70006993,MICHELIN,Reifen,09.csv,265,30,R,20,,,PILOT SPORT PS2 RO1 EL,,09,,,,,,
3528703051817,70011771,MICHELIN,Reifen,09.csv,185,65,R,15,,,E PRIMACY,,09,,,,,,
3528703057505,70011061,MICHELIN,Reifen,09.csv,255,45,R,20,,,PIL.SPT 4 SUV XL,,09,,,,,,
3528703082194,70011203,MICHELIN,Reifen,09.csv,245,40,R,19,,,PIL.ALP. 5 XL 3PMSF,,09,,,,,,
3528703088059,70011030,MICHELIN,Reifen,09.csv,225,45,R,18,,,PIL.SPT 4 XL*,,09,,,,,,
3528703176213,70011831,MICHELIN,Reifen,09.csv,255,45,R,20,,,PIL.SPT 4 SUV AC XL,,09,,,,,,
3528703179108,70012146,MICHELIN,Reifen,09.csv,225,50,R,17,,,PRIMACY 4+,,09,,,,,,
3528703184034,70012402,MICHELIN,Reifen,09.csv,285,45,R,19,,,CROSS CLIMATE 2 SUV XL 3PMSF,,09,,,,,,
3528703196471,70012150,MICHELIN,Reifen,09.csv,225,50,R,17,,Z,PIL.SPT 5 XL,,09,,,,,,
3528703203643,70012756,MICHELIN,Reifen,09.csv,275,40,R,19,,,CROSS CLIMATE 2 XLRG 3PMSF,,09,,,,,,
3528703234999,70011714,MICHELIN,Reifen,09.csv,225,40,R,19,,,PIL.SPT 4 S XL,,09,,,,,,
3528703248620,70009223,MICHELIN,Reifen,09.csv,205,45,R,17,,,PRIMACY 3 * XL,,09,,,,,,
3528703298007,73907607,MICHELIN,Reifen,09.csv,205,55,R,19,,,PRIMACY 5 FRV XLRG,,09,,,,,,
3528703305545,73907624,MICHELIN,Reifen,09.csv,215,60,R,16,,,PRIMACY 5,,09,,,,,,
3528703310785,70011022,MICHELIN,Reifen,09.csv,215,35,R,18,,Z,PIL.SPT 4S XL,,09,,,,,,
3528703313922,70012018,MICHELIN,Reifen,09.csv,305,30,R,21,,Z,PIL.SPT 4 S ACOUSTIC,,09,,,,,,
3528703319184,70012278,MICHELIN,Reifen,09.csv,235,35,R,19,,,CROSS CLIMATE 2 XL 3PMSF,,09,,,,,,
3528703343820,70012142,MICHELIN,Reifen,09.csv,225,45,R,18,,Z,PIL.SPT 5 XL,,09,,,,,,
3528703352648,70011960,MICHELIN,Reifen,09.csv,225,55,R,17,,,CROSS CLIMATE 2 XL 3PMSF,,09,,,,,,
3528703361718,70010321,MICHELIN,Reifen,09.csv,265,35,R,20,,Z,PIL.SPT 4S ELMO1,,09,,,,,,
3528703374671,70010478,MICHELIN,Reifen,09.csv,255,40,R,19,,Z,PIL.SPT 4S EL,,09,,,,,,
3528703411697,70010917,MICHELIN,Reifen,09.csv,245,35,R,20,,Z,PIL.SPT 4S XLNA0,,09,,,,,,
3528703415350,73907444,MICHELIN,Reifen,09.csv,205,45,R,17,,,ALPIN 7 XLRG 3PMSF,,09,,,,,,
3528703428190,70012325,MICHELIN,Reifen,09.csv,225,55,R,18,,,CROSS CLIMATE 2 3PMSF,,09,,,,,,
3528703457152,70011233,MICHELIN,Reifen,09.csv,165,65,R,15,,,CROSS CLIMATE+ XL 3PMSF,,09,,,,,,
3528703469780,70009665,MICHELIN,Reifen,09.csv,255,35,R,19,,Z,PIL.SPT CUP 2 XLMO,,09,,,,,,
3528703470281,70011779,MICHELIN,Reifen,09.csv,205,40,R,18,,,PIL.SPT CUP 2 CNT XL,,09,,,,,,
3528703473206,70011046,MICHELIN,Reifen,09.csv,235,60,R,18,,,PIL.SPT 4 SUV,,09,,,,,,
3528703477839,70012690,MICHELIN,Reifen,09.csv,235,45,R,20,,,E PRIMACY XLRG,,09,,,,,,
3528703480624,70012017,MICHELIN,Reifen,09.csv,295,35,R,20,,Z,PIL.SPT 4 S ACOUSTIC,,09,,,,,,
3528703486244,70010217,MICHELIN,Reifen,09.csv,275,55,R,17,,,LATITUDE SPORT 3,,09,,,,,,
3528703488149,70011206,MICHELIN,Reifen,09.csv,255,35,R,19,,,PIL.ALP. 5 XLMO1 3PMSF,,09,,,,,,
3528703502333,70009667,MICHELIN,Reifen,09.csv,265,35,R,19,,Z,PIL.SPT CUP 2 ELMO,,09,,,,,,
3528703518839,70011918,MICHELIN,Reifen,09.csv,205,55,R,19,,,CROSS CLIMATE 2 XL 3PMSF,,09,,,,,,
3528703524557,70011653,MICHELIN,Reifen,09.csv,265,40,R,19,,Z,PIL.SPT CUP 2 CNT XL,,09,,,,,,
3528703530770,70011644,MICHELIN,Reifen,09.csv,265,30,R,19,,Z,PIL.SPT CUP 2 CNT XL,,09,,,,,,
3528703582519,70009880,MICHELIN,Reifen,09.csv,225,40,R,19,,Z,PIL.SPT 4S EL,,09,,,,,,
3528703598565,70007595,MICHELIN,Reifen,09.csv,175,65,R,15,,,ALPIN A4,,09,,,,,,
3528703605850,70011692,MICHELIN,Reifen,09.csv,305,30,R,19,,Z,PIL.SPT CUP 2 CONNECT,,09,,,,,,
3528703610762,70012783,MICHELIN,Reifen,09.csv,295,35,R,21,,Z,PILOT SPORT 4 SUV XLM,,09,,,,,,
3528703612469,73907671,MICHELIN,Reifen,09.csv,235,45,R,20,,,PILOT SPORT EV XLAORG,,09,,,,,,
3528703642572,70008395,MICHELIN,Reifen,09.csv,295,30,R,20,,Z,PIL.SUPER SPORT*XL,,09,,,,,,
3528703646785,70012284,MICHELIN,Reifen,09.csv,235,50,R,19,,,E PRIMACY XL,,09,,,,,,
3528703666370,70009670,MICHELIN,Reifen,09.csv,285,35,R,21,,Z,PILOT SUPERSP. XL,,09,,,,,,
3528703669111,70010799,MICHELIN,Reifen,09.csv,205,45,R,17,,,ALPIN 6 3PMSF XL M+S,,09,,,,,,
3528703676768,70012477,MICHELIN,Reifen,09.csv,275,40,R,19,,,E PRIMACY XL* MO,,09,,,,,,
3528703682790,70009899,MICHELIN,Reifen,09.csv,235,40,R,19,,Z,PIL.SPT 4S EL,,09,,,,,,
3528703699668,70011656,MICHELIN,Reifen,09.csv,275,30,R,19,,Z,PIL.SPT 4 ZPXL,,09,,,,,,
3528703717218,70012139,MICHELIN,Reifen,09.csv,225,45,R,17,,Z,PIL.SPT 5 XL,,09,,,,,,
3528703722410,70010317,MICHELIN,Reifen,09.csv,245,45,R,20,,,LATITUDE SPORT 3 ZPXL*,,09,,,,,,
3528703726791,70011223,MICHELIN,Reifen,09.csv,305,30,R,21,,,PIL.ALP. 5 XLNA5 3PMSF,,09,,,,,,
3528703755395,70012021,MICHELIN,Reifen,09.csv,195,50,R,16,,,CROSS CLIMATE 2 XL 3PMSF,,09,,,,,,
3528703763512,70009234,MICHELIN,Reifen,09.csv,205,45,R,17,,,PRIMACY 3 ZP,,09,,,,,,
3528703770572,70009911,MICHELIN,Reifen,09.csv,245,30,R,19,,Z,PIL.SPT 4S EL,,09,,,,,,
3528703788195,70009674,MICHELIN,Reifen,09.csv,225,45,R,18,,,PILOT SUPERSP. EL*,,09,,,,,,
3528703792765,70011881,MICHELIN,Reifen,09.csv,175,55,R,20,,,E PRIMACY XL,,09,,,,,,
3528703794998,70011139,MICHELIN,Reifen,09.csv,255,40,R,18,,,PIL.SPT 4 ZPEL*,,09,,,,,,
3528703796008,70010530,MICHELIN,Reifen,09.csv,295,25,R,22,,Z,PIL.SPT 4S XL,,09,,,,,,
3528703796510,70011994,MICHELIN,Reifen,09.csv,255,40,R,19,,,CROSS CLIMATE 2 XL 3PMSF,,09,,,,,,
3528703803546,70012386,MICHELIN,Reifen,09.csv,265,50,R,19,,,CROSS CLIMATE 2 SUV XL 3PMSF,,09,,,,,,
3528703804123,70011599,MICHELIN,Reifen,09.csv,235,50,R,18,,,PRIMACY 4 XLVOL,,09,,,,,,
3528703808428,70010796,MICHELIN,Reifen,09.csv,195,75,R,16C,108,,AGILIS CROSS CLIMATE 3PMSF M,,09,,,,,,
3528703813552,70010501,MICHELIN,Reifen,09.csv,265,40,R,20,,Z,PIL.SPT 4S XL,,09,,,,,,
3528703841555,70012300,MICHELIN,Reifen,09.csv,255,45,R,21,,,PIL.SPT 4 SUV XLRG,,09,,,,,,
3528703848479,70011289,MICHELIN,Reifen,09.csv,245,35,R,21,,Z,PIL.SPT 4 S ACOUSTIC X,,09,,,,,,
3528703851035,70009676,MICHELIN,Reifen,09.csv,255,50,R,19,,,LATITUDE SPORT 3 N0FSL,,09,,,,,,
3528703874676,70009677,MICHELIN,Reifen,09.csv,245,40,R,19,,,PRIMACY3 ZPEL* MOEFSL,,09,,,,,,
3528703874829,70010247,MICHELIN,Reifen,09.csv,295,35,R,21,,,LATITUDE SPORT 3 N0,,09,,,,,,
3528703885146,70011628,MICHELIN,Reifen,09.csv,255,35,R,19,,Z,PIL.SPT 4 ZPXL,,09,,,,,,
3528703899310,70010915,MICHELIN,Reifen,09.csv,245,30,R,20,,Z,PIL.SPT CUP 2 XLAO,,09,,,,,,
3528703909651,70010741,MICHELIN,Reifen,09.csv,205,55,R,17,,,PRIMACY3 ZPXL*,,09,,,,,,
3528703928591,70010451,MICHELIN,Reifen,09.csv,235,60,R,17,,,CROSS CLIMATE SUV 3PMSF XL M,,09,,,,,,
3528703930600,70009800,MICHELIN,Reifen,09.csv,235,35,R,20,,,PIL.ALP. PA4 ELN0,,09,,,,,,
3528703936473,70009679,MICHELIN,Reifen,09.csv,195,60,R,16,,,PRIMACY3,,09,,,,,,
3528703940685,70012080,MICHELIN,Reifen,09.csv,195,55,R,16,,,PRIMACY 4+ XL,,09,,,,,,
3528703940869,70011494,MICHELIN,Reifen,09.csv,295,35,R,21,,Z,PIL.SPT 4 S XL*,,09,,,,,,
3528703969907,70010480,MICHELIN,Reifen,09.csv,255,40,R,20,,,PIL.SPT 4 ACOUS AO,,09,,,,,,
3528703977605,70011111,MICHELIN,Reifen,09.csv,195,45,R,17,,Z,PIL.SPT 4,,09,,,,,,
3528703989899,70012612,MICHELIN,Reifen,09.csv,295,30,R,21,,Z,PILOT SPORT S 5 XLMO1,,09,,,,,,
3528704004287,70012116,MICHELIN,Reifen,09.csv,215,50,R,17,,,PRIMACY 4+,,09,,,,,,
3528704007882,70012427,MICHELIN,Reifen,09.csv,225,65,R,16C,110,,CROSS CLIMATE CAMPING 3PMSF,,09,,,,,,
3528704008827,70010906,MICHELIN,Reifen,09.csv,235,60,R,18,,,CROSS CLIMATE SUV MO 3PMSF X,,09,,,,,,
3528704010523,70012056,MICHELIN,Reifen,09.csv,225,55,R,17,,,CROSS CLIMATE 2 ZP 3PMSF,,09,,,,,,
3528704014170,70011133,MICHELIN,Reifen,09.csv,235,60,R,17,,,PRIMACY 4 VOL,,09,,,,,,
3528704033003,70012085,MICHELIN,Reifen,09.csv,195,75,R,16C,105,,CROSS CLIMATE CAMPING 3PMSF,,09,,,,,,
3528704086603,70010533,MICHELIN,Reifen,09.csv,295,35,R,20,,Z,PIL.SPT 4S XL,,09,,,,,,
3528704097067,70012459,MICHELIN,Reifen,09.csv,245,40,R,20,,,E PRIMACY ACOUSTIC XL* MO,,09,,,,,,
3528704111909,70011273,MICHELIN,Reifen,09.csv,225,55,R,17C,107,,AGILIS CROSS CLIMATE 3PMSF,,09,,,,,,
3528704115365,73907457,MICHELIN,Reifen,09.csv,215,55,R,17,,,ALPIN 7 3PMSF,,09,,,,,,
3528704125869,70011448,MICHELIN,Reifen,09.csv,245,40,R,19,,Z,PIL.SPT 4 S ZPTPCFSL,,09,,,,,,
3528704149667,70010352,MICHELIN,Reifen,09.csv,195,65,R,15,,,PRIMACY 4,,09,,,,,,
3528704157648,70012178,MICHELIN,Reifen,09.csv,235,45,R,19,,Z,PIL.SPT 5 XL,,09,,,,,,
3528704161010,73907520,MICHELIN,Reifen,09.csv,205,55,R,16,,,ALPIN 7 3PMSF,,09,,,,,,
3528704165377,73907592,MICHELIN,Reifen,09.csv,205,45,R,17,,,PRIMACY 5 XLRG,,09,,,,,,
3528704176748,70012319,MICHELIN,Reifen,09.csv,215,55,R,18,,,CROSS CLIMATE 2 XL 3PMSF,,09,,,,,,
3528704183333,73907518,MICHELIN,Reifen,09.csv,245,50,R,20,,,CROSS CLIMATE 2 A/W XL 3PMSF,,09,,,,,,
3528704192557,73907694,MICHELIN,Reifen,09.csv,245,45,R,19,,,PRIMACY 5 FRV XLRG,,09,,,,,,
3528704196104,70009683,MICHELIN,Reifen,09.csv,265,35,R,19,,Z,PILOT SUPERSP. EL*,,09,,,,,,
3528704197682,70011128,MICHELIN,Reifen,09.csv,225,65,R,17,,,PIL.SPT 4 SUV XL,,09,,,,,,
3528704222643,70011802,MICHELIN,Reifen,09.csv,225,45,R,17,,,E PRIMACY,,09,,,,,,
3528704223367,70011467,MICHELIN,Reifen,09.csv,255,45,R,20,,,PRIMACY 4 XLVOLFSL,,09,,,,,,
3528704229918,73907603,MICHELIN,Reifen,09.csv,205,55,R,17,,,PRIMACY 5 RG,,09,,,,,,
3528704242627,73907455,MICHELIN,Reifen,09.csv,215,55,R,16,,,ALPIN 7 3PMSF,,09,,,,,,
3528704253593,70009932,MICHELIN,Reifen,09.csv,255,30,R,19,,Z,PIL.SPT 4S EL,,09,,,,,,
3528704258314,70011059,MICHELIN,Reifen,09.csv,255,40,R,21,,,PIL.SPT 4 SUV XL,,09,,,,,,
3528704281589,73907662,MICHELIN,Reifen,09.csv,225,60,R,17,,,PRIMACY 5,,09,,,,,,
3528704292554,70008626,MICHELIN,Reifen,09.csv,295,35,R,20,,Z,PIL.SUP.SPORT N0 X,,09,,,,,,
3528704293087,70011152,MICHELIN,Reifen,09.csv,285,25,R,22,,Z,PIL.SPT 4S XL,,09,,,,,,
3528704296002,73907586,MICHELIN,Reifen,09.csv,195,55,R,16,,,PRIMACY 5 XLRG,,09,,,,,,
3528704303328,73907617,MICHELIN,Reifen,09.csv,215,55,R,17,,,PRIMACY 5,,09,,,,,,
3528704325238,70010966,MICHELIN,Reifen,09.csv,305,30,R,20,,Z,PIL.SPT 4S XLAO,,09,,,,,,
3528704328369,70008691,MICHELIN,Reifen,09.csv,265,35,R,18,,,PILOT ALPIN PA4 EL,,09,,,,,,
3528704331376,70012052,MICHELIN,Reifen,09.csv,215,50,R,19,,,CROSS CLIMATE 2 3PMSF,,09,,,,,,
3528704333851,70011958,MICHELIN,Reifen,09.csv,225,55,R,17,,,CROSS CLIMATE 2 XL 3PMSF,,09,,,,,,
3528704334605,70010248,MICHELIN,Reifen,09.csv,295,35,R,21,,,LATITUDE SPORT 3 XLN1,,09,,,,,,
3528704356492,70012383,MICHELIN,Reifen,09.csv,265,40,R,21,,,PIL.SPT EV ACOUSTIC XLRG,,09,,,,,,
3528704362233,70012707,MICHELIN,Reifen,09.csv,245,35,R,21,,Z,PILOT SPORT EV ACOUSTI,,09,,,,,,
3528704367085,70012616,MICHELIN,Reifen,09.csv,295,40,R,21,,,PILOT SPORT EV XLNE0,,09,,,,,,
3528704368099,70008587,MICHELIN,Reifen,09.csv,245,45,R,19,,,PRIMACY 3 ZP*,,09,,,,,,
3528704381852,70011962,MICHELIN,Reifen,09.csv,225,60,R,17,,,CROSS CLIMATE 2 3PMSF,,09,,,,,,
3528704392872,70011630,MICHELIN,Reifen,09.csv,255,35,R,20,,,PIL.SPT 4 XLVOL,,09,,,,,,
3528704402403,70011070,MICHELIN,Reifen,09.csv,265,40,R,21,,,PIL.SPT 4 SUV XL,,09,,,,,,
3528704407088,70010229,MICHELIN,Reifen,09.csv,285,35,R,20,,Z,PIL.SPT 3 ELMOFSL,,09,,,,,,
3528704407170,70011443,MICHELIN,Reifen,09.csv,245,35,R,19,,Z,PIL.SPT 4 ZPXLFSL,,09,,,,,,
3528704408986,70011920,MICHELIN,Reifen,09.csv,205,60,R,16,,,CROSS CLIMATE 2 XL 3PMSF,,09,,,,,,
3528704410576,70012434,MICHELIN,Reifen,09.csv,HL265,35,R,20,,,PIL.ALP. 5 XLRG 3PMSF,,09,,,,,,
3528704424122,70011749,MICHELIN,Reifen,09.csv,255,45,R,20,,,PIL.SPT 4 SUV XLMO,,09,,,,,,
3528704424917,70011439,MICHELIN,Reifen,09.csv,235,65,R,16C,113,,AGILIS 3 MO,,09,,,,,,
3528704429639,70007450,MICHELIN,Reifen,09.csv,205,70,R,15C,104,,AGILIS ALPIN,,09,,,,,,
3528704434978,73907631,MICHELIN,Reifen,09.csv,215,65,R,17,,,PRIMACY 5 XL,,09,,,,,,
3528704481743,73907652,MICHELIN,Reifen,09.csv,225,50,R,17,,,PRIMACY 5 XLRG,,09,,,,,,
3528704504992,70009687,MICHELIN,Reifen,09.csv,235,55,R,18,,,LATITUDE SPORT 3,,09,,,,,,
3528704519156,70012271,MICHELIN,Reifen,09.csv,225,40,R,18,,,E PRIMACY XL,,09,,,,,,
3528704523610,70009950,MICHELIN,Reifen,09.csv,265,30,R,20,,Z,PIL.SPT 4S EL,,09,,,,,,
3528704526918,70009688,MICHELIN,Reifen,09.csv,255,40,R,18,,Z,PILOT SUPERSP. EL*,,09,,,,,,
3528704533176,70011967,MICHELIN,Reifen,09.csv,235,45,R,18,,,CROSS CLIMATE 2 3PMSF,,09,,,,,,
3528704535774,70010079,MICHELIN,Reifen,09.csv,225,40,R,18,,Z,PILOT SUPERSP. *FSL,,09,,,,,,
3528704545865,70011183,MICHELIN,Reifen,09.csv,215,50,R,18,,,PIL.ALP. 5 3PMSF,,09,,,,,,
3528704556250,73907640,MICHELIN,Reifen,09.csv,225,45,R,17,,,PRIMACY 5 XLRG,,09,,,,,,
3528704560769,73907647,MICHELIN,Reifen,09.csv,225,45,R,18,,,PRIMACY 5 FRV XLRG,,09,,,,,,
3528704585526,70012417,MICHELIN,Reifen,09.csv,245,40,R,20,,,E PRIMACY XL* MO,,09,,,,,,
3528704597741,70012033,MICHELIN,Reifen,09.csv,255,45,R,19,,,CROSS CLIMATE 2 SUV RP XLVOL,,09,,,,,,
3528704606702,70011949,MICHELIN,Reifen,09.csv,225,45,R,17,,,CROSS CLIMATE 2 3PMSF,,09,,,,,,
3528704624461,70010313,MICHELIN,Reifen,09.csv,245,35,R,20,,Z,PIL.SPT CUP 2 EL,,09,,,,,,
3528704630585,70009955,MICHELIN,Reifen,09.csv,265,35,R,20,,Z,PIL.SPT 4S EL,,09,,,,,,
3528704655571,70012340,MICHELIN,Reifen,09.csv,235,55,R,19,,,CROSS CLIMATE 2 SUV 3PMSF,,09,,,,,,
3528704663460,70010885,MICHELIN,Reifen,09.csv,225,70,R,15C,110,,AGILIS CROSS CLIMATE 3PMSF M,,09,,,,,,
3528704687527,70009089,MICHELIN,Reifen,09.csv,255,45,R,19,,,PILOT ALPIN PA4 N1,,09,,,,,,
3528704688104,70010532,MICHELIN,Reifen,09.csv,295,30,R,21,,Z,PIL.SPT 4S XL,,09,,,,,,
3528704700639,73907665,MICHELIN,Reifen,09.csv,235,40,R,20,,,CROSS CLIMATE 2 SUV XLRG 3PM,,09,,,,,,
3528704728657,70010854,MICHELIN,Reifen,09.csv,215,75,R,16C,111,,AGILIS CROSS CLIMATE 3PMSF M,,09,,,,,,
3528704728732,70009091,MICHELIN,Reifen,09.csv,255,40,R,20,,,PILOT ALPIN PA4 MO XL,,09,,,,,,
3528704732340,70012206,MICHELIN,Reifen,09.csv,255,35,R,21,,Z,PIL.SPT 5 ACOUSTIC XL,,09,,,,,,
3528704736249,70012718,MICHELIN,Reifen,09.csv,255,40,R,18,,,CROSS CLIMATE 2 XLRG 3PMSF,,09,,,,,,
3528704753321,70011606,MICHELIN,Reifen,09.csv,235,55,R,19,,,PIL.SPT 4 SUV GOE XL,,09,,,,,,
3528704753680,73907501,MICHELIN,Reifen,09.csv,215,60,R,16,,,ALPIN 7 XL 3PMSF,,09,,,,,,
3528704761661,73907633,MICHELIN,Reifen,09.csv,225,40,R,18,,,PRIMACY 5 FRV XLRG,,09,,,,,,
3528704790944,70011957,MICHELIN,Reifen,09.csv,225,55,R,16,,,CROSS CLIMATE 2 3PMSF,,09,,,,,,
3528704817238,70009990,MICHELIN,Reifen,09.csv,295,40,R,19,,Z,PIL.SPT 4 ELN0FSL,,09,,,,,,
3528704822843,70011662,MICHELIN,Reifen,09.csv,275,35,R,21,,,PIL.ALP. 5 XL 3PMSF,,09,,,,,,
3528704867035,70009693,MICHELIN,Reifen,09.csv,245,40,R,18,,Z,PILOT SUPERSP. XL MO,,09,,,,,,
3528704886890,70011317,MICHELIN,Reifen,09.csv,195,55,R,16,,,PRIMACY 4 *,,09,,,,,,
3528704890651,70012423,MICHELIN,Reifen,09.csv,195,60,R,18,,,CROSS CLIMATE 2 XL 3PMSF,,09,,,,,,
3528704945542,70012420,MICHELIN,Reifen,09.csv,265,35,R,19,,,PIL.SPT 4S XLMO1,,09,,,,,,
3528704949540,70011805,MICHELIN,Reifen,09.csv,225,45,R,17,,,E PRIMACY,,09,,,,,,
3528704952687,70007389,MICHELIN,Reifen,09.csv,265,40,R,18,,,PILOT SPORT PS2 N4 FSL,,09,,,,,,
3528704954568,70010152,MICHELIN,Reifen,09.csv,255,35,R,19,,,PILOT SUPERSP. EL*,,09,,,,,,
3528704970285,70012239,MICHELIN,Reifen,09.csv,195,50,R,15,,,PRIMACY 4,,09,,,,,,
3528704977567,70009912,MICHELIN,Reifen,09.csv,245,30,R,20,,Z,PIL.SPT 4S EL,,09,,,,,,
3528704979066,70011047,MICHELIN,Reifen,09.csv,235,60,R,18,,,PIL.SPT 4 SUV XL,,09,,,,,,
3528704984411,70011893,MICHELIN,Reifen,09.csv,195,55,R,15,,,CROSS CLIMATE 2 3PMSF,,09,,,,,,
3528704992454,70010497,MICHELIN,Reifen,09.csv,265,30,R,21,,Z,PIL.SPT 4S XL,,09,,,,,,
3528705001834,70011940,MICHELIN,Reifen,09.csv,215,65,R,16,,,CROSS CLIMATE 2 3PMSF,,09,,,,,,
3528705004835,70011297,MICHELIN,Reifen,09.csv,255,40,R,21,,,PIL.SPT 4 SUV XLMO,,09,,,,,,
3528705015589,70012398,MICHELIN,Reifen,09.csv,275,45,R,20,,,CROSS CLIMATE 2 SUV XL 3PMSF,,09,,,,,,
3528705023836,70011624,MICHELIN,Reifen,09.csv,245,40,R,19,,Z,PIL.SPT CUP 2 CNT XL,,09,,,,,,
3528705023881,70012117,MICHELIN,Reifen,09.csv,215,50,R,18,,,CROSS CLIMATE 2 SUV 3PMSF,,09,,,,,,
3528705037369,70012369,MICHELIN,Reifen,09.csv,255,45,R,20,,,CROSS CLIMATE 2 SUV 3PMSF,,09,,,,,,
3528705040376,70010201,MICHELIN,Reifen,09.csv,275,35,R,19,,Z,PILOT SUPERSP. EL*FS,,09,,,,,,
3528705040697,70011029,MICHELIN,Reifen,09.csv,225,45,R,18,,,PIL.SPT 4 ZPXL*,,09,,,,,,
3528705043360,70012122,MICHELIN,Reifen,09.csv,215,55,R,17,,Z,PIL.SPT 5 XL,,09,,,,,,
3528705049768,70012639,MICHELIN,Reifen,09.csv,235,55,R,19,,,CROSS CLIMATE 2 SUV S1 XLRG,,09,,,,,,
3528705054991,70007517,MICHELIN,Reifen,09.csv,265,35,R,19,,,PILOT SPORT PS2 N2,,09,,,,,,
3528705082918,70010295,MICHELIN,Reifen,09.csv,205,40,R,18,,Z,PIL.SPT 4 ELDT1,,09,,,,,,
3528705084134,70011033,MICHELIN,Reifen,09.csv,235,35,R,19,,Z,PIL.SPT 4,,09,,,,,,
3528705091842,70010078,MICHELIN,Reifen,09.csv,225,40,R,18,,,PILOT SUPERSP. XL*,,09,,,,,,
3528705092368,70008734,MICHELIN,Reifen,09.csv,295,30,R,19,,,PILOT ALPIN PA4 EL,,09,,,,,,
3528705093181,73907629,MICHELIN,Reifen,09.csv,215,65,R,16,,,PRIMACY 5 XL,,09,,,,,,
3528705108359,73907471,MICHELIN,Reifen,09.csv,225,50,R,18,,,ALPIN 7 XL 3PMSF,,09,,,,,,
3528705111380,70012393,MICHELIN,Reifen,09.csv,275,40,R,18,,,PIL.ALP. 5 XLRG 3PMSF,,09,,,,,,
3528705120337,70011290,MICHELIN,Reifen,09.csv,245,40,R,18,,,PRIMACY 4 AO,,09,,,,,,
3528705124526,70012335,MICHELIN,Reifen,09.csv,235,50,R,19,,,CROSS CLIMATE 2 SUV XL 3PMSF,,09,,,,,,
3528705124595,73907598,MICHELIN,Reifen,09.csv,205,55,R,16,,,PRIMACY 5 RG,,09,,,,,,
3528705130213,73907677,MICHELIN,Reifen,09.csv,235,55,R,17,,,PRIMACY 5,,09,,,,,,
3528705132934,70011587,MICHELIN,Reifen,09.csv,225,40,R,20,,,PIL.SPT 4 SUV FRV ZPXL,,09,,,,,,
3528705143329,73907439,MICHELIN,Reifen,09.csv,195,55,R,20,,,ALPIN 7 XLRG 3PMSF,,09,,,,,,
3528705151485,70012734,MICHELIN,Reifen,09.csv,265,35,R,20,,Z,PILOT SPORT S 5 XLMO1R,,09,,,,,,
3528705161170,73907637,MICHELIN,Reifen,09.csv,225,40,R,20,,,PILOT SPORT EV DT XLRG,,09,,,,,,
3528705172961,70012514,MICHELIN,Reifen,09.csv,195,60,R,15,,,PRIMACY 4,,09,,,,,,
3528705179106,70012681,MICHELIN,Reifen,09.csv,215,50,R,17,,Z,PILOT SPORT 5 FRV XLRG,,09,,,,,,
3528705191412,70012549,MICHELIN,Reifen,09.csv,235,45,R,21,,,PILOT ALPIN 5 SUV XLRG 3PMSF,,09,,,,,,
3528705201128,70012632,MICHELIN,Reifen,09.csv,205,55,R,19,,,CROSS CLIMATE 2 XLRRG 3PMSF,,09,,,,,,
3528705203368,70010476,MICHELIN,Reifen,09.csv,255,35,R,21,,Z,PIL.SPT 4S XL,,09,,,,,,
3528705207649,70012424,MICHELIN,Reifen,09.csv,215,50,R,18,,,PRIMACY3 ACOUSTIC ST XL,,09,,,,,,
3528705211240,70011825,MICHELIN,Reifen,09.csv,245,50,R,18,,,E PRIMACY XL,,09,,,,,,
3528705224066,70012535,MICHELIN,Reifen,09.csv,215,45,R,18,,,E PRIMACY XLRG,,09,,,,,,
3528705224349,73907643,MICHELIN,Reifen,09.csv,225,45,R,17,,,PRIMACY 5 RG,,09,,,,,,
3528705235611,70009698,MICHELIN,Reifen,09.csv,285,30,R,20,,Z,PIL.SPT CUP 2 EL*,,09,,,,,,
3528705242947,70011038,MICHELIN,Reifen,09.csv,235,40,R,20,,Z,PIL.SPT 4S XL,,09,,,,,,
3528705248291,70011268,MICHELIN,Reifen,09.csv,225,50,R,17,,,PIL.ALP. 5 ZPELFSL 3PMSF,,09,,,,,,
3528705250577,70012628,MICHELIN,Reifen,09.csv,235,55,R,19,,,E PRIMACY XLVOL,,09,,,,,,
3528705266509,70012246,MICHELIN,Reifen,09.csv,205,45,R,17,,,E PRIMACY XL,,09,,,,,,
3528705266820,70011088,MICHELIN,Reifen,09.csv,285,30,R,21,,Z,PIL.SPT 4S XL,,09,,,,,,
3528705281991,70012368,MICHELIN,Reifen,09.csv,255,45,R,20,,,CROSS CLIMATE 2 SUV XL 3PMSF,,09,,,,,,
3528705295943,70011818,MICHELIN,Reifen,09.csv,235,55,R,19,,,PIL.SPT 4 SUV NE0,,09,,,,,,
3528705298852,70010935,MICHELIN,Reifen,09.csv,255,55,R,18,,,PIL.ALP. 5 SUV 3PMSF XL M+S,,09,,,,,,
3528705332907,70011459,MICHELIN,Reifen,09.csv,255,35,R,20,,Z,PIL.SPT CUP 2 XLN0,,09,,,,,,
3528705337629,70012179,MICHELIN,Reifen,09.csv,235,50,R,18,,,PRIMACY 4+ XL,,09,,,,,,
3528705346799,70012194,MICHELIN,Reifen,09.csv,245,40,R,18,,Z,PIL.SPT 5 XL,,09,,,,,,
3528705351700,70009924,MICHELIN,Reifen,09.csv,245,40,R,21,,,PILOT SUPERSP. ZP,,09,,,,,,
3528705407964,70010525,MICHELIN,Reifen,09.csv,285,35,R,20,,,PIL.ALP. PA4 XL M+S,,09,,,,,,
3528705410681,70009897,MICHELIN,Reifen,09.csv,235,35,R,20,,Z,PIL.SPT 4S XLN0,,09,,,,,,
3528705419752,70011889,MICHELIN,Reifen,09.csv,185,65,R,15,,,CROSS CLIMATE 2 XL 3PMSF,,09,,,,,,
3528705426958,70009701,MICHELIN,Reifen,09.csv,235,40,R,18,,Z,PIL.SPT 4 EL,,09,,,,,,
3528705448691,70012400,MICHELIN,Reifen,09.csv,285,40,R,20,,,CROSS CLIMATE 2 A/W XL 3PMSF,,09,,,,,,
3528705458614,70012557,MICHELIN,Reifen,09.csv,245,45,R,19,,,E PRIMACY ST I XL,,09,,,,,,
3528705464769,70009877,MICHELIN,Reifen,09.csv,225,35,R,19,,Z,PIL.SPT 4S EL,,09,,,,,,
3528705466213,70009704,MICHELIN,Reifen,09.csv,235,40,R,18,,Z,PIL.SPT PS2 EL N4 FSL,,09,,,,,,
3528705477295,70010442,MICHELIN,Reifen,09.csv,235,50,R,19,,,LATITUDE SPORT 3 VOL ACOU XL,,09,,,,,,
3528705481247,70009279,MICHELIN,Reifen,09.csv,275,35,R,19,,Z,PIL.SPO.CUP 2 MO X,,09,,,,,,
3528705485689,70011781,MICHELIN,Reifen,09.csv,205,55,R,16,,,E PRIMACY,,09,,,,,,
3528705488949,70012205,MICHELIN,Reifen,09.csv,255,35,R,21,,Z,PIL.SPT 5 XL,,09,,,,,,
3528705515713,70012208,MICHELIN,Reifen,09.csv,255,40,R,18,,Z,PIL.SPT 5 XL,,09,,,,,,
3528705541125,70011814,MICHELIN,Reifen,09.csv,235,45,R,18,,,E PRIMACY XL,,09,,,,,,
3528705565428,70012422,MICHELIN,Reifen,09.csv,155,70,R,19,,,CROSS CLIMATE 2 XL 3PMSF,,09,,,,,,
3528705589233,70010254,MICHELIN,Reifen,09.csv,305,30,R,19,,Z,PIL.SPT CUP 2 ELN0FS,,09,,,,,,
3528705589554,70012685,MICHELIN,Reifen,09.csv,225,45,R,18,,Z,PILOT SPORT 4S XLRG,,09,,,,,,
3528705595869,70012699,MICHELIN,Reifen,09.csv,235,55,R,19,,,CROSS CLIMATE 2 SUV 3PMSF,,09,,,,,,
3528705598129,70010927,MICHELIN,Reifen,09.csv,245,45,R,19,,,PIL.SPT 4 XL ACOUSTIC AO,,09,,,,,,
3528705613952,70011369,MICHELIN,Reifen,09.csv,225,55,R,17,,,PRIMACY 4 XL*,,09,,,,,,
3528705618117,70012429,MICHELIN,Reifen,09.csv,235,35,R,19,,,PIL.SPT 4S SELFSEAL XL*,,09,,,,,,
3528705621193,70011117,MICHELIN,Reifen,09.csv,225,35,R,20,,Z,PIL.SPT 4S ZPXL,,09,,,,,,
3528705626020,70012475,MICHELIN,Reifen,09.csv,275,35,R,20,,,PIL.SPT 4S XLMO1RG,,09,,,,,,
3528705648442,70012000,MICHELIN,Reifen,09.csv,265,35,R,18,,,CROSS CLIMATE 2 XL 3PMSF,,09,,,,,,
3528705686871,70011975,MICHELIN,Reifen,09.csv,245,35,R,19,,,CROSS CLIMATE 2 XL 3PMSF,,09,,,,,,
3528705687069,70012112,MICHELIN,Reifen,09.csv,215,45,R,18,,,PRIMACY 4+ XL,,09,,,,,,
3528705688165,70011899,MICHELIN,Reifen,09.csv,195,60,R,15,,,CROSS CLIMATE 2 XL 3PMSF,,09,,,,,,
3528705703288,70009710,MICHELIN,Reifen,09.csv,285,30,R,20,,Z,PILOT SUPERSP. XLM,,09,,,,,,
3528705713829,70012648,MICHELIN,Reifen,09.csv,245,45,R,20,,,PILOT SPORT 4 SUV FRV XLRG,,09,,,,,,
3528705715168,70009976,MICHELIN,Reifen,09.csv,285,30,R,20,,,PILOT SUPERSP. EL*,,09,,,,,,
3528705732646,70009097,MICHELIN,Reifen,09.csv,285,35,R,20,,,PILOT ALPIN PA4 N0 XL,,09,,,,,,
3528705735289,70011947,MICHELIN,Reifen,09.csv,225,45,R,17,,,CROSS CLIMATE 2 XL 3PMSF,,09,,,,,,
3528705770334,70011931,MICHELIN,Reifen,09.csv,215,55,R,16,,,CROSS CLIMATE 2 3PMSF,,09,,,,,,
3528705792879,73907676,MICHELIN,Reifen,09.csv,235,50,R,19,,,PRIMACY 5 FRV XLRG,,09,,,,,,
3528705793708,70011144,MICHELIN,Reifen,09.csv,255,50,R,20,,,PIL.SPT 4 SUV XL,,09,,,,,,
3528705795931,70010223,MICHELIN,Reifen,09.csv,285,30,R,20,,Z,PILOT SUPERSP. ZPFSL,,09,,,,,,
3528705804718,70011604,MICHELIN,Reifen,09.csv,235,55,R,18,,,PRIMACY 4 AO1,,09,,,,,,
3528705814335,70012320,MICHELIN,Reifen,09.csv,225,45,R,19,,,CROSS CLIMATE 2 SUV XL 3PMSF,,09,,,,,,
3528705822217,70008694,MICHELIN,Reifen,09.csv,225,55,R,17,,,ALPIN A4 *,,09,,,,,,
3528705825584,70011929,MICHELIN,Reifen,09.csv,215,50,R,17,,,CROSS CLIMATE 2 3PMSF,,09,,,,,,
3528705845650,70011294,MICHELIN,Reifen,09.csv,255,35,R,19,,Z,PIL.SPT 4 S XLMO1FSL,,09,,,,,,
3528705871772,73907451,MICHELIN,Reifen,09.csv,205,60,R,16,,,ALPIN 7 3PMSF,,09,,,,,,
3528705918439,70008471,MICHELIN,Reifen,09.csv,235,35,R,20,,,PILOT ALPIN PA4 EL,,09,,,,,,
3528705924713,70007397,MICHELIN,Reifen,09.csv,225,45,R,17,,,PILOT PRIMACY  HP MO FSL,,09,,,,,,
3528705927417,70009943,MICHELIN,Reifen,09.csv,255,45,R,20,,,LATITUDE SPORT 3 AO,,09,,,,,,
3528705931094,70011554,MICHELIN,Reifen,09.csv,185,50,R,16,,,PRIMACY 4 E,,09,,,,,,
3528705932244,70011790,MICHELIN,Reifen,09.csv,205,60,R,16,,,E PRIMACY,,09,,,,,,
3528705933623,70011078,MICHELIN,Reifen,09.csv,275,40,R,20,,,PIL.SPT 4 SUV XL,,09,,,,,,
3528705954918,70012769,MICHELIN,Reifen,09.csv,285,35,R,20,,,CROSS CLIMATE 2 XLRG 3PMSF,,09,,,,,,
3528705960551,70012430,MICHELIN,Reifen,09.csv,235,60,R,18,,,E PRIMACY MO,,09,,,,,,
3528705964092,70011042,MICHELIN,Reifen,09.csv,235,55,R,18,,,PRIMACY3 XL,,09,,,,,,
3528705979898,70011464,MICHELIN,Reifen,09.csv,255,40,R,20,,Z,PIL.SPT 4 ZPXL,,09,,,,,,
3528706006937,70012527,MICHELIN,Reifen,09.csv,195,60,R,15,,,PRIMACY 4,,09,,,,,,
3528706011566,70010331,MICHELIN,Reifen,09.csv,305,35,R,19,,Z,PILOT SUPERSP.,,09,,,,,,
3528706029066,70012161,MICHELIN,Reifen,09.csv,225,55,R,17,,,PRIMACY 4+,,09,,,,,,
3528706032448,70011582,MICHELIN,Reifen,09.csv,225,35,R,19,,Z,PIL.SPT CUP 2 CNT XL,,09,,,,,,
3528706042447,73907593,MICHELIN,Reifen,09.csv,205,50,R,16,,,PILOT SPORT 5,,09,,,,,,
3528706044854,70012209,MICHELIN,Reifen,09.csv,255,40,R,19,,Z,PIL.SPT 5 XL,,09,,,,,,
3528706059315,70011210,MICHELIN,Reifen,09.csv,255,40,R,20,,Z,PIL.SPT 4S XLMO1,,09,,,,,,
3528706072031,70010483,MICHELIN,Reifen,09.csv,255,45,R,19,,,PIL.SPT 4 S1 XLAO,,09,,,,,,
3528706080210,70011951,MICHELIN,Reifen,09.csv,225,45,R,18,,,CROSS CLIMATE 2 XL 3PMSF,,09,,,,,,
3528706084126,70011612,MICHELIN,Reifen,09.csv,245,35,R,19,,Z,PIL.SPT CUP 2 CONNECT,,09,,,,,,
3528706085628,70009988,MICHELIN,Reifen,09.csv,295,35,R,20,,,PIL.SPT 4S K1 ELK1,,09,,,,,,
3528706094910,70009798,MICHELIN,Reifen,09.csv,225,55,R,17,,,ALPIN 5 ZP* MOE,,09,,,,,,
3528706113765,70009916,MICHELIN,Reifen,09.csv,245,35,R,20,,Z,PIL.SPT 4S ELMO,,09,,,,,,
3528706123849,70011384,MICHELIN,Reifen,09.csv,165,70,R,14,,,CROSS CLIMATE+ XL 3PMSF,,09,,,,,,
3528706125928,70011912,MICHELIN,Reifen,09.csv,205,55,R,16,,,CROSS CLIMATE 2 3PMSF,,09,,,,,,
3528706137372,70010746,MICHELIN,Reifen,09.csv,225,55,R,18,,,CROSS CLIMATE 3PMSF ELAO M+S,,09,,,,,,
3528706144790,70011890,MICHELIN,Reifen,09.csv,195,45,R,16,,,CROSS CLIMATE 2 XL 3PMSF,,09,,,,,,
3528706155734,70009716,MICHELIN,Reifen,09.csv,225,35,R,18,,Z,PILOT SUPERSP. ELF,,09,,,,,,
3528706164026,70008325,MICHELIN,Reifen,09.csv,175,65,R,14,,,ALPIN A4,,09,,,,,,
3528706166815,70010341,MICHELIN,Reifen,09.csv,175,65,R,15,,,ENERGY SAVER XL*,,09,,,,,,
3528706172694,70011069,MICHELIN,Reifen,09.csv,265,35,R,21,,Z,PIL.SPT 4S XL,,09,,,,,,
3528706175633,73907748,MICHELIN,Reifen,09.csv,295,35,R,20,,,PILOT SPORT 4S FRV XLMO1 BRG,,09,,,,,,
3528706179952,70012713,MICHELIN,Reifen,09.csv,245,45,R,20,,,PRIMACY 4+ XL,,09,,,,,,
3528706211188,70011631,MICHELIN,Reifen,09.csv,255,35,R,20,,Z,PIL.SPT CUP 2 R XL,,09,,,,,,
3528706247675,70009721,MICHELIN,Reifen,09.csv,225,40,R,18,,Z,PIL.SPT PS2 EL N3 FSL,,09,,,,,,
3528706259517,73907638,MICHELIN,Reifen,09.csv,225,40,R,20,,,CROSS CLIMATE 2 SUV XL 3PMSF,,09,,,,,,
3528706260445,70011615,MICHELIN,Reifen,09.csv,245,35,R,20,,Z,PIL.SPT CUP 2 CNT XL,,09,,,,,,
3528706263095,70009934,MICHELIN,Reifen,09.csv,255,35,R,19,,Z,PIL.SPT 4S EL,,09,,,,,,
3528706264344,70011938,MICHELIN,Reifen,09.csv,215,60,R,17,,,CROSS CLIMATE 2 3PMSF,,09,,,,,,
3528706276989,70012005,MICHELIN,Reifen,09.csv,265,40,R,20,,Z,PIL.SPT 4 S ACOUSTIC,,09,,,,,,
3528706317705,70011897,MICHELIN,Reifen,09.csv,195,55,R,16,,,CROSS CLIMATE 2 XL 3PMSF,,09,,,,,,
3528706320521,70012324,MICHELIN,Reifen,09.csv,225,55,R,18,,,CROSS CLIMATE 2 XL 3PMSF,,09,,,,,,
3528706346828,70012323,MICHELIN,Reifen,09.csv,225,50,R,19,,,CROSS CLIMATE 2 XL 3PMSF,,09,,,,,,
3528706415333,260000515,KORMORAN,Reifen,09.csv,225,60,R,18,,,SUMMER SUV XL M+S,,09,,,,,,
3528706420658,70012590,MICHELIN,Reifen,09.csv,275,35,R,18,,Z,PILOT SPORT 4S TPC XL,,09,,,,,,
3528706439131,70012464,MICHELIN,Reifen,09.csv,255,40,R,21,,Z,PIL.SPT 4S ACOUSTIC X,,09,,,,,,
3528706445309,70009979,MICHELIN,Reifen,09.csv,285,35,R,20,,Z,PIL.SPT 4S EL,,09,,,,,,
3528706448256,70009799,MICHELIN,Reifen,09.csv,225,55,R,17,,,ALPIN 5 AO,,09,,,,,,
3528706449178,73907650,MICHELIN,Reifen,09.csv,225,50,R,17,,,PRIMACY 5 XLRG,,09,,,,,,
3528706462177,70011989,MICHELIN,Reifen,09.csv,255,35,R,18,,,CROSS CLIMATE 2 XL 3PMSF,,09,,,,,,
3528706468810,70009935,MICHELIN,Reifen,09.csv,255,35,R,20,,Z,PIL.SPT 4S EL,,09,,,,,,
3528706471025,70012147,MICHELIN,Reifen,09.csv,225,50,R,17,,,PRIMACY 4+ XL,,09,,,,,,
3528706473906,70010457,MICHELIN,Reifen,09.csv,245,30,R,21,,Z,PIL.SPT 4S XL,,09,,,,,,
3528706492402,70011179,MICHELIN,Reifen,09.csv,215,45,R,16,,,ALPIN 6 XL 3PMSF,,09,,,,,,
3528706492716,70011062,MICHELIN,Reifen,09.csv,255,50,R,19,,,PIL.SPT 4 SUV,,09,,,,,,
3528706492952,70009946,MICHELIN,Reifen,09.csv,255,45,R,20,,Z,PIL.SPT 4S EL,,09,,,,,,
3528706497988,70009726,MICHELIN,Reifen,09.csv,305,30,R,20,,Z,PILOT SUPERSP. K3,,09,,,,,,
3528706514784,70009936,MICHELIN,Reifen,09.csv,255,40,R,18,,,PILOT SUPERSP. XLMO1,,09,,,,,,
3528706525582,70010428,MICHELIN,Reifen,09.csv,235,30,R,20,,Z,PIL.SPT 4S XL,,09,,,,,,
3528706529634,70012351,MICHELIN,Reifen,09.csv,245,35,R,20,,,CROSS CLIMATE 2 XL 3PMSF,,09,,,,,,
3528706538926,70010083,MICHELIN,Reifen,09.csv,225,45,R,18,,,PRIMACY3 ZP*FSL,,09,,,,,,
3528706539237,70011180,MICHELIN,Reifen,09.csv,215,45,R,16,,,ALPIN 6 XL 3PMSF,,09,,,,,,
3528706540547,70011923,MICHELIN,Reifen,09.csv,205,60,R,16,,,CROSS CLIMATE 2 XL 3PMSF,,09,,,,,,
3528706558405,70012640,MICHELIN,Reifen,09.csv,235,55,R,19,,,E PRIMACY XLRG,,09,,,,,,
3528706574337,70011982,MICHELIN,Reifen,09.csv,245,45,R,17,,,CROSS CLIMATE 2 XL 3PMSF,,09,,,,,,
3528706580147,70011824,MICHELIN,Reifen,09.csv,245,45,R,20,,,PIL.SPT 4 ZP,,09,,,,,,
3528706584589,70011060,MICHELIN,Reifen,09.csv,255,45,R,19,,,PIL.SPT 4 SUV,,09,,,,,,
3528706586200,70012531,MICHELIN,Reifen,09.csv,205,65,R,16,,,PRIMACY 4+,,09,,,,,,
3528706602597,70009727,MICHELIN,Reifen,09.csv,205,60,R,16,,,ENERGY SAVER+ MO,,09,,,,,,
3528706618284,70011064,MICHELIN,Reifen,09.csv,255,55,R,18,,,PIL.SPT 4 SUV XL,,09,,,,,,
3528706618413,70012125,MICHELIN,Reifen,09.csv,215,60,R,16,,,PRIMACY 4+ XL,,09,,,,,,
3528706618437,70012341,MICHELIN,Reifen,09.csv,235,55,R,19,,,CROSS CLIMATE 2 SUV XL 3PMSF,,09,,,,,,
3528706641398,70012537,MICHELIN,Reifen,09.csv,225,50,R,17,,,PRIMACY 4 XLIRG,,09,,,,,,
3528706656750,70012378,MICHELIN,Reifen,09.csv,255,60,R,18,,,CROSS CLIMATE 2 SUV XL 3PMSF,,09,,,,,,
3528706666902,70008481,MICHELIN,Reifen,09.csv,245,35,R,20,,,PILOT ALPIN PA4 EL,,09,,,,,,
3528706668869,70011132,MICHELIN,Reifen,09.csv,235,50,R,19,,,LATITUDE SPORT 3 MO,,09,,,,,,
3528706674358,70011894,MICHELIN,Reifen,09.csv,195,55,R,16,,,CROSS CLIMATE 2 3PMSF,,09,,,,,,
3528706677762,70012244,MICHELIN,Reifen,09.csv,205,40,R,17,,,CROSS CLIMATE 2 XL 3PMSF,,09,,,,,,
3528706694660,70011817,MICHELIN,Reifen,09.csv,235,55,R,19,,,PRIMACY 4 SUV ACOUSTIC GOE X,,09,,,,,,
3528706694707,70011948,MICHELIN,Reifen,09.csv,225,45,R,17,,,CROSS CLIMATE 2 3PMSF,,09,,,,,,
3528706712678,70011386,MICHELIN,Reifen,09.csv,175,65,R,14,,,CROSS CLIMATE+ XL 3PMSF,,09,,,,,,
3528706714566,70011900,MICHELIN,Reifen,09.csv,195,60,R,16,,,CROSS CLIMATE 2 XL 3PMSF,,09,,,,,,
3528706720086,70011266,MICHELIN,Reifen,09.csv,225,45,R,19,,,PIL.SPT 4 XL*FSL,,09,,,,,,
3528706730580,70010969,MICHELIN,Reifen,09.csv,305,30,R,21,,Z,PIL.SPT 4S XLNA0,,09,,,,,,
3528706735356,70012093,MICHELIN,Reifen,09.csv,205,50,R,17,,,PRIMACY 4+,,09,,,,,,
3528706739576,70012160,MICHELIN,Reifen,09.csv,225,55,R,17,,Z,PIL.SPT 5 XL,,09,,,,,,
3528706746192,70009729,MICHELIN,Reifen,09.csv,225,40,R,18,,Z,PIL.SPT 4 EL,,09,,,,,,
3528706747144,70012374,MICHELIN,Reifen,09.csv,255,50,R,20,,,CROSS CLIMATE 2 SUV XL 3PMSF,,09,,,,,,
3528706752636,70011853,MICHELIN,Reifen,09.csv,235,60,R,18,,,CROSS CLIMATE 2 XLVOL 3PMSF,,09,,,,,,
3528706762079,70011978,MICHELIN,Reifen,09.csv,245,40,R,18,,,CROSS CLIMATE 2 3PMSF,,09,,,,,,
3528706768859,70012365,MICHELIN,Reifen,09.csv,245,65,R,17,,,CROSS CLIMATE 2 SUV XL 3PMSF,,09,,,,,,
3528706769221,70012343,MICHELIN,Reifen,09.csv,235,55,R,20,,,CROSS CLIMATE 2 A/W 3PMSF,,09,,,,,,
3528706783500,70007603,MICHELIN,Reifen,09.csv,185,60,R,15,,,ALPIN A4 EL,,09,,,,,,
3528706784118,70011031,MICHELIN,Reifen,09.csv,225,55,R,19,,,PIL.SPT 4 SUV,,09,,,,,,
3528706812385,70012094,MICHELIN,Reifen,09.csv,205,50,R,17,,,PRIMACY 4+ XL,,09,,,,,,
3528706813832,70012694,MICHELIN,Reifen,09.csv,235,50,R,20,,,E PRIMACY XLRG,,09,,,,,,
3528706854446,70011993,MICHELIN,Reifen,09.csv,255,40,R,18,,,PIL.SPT 4 XL*,,09,,,,,,
3528706880285,70012192,MICHELIN,Reifen,09.csv,245,35,R,20,,Z,PIL.SPT 5 XL,,09,,,,,,
3528706883996,70010948,MICHELIN,Reifen,09.csv,275,35,R,21,,Z,PIL.SPT CUP 2 XLMO1,,09,,,,,,
3528706934124,70011493,MICHELIN,Reifen,09.csv,295,30,R,20,,Z,PIL.SPT 4 S XLN0FSL,,09,,,,,,
3528706934179,70009319,MICHELIN,Reifen,09.csv,275,40,R,19,,Z,PIL.SPORT 3 MO XL,,09,,,,,,
3528706935596,70012200,MICHELIN,Reifen,09.csv,245,45,R,18,,Z,PIL.SPT 5 XL,,09,,,,,,
3528706968617,73907657,MICHELIN,Reifen,09.csv,225,55,R,17,,,PRIMACY 5 XL,,09,,,,,,
3528706980350,70010314,MICHELIN,Reifen,09.csv,245,35,R,20,,Z,PIL.SPT CUP 2 ELN1,,09,,,,,,
3528706983054,73907609,MICHELIN,Reifen,09.csv,205,60,R,16,,,PRIMACY 5 XL,,09,,,,,,
3528706997228,70011821,MICHELIN,Reifen,09.csv,245,45,R,18,,,E PRIMACY XL,,09,,,,,,
3528707018618,70011672,MICHELIN,Reifen,09.csv,285,30,R,20,,Z,PIL.SPT 4 S XL*,,09,,,,,,
3528707019103,70011952,MICHELIN,Reifen,09.csv,225,50,R,16,,,CROSS CLIMATE 2 3PMSF,,09,,,,,,
3528707019738,70011984,MICHELIN,Reifen,09.csv,245,45,R,18,,,CROSS CLIMATE 2 3PMSF,,09,,,,,,
3528707073327,70012315,MICHELIN,Reifen,09.csv,205,65,R,16,,,CROSS CLIMATE 2 A/W 3PMSF,,09,,,,,,
3528707073716,70012395,MICHELIN,Reifen,09.csv,275,40,R,20,,,CROSS CLIMATE 2 SUV XL 3PMSF,,09,,,,,,
3528707082275,70011477,MICHELIN,Reifen,09.csv,275,35,R,19,,,PIL.SPT 4 ZPXL*,,09,,,,,,
3528707084910,70012680,MICHELIN,Reifen,09.csv,215,45,R,20,,,CROSS CLIMATE 2 XL 3PMSF,,09,,,,,,
3528707085702,70011027,MICHELIN,Reifen,09.csv,225,40,R,19,,,PIL.SPT 4S XL*,,09,,,,,,
3528707089830,70011941,MICHELIN,Reifen,09.csv,215,65,R,16,,,CROSS CLIMATE 2 XL 3PMSF,,09,,,,,,
3528707100801,70009947,MICHELIN,Reifen,09.csv,255,50,R,19,,,LATITUDE SPORT 3 MO1,,09,,,,,,
3528707101075,73907580,MICHELIN,Reifen,09.csv,185,65,R,15,,,CROSS CLIMATE 2 XL 3PMSF,,09,,,,,,
3528707102508,70009975,MICHELIN,Reifen,09.csv,285,30,R,20,,Z,PIL.SPT 4S EL,,09,,,,,,
3528707106414,73907659,MICHELIN,Reifen,09.csv,225,55,R,18,,,PRIMACY 5 RG,,09,,,,,,
3528707111913,70011583,MICHELIN,Reifen,09.csv,225,40,R,18,,Z,PIL.SPT 4 ZPXL,,09,,,,,,
3528707112477,70010161,MICHELIN,Reifen,09.csv,255,45,R,19,,Z,PILOT SUPERSP. N0FSL,,09,,,,,,
3528707117021,70010759,MICHELIN,Reifen,09.csv,265,35,R,20,,Z,PIL.SPT CUP 2 ELN2FSL,,09,,,,,,
3528707117526,70009325,MICHELIN,Reifen,09.csv,195,45,R,16,,,PILOT SPORT 3  XL,,09,,,,,,
3528707119896,70011836,MICHELIN,Reifen,09.csv,275,35,R,22,,Z,PIL.SPT 4S XL,,09,,,,,,
3528707141026,70010244,MICHELIN,Reifen,09.csv,295,35,R,18,,Z,PILOT SUPERSP. EL,,09,,,,,,
3528707146632,70009488,MICHELIN,Reifen,09.csv,255,35,R,19,,,PILOT ALPIN PA4 * XL,,09,,,,,,
3528707171351,70010831,MICHELIN,Reifen,09.csv,205,75,R,16C,111,,AGILIS CROSS CLIMATE 3PMSF M,,09,,,,,,
3528707174604,70011866,MICHELIN,Reifen,09.csv,275,45,R,20,,,CROSS CLIMATE 2 XLVOL 3PMSF,,09,,,,,,
3528707175014,70009329,MICHELIN,Reifen,09.csv,245,55,R,17,,,PRIMACY 3 *,,09,,,,,,
3528707204394,70009966,MICHELIN,Reifen,09.csv,275,35,R,19,,Z,PIL.SPT 4S EL,,09,,,,,,
3528707224934,70012761,MICHELIN,Reifen,09.csv,275,45,R,18,,Z,PILOT SPORT 5 XLRG,,09,,,,,,
3528707228970,70011973,MICHELIN,Reifen,09.csv,235,55,R,17,,,CROSS CLIMATE 2 XL 3PMSF,,09,,,,,,
3528707242716,70010128,MICHELIN,Reifen,09.csv,245,35,R,20,,,PIL.SPT 3 ZPEL* MOEFSL,,09,,,,,,
3528707244147,70011986,MICHELIN,Reifen,09.csv,245,45,R,19,,,CROSS CLIMATE 2 XL 3PMSF,,09,,,,,,
3528707278296,70011480,MICHELIN,Reifen,09.csv,275,40,R,18,,,PIL.SPT 4 ZPXL*,,09,,,,,,
3528707282361,70011936,MICHELIN,Reifen,09.csv,215,60,R,16,,,CROSS CLIMATE 2 3PMSF,,09,,,,,,
3528707306302,70009740,MICHELIN,Reifen,09.csv,245,40,R,20,,Z,PILOT SUPERSP. EL*,,09,,,,,,
3528707309747,70011841,MICHELIN,Reifen,09.csv,195,55,R,20,,,ALPIN 6 XL 3PMSF,,09,,,,,,
3528707315755,70009871,MICHELIN,Reifen,09.csv,215,55,R,17,,,PRIMACY3 SELFSEAL,,09,,,,,,
3528707316325,70009951,MICHELIN,Reifen,09.csv,265,35,R,19,,Z,PIL.SPT 4S EL,,09,,,,,,
3528707331564,70012270,MICHELIN,Reifen,09.csv,215,70,R,16,,,PRIMACY 4+,,09,,,,,,
3528707350329,73907452,MICHELIN,Reifen,09.csv,215,50,R,17,,,ALPIN 7 XLRG 3PMSF,,09,,,,,,
3528707359254,70011054,MICHELIN,Reifen,09.csv,245,45,R,21,,,PIL.SPT 4 SUV XL,,09,,,,,,
3528707360793,70010323,MICHELIN,Reifen,09.csv,275,30,R,20,,,PILOT SUPERSP. EL*,,09,,,,,,
3528707390059,70012092,MICHELIN,Reifen,09.csv,205,50,R,17,,,PRIMACY 4+ XL,,09,,,,,,
3528707397706,70012463,MICHELIN,Reifen,09.csv,HL255,40,R,21,,Z,PIL.SPT 4S XLMO1,,09,,,,,,
3528707404435,73907642,MICHELIN,Reifen,09.csv,225,45,R,17,,,PRIMACY 5 XLRG,,09,,,,,,
3528707409348,70011804,MICHELIN,Reifen,09.csv,225,45,R,17,,,E PRIMACY XL,,09,,,,,,
3528707410948,70010998,MICHELIN,Reifen,09.csv,275,35,R,21,,Z,PIL.SPT 4S ACOUSTIC X,,09,,,,,,
3528707414793,70010346,MICHELIN,Reifen,09.csv,185,65,R,15,,,PRIMACY 4,,09,,,,,,
3528707433046,70009743,MICHELIN,Reifen,09.csv,225,55,R,17,,,PRIMACY3 ZP* MOEFSL,,09,,,,,,
3528707445513,70012063,MICHELIN,Reifen,09.csv,275,35,R,19,,,PILOT SUPERSP. SELFSEAL XL*,,09,,,,,,
3528707446343,70011908,MICHELIN,Reifen,09.csv,205,50,R,16,,,CROSS CLIMATE 2 3PMSF,,09,,,,,,
3528707448354,70012219,MICHELIN,Reifen,09.csv,265,35,R,18,,Z,PIL.SPT 5 XL,,09,,,,,,
3528707480347,70010541,MICHELIN,Reifen,09.csv,325,25,R,20,,Z,PIL.SPT 4S XL,,09,,,,,,
3528707493217,70012714,MICHELIN,Reifen,09.csv,245,45,R,20,,Z,PILOT SPORT 5 XLRG,,09,,,,,,
3528707501639,70011921,MICHELIN,Reifen,09.csv,205,60,R,16,,,CROSS CLIMATE 2 3PMSF,,09,,,,,,
3528707503169,70011879,MICHELIN,Reifen,09.csv,155,70,R,19,,,E PRIMACY,,09,,,,,,
3528707547750,73907605,MICHELIN,Reifen,09.csv,205,55,R,17,,,PRIMACY 5 XLRG,,09,,,,,,
3528707597267,70010503,MICHELIN,Reifen,09.csv,265,40,R,21,,Z,PIL.SPT 4S MO1,,09,,,,,,
3528707613912,70012696,MICHELIN,Reifen,09.csv,235,50,R,20,,,PILOT SPORT 4 SUV XLRG,,09,,,,,,
3528707617408,70011719,MICHELIN,Reifen,09.csv,255,35,R,19,,,PIL.SPT 4 S XL GOE,,09,,,,,,
3528707632944,70012445,MICHELIN,Reifen,09.csv,265,40,R,20,,,CROSS CLIMATE 2 SUV XLRG 3PM,,09,,,,,,
3528707637963,70012302,MICHELIN,Reifen,09.csv,265,35,R,21,,,PIL.SPT 4S XL,,09,,,,,,
3528707639134,70011237,MICHELIN,Reifen,09.csv,185,60,R,15,,,PRIMACY 4,,09,,,,,,
3528707640710,70009898,MICHELIN,Reifen,09.csv,235,35,R,20,,Z,PIL.SPT 4S EL,,09,,,,,,
3528707662187,70010205,MICHELIN,Reifen,09.csv,275,40,R,18,,Z,PILOT SUPERSP. *FSL,,09,,,,,,
3528707672780,70012722,MICHELIN,Reifen,09.csv,255,45,R,20,,,PILOT ALPIN 5 SUV XLAO 3PMSF,,09,,,,,,
3528707674098,70009961,MICHELIN,Reifen,09.csv,275,30,R,19,,Z,PIL.SPT 4S EL,,09,,,,,,
3528707689054,70010412,MICHELIN,Reifen,09.csv,225,50,R,18,,,PIL.ALP. PA4 ZP,,09,,,,,,
3528707703842,70010155,MICHELIN,Reifen,09.csv,255,40,R,17,,Z,PIL.SPT PS2 N3FSL,,09,,,,,,
3528707740427,70012651,MICHELIN,Reifen,09.csv,HL315,30,R,21,,,PILOT ALPIN 5 XLND0 3PMSF,,09,,,,,,
3528707764492,70011720,MICHELIN,Reifen,09.csv,275,35,R,19,,Z,PIL.SPT CUP 2 DT XL*,,09,,,,,,
3528707773913,70011524,MICHELIN,Reifen,09.csv,255,30,R,19,,Z,PIL.SPT CUP 2 CNT XL,,09,,,,,,
3528707775566,70012181,MICHELIN,Reifen,09.csv,235,50,R,18,,,PRIMACY 4+ XL,,09,,,,,,
3528707783196,70011964,MICHELIN,Reifen,09.csv,235,40,R,19,,,CROSS CLIMATE 2 XL 3PMSF,,09,,,,,,
3528707783332,70010282,MICHELIN,Reifen,09.csv,205,65,R,15,,,CROSSCLIMATE + XL,,09,,,,,,
3528707808479,70010911,MICHELIN,Reifen,09.csv,235,65,R,16C,113,,AGILIS CROSS CLIMATE 3PMSF M,,09,,,,,,
3528707809056,73907626,MICHELIN,Reifen,09.csv,215,60,R,17,,,PRIMACY 5 XL,,09,,,,,,
3528707856463,70012191,MICHELIN,Reifen,09.csv,245,35,R,19,,Z,PIL.SPT 5 XL,,09,,,,,,
3528707860064,70011788,MICHELIN,Reifen,09.csv,205,60,R,16,,,E PRIMACY XL,,09,,,,,,
3528707876119,70011240,MICHELIN,Reifen,09.csv,195,50,R,15,,,CROSS CLIMATE+ XL 3PMSF,,09,,,,,,
3528707882264,70012327,MICHELIN,Reifen,09.csv,225,60,R,18,,,CROSS CLIMATE 2 XL 3PMSF,,09,,,,,,
3528707909329,70010902,MICHELIN,Reifen,09.csv,235,55,R,18,,,PRIMACY 4 AO,,09,,,,,,
3528707915993,70011447,MICHELIN,Reifen,09.csv,245,40,R,19,,,PIL.SPT 4 ZPXL*,,09,,,,,,
3528707918727,70011801,MICHELIN,Reifen,09.csv,215,60,R,17,,,E PRIMACY,,09,,,,,,
3528707948649,70012203,MICHELIN,Reifen,09.csv,255,35,R,19,,Z,PIL.SPT 5 XL,,09,,,,,,
3528707976086,70009756,MICHELIN,Reifen,09.csv,265,35,R,19,,Z,PILOT SUPERSP. XLM,,09,,,,,,
3528708117563,70010888,MICHELIN,Reifen,09.csv,235,35,R,20,,Z,PIL.SPT 4S XLTO,,09,,,,,,
3528708121058,70012473,MICHELIN,Reifen,09.csv,275,35,R,20,,,E PRIMACY XL* MO,,09,,,,,,
3528708121300,73907507,MICHELIN,Reifen,09.csv,245,50,R,19,,,E PRIMACY XL*,,09,,,,,,
3528708122550,70012294,MICHELIN,Reifen,09.csv,245,45,R,20,,,PIL.SPT 4 SUV XLVOL,,09,,,,,,
3528708137653,70007541,MICHELIN,Reifen,09.csv,305,30,R,19,,,PILOT SPORT PS2 N2 XL,,09,,,,,,
3528708142046,70009949,MICHELIN,Reifen,09.csv,265,30,R,19,,Z,PIL.SPT 4S EL,,09,,,,,,
3528708149113,70011188,MICHELIN,Reifen,09.csv,225,50,R,18,,,PIL.ALP. 5 XL 3PMSF,,09,,,,,,
3528708153868,70008600,MICHELIN,Reifen,09.csv,245,55,R,17,,,PRIMACY 3 MO,,09,,,,,,
3528708154902,70010251,MICHELIN,Reifen,09.csv,295,40,R,20,,,LATITUDE SPORT 3 N0,,09,,,,,,
3528708173545,70009963,MICHELIN,Reifen,09.csv,275,30,R,20,,Z,PIL.SPT 4S ELMO,,09,,,,,,
3528708173897,70009758,MICHELIN,Reifen,09.csv,265,35,R,19,,Z,PIL.SPT CUP 2 EL*,,09,,,,,,
3528708177475,70012269,MICHELIN,Reifen,09.csv,215,65,R,17,,,E PRIMACY,,09,,,,,,
3528708177734,73907729,MICHELIN,Reifen,09.csv,265,40,R,20,,,PILOT SPORT EV XLAORG,,09,,,,,,
3528708178670,70012339,MICHELIN,Reifen,09.csv,235,55,R,19,,,E PRIMACY,,09,,,,,,
3528708179165,70012601,MICHELIN,Reifen,09.csv,285,30,R,20,,Z,PILOT SPORT 4S XLIRG,,09,,,,,,
3528708179943,73907627,MICHELIN,Reifen,09.csv,215,65,R,16,,,PRIMACY 5 XL,,09,,,,,,
3528708184008,73907680,MICHELIN,Reifen,09.csv,235,55,R,18,,,PRIMACY 5 FRV XLRG,,09,,,,,,
3528708190955,70011768,MICHELIN,Reifen,09.csv,185,60,R,15,,,E PRIMACY,,09,,,,,,
3528708215795,73907648,MICHELIN,Reifen,09.csv,225,45,R,19,,,PRIMACY 5 FRV XLRG,,09,,,,,,
3528708215825,70009940,MICHELIN,Reifen,09.csv,255,40,R,20,,Z,PIL.SPT 4S EL,,09,,,,,,
3528708234772,70010908,MICHELIN,Reifen,09.csv,235,60,R,18,,,LATITUDE SPORT 3 AO,,09,,,,,,
3528708237766,70010987,MICHELIN,Reifen,09.csv,205,60,R,16,,,CROSS CLIMATE+ ZPEL 3PMSF,,09,,,,,,
3528708249097,70011461,MICHELIN,Reifen,09.csv,255,40,R,19,,Z,PIL.SPT 4 ZP,,09,,,,,,
3528708260191,70011928,MICHELIN,Reifen,09.csv,215,50,R,17,,,CROSS CLIMATE 2 XL 3PMSF,,09,,,,,,
3528708261679,70012780,MICHELIN,Reifen,09.csv,295,30,R,20,,Z,PILOT SPORT CUP 2 R X,,09,,,,,,
3528708268685,70011950,MICHELIN,Reifen,09.csv,225,45,R,17,,,CROSS CLIMATE 2 XL 3PMSF,,09,,,,,,
3528708308398,70012287,MICHELIN,Reifen,09.csv,235,55,R,18,,,E PRIMACY S1 XL,,09,,,,,,
3528708309371,70012376,MICHELIN,Reifen,09.csv,255,55,R,19,,,CROSS CLIMATE 2 SUV XL 3PMSF,,09,,,,,,
3528708318991,70009760,MICHELIN,Reifen,09.csv,245,45,R,18,,,PRIMACY3 ZPEL* MOEFSL,,09,,,,,,
3528708321533,70007411,MICHELIN,Reifen,09.csv,295,30,R,18,,,PILOT SPORT PS2 N3 FSL,,09,,,,,,
3528708323018,73907437,MICHELIN,Reifen,09.csv,195,55,R,16,,,ALPIN 7 XL 3PMSF,,09,,,,,,
3528708348721,70012176,MICHELIN,Reifen,09.csv,235,45,R,18,,Z,PIL.SPT 5 XL,,09,,,,,,
3528708354746,70009985,MICHELIN,Reifen,09.csv,295,30,R,20,,Z,PIL.SPT 4S EL,,09,,,,,,
3528708368194,70012466,MICHELIN,Reifen,09.csv,255,45,R,20,,,PIL.SPT 4 SUV XLARRG,,09,,,,,,
3528708377653,70011974,MICHELIN,Reifen,09.csv,245,35,R,18,,,CROSS CLIMATE 2 XL 3PMSF,,09,,,,,,
3528708413139,70010898,MICHELIN,Reifen,09.csv,235,45,R,19,,,PIL.ALP. 5 3PMSF XL M+S,,09,,,,,,
3528708431652,70011850,MICHELIN,Reifen,09.csv,235,50,R,19,,,CROSS CLIMATE 2 XLVOL 3PMSF,,09,,,,,,
3528708435384,70012676,MICHELIN,Reifen,09.csv,205,40,R,18,,,CROSS CLIMATE 2 XL 3PMSF,,09,,,,,,
3528708461086,70011916,MICHELIN,Reifen,09.csv,205,55,R,17,,,CROSS CLIMATE 2 XL 3PMSF,,09,,,,,,
3528708479012,73907678,MICHELIN,Reifen,09.csv,235,55,R,17,,,PRIMACY 5 XL,,09,,,,,,
3528708491816,70010186,MICHELIN,Reifen,09.csv,265,40,R,19,,Z,PILOT SUPERSP. EL*FS,,09,,,,,,
3528708500204,70012306,MICHELIN,Reifen,09.csv,275,35,R,21,,,PIL.SPT 4S XLAMLRG,,09,,,,,,
3528708502604,70012058,MICHELIN,Reifen,09.csv,245,35,R,20,,,PIL.SPT 4 XL*,,09,,,,,,
3528708512573,73907632,MICHELIN,Reifen,09.csv,225,40,R,18,,,E PRIMACY ST XL*,,09,,,,,,
3528708532908,70012190,MICHELIN,Reifen,09.csv,245,35,R,18,,Z,PIL.SPT 5 XL,,09,,,,,,
3528708537682,70012031,MICHELIN,Reifen,09.csv,255,40,R,20,,,CROSS CLIMATE 2 SUV XLVOL 3P,,09,,,,,,
3528708573949,70011773,MICHELIN,Reifen,09.csv,185,65,R,15,,,E PRIMACY XL,,09,,,,,,
3528708589414,70011730,MICHELIN,Reifen,09.csv,245,40,R,18,,,PRIMACY 4 MO,,09,,,,,,
3528708609716,70012748,MICHELIN,Reifen,09.csv,275,35,R,19,,Z,PILOT SPORT 4S DT XLR,,09,,,,,,
3528708612204,70012382,MICHELIN,Reifen,09.csv,265,35,R,21,,,PIL.SPT EV ACOUSTIC XLRG,,09,,,,,,
3528708612853,70011888,MICHELIN,Reifen,09.csv,185,65,R,15,,,CROSS CLIMATE 2 3PMSF,,09,,,,,,
3528708634442,70012279,MICHELIN,Reifen,09.csv,235,40,R,20,,,PIL.SPT EV XL,,09,,,,,,
3528708641198,70010473,MICHELIN,Reifen,09.csv,255,30,R,20,,Z,PIL.SPT 4S XL,,09,,,,,,
3528708649637,73907615,MICHELIN,Reifen,09.csv,215,50,R,17,,,PRIMACY 5 XLRG,,09,,,,,,
3528708661417,73907464,MICHELIN,Reifen,09.csv,215,65,R,16,,,ALPIN 7 3PMSF,,09,,,,,,
3528708666573,70011589,MICHELIN,Reifen,09.csv,225,45,R,18,,,PRIMACY 4 XLMO,,09,,,,,,
3528708667433,70012318,MICHELIN,Reifen,09.csv,215,55,R,18,,,CROSS CLIMATE 2 3PMSF,,09,,,,,,
3528708669871,70009902,MICHELIN,Reifen,09.csv,235,45,R,20,,Z,PIL.SPT 4S EL,,09,,,,,,
3528708672383,70012443,MICHELIN,Reifen,09.csv,255,40,R,19,,,PIL.ALP. 5 XLMO1 3PMSF,,09,,,,,,
3528708673618,73907639,MICHELIN,Reifen,09.csv,225,45,R,17,,,PRIMACY 5 RG,,09,,,,,,
3528708699984,70012415,MICHELIN,Reifen,09.csv,245,35,R,20,,,PIL.SPT 4S XLMO1,,09,,,,,,
3528708711006,70011586,MICHELIN,Reifen,09.csv,225,40,R,19,,Z,PIL.SPT CUP 2 CNT XL,,09,,,,,,
3528708711730,70011639,MICHELIN,Reifen,09.csv,255,40,R,21,,,PIL.SPT 4 SUV GOE XL,,09,,,,,,
3528708713826,70011636,MICHELIN,Reifen,09.csv,255,40,R,20,,,PIL.ALP. 5 XL 3PMSF,,09,,,,,,
3528708717329,70010047,MICHELIN,Reifen,09.csv,205,55,R,16,,,PRIMACY3 ZPFSL,,09,,,,,,
3528708723641,70012678,MICHELIN,Reifen,09.csv,205,50,R,17,,,CROSS CLIMATE 2 3PMSF,,09,,,,,,
3528708736245,73907596,MICHELIN,Reifen,09.csv,205,50,R,17,,,PRIMACY 5 XLRG,,09,,,,,,
3528708745209,73907655,MICHELIN,Reifen,09.csv,225,50,R,18,,,PRIMACY 5 FRV XLRG,,09,,,,,,
3528708750678,70011737,MICHELIN,Reifen,09.csv,195,55,R,20,,,CROSSCLIMATE 2 XL 3PMSF,,09,,,,,,
3528708765146,70010884,MICHELIN,Reifen,09.csv,225,70,R,15C,110,,AGILIS CROSS CLIMATE 3PMSF M,,09,,,,,,
3528708768055,70012336,MICHELIN,Reifen,09.csv,235,50,R,20,,,CROSS CLIMATE 2 SUV XL 3PMSF,,09,,,,,,
3528708770843,70009770,MICHELIN,Reifen,09.csv,245,35,R,19,,Z,PILOT SUPERSP. EL*,,09,,,,,,
3528708775107,70011232,MICHELIN,Reifen,09.csv,215,60,R,17C,107,,AGILIS CROSS CLIMATE 3PMSF M,,09,,,,,,
3528708795198,70012253,MICHELIN,Reifen,09.csv,205,65,R,15,,,PRIMACY 4,,09,,,,,,
3528708859838,70012708,MICHELIN,Reifen,09.csv,245,40,R,21,,,CROSS CLIMATE 2 XLRG 3PMSF,,09,,,,,,
3528708922945,70011451,MICHELIN,Reifen,09.csv,245,45,R,18,,,PRIMACY 4 XLVOLFSL,,09,,,,,,
3528708941090,73907667,MICHELIN,Reifen,09.csv,235,45,R,18,,,PRIMACY 5 FRV XLRG,,09,,,,,,
3528708975392,70011968,MICHELIN,Reifen,09.csv,235,45,R,18,,,CROSS CLIMATE 2 XL 3PMSF,,09,,,,,,
3528709009119,70011438,MICHELIN,Reifen,09.csv,235,65,R,16C,113,,AGILIS 3,,09,,,,,,
3528709010177,73907641,MICHELIN,Reifen,09.csv,225,45,R,17,,,PRIMACY 5 RG,,09,,,,,,
3528709053907,70011925,MICHELIN,Reifen,09.csv,215,40,R,18,,,CROSS CLIMATE 2 XL 3PMSF,,09,,,,,,
3528709054713,70012597,MICHELIN,Reifen,09.csv,275,35,R,21,,,PILOT SPORT S 5 RG,,09,,,,,,
3528709080545,70011898,MICHELIN,Reifen,09.csv,195,60,R,15,,,CROSS CLIMATE 2 3PMSF,,09,,,,,,
3528709085649,70011919,MICHELIN,Reifen,09.csv,205,60,R,15,,,CROSS CLIMATE 2 XL 3PMSF,,09,,,,,,
3528709096621,73907440,MICHELIN,Reifen,09.csv,195,60,R,16,,,ALPIN 7 3PMSF,,09,,,,,,
3528709178921,70010179,MICHELIN,Reifen,09.csv,265,35,R,19,,Z,PILOT SUPERSP. ELMOFS,,09,,,,,,
3528709198516,70010306,MICHELIN,Reifen,09.csv,225,55,R,17,,,PRIMACY3 ZP*,,09,,,,,,
3528709204736,70011398,MICHELIN,Reifen,09.csv,205,55,R,16,,,PRIMACY 4 XLFSL,,09,,,,,,
3528709208383,70011767,MICHELIN,Reifen,09.csv,165,65,R,15,,,E PRIMACY,,09,,,,,,
3528709210799,70012781,MICHELIN,Reifen,09.csv,295,30,R,20,,Z,PILOT SPORT S 5 XLMO1,,09,,,,,,
3528709210805,70012692,MICHELIN,Reifen,09.csv,235,45,R,21,,,E PRIMACY S1 RG,,09,,,,,,
3528709210980,70012551,MICHELIN,Reifen,09.csv,235,55,R,20,,,PILOT SPORT 4 SUV XLRG,,09,,,,,,
3528709212847,73907654,MICHELIN,Reifen,09.csv,225,50,R,18,,,PRIMACY 5 FRV RG,,09,,,,,,
3528709219006,70010832,MICHELIN,Reifen,09.csv,215,40,R,17,,,ALPIN 6 3PMSF XL M+S,,09,,,,,,
3528709221511,70011267,MICHELIN,Reifen,09.csv,225,50,R,16,,Z,PIL.SPT 4 FSL,,09,,,,,,
3528709222846,70012132,MICHELIN,Reifen,09.csv,225,40,R,18,,Z,PIL.SPT 5 XL,,09,,,,,,
3528709223034,70009025,MICHELIN,Reifen,09.csv,275,40,R,20,,,LATITUDE SPORT 3 XL,,09,,,,,,
3528709226042,70012732,MICHELIN,Reifen,09.csv,265,35,R,20,,Z,PILOT SPORT 4S ACOUSTI,,09,,,,,,
3528709231152,70007451,MICHELIN,Reifen,09.csv,215,70,R,15C,107,,AGILIS ALPIN,,09,,,,,,
3528709232920,70011906,MICHELIN,Reifen,09.csv,205,45,R,17,,,CROSS CLIMATE 2 XL 3PMSF,,09,,,,,,
3528709233828,70012151,MICHELIN,Reifen,09.csv,225,50,R,17,,,PRIMACY 4+ XL,,09,,,,,,
3528709242165,70011503,MICHELIN,Reifen,09.csv,325,30,R,21,,Z,PIL.SPT 4 S XLND0,,09,,,,,,
3528709252607,70009977,MICHELIN,Reifen,09.csv,285,35,R,18,,,PILOT SUPERSP. MO1,,09,,,,,,
3528709282437,70012049,MICHELIN,Reifen,09.csv,195,60,R,18,,,E PRIMACY XL,,09,,,,,,
3528709292818,70010967,MICHELIN,Reifen,09.csv,305,30,R,20,,Z,PIL.SPT CUP 2 XLAO,,09,,,,,,
3528709313322,70009915,MICHELIN,Reifen,09.csv,245,35,R,20,,,PIL.ALP. PA4 N1,,09,,,,,,
3528709325462,70012322,MICHELIN,Reifen,09.csv,225,50,R,18,,,CROSS CLIMATE 2 SUV 3PMSF,,09,,,,,,
3528709330510,70010920,MICHELIN,Reifen,09.csv,245,35,R,20,,Z,PIL.SPT CUP 2 EL,,09,,,,,,
3528709354011,70012689,MICHELIN,Reifen,09.csv,225,55,R,19,,,E PRIMACY XLRG,,09,,,,,,
3528709358828,70010865,MICHELIN,Reifen,09.csv,225,45,R,18,,,PIL.SPT 4 XLMO,,09,,,,,,
3528709384155,70012330,MICHELIN,Reifen,09.csv,235,40,R,20,,,PIL.ALP. 5 XLRG 3PMSF,,09,,,,,,
3528709387019,70012210,MICHELIN,Reifen,09.csv,255,40,R,20,,Z,PIL.SPT 5 XL,,09,,,,,,
3528709401227,70009778,MICHELIN,Reifen,09.csv,265,35,R,18,,Z,PIL.SPT PS2 ELN3,,09,,,,,,
3528709402026,70012207,MICHELIN,Reifen,09.csv,255,35,R,22,,Z,PIL.SPT 4S ACOUSTIC K1,,09,,,,,,
3528709403603,70010756,MICHELIN,Reifen,09.csv,235,65,R,17,,,CROSS CLIMATE SUV 3PMSF MO M,,09,,,,,,
3528709414487,70011368,MICHELIN,Reifen,09.csv,225,40,R,18,,,PIL.SPT 4 XL*,,09,,,,,,
3528709421669,70008172,MICHELIN,Reifen,09.csv,245,40,R,18,,,PILOT SPORT 3  AO EL FSL,,09,,,,,,
3528709423137,73907611,MICHELIN,Reifen,09.csv,205,60,R,16,,,PRIMACY 5 XL,,09,,,,,,
3528709441223,70012367,MICHELIN,Reifen,09.csv,255,40,R,20,,,CROSS CLIMATE 2 XL 3PMSF,,09,,,,,,
3528709458276,73907433,MICHELIN,Reifen,09.csv,185,65,R,15,,,ALPIN 7 XL 3PMSF,,09,,,,,,
3528709463430,70012007,MICHELIN,Reifen,09.csv,275,35,R,19,,,PIL.ALP. 5 XL 3PMSF,,09,,,,,,
3528709469692,70010514,MICHELIN,Reifen,09.csv,275,40,R,19,,Z,PIL.SPT 4S EL,,09,,,,,,
3528709482691,70011815,MICHELIN,Reifen,09.csv,235,45,R,18,,,E PRIMACY XL,,09,,,,,,
3528709491921,70011600,MICHELIN,Reifen,09.csv,235,50,R,19,,,PRIMACY 4 XLVOL,,09,,,,,,
3528709499385,70010847,MICHELIN,Reifen,09.csv,215,65,R,15C,102,,AGILIS CROSS CLIMATE 3PMSF M,,09,,,,,,
3528709516938,70010450,MICHELIN,Reifen,09.csv,235,55,R,19,,,LATITUDE SPORT 3 VOL ACOU XL,,09,,,,,,
3528709519199,70012197,MICHELIN,Reifen,09.csv,245,45,R,17,,Z,PIL.SPT 5 XL,,09,,,,,,
3528709529723,70012711,MICHELIN,Reifen,09.csv,245,45,R,18,,Z,PILOT SPORT 4S XLRG,,09,,,,,,
3528709537728,70011127,MICHELIN,Reifen,09.csv,225,60,R,18,,,PIL.SPT 4 SUV,,09,,,,,,
3528709560603,70011430,MICHELIN,Reifen,09.csv,235,45,R,21,,,PIL.SPT 4 SUV XL,,09,,,,,,
3528709562119,70011552,MICHELIN,Reifen,09.csv,155,70,R,19,,,ALPIN 6 XL 3PMSF,,09,,,,,,
3528709566025,70010351,MICHELIN,Reifen,09.csv,195,65,R,15,,,PRIMACY 4,,09,,,,,,
3528709592505,70008706,MICHELIN,Reifen,09.csv,255,35,R,18,,,PILOT ALPIN PA4 EL,,09,,,,,,
3528709600965,70011039,MICHELIN,Reifen,09.csv,235,45,R,20,,,PIL.SPT 4 SUV XL,,09,,,,,,
3528709603584,70011855,MICHELIN,Reifen,09.csv,245,35,R,18,,Z,PIL.SPT 4 ZPXL,,09,,,,,,
3528709610568,70012148,MICHELIN,Reifen,09.csv,225,50,R,17,,,PRIMACY 4+ XL,,09,,,,,,
3528709611688,70011572,MICHELIN,Reifen,09.csv,215,40,R,18,,Z,PIL.SPT CUP 2 CNT XL,,09,,,,,,
3528709646307,70012704,MICHELIN,Reifen,09.csv,235,60,R,18,,,CROSS CLIMATE 2 SUV 3PMSF,,09,,,,,,
3528709651196,70009907,MICHELIN,Reifen,09.csv,235,55,R,19,,,LATITUDE SPORT 3 MO1,,09,,,,,,
3528709671286,70011969,MICHELIN,Reifen,09.csv,235,45,R,19,,,CROSS CLIMATE 2 XL 3PMSF,,09,,,,,,
3528709680257,70011071,MICHELIN,Reifen,09.csv,265,45,R,20,,,PIL.SPT 4 SUV XL,,09,,,,,,
3528709685993,70009521,MICHELIN,Reifen,09.csv,205,60,R,16,,,ALPIN 5 ZP,,09,,,,,,
3528709690546,70011980,MICHELIN,Reifen,09.csv,HL245,40,R,19,,,PIL.SPT 4 XL*,,09,,,,,,
3528709694476,70012186,MICHELIN,Reifen,09.csv,235,55,R,17,,,PRIMACY 4+ XL,,09,,,,,,
3528709710855,70009795,MICHELIN,Reifen,09.csv,205,65,R,16,,,ALPIN 5 MO,,09,,,,,,
3528709722636,70009138,MICHELIN,Reifen,09.csv,285,40,R,19,,,PILOT ALPIN PA4 N1,,09,,,,,,
3528709740197,70008923,MICHELIN,Reifen,09.csv,245,45,R,18,,,PRIMACY 3 AO XL,,09,,,,,,
3528709745680,70011979,MICHELIN,Reifen,09.csv,245,40,R,19,,,CROSS CLIMATE 2 XL 3PMSF,,09,,,,,,
3528709750431,70011721,MICHELIN,Reifen,09.csv,285,30,R,20,,Z,PIL.SPT CUP 2 DT XL*,,09,,,,,,
3528709754538,70009781,MICHELIN,Reifen,09.csv,275,35,R,20,,Z,PILOT SUPERSP. XL,,09,,,,,,
3528709759694,73907610,MICHELIN,Reifen,09.csv,205,60,R,16,,,PRIMACY 5,,09,,,,,,
3528709762564,70011453,MICHELIN,Reifen,09.csv,245,45,R,18,,,PIL.SPT 4 ZPXL*,,09,,,,,,
3528709768375,70012215,MICHELIN,Reifen,09.csv,255,45,R,19,,Z,PIL.SPT 5 XL,,09,,,,,,
3528709780902,70010890,MICHELIN,Reifen,09.csv,235,40,R,18,,,PIL.ALP. 5 3PMSF XLMO1 M+S,,09,,,,,,
3528709786799,70008408,MICHELIN,Reifen,09.csv,295,30,R,20,,Z,PIL.SUP.SPORT MO X,,09,,,,,,
3528709789981,70012709,MICHELIN,Reifen,09.csv,245,40,R,21,,,PRIMACY 4+ XL,,09,,,,,,
3528709792264,70012224,MICHELIN,Reifen,09.csv,275,40,R,18,,Z,PIL.SPT 5 XL,,09,,,,,,
3528709809566,70007420,MICHELIN,Reifen,09.csv,205,55,R,16,,,ENERGY SAVER MO,,09,,,,,,
3528709817905,70012329,MICHELIN,Reifen,09.csv,225,65,R,17,,,CROSS CLIMATE 2 SUV XL 3PMSF,,09,,,,,,
3528709820424,70011239,MICHELIN,Reifen,09.csv,185,65,R,15,,,PRIMACY 4 XL,,09,,,,,,
3528709831611,70008338,MICHELIN,Reifen,09.csv,185,60,R,14,,,ALPIN A4,,09,,,,,,
3528709877046,70011413,MICHELIN,Reifen,09.csv,225,35,R,19,,Z,PIL.SPT 4 S ZPXLFSL,,09,,,,,,
3528709877855,70011387,MICHELIN,Reifen,09.csv,175,70,R,14,,,CROSS CLIMATE+ 3PMSF,,09,,,,,,
3528709905657,70012682,MICHELIN,Reifen,09.csv,215,55,R,18,,,CROSS CLIMATE 2 S1 3PMSF,,09,,,,,,
3528709908337,70008653,MICHELIN,Reifen,09.csv,275,40,R,19,,,PILOT SPORT 3  MO,,09,,,,,,
3528709909860,70011846,MICHELIN,Reifen,09.csv,225,50,R,17,,,PRIMACY 4 ZPXL,,09,,,,,,
3528709925259,70009938,MICHELIN,Reifen,09.csv,255,40,R,19,,,PIL.SPT 4 VOLVO EL,,09,,,,,,
3528709938839,70010329,MICHELIN,Reifen,09.csv,305,30,R,20,,Z,PIL.SPT CUP 2 XLN1,,09,,,,,,
3528709946285,70011917,MICHELIN,Reifen,09.csv,205,55,R,17,,,CROSS CLIMATE 2 3PMSF,,09,,,,,,
3528709946384,70011367,MICHELIN,Reifen,09.csv,205,55,R,16,,,CROSS CLIMATE+ S1 XL 3PMSF,,09,,,,,,
3528709949934,70010894,MICHELIN,Reifen,09.csv,235,40,R,19,,Z,PIL.SPT 4S XLNA0,,09,,,,,,
3528709975162,70011987,MICHELIN,Reifen,09.csv,255,30,R,19,,,PIL.ALP. 5 XL 3PMSF,,09,,,,,,
4019238002348,10009685,CONTINENTAL,Reifen,09.csv,275,35,R,20,,,SPORTC. 5 P XLMOFR,,09,,,,,,
4019238002478,10010064,CONTINENTAL,Reifen,09.csv,235,45,R,18,,,PREMIUMC. 6 XLVOLFR,,09,,,,,,
4019238003789,10010307,CONTINENTAL,Reifen,09.csv,265,40,R,21,,,TS 860 S 3PMSF XLFR M+S,,09,,,,,,
4019238003802,10010263,CONTINENTAL,Reifen,09.csv,255,35,R,19,,,TS 860 S 3PMSF SSRXL M+S,,09,,,,,,
4019238003819,10010155,CONTINENTAL,Reifen,09.csv,225,40,R,19,,,TS 860 S 3PMSF SSRXL M+S,,09,,,,,,
4019238003826,10010414,CONTINENTAL,Reifen,09.csv,205,45,R,17,,,ECOCONTACT 6 XL,,09,,,,,,
4019238003840,10010120,CONTINENTAL,Reifen,09.csv,195,55,R,16,,,ALLSEASONCONTACT,,09,,,,,,
4019238003895,10009886,CONTINENTAL,Reifen,09.csv,235,40,R,18,,Z,SPORTC. 6 XLFR,,09,,,,,,
4019238004908,10010006,CONTINENTAL,Reifen,09.csv,265,40,R,21,,,PREMIUMC. 6 XLFR,,09,,,,,,
4019238005004,10009996,CONTINENTAL,Reifen,09.csv,255,45,R,20,,,PREMIUMC. 6 XLFR,,09,,,,,,
4019238005059,10010205,CONTINENTAL,Reifen,09.csv,235,45,R,20,,,PREMIUMC. 6 XLFR,,09,,,,,,
4019238005080,10009905,CONTINENTAL,Reifen,09.csv,245,50,R,19,,,PREMIUMC. 6 FR,,09,,,,,,
4019238005110,10010433,CONTINENTAL,Reifen,09.csv,205,65,R,16C,103,,VANCOECO VW (105T),,09,,,,,,
4019238005158,10009855,CONTINENTAL,Reifen,09.csv,205,60,R,16,,,PREMIUMC. 5 SEAL C_SXL,,09,,,,,,
4019238005172,10010502,CONTINENTAL,Reifen,09.csv,235,45,R,19,,,PREMIUMC. 6 XLVOLFR,,09,,,,,,
4019238005202,10009912,CONTINENTAL,Reifen,09.csv,265,30,R,20,,,SPORTC. 5 P SILENT XLRO1FR,,09,,,,,,
4019238005639,10010147,CONTINENTAL,Reifen,09.csv,215,65,R,15C,102,,VANC. ECO FOR,,09,,,,,,
4019238006032,10010728,CONTINENTAL,Reifen,09.csv,245,40,R,19,,,PREMIUMC. 6 XLFR,,09,,,,,,
4019238006186,10010066,CONTINENTAL,Reifen,09.csv,235,65,R,16C,113,,VANC. 100 MB,,09,,,,,,
4019238006193,10010057,CONTINENTAL,Reifen,09.csv,215,75,R,16C,114,,VANCO FS,,09,,,,,,
4019238006643,10010553,CONTINENTAL,Reifen,09.csv,255,40,R,20,,Z,SPORTC. 6 XLMO1FR,,09,,,,,,
4019238007039,10010067,CONTINENTAL,Reifen,09.csv,235,65,R,16C,113,,VANC. 200 MB,,09,,,,,,
4019238009095,10010233,CONTINENTAL,Reifen,09.csv,245,35,R,20,,,TS 860 S 3PMSF XLFR M+S,,09,,,,,,
4019238009187,10010173,CONTINENTAL,Reifen,09.csv,225,65,R,16C,110,,VANC. 4SEASON 3PMSF REN M+S,,09,,,,,,
4019238009224,10010241,CONTINENTAL,Reifen,09.csv,245,40,R,19,,,TS 860 S 3PMSF SSRXL M+S,,09,,,,,,
4019238009231,10010254,CONTINENTAL,Reifen,09.csv,245,60,R,18,,,TS 850 P SUV 3PMSF FR M+S,,09,,,,,,
4019238009767,10010051,CONTINENTAL,Reifen,09.csv,195,75,R,16C,105,,VANC. 200 MB,,09,,,,,,
4019238010114,10009890,CONTINENTAL,Reifen,09.csv,235,50,R,18,,,SPORTC. 5 SUV FR,,09,,,,,,
4019238010251,10009853,CONTINENTAL,Reifen,09.csv,205,60,R,16,,,TS 815 SEAL C_SXL,,09,,,,,,
4019238010626,10010044,CONTINENTAL,Reifen,09.csv,165,65,R,14,,,ALLSEASONCONTACT,,09,,,,,,
4019238010657,10010043,CONTINENTAL,Reifen,09.csv,155,65,R,14,,,ALLSEASONCONTACT,,09,,,,,,
4019238010664,10010048,CONTINENTAL,Reifen,09.csv,195,50,R,15,,,ALLSEASONCONTACT XLFR,,09,,,,,,
4019238010671,10010046,CONTINENTAL,Reifen,09.csv,175,70,R,14,,,ALLSEASONCONTACT XL,,09,,,,,,
4019238010688,10010143,CONTINENTAL,Reifen,09.csv,215,55,R,18,,,PREMIUMC. 6,,09,,,,,,
4019238010749,10009852,CONTINENTAL,Reifen,09.csv,205,60,R,16,,,PREMIUMC. 2 SEAL C_SXL,,09,,,,,,
4019238011876,10009875,CONTINENTAL,Reifen,09.csv,225,50,R,17,,,PREMIUMC. 2 XLFR,,09,,,,,,
4019238012422,10009941,CONTINENTAL,Reifen,09.csv,195,75,R,16C,108,,VANC. 4SEASON IVE,,09,,,,,,
4019238013085,10010370,CONTINENTAL,Reifen,09.csv,295,35,R,21,,,TS 860 S 3PMSF XLMGT M+S,,09,,,,,,
4019238013092,10010308,CONTINENTAL,Reifen,09.csv,265,40,R,21,,,TS 860 S 3PMSF XLMGT M+S,,09,,,,,,
4019238013153,10010152,CONTINENTAL,Reifen,09.csv,225,40,R,18,,,PREMIUMC. 6 XL FR,,09,,,,,,
4019238013184,10009956,CONTINENTAL,Reifen,09.csv,205,60,R,16,,,PREMIUMC. 5 XL*,,09,,,,,,
4019238013276,10010054,CONTINENTAL,Reifen,09.csv,205,60,R,16,,,ECOCONTACT 6 XL*,,09,,,,,,
4019238013351,10010099,CONTINENTAL,Reifen,09.csv,125,80,R,13,,,TS 800 3PMSF M+S,,09,,,,,,
4019238013375,10010219,CONTINENTAL,Reifen,09.csv,235,65,R,17,,,4X4 CONT. MOML M+S,,09,,,,,,
4019238013429,10010274,CONTINENTAL,Reifen,09.csv,255,40,R,20,,Z,SPORTC. 5 P XLMOFR,,09,,,,,,
4019238013566,10010326,CONTINENTAL,Reifen,09.csv,275,40,R,18,,,SPORTC. 3 SSR*,,09,,,,,,
4019238013597,10010156,CONTINENTAL,Reifen,09.csv,225,40,R,19,,,SPORTC. 5 SSR*FR,,09,,,,,,
4019238013610,10010153,CONTINENTAL,Reifen,09.csv,225,40,R,18,,,SPORTC. 5 SSR*FR,,09,,,,,,
4019238013641,10010195,CONTINENTAL,Reifen,09.csv,235,40,R,18,,Z,SPORTC. 5 P XLMOFR,,09,,,,,,
4019238013665,10010141,CONTINENTAL,Reifen,09.csv,215,40,R,18,,Z,SPORTC. 2 XLMOFR,,09,,,,,,
4019238013719,10010271,CONTINENTAL,Reifen,09.csv,255,40,R,19,,Z,SPORTC. 2 XLMOFR,,09,,,,,,
4019238013733,10010199,CONTINENTAL,Reifen,09.csv,235,40,R,20,,Z,SPORTC. 5 P XLMO,,09,,,,,,
4019238013740,10010299,CONTINENTAL,Reifen,09.csv,265,35,R,21,,,SPORTC. 5 P XLAOFR,,09,,,,,,
4019238013771,10010184,CONTINENTAL,Reifen,09.csv,235,35,R,19,,Z,SPORTC. 3 XLFR,,09,,,,,,
4019238013788,10010490,CONTINENTAL,Reifen,09.csv,235,35,R,19,,Z,SPORTC. 3 SEAL XLVWFR,,09,,,,,,
4019238013832,10010151,CONTINENTAL,Reifen,09.csv,225,35,R,19,,Z,SPORTC. 5 P XLRO2FR,,09,,,,,,
4019238013849,10010188,CONTINENTAL,Reifen,09.csv,235,35,R,19,,Z,SPORTC. 5 P XLRO2FR,,09,,,,,,
4019238013856,10010266,CONTINENTAL,Reifen,09.csv,255,35,R,19,,Z,SPORTC. 5 P XLAOFR,,09,,,,,,
4019238013887,10010321,CONTINENTAL,Reifen,09.csv,275,35,R,20,,,SPORTC. 2 XLMOFR,,09,,,,,,
4019238013962,10010470,CONTINENTAL,Reifen,09.csv,225,45,R,19,,,ECOCONTACT 6 SSRXL*,,09,,,,,,
4019238014075,10010129,CONTINENTAL,Reifen,09.csv,205,45,R,17,,,SPORTC. 3 SSR*,,09,,,,,,
4019238014198,10010111,CONTINENTAL,Reifen,09.csv,175,65,R,15,,,PREMIUMC. 2 *,,09,,,,,,
4019238014327,10012270,CONTINENTAL,Reifen,09.csv,205,55,R,16,,,ECOCONTACT 6 SSR*,,09,,,,,,
4019238014945,10010177,CONTINENTAL,Reifen,09.csv,225,70,R,15C,110,N,VANC. ECO (115N),,09,,,,,,
4019238015003,10010247,CONTINENTAL,Reifen,09.csv,245,45,R,18,,,SPORTC. 2 XLJFR,,09,,,,,,
4019238015027,10010784,CONTINENTAL,Reifen,09.csv,235,45,R,18,,,ECOCONTACT 6 SEAL VW,,09,,,,,,
4019238015133,10010767,CONTINENTAL,Reifen,09.csv,215,60,R,16,,,ECOCONTACT 6 SEAL VW,,09,,,,,,
4019238015812,10010050,CONTINENTAL,Reifen,09.csv,195,65,R,15,,,VANCONTACT 100 XL,,09,,,,,,
4019238016185,10010791,CONTINENTAL,Reifen,09.csv,245,45,R,18,,,ECOCONTACT 6 SEAL,,09,,,,,,
4019238016253,10010451,CONTINENTAL,Reifen,09.csv,215,65,R,17,,,ECOCONTACT 6 VW,,09,,,,,,
4019238016413,10010853,CONTINENTAL,Reifen,09.csv,235,45,R,20,,,ECOCONTACT 6 XLMO,,09,,,,,,
4019238016512,10010999,CONTINENTAL,Reifen,09.csv,285,35,R,19,,Z,SPORTC. 6 XL*FR,,09,,,,,,
4019238020205,10010429,CONTINENTAL,Reifen,09.csv,205,60,R,16,,,PREMIUMC. 6 XL,,09,,,,,,
4019238020397,10010724,CONTINENTAL,Reifen,09.csv,225,45,R,18,,,ECOCONTACT 6 MO,,09,,,,,,
4019238020694,10010170,CONTINENTAL,Reifen,09.csv,225,55,R,18,,,ALLSEASONCONTACT AO 3PMSF XL,,09,,,,,,
4019238020748,10010727,CONTINENTAL,Reifen,09.csv,245,40,R,19,,,ECOCONTACT 6 XLMO,,09,,,,,,
4019238020922,10010651,CONTINENTAL,Reifen,09.csv,215,70,R,16,,,ALLSEASONCONTACT 3PMSF,,09,,,,,,
4019238022209,10010704,CONTINENTAL,Reifen,09.csv,195,65,R,15,,,PREMIUMC. 6,,09,,,,,,
4019238022216,10010745,CONTINENTAL,Reifen,09.csv,195,65,R,15,,,PREMIUMC. 6,,09,,,,,,
4019238022414,10010499,CONTINENTAL,Reifen,09.csv,235,40,R,19,,,PREMIUMC. 6 SILENT XLVOLFR,,09,,,,,,
4019238022421,10010497,CONTINENTAL,Reifen,09.csv,235,40,R,19,,,PREMIUMC. 6 XLVOLFR,,09,,,,,,
4019238022476,10010573,CONTINENTAL,Reifen,09.csv,265,40,R,21,,Z,SPORTC. 5 MGTFR,,09,,,,,,
4019238022766,10010527,CONTINENTAL,Reifen,09.csv,245,40,R,19,,,PREMIUMC. 6 SSRXL*,,09,,,,,,
4019238022773,10010576,CONTINENTAL,Reifen,09.csv,275,35,R,19,,,PREMIUMC. 6 SSRXL*,,09,,,,,,
4019238022872,10010758,CONTINENTAL,Reifen,09.csv,215,50,R,17,,,SPORTC. 5 XLFR,,09,,,,,,
4019238023190,10010563,CONTINENTAL,Reifen,09.csv,255,55,R,19,,,SPORTC. 5 XLFR,,09,,,,,,
4019238023213,10010763,CONTINENTAL,Reifen,09.csv,215,55,R,17,,,ECOCONTACT 6 SEAL VW,,09,,,,,,
4019238023282,10010650,CONTINENTAL,Reifen,09.csv,215,70,R,15C,107,,VANC. 100,,09,,,,,,
4019238024104,10010518,CONTINENTAL,Reifen,09.csv,235,60,R,16,,,ALLSEASONCONTACT 3PMSF,,09,,,,,,
4019238024135,10010405,CONTINENTAL,Reifen,09.csv,195,50,R,16,,,ALLSEASONCONTACT XLFR 3PMSF,,09,,,,,,
4019238024180,10010436,CONTINENTAL,Reifen,09.csv,215,45,R,17,,,ALLSEASONCONTACT XLFR 3PMSF,,09,,,,,,
4019238024784,10010662,CONTINENTAL,Reifen,09.csv,235,55,R,19,,,TS 850 P SUV XL 3PMSF,,09,,,,,,
4019238024814,10010678,CONTINENTAL,Reifen,09.csv,265,45,R,21,,,TS 850 P SUV XL 3PMSF,,09,,,,,,
4019238027501,10010943,CONTINENTAL,Reifen,09.csv,235,45,R,19,,,ECOCONTACT 6 XLVOL,,09,,,,,,
4019238027518,10011055,CONTINENTAL,Reifen,09.csv,245,35,R,21,,,ECOCONTACT 6 SILENT XLVOL,,09,,,,,,
4019238027525,10011054,CONTINENTAL,Reifen,09.csv,245,35,R,21,,,ECOCONTACT 6 XLVOL,,09,,,,,,
4019238029482,10010417,CONTINENTAL,Reifen,09.csv,205,50,R,17,,,ALLSEASONCONTACT FR 3PMSF,,09,,,,,,
4019238030617,10010706,CONTINENTAL,Reifen,09.csv,215,65,R,16,,,PREMIUMC. 6,,09,,,,,,
4019238030709,10010476,CONTINENTAL,Reifen,09.csv,225,50,R,18,,,PREMIUMC. 6 XL*,,09,,,,,,
4019238030785,10010467,CONTINENTAL,Reifen,09.csv,225,45,R,18,,,PREMIUMC. 6 XLMOFR,,09,,,,,,
4019238030891,10010644,CONTINENTAL,Reifen,09.csv,215,55,R,17,,,ECOCONTACT 6 AO,,09,,,,,,
4019238031041,10010606,CONTINENTAL,Reifen,09.csv,295,30,R,22,,Z,SPORTC. 6 XLMGT,,09,,,,,,
4019238031225,10010975,CONTINENTAL,Reifen,09.csv,245,50,R,18,,,PREMIUMC. 6 XLMOV,,09,,,,,,
4019238031775,10010769,CONTINENTAL,Reifen,09.csv,215,70,R,15C,107,,VANC. 4SEASON 3PMSF,,09,,,,,,
4019238032192,10011030,CONTINENTAL,Reifen,09.csv,215,55,R,17,,,ALLSEASONCONTACT XL 3PMSF,,09,,,,,,
4019238032208,10010675,CONTINENTAL,Reifen,09.csv,265,40,R,21,,Z,SPORTC. 6 XL*FR,,09,,,,,,
4019238032215,10010670,CONTINENTAL,Reifen,09.csv,255,40,R,21,,Z,SPORTC. 6 XL*FR,,09,,,,,,
4019238032543,10010953,CONTINENTAL,Reifen,09.csv,235,55,R,17,,,PREMIUMC. 6 SEAL XLFR,,09,,,,,,
4019238032789,10010920,CONTINENTAL,Reifen,09.csv,215,60,R,16,,,ECOCONTACT 6 AO,,09,,,,,,
4019238032918,10012335,CONTINENTAL,Reifen,09.csv,225,55,R,17,,,TS 860 S XL* 3PMSF,,09,,,,,,
4019238034134,10010793,CONTINENTAL,Reifen,09.csv,255,45,R,19,,,SPORTC. 6 XLAOFR,,09,,,,,,
4019238034226,10010834,CONTINENTAL,Reifen,09.csv,245,45,R,19,,,PREMIUMC. 6 XLMO-VFR,,09,,,,,,
4019238034349,10011286,CONTINENTAL,Reifen,09.csv,205,65,R,16,,,TS 860 S * 3PMSF,,09,,,,,,
4019238035377,10010786,CONTINENTAL,Reifen,09.csv,235,55,R,17,,,ALLSEASONCONTACT 3PMSF,,09,,,,,,
4019238035681,10010819,CONTINENTAL,Reifen,09.csv,215,65,R,16,,,ALLSEASONCONTACT XLVW 3PMSF,,09,,,,,,
4019238036893,10010869,CONTINENTAL,Reifen,09.csv,235,55,R,17,,,ALLSEASONCONTACT XLVW 3PMSF,,09,,,,,,
4019238037081,10010835,CONTINENTAL,Reifen,09.csv,255,40,R,18,,,PREMIUMC. 6 XLMO,,09,,,,,,
4019238037364,10010812,CONTINENTAL,Reifen,09.csv,175,65,R,14,,,ECOCONTACT 6 XL,,09,,,,,,
4019238037500,10010935,CONTINENTAL,Reifen,09.csv,225,55,R,17C,107,,VANC. 4SEASON 3PMSF,,09,,,,,,
4019238037524,10010874,CONTINENTAL,Reifen,09.csv,275,35,R,21,,Z,SPORTC. 5 P XLN1FSL,,09,,,,,,
4019238038071,10010851,CONTINENTAL,Reifen,09.csv,165,65,R,15,,,ALLSEASONCONTACT 3PMSF,,09,,,,,,
4019238038170,10010932,CONTINENTAL,Reifen,09.csv,225,50,R,17,,,TS 870 XLFR 3PMSF,,09,,,,,,
4019238038187,10010933,CONTINENTAL,Reifen,09.csv,225,50,R,17,,,TS 870 XLFR 3PMSF,,09,,,,,,
4019238038194,10010903,CONTINENTAL,Reifen,09.csv,185,60,R,15,,,TS 870 3PMSF,,09,,,,,,
4019238038200,10010904,CONTINENTAL,Reifen,09.csv,185,60,R,15,,,TS 870 XL 3PMSF,,09,,,,,,
4019238038224,10011171,CONTINENTAL,Reifen,09.csv,205,55,R,16,,,TS 870 3PMSF,,09,,,,,,
4019238038255,10010905,CONTINENTAL,Reifen,09.csv,185,65,R,15,,,TS 870 XL 3PMSF,,09,,,,,,
4019238038286,10011169,CONTINENTAL,Reifen,09.csv,195,65,R,15,,,TS 870 3PMSF,,09,,,,,,
4019238038293,10011168,CONTINENTAL,Reifen,09.csv,195,65,R,15,,,TS 870 XL 3PMSF,,09,,,,,,
4019238038323,10011178,CONTINENTAL,Reifen,09.csv,225,45,R,17,,,TS 870 FR 3PMSF,,09,,,,,,
4019238038347,10011569,CONTINENTAL,Reifen,09.csv,225,45,R,17,,,TS 870 XLFR 3PMSF,,09,,,,,,
4019238038354,10010906,CONTINENTAL,Reifen,09.csv,185,65,R,15,,,TS 870 3PMSF,,09,,,,,,
4019238038361,10010871,CONTINENTAL,Reifen,09.csv,235,55,R,18,,,ECOCONTACT 6 AO,,09,,,,,,
4019238038446,10010913,CONTINENTAL,Reifen,09.csv,215,50,R,19,,,ALLSEASONCONTACT SEAL VW 3PM,,09,,,,,,
4019238038453,10010916,CONTINENTAL,Reifen,09.csv,215,55,R,18,,,TS 850 P SEAL VWFR 3PMSF,,09,,,,,,
4019238039153,10012125,CONTINENTAL,Reifen,09.csv,255,35,R,21,,Z,SPORTC. 7 XLFR,,09,,,,,,
4019238039177,10012111,CONTINENTAL,Reifen,09.csv,265,30,R,21,,Z,SPORTC. 7 XLFR,,09,,,,,,
4019238039184,10011869,CONTINENTAL,Reifen,09.csv,265,30,R,22,,Z,SPORTC. 7 XLFR,,09,,,,,,
4019238039214,10012110,CONTINENTAL,Reifen,09.csv,295,25,R,20,,Z,SPORTC. 7 XLFR,,09,,,,,,
4019238039221,10012050,CONTINENTAL,Reifen,09.csv,295,25,R,21,,Z,SPORTC. 7 XLFR,,09,,,,,,
4019238039245,10011874,CONTINENTAL,Reifen,09.csv,305,25,R,20,,Z,SPORTC. 7 XLFR,,09,,,,,,
4019238039405,10011346,CONTINENTAL,Reifen,09.csv,255,45,R,20,,,ECOCONTACT 6,,09,,,,,,
4019238039535,10011271,CONTINENTAL,Reifen,09.csv,255,45,R,21,,,PREMIUMC. 6 XLFR,,09,,,,,,
4019238040029,10011006,CONTINENTAL,Reifen,09.csv,175,55,R,15,,,ALLSEASONCONTACT 3PMSF,,09,,,,,,
4019238040098,10011009,CONTINENTAL,Reifen,09.csv,185,70,R,14,,,ALLSEASONCONTACT 3PMSF,,09,,,,,,
4019238040142,10011074,CONTINENTAL,Reifen,09.csv,255,55,R,19,,,ALLSEASONCONTACT XL 3PMSF,,09,,,,,,
4019238040265,10010955,CONTINENTAL,Reifen,09.csv,235,55,R,18,,,ALLSEASONCONTACT VW 3PMSF,,09,,,,,,
4019238040272,10010956,CONTINENTAL,Reifen,09.csv,235,55,R,18,,,ALLSEASONCONTACT SEAL VW 3PM,,09,,,,,,
4019238040500,10011809,CONTINENTAL,Reifen,09.csv,235,55,R,19,,,TS 850 P XLMO 3PMSF,,09,,,,,,
4019238040524,10011744,CONTINENTAL,Reifen,09.csv,255,40,R,19,,Z,SPORTC. 7 XLFR,,09,,,,,,
4019238040579,10011738,CONTINENTAL,Reifen,09.csv,245,35,R,20,,Z,SPORTC. 7 XLFR,,09,,,,,,
4019238040586,10011677,CONTINENTAL,Reifen,09.csv,225,40,R,19,,Z,SPORTC. 7 XLFR,,09,,,,,,
4019238040623,10011756,CONTINENTAL,Reifen,09.csv,295,30,R,22,,Z,SPORTC. 7 XLFR,,09,,,,,,
4019238040630,10011822,CONTINENTAL,Reifen,09.csv,255,30,R,19,,Z,SPORTC. 7 XLFR,,09,,,,,,
4019238040661,10012035,CONTINENTAL,Reifen,09.csv,265,30,R,19,,Z,SPORTC. 7 XLFR,,09,,,,,,
4019238040678,10011871,CONTINENTAL,Reifen,09.csv,275,30,R,19,,Z,SPORTC. 7 XLFR,,09,,,,,,
4019238040685,10012026,CONTINENTAL,Reifen,09.csv,245,45,R,19,,Z,SPORTC. 7 XLFR,,09,,,,,,
4019238040692,10011737,CONTINENTAL,Reifen,09.csv,245,30,R,20,,Z,SPORTC. 7 XLFR,,09,,,,,,
4019238040739,10011742,CONTINENTAL,Reifen,09.csv,255,30,R,21,,Z,SPORTC. 7 XLFR,,09,,,,,,
4019238040753,10011873,CONTINENTAL,Reifen,09.csv,285,35,R,19,,Z,SPORTC. 7 XLFR,,09,,,,,,
4019238040760,10011870,CONTINENTAL,Reifen,09.csv,265,35,R,19,,Z,SPORTC. 7 XLFR,,09,,,,,,
4019238040777,10011872,CONTINENTAL,Reifen,09.csv,275,40,R,22,,Z,SPORTC. 7 XLFR,,09,,,,,,
4019238040784,10011875,CONTINENTAL,Reifen,09.csv,305,30,R,19,,Z,SPORTC. 7 XLFR,,09,,,,,,
4019238040807,10012057,CONTINENTAL,Reifen,09.csv,325,25,R,20,,Z,SPORTC. 7 XLFR,,09,,,,,,
4019238040814,10011757,CONTINENTAL,Reifen,09.csv,305,30,R,20,,Z,SPORTC. 7 XLFR,,09,,,,,,
4019238040852,10010942,CONTINENTAL,Reifen,09.csv,235,45,R,18,,,PREMIUMC. 6 XLFR,,09,,,,,,
4019238040982,10011137,CONTINENTAL,Reifen,09.csv,275,40,R,19,,Z,PREMIUMC. 6 MGTFR,,09,,,,,,
4019238041002,10010985,CONTINENTAL,Reifen,09.csv,265,45,R,20,,Z,SPORTC. 6 XLMGT,,09,,,,,,
4019238041019,10010993,CONTINENTAL,Reifen,09.csv,295,40,R,20,,Z,SPORTC. 6 XLMGT,,09,,,,,,
4019238041095,10010969,CONTINENTAL,Reifen,09.csv,245,35,R,20,,,ECOCONTACT 6 XLFR,,09,,,,,,
4019238041477,10010986,CONTINENTAL,Reifen,09.csv,275,35,R,21,,Z,SPORTC. 6 SILENT XLAO,,09,,,,,,
4019238041835,10011197,CONTINENTAL,Reifen,09.csv,285,30,R,21,,Z,SPORTC. 7 XLMGTFSL,,09,,,,,,
4019238042016,10011530,CONTINENTAL,Reifen,09.csv,285,40,R,20,,,ECOCONTACT 6Q XLMO,,09,,,,,,
4019238042023,10011510,CONTINENTAL,Reifen,09.csv,235,55,R,19,,,ECOCONTACT 6Q XLMO,,09,,,,,,
4019238042047,10010930,CONTINENTAL,Reifen,09.csv,225,40,R,18,,,ECOCONTACT 6 XLARFR,,09,,,,,,
4019238042061,10010912,CONTINENTAL,Reifen,09.csv,215,50,R,18,,,ECOCONTACT 6Q AO,,09,,,,,,
4019238042368,10011135,CONTINENTAL,Reifen,09.csv,265,35,R,22,,,SPORTC. 6 XLT0,,09,,,,,,
4019238042894,10011141,CONTINENTAL,Reifen,09.csv,285,35,R,22,,,SPORTC. 6 SILENT XLT0,,09,,,,,,
4019238042900,10011181,CONTINENTAL,Reifen,09.csv,225,60,R,17,,,ECOCONTACT 6 AO,,09,,,,,,
4019238043068,10011620,CONTINENTAL,Reifen,09.csv,195,55,R,16,,,TS 870 3PMSF,,09,,,,,,
4019238043099,10011673,CONTINENTAL,Reifen,09.csv,215,55,R,16,,,TS 870 XL 3PMSF,,09,,,,,,
4019238043419,10011059,CONTINENTAL,Reifen,09.csv,245,45,R,18,,,ALLSEASONCONTACT FR 3PMSF,,09,,,,,,
4019238043426,10011060,CONTINENTAL,Reifen,09.csv,245,45,R,18,,,ALLSEASONCONTACT SEAL FR 3PM,,09,,,,,,
4019238043808,10011018,CONTINENTAL,Reifen,09.csv,205,55,R,16,,,ECOCONTACT 6,,09,,,,,,
4019238043891,10011868,CONTINENTAL,Reifen,09.csv,235,60,R,18,,,ECOCONTACT 6Q MO,,09,,,,,,
4019238044010,10011685,CONTINENTAL,Reifen,09.csv,235,50,R,19,,,ALLSEASONCONTACT SEAL (+) 3P,,09,,,,,,
4019238044041,10011704,CONTINENTAL,Reifen,09.csv,255,45,R,19,,,ALLSEASONCONTACT SEAL (+) 3P,,09,,,,,,
4019238044171,10011391,CONTINENTAL,Reifen,09.csv,235,50,R,19,,,ECOCONTACT 6Q SEAL VWFR,,09,,,,,,
4019238044195,10011396,CONTINENTAL,Reifen,09.csv,255,40,R,20,,,ECOCONTACT 6Q SEAL XLVWFSL,,09,,,,,,
4019238045987,10011024,CONTINENTAL,Reifen,09.csv,215,50,R,17,,,ALLSEASONCONTACT XLFR 3PMSF,,09,,,,,,
4019238046052,10011434,CONTINENTAL,Reifen,09.csv,235,55,R,19,,,ECOCONTACT 6Q SEAL XL(+),,09,,,,,,
4019238046069,10011447,CONTINENTAL,Reifen,09.csv,255,50,R,19,,,ECOCONTACT 6Q SEAL XL(+),,09,,,,,,
4019238046823,10011380,CONTINENTAL,Reifen,09.csv,205,55,R,17,,,PREMIUMC. 6 XLFR,,09,,,,,,
4019238048438,10011318,CONTINENTAL,Reifen,09.csv,265,35,R,19,,Z,SPORTC. 7 XLMO1FR,,09,,,,,,
4019238048452,10012037,CONTINENTAL,Reifen,09.csv,265,40,R,19,,Z,SPORTC. 7 XLMO1FR,,09,,,,,,
4019238048483,10011191,CONTINENTAL,Reifen,09.csv,255,50,R,19,,,SPORTC. 5 MO1FR,,09,,,,,,
4019238048803,10012091,CONTINENTAL,Reifen,09.csv,245,40,R,20,,,ECOCONTACT 6Q XL* MOFR,,09,,,,,,
4019238049169,10011175,CONTINENTAL,Reifen,09.csv,215,60,R,17C,107,H,VANC. 4SEASON 3PMSF (104H),,09,,,,,,
4019238049220,10012463,CONTINENTAL,Reifen,09.csv,275,40,R,19,,,ECOCONTACT 6Q XLMOFR,,09,,,,,,
4019238049381,10012574,CONTINENTAL,Reifen,09.csv,205,75,R,16C,111,,VANCONTACT ECO,,09,,,,,,
4019238050165,10011177,CONTINENTAL,Reifen,09.csv,215,75,R,16C,114,,VANC. ECO,,09,,,,,,
4019238050325,10011669,CONTINENTAL,Reifen,09.csv,215,45,R,16,,,TS 870 XLFR 3PMSF,,09,,,,,,
4019238050356,10011665,CONTINENTAL,Reifen,09.csv,205,65,R,15,,,TS 870 3PMSF,,09,,,,,,
4019238050653,10011343,CONTINENTAL,Reifen,09.csv,225,45,R,18,,,ALLSEASONCONTACT XLFR 3PMSF,,09,,,,,,
4019238051179,10011294,CONTINENTAL,Reifen,09.csv,225,50,R,17,,,ECOCONTACT 6 XLAR,,09,,,,,,
4019238051407,10011251,CONTINENTAL,Reifen,09.csv,205,65,R,16C,105,,VANC. 4SEASON MO-V 3PMSF (10,,09,,,,,,
4019238051650,10011340,CONTINENTAL,Reifen,09.csv,205,65,R,15,,,ALLSEASONCONTACT XL 3PMSF,,09,,,,,,
4019238051780,10011278,CONTINENTAL,Reifen,09.csv,285,35,R,20,,Z,SPORTC. 6 MGTFR,,09,,,,,,
4019238051797,10011262,CONTINENTAL,Reifen,09.csv,245,40,R,20,,Z,SPORTC. 6 XLMGTFSL,,09,,,,,,
4019238051810,10011255,CONTINENTAL,Reifen,09.csv,225,55,R,19,,,PREMIUMC. 6 FSL,,09,,,,,,
4019238051841,10012661,CONTINENTAL,Reifen,09.csv,245,45,R,19,,,PREMIUMCONTACT 6 EVC XLAOFR,,09,,,,,,
4019238051889,10011317,CONTINENTAL,Reifen,09.csv,255,45,R,19,,,ECOCONTACT 6 XLVOL,,09,,,,,,
4019238052190,10012140,CONTINENTAL,Reifen,09.csv,235,50,R,20,,,TS 850 P SEAL (+)FR 3PMSF,,09,,,,,,
4019238052695,10011303,CONTINENTAL,Reifen,09.csv,235,45,R,20,,,SPORTC. 5 XLFR,,09,,,,,,
4019238054057,10011554,CONTINENTAL,Reifen,09.csv,215,55,R,17,,,TS 870 P 3PMSF,,09,,,,,,
4019238054064,10011556,CONTINENTAL,Reifen,09.csv,215,55,R,17,,,TS 870 P XL M+S,,09,,,,,,
4019238054101,10011559,CONTINENTAL,Reifen,09.csv,215,65,R,16,,,TS 870 P FR 3PMSF,,09,,,,,,
4019238054118,10011555,CONTINENTAL,Reifen,09.csv,215,55,R,17,,,TS 870 P XL 3PMSF,,09,,,,,,
4019238054354,10011567,CONTINENTAL,Reifen,09.csv,225,40,R,18,,,TS 870 P XLFR M+S,,09,,,,,,
4019238054569,10011575,CONTINENTAL,Reifen,09.csv,225,65,R,17,,,TS 870 P FR M+S,,09,,,,,,
4019238054576,10011576,CONTINENTAL,Reifen,09.csv,225,65,R,17,,,TS 870 P XLFR M+S,,09,,,,,,
4019238054583,10011579,CONTINENTAL,Reifen,09.csv,235,40,R,19,,,TS 870 P XLFR M+S,,09,,,,,,
4019238054613,10011595,CONTINENTAL,Reifen,09.csv,235,60,R,18,,,TS 870 P XLFR M+S,,09,,,,,,
4019238054620,10011600,CONTINENTAL,Reifen,09.csv,245,40,R,19,,,TS 870 P XLFR M+S,,09,,,,,,
4019238054637,10011601,CONTINENTAL,Reifen,09.csv,245,45,R,18,,,TS 870 P XLFR M+S,,09,,,,,,
4019238054682,10011599,CONTINENTAL,Reifen,09.csv,245,40,R,18,,,TS 870 P XLFR M+S,,09,,,,,,
4019238054699,10011598,CONTINENTAL,Reifen,09.csv,245,40,R,18,,,TS 870 P XLFR 3PMSF,,09,,,,,,
4019238054705,10011604,CONTINENTAL,Reifen,09.csv,245,50,R,20,,,TS 870 P XLFR M+S,,09,,,,,,
4019238054712,10011552,CONTINENTAL,Reifen,09.csv,215,50,R,18,,,TS 870 P FR M+S,,09,,,,,,
4019238054729,10011585,CONTINENTAL,Reifen,09.csv,235,55,R,17,,,TS 870 P M+S,,09,,,,,,
4019238055405,10011386,CONTINENTAL,Reifen,09.csv,225,45,R,18,,,PREMIUMC. 6 SILENT XLMOFSL,,09,,,,,,
4019238055887,10011379,CONTINENTAL,Reifen,09.csv,195,65,R,15,,,ECOCONTACT 6,,09,,,,,,
4019238056624,10011505,CONTINENTAL,Reifen,09.csv,215,60,R,17,,,ECOCONTACT 6Q,,09,,,,,,
4019238059519,10011362,CONTINENTAL,Reifen,09.csv,165,70,R,14,,,ALLSEASONCONTACT 3PMSF,,09,,,,,,
4019238059557,10011364,CONTINENTAL,Reifen,09.csv,175,65,R,14,,,ALLSEASONCONTACT 3PMSF,,09,,,,,,
4019238060249,10011679,CONTINENTAL,Reifen,09.csv,225,40,R,20,,,PREMIUMC. 6 SSRXLFR,,09,,,,,,
4019238060256,10011626,CONTINENTAL,Reifen,09.csv,235,60,R,19,,,PREMIUMC. 6 XLFR,,09,,,,,,
4019238060263,10011625,CONTINENTAL,Reifen,09.csv,235,60,R,18,,,ECOCONTACT 6,,09,,,,,,
4019238060270,10011344,CONTINENTAL,Reifen,09.csv,235,45,R,19,,Z,SPORTC. 6 XLFR,,09,,,,,,
4019238060331,10011418,CONTINENTAL,Reifen,09.csv,195,75,R,16C,108,,VANC. WINTER 3PMSF,,09,,,,,,
4019238060409,10011583,CONTINENTAL,Reifen,09.csv,235,45,R,21,,,TS 870 P XLFR M+S,,09,,,,,,
4019238060898,10012450,CONTINENTAL,Reifen,09.csv,275,30,R,20,,,ECOCONTACT 6Q XLMO,,09,,,,,,
4019238060904,10012383,CONTINENTAL,Reifen,09.csv,245,35,R,20,,,ECOCONTACT 6Q XLMO,,09,,,,,,
4019238061376,10011405,CONTINENTAL,Reifen,09.csv,315,30,R,21,,Z,SPORTC. 5 P XLND0FSL,,09,,,,,,
4019238061413,10011403,CONTINENTAL,Reifen,09.csv,295,35,R,20,,Z,SPORTC. 6 XLMO1 BFSL,,09,,,,,,
4019238061758,10011519,CONTINENTAL,Reifen,09.csv,245,45,R,20,,,PREMIUMC. 6 XLFR,,09,,,,,,
4019238062212,10011387,CONTINENTAL,Reifen,09.csv,225,45,R,19,,,PREMIUMC. 6 XLFR,,09,,,,,,
4019238062397,10011389,CONTINENTAL,Reifen,09.csv,225,60,R,18,,,ECOCONTACT 6 XL,,09,,,,,,
4019238062687,10011397,CONTINENTAL,Reifen,09.csv,255,40,R,20,,,SPORTC. 6 XLAO1FR,,09,,,,,,
4019238063899,10011862,CONTINENTAL,Reifen,09.csv,215,65,R,16,,,PREMIUMC. 5,,09,,,,,,
4019238063981,10011828,CONTINENTAL,Reifen,09.csv,255,40,R,21,,,TS 870 P XLFR 3PMSF,,09,,,,,,
4019238064025,10011811,CONTINENTAL,Reifen,09.csv,235,55,R,19,,,TS 870 P XLFR 3PMSF,,09,,,,,,
4019238064032,10011810,CONTINENTAL,Reifen,09.csv,235,55,R,19,,,TS 870 P XLFR 3PMSF,,09,,,,,,
4019238064049,10011791,CONTINENTAL,Reifen,09.csv,225,55,R,16,,,TS 870 P 3PMSF,,09,,,,,,
4019238064087,10011782,CONTINENTAL,Reifen,09.csv,215,55,R,18,,,TS 870 P XLFR 3PMSF,,09,,,,,,
4019238064148,10011829,CONTINENTAL,Reifen,09.csv,255,45,R,18,,,TS 870 P XLFR 3PMSF,,09,,,,,,
4019238064155,10011803,CONTINENTAL,Reifen,09.csv,235,50,R,18,,,TS 870 P XLFR 3PMSF,,09,,,,,,
4019238064186,10011832,CONTINENTAL,Reifen,09.csv,255,45,R,20,,,TS 870 P XLFR 3PMSF,,09,,,,,,
4019238064223,10011789,CONTINENTAL,Reifen,09.csv,225,50,R,18,,,TS 870 P XLFR 3PMSF,,09,,,,,,
4019238064575,10011446,CONTINENTAL,Reifen,09.csv,255,45,R,20,,,PREMIUMC. 6 SILENT XLFR,,09,,,,,,
4019238064674,10011592,CONTINENTAL,Reifen,09.csv,235,60,R,17,,,ALLSEASONCONTACT 3PMSF,,09,,,,,,
4019238064766,10011502,CONTINENTAL,Reifen,09.csv,205,75,R,16C,114,,VANC. ECO,,09,,,,,,
4019238064858,10012725,CONTINENTAL,Reifen,09.csv,195,55,R,16,,,ECOCONTACT 6Q XL,,09,,,,,,
4019238065220,10011514,CONTINENTAL,Reifen,09.csv,245,35,R,20,,Z,SPORTC. 6 SEAL XLFR,,09,,,,,,
4019238065640,10011880,CONTINENTAL,Reifen,09.csv,165,65,R,14,,,ULTRACONTACT,,09,,,,,,
4019238065671,10011892,CONTINENTAL,Reifen,09.csv,185,50,R,16,,,ULTRACONTACT FR,,09,,,,,,
4019238065688,10011890,CONTINENTAL,Reifen,09.csv,175,70,R,14,,,ULTRACONTACT,,09,,,,,,
4019238065718,10011897,CONTINENTAL,Reifen,09.csv,185,60,R,15,,,ULTRACONTACT,,09,,,,,,
4019238065732,10011898,CONTINENTAL,Reifen,09.csv,185,60,R,15,,,ULTRACONTACT XL,,09,,,,,,
4019238065763,10011881,CONTINENTAL,Reifen,09.csv,165,65,R,15,,,ULTRACONTACT,,09,,,,,,
4019238065770,10011882,CONTINENTAL,Reifen,09.csv,165,70,R,14,,,ULTRACONTACT,,09,,,,,,
4019238065824,10011886,CONTINENTAL,Reifen,09.csv,175,65,R,14,,,ULTRACONTACT,,09,,,,,,
4019238065831,10011893,CONTINENTAL,Reifen,09.csv,185,55,R,15,,,ULTRACONTACT,,09,,,,,,
4019238065909,10012077,CONTINENTAL,Reifen,09.csv,225,45,R,17,,,ULTRACONTACT FR,,09,,,,,,
4019238065947,10012080,CONTINENTAL,Reifen,09.csv,225,50,R,17,,,ULTRACONTACT XLFR,,09,,,,,,
4019238065978,10011998,CONTINENTAL,Reifen,09.csv,225,65,R,17,,,ULTRACONTACT FR,,09,,,,,,
4019238065985,10011996,CONTINENTAL,Reifen,09.csv,225,60,R,18,,,ULTRACONTACT FR,,09,,,,,,
4019238066005,10012087,CONTINENTAL,Reifen,09.csv,235,50,R,18,,,ULTRACONTACT FR,,09,,,,,,
4019238066036,10011915,CONTINENTAL,Reifen,09.csv,195,55,R,16,,,ULTRACONTACT FR,,09,,,,,,
4019238066043,10011917,CONTINENTAL,Reifen,09.csv,195,55,R,16,,,ULTRACONTACT FR,,09,,,,,,
4019238066050,10011919,CONTINENTAL,Reifen,09.csv,195,55,R,16,,,ULTRACONTACT FR,,09,,,,,,
4019238066081,10011945,CONTINENTAL,Reifen,09.csv,205,60,R,16,,,ULTRACONTACT FR,,09,,,,,,
4019238066098,10011946,CONTINENTAL,Reifen,09.csv,205,60,R,16,,,ULTRACONTACT XLFR,,09,,,,,,
4019238066104,10011947,CONTINENTAL,Reifen,09.csv,205,60,R,16,,,ULTRACONTACT XLFR,,09,,,,,,
4019238066135,10011968,CONTINENTAL,Reifen,09.csv,215,60,R,16,,,ULTRACONTACT XLFR,,09,,,,,,
4019238066142,10012065,CONTINENTAL,Reifen,09.csv,205,50,R,17,,,ULTRACONTACT FR,,09,,,,,,
4019238066159,10012066,CONTINENTAL,Reifen,09.csv,205,50,R,17,,,ULTRACONTACT XLFR,,09,,,,,,
4019238066180,10011965,CONTINENTAL,Reifen,09.csv,215,55,R,17,,,ULTRACONTACT FR,,09,,,,,,
4019238066197,10011966,CONTINENTAL,Reifen,09.csv,215,55,R,17,,,ULTRACONTACT FR,,09,,,,,,
4019238066203,10011994,CONTINENTAL,Reifen,09.csv,225,60,R,17,,,ULTRACONTACT FR,,09,,,,,,
4019238066227,10012074,CONTINENTAL,Reifen,09.csv,225,40,R,18,,,ULTRACONTACT XLFR,,09,,,,,,
4019238066241,10012092,CONTINENTAL,Reifen,09.csv,245,45,R,18,,,ULTRACONTACT XLFR,,09,,,,,,
4019238066258,10011920,CONTINENTAL,Reifen,09.csv,195,55,R,20,,,ULTRACONTACT XLFR,,09,,,,,,
4019238066340,10011909,CONTINENTAL,Reifen,09.csv,195,50,R,15,,,ULTRACONTACT,,09,,,,,,
4019238066364,10011922,CONTINENTAL,Reifen,09.csv,195,60,R,15,,,ULTRACONTACT,,09,,,,,,
4019238066401,10011948,CONTINENTAL,Reifen,09.csv,205,65,R,15,,,ULTRACONTACT,,09,,,,,,
4019238066418,10011950,CONTINENTAL,Reifen,09.csv,205,65,R,15,,,ULTRACONTACT,,09,,,,,,
4019238066449,10011971,CONTINENTAL,Reifen,09.csv,215,60,R,17,,,ULTRACONTACT FR,,09,,,,,,
4019238066463,10012007,CONTINENTAL,Reifen,09.csv,235,45,R,19,,,ULTRACONTACT XLFR,,09,,,,,,
4019238066531,10011914,CONTINENTAL,Reifen,09.csv,195,55,R,15,,,ULTRACONTACT,,09,,,,,,
4019238066586,10011908,CONTINENTAL,Reifen,09.csv,195,45,R,16,,,ULTRACONTACT XLFR,,09,,,,,,
4019238066593,10012067,CONTINENTAL,Reifen,09.csv,205,55,R,16,,,ULTRACONTACT FR,,09,,,,,,
4019238066616,10011942,CONTINENTAL,Reifen,09.csv,205,55,R,16,,,ULTRACONTACT FR,,09,,,,,,
4019238066623,10012068,CONTINENTAL,Reifen,09.csv,205,55,R,16,,,ULTRACONTACT XLFR,,09,,,,,,
4019238066630,10011935,CONTINENTAL,Reifen,09.csv,205,40,R,17,,,ULTRACONTACT XLFR,,09,,,,,,
4019238066647,10011936,CONTINENTAL,Reifen,09.csv,205,40,R,17,,,ULTRACONTACT XLFR,,09,,,,,,
4019238066654,10011938,CONTINENTAL,Reifen,09.csv,205,45,R,17,,,ULTRACONTACT XLFR,,09,,,,,,
4019238066661,10011939,CONTINENTAL,Reifen,09.csv,205,45,R,17,,,ULTRACONTACT XLFR,,09,,,,,,
4019238066678,10011961,CONTINENTAL,Reifen,09.csv,215,50,R,17,,,ULTRACONTACT XLFR,,09,,,,,,
4019238066692,10012071,CONTINENTAL,Reifen,09.csv,215,65,R,16,,,ULTRACONTACT,,09,,,,,,
4019238066715,10011993,CONTINENTAL,Reifen,09.csv,225,55,R,18,,,ULTRACONTACT FR,,09,,,,,,
4019238066913,10011654,CONTINENTAL,Reifen,09.csv,195,45,R,17,,,TS 870 FR 3PMSF,,09,,,,,,
4019238067354,10012599,CONTINENTAL,Reifen,09.csv,215,75,R,16C,114,,VANCONTACT ECO,,09,,,,,,
4019238067408,10012086,CONTINENTAL,Reifen,09.csv,235,50,R,18,,,ECOCONTACT 6Q XL,,09,,,,,,
4019238067774,10011692,CONTINENTAL,Reifen,09.csv,235,55,R,19,,,ECOCONTACT 6 SEAL XLFR,,09,,,,,,
4019238071597,10011933,CONTINENTAL,Reifen,09.csv,195,70,R,15C,102,,VANC. ULTRA,,09,,,,,,
4019238071603,10011952,CONTINENTAL,Reifen,09.csv,205,65,R,16C,105,,VANC. ULTRA,,09,,,,,,
4019238071610,10011997,CONTINENTAL,Reifen,09.csv,225,65,R,16C,110,,VANC. ULTRA,,09,,,,,,
4019238071627,10011951,CONTINENTAL,Reifen,09.csv,205,65,R,16C,,,VANC. A/S ULTRA 3PMSF (105),,09,,,,,,
4019238071641,10011733,CONTINENTAL,Reifen,09.csv,225,65,R,16C,,,VANC. A/S ULTRA 3PMSF (110),,09,,,,,,
4019238071689,10011774,CONTINENTAL,Reifen,09.csv,195,75,R,16C,,,VANC. A/S ULTRA 3PMSF (108),,09,,,,,,
4019238071719,10011930,CONTINENTAL,Reifen,09.csv,195,65,R,16C,102,,VANC. ULTRA,,09,,,,,,
4019238071726,10011934,CONTINENTAL,Reifen,09.csv,195,75,R,16C,108,,VANC. ULTRA,,09,,,,,,
4019238071733,10011954,CONTINENTAL,Reifen,09.csv,205,75,R,16C,111,,VANC. ULTRA,,09,,,,,,
4019238071740,10011979,CONTINENTAL,Reifen,09.csv,215,70,R,15C,107,,VANC. ULTRA,,09,,,,,,
4019238071757,10011975,CONTINENTAL,Reifen,09.csv,215,65,R,15C,102,,VANC. ULTRA,,09,,,,,,
4019238071788,10011990,CONTINENTAL,Reifen,09.csv,225,55,R,17C,107,,VANC. ULTRA,,09,,,,,,
4019238072051,10011612,CONTINENTAL,Reifen,09.csv,265,40,R,21,,,TS 860 S SILENT MO1FR 3PMSF,,09,,,,,,
4019238072068,10011614,CONTINENTAL,Reifen,09.csv,275,40,R,21,,,TS 860 S SILENT MO1FR 3PMSF,,09,,,,,,
4019238072587,10012090,CONTINENTAL,Reifen,09.csv,245,40,R,20,,,ECOCONTACT 6Q XLFR,,09,,,,,,
4019238072686,10012669,CONTINENTAL,Reifen,09.csv,255,40,R,21,,,ECOCONTACT 6Q EVC XLFR,,09,,,,,,
4019238072778,10012015,CONTINENTAL,Reifen,09.csv,235,55,R,20,,,TS 870 P XLFR 3PMSF,,09,,,,,,
4019238072808,10011842,CONTINENTAL,Reifen,09.csv,265,50,R,20,,,TS 870 P XLFR 3PMSF,,09,,,,,,
4019238072839,10012038,CONTINENTAL,Reifen,09.csv,265,40,R,20,,,TS 870 P XLFR 3PMSF,,09,,,,,,
4019238072860,10011814,CONTINENTAL,Reifen,09.csv,235,60,R,18,,,TS 870 P SEAL FR 3PMSF,,09,,,,,,
4019238072877,10011813,CONTINENTAL,Reifen,09.csv,235,60,R,17,,,TS 870 P XLFR 3PMSF,,09,,,,,,
4019238072884,10011812,CONTINENTAL,Reifen,09.csv,235,60,R,16,,,TS 870 P FR 3PMSF,,09,,,,,,
4019238072891,10011797,CONTINENTAL,Reifen,09.csv,235,40,R,18,,,TS 870 P SEAL XLFR 3PMSF,,09,,,,,,
4019238072914,10011779,CONTINENTAL,Reifen,09.csv,215,40,R,18,,,TS 870 P XLFR 3PMSF,,09,,,,,,
4019238072921,10011772,CONTINENTAL,Reifen,09.csv,195,60,R,18,,,TS 870 P XLFR 3PMSF,,09,,,,,,
4019238072945,10011788,CONTINENTAL,Reifen,09.csv,225,45,R,19,,,TS 870 P XLFR 3PMSF,,09,,,,,,
4019238073003,10011821,CONTINENTAL,Reifen,09.csv,245,65,R,17,,,TS 870 P XLFR 3PMSF,,09,,,,,,
4019238073065,10011786,CONTINENTAL,Reifen,09.csv,225,35,R,18,,,TS 870 P XLFR 3PMSF,,09,,,,,,
4019238073072,10012994,CONTINENTAL,Reifen,09.csv,255,50,R,19,,,ALLSEASONCONTACT EVC XLFR 3P,,09,,,,,,
4019238073089,10012910,CONTINENTAL,Reifen,09.csv,235,55,R,19,,,ALLSEASONCONTACT EVC XLFR 3P,,09,,,,,,
4019238073683,10011623,CONTINENTAL,Reifen,09.csv,215,55,R,17,,,ECOCONTACT 6 XL,,09,,,,,,
4019238074178,10011622,CONTINENTAL,Reifen,09.csv,215,55,R,17,,,TS 815 SEAL 3PMSF,,09,,,,,,
4019238074789,10012150,CONTINENTAL,Reifen,09.csv,265,35,R,21,,Z,SPORTC. 7 XLFR,,09,,,,,,
4019238075021,10011706,CONTINENTAL,Reifen,09.csv,255,45,R,20,,,ECOCONTACT 6 XLMGT,,09,,,,,,
4019238075038,10011720,CONTINENTAL,Reifen,09.csv,295,40,R,20,,,ECOCONTACT 6 XLMGT,,09,,,,,,
4019238075144,10012177,CONTINENTAL,Reifen,09.csv,255,40,R,17,,,PREMIUMC. 6 SSRFR,,09,,,,,,
4019238075236,10011867,CONTINENTAL,Reifen,09.csv,235,55,R,19,,,ECOCONTACT 6Q,,09,,,,,,
4019238075250,10011701,CONTINENTAL,Reifen,09.csv,255,40,R,21,,,ECOCONTACT 6Q SEAL XLFR,,09,,,,,,
4019238075281,10011687,CONTINENTAL,Reifen,09.csv,235,50,R,20,,,ECOCONTACT 6Q SEAL FR,,09,,,,,,
4019238075700,10011681,CONTINENTAL,Reifen,09.csv,225,70,R,15C,,,VANC. 4SEASON 3PMSF (110),,09,,,,,,
4019238075748,10011972,CONTINENTAL,Reifen,09.csv,215,60,R,17C,107,,VANC. A/S ULTRA 3PMSF,,09,,,,,,
4019238075762,10011974,CONTINENTAL,Reifen,09.csv,215,65,R,15C,102,,VANC. A/S ULTRA 3PMSF,,09,,,,,,
4019238075816,10011953,CONTINENTAL,Reifen,09.csv,205,75,R,16C,111,,VANC. A/S ULTRA 3PMSF,,09,,,,,,
4019238075830,10011932,CONTINENTAL,Reifen,09.csv,195,70,R,15C,102,,VANC. A/S ULTRA 3PMSF,,09,,,,,,
4019238075847,10011925,CONTINENTAL,Reifen,09.csv,195,60,R,16C,97,,VANC. A/S ULTRA 3PMSF,,09,,,,,,
4019238075861,10012494,CONTINENTAL,Reifen,09.csv,295,30,R,20,,Z,SPORTC. 7 XLFR,,09,,,,,,
4019238075878,10012172,CONTINENTAL,Reifen,09.csv,235,35,R,20,,Z,SPORTC. 7 XLFR,,09,,,,,,
4019238076059,10012099,CONTINENTAL,Reifen,09.csv,255,45,R,20,,,ALLSEASONCONTACT SEAL FR 3PM,,09,,,,,,
4019238076127,10011840,CONTINENTAL,Reifen,09.csv,265,45,R,20,,,ALLSEASONCONTACT XLFR 3PMSF,,09,,,,,,
4019238076141,10011769,CONTINENTAL,Reifen,09.csv,185,55,R,16,,,ALLSEASONCONTACT XL 3PMSF,,09,,,,,,
4019238076158,10011847,CONTINENTAL,Reifen,09.csv,275,40,R,20,,,ALLSEASONCONTACT XLFR 3PMSF,,09,,,,,,
4019238076165,10011825,CONTINENTAL,Reifen,09.csv,255,40,R,20,,,ALLSEASONCONTACT XLFR 3PMSF,,09,,,,,,
4019238076196,10012095,CONTINENTAL,Reifen,09.csv,255,35,R,21,,,TS 860 S XLFR 3PMSF,,09,,,,,,
4019238076202,10011837,CONTINENTAL,Reifen,09.csv,265,35,R,21,,,TS 860 S XLFR 3PMSF,,09,,,,,,
4019238076240,10012072,CONTINENTAL,Reifen,09.csv,215,65,R,17,,,TS 870 P XLFR 3PMSF,,09,,,,,,
4019238076264,10012085,CONTINENTAL,Reifen,09.csv,235,45,R,21,,,TS 870 P XLFR 3PMSF,,09,,,,,,
4019238076325,10012088,CONTINENTAL,Reifen,09.csv,235,55,R,19,,,TS 870 P SEAL XLFR 3PMSF,,09,,,,,,
4019238078138,10011676,CONTINENTAL,Reifen,09.csv,215,70,R,15C,107,,VANC. ECO,,09,,,,,,
4019238078237,10012151,CONTINENTAL,Reifen,09.csv,265,40,R,21,,Z,SPORTC. 7 XLMO1,,09,,,,,,
4019238078404,10012112,CONTINENTAL,Reifen,09.csv,165,65,R,15,,,ULTRACONTACT,,09,,,,,,
4019238078435,10011941,CONTINENTAL,Reifen,09.csv,205,55,R,15,,,ULTRACONTACT,,09,,,,,,
4019238078466,10012113,CONTINENTAL,Reifen,09.csv,195,45,R,16,,,ULTRACONTACT XLFR,,09,,,,,,
4019238078480,10012064,CONTINENTAL,Reifen,09.csv,205,45,R,16,,,ULTRACONTACT XLFR,,09,,,,,,
4019238078503,10012120,CONTINENTAL,Reifen,09.csv,225,55,R,16,,,ULTRACONTACT FR,,09,,,,,,
4019238078565,10012136,CONTINENTAL,Reifen,09.csv,215,55,R,16,,,ULTRACONTACT XLFR,,09,,,,,,
4019238078640,10012121,CONTINENTAL,Reifen,09.csv,225,60,R,18,,,ULTRACONTACT FR,,09,,,,,,
4019238078824,10012477,CONTINENTAL,Reifen,09.csv,285,30,R,22,,Z,SPORTC. 7 XLFR,,09,,,,,,
4019238078855,10012437,CONTINENTAL,Reifen,09.csv,265,35,R,22,,Z,SPORTC. 7 XLFR,,09,,,,,,
4019238078879,10012224,CONTINENTAL,Reifen,09.csv,285,35,R,21,,Z,SPORTC. 7 XLFR,,09,,,,,,
4019238078923,10012413,CONTINENTAL,Reifen,09.csv,255,40,R,21,,Z,SPORTC. 7 XLFR,,09,,,,,,
4019238078930,10012438,CONTINENTAL,Reifen,09.csv,265,40,R,18,,Z,SPORTC. 7 XLFR,,09,,,,,,
4019238078947,10012222,CONTINENTAL,Reifen,09.csv,265,35,R,18,,Z,SPORTC. 7 XLFR,,09,,,,,,
4019238078992,10012643,CONTINENTAL,Reifen,09.csv,235,55,R,19,,,ECOCONTACT 6Q EVC XL,,09,,,,,,
4019238079029,10012467,CONTINENTAL,Reifen,09.csv,275,40,R,21,,,PREMIUMC. 7 XLFR,,09,,,,,,
4019238079036,10012393,CONTINENTAL,Reifen,09.csv,245,45,R,18,,,PREMIUMC. 7 FR,,09,,,,,,
4019238079043,10012392,CONTINENTAL,Reifen,09.csv,245,45,R,18,,,PREMIUMC. 7 XLFR,,09,,,,,,
4019238079050,10012360,CONTINENTAL,Reifen,09.csv,235,50,R,18,,,PREMIUMC. 7 XLFR,,09,,,,,,
4019238079067,10012289,CONTINENTAL,Reifen,09.csv,215,50,R,18,,,PREMIUMC. 7 FR,,09,,,,,,
4019238079104,10012329,CONTINENTAL,Reifen,09.csv,225,50,R,17,,,PREMIUMC. 7 FR,,09,,,,,,
4019238079111,10012326,CONTINENTAL,Reifen,09.csv,225,50,R,17,,,PREMIUMC. 7 FR,,09,,,,,,
4019238079135,10012321,CONTINENTAL,Reifen,09.csv,225,45,R,18,,,PREMIUMC. 7 FR,,09,,,,,,
4019238079142,10012311,CONTINENTAL,Reifen,09.csv,225,40,R,18,,,PREMIUMC. 7 XLFR,,09,,,,,,
4019238079173,10012461,CONTINENTAL,Reifen,09.csv,275,40,R,18,,,PREMIUMC. 7 XLFR,,09,,,,,,
4019238079180,10012395,CONTINENTAL,Reifen,09.csv,245,45,R,19,,,PREMIUMC. 7 FR,,09,,,,,,
4019238079197,10012377,CONTINENTAL,Reifen,09.csv,235,60,R,18,,,PREMIUMC. 7 XLFR,,09,,,,,,
4019238079258,10012296,CONTINENTAL,Reifen,09.csv,215,60,R,16,,,PREMIUMC. 7 XL,,09,,,,,,
4019238079265,10012291,CONTINENTAL,Reifen,09.csv,215,55,R,17,,,PREMIUMC. 7 XLFR,,09,,,,,,
4019238079289,10012356,CONTINENTAL,Reifen,09.csv,235,45,R,17,,,PREMIUMC. 7 XLFR,,09,,,,,,
4019238079296,10012354,CONTINENTAL,Reifen,09.csv,235,45,R,17,,,PREMIUMC. 7 XLFR,,09,,,,,,
4019238079302,10012355,CONTINENTAL,Reifen,09.csv,235,45,R,17,,,PREMIUMC. 7 FR,,09,,,,,,
4019238079326,10012325,CONTINENTAL,Reifen,09.csv,225,45,R,19,,,PREMIUMC. 7 XLFR,,09,,,,,,
4019238079333,10012315,CONTINENTAL,Reifen,09.csv,225,45,R,17,,,PREMIUMC. 7 XLFR,,09,,,,,,
4019238079340,10012317,CONTINENTAL,Reifen,09.csv,225,45,R,17,,,PREMIUMC. 7 FR,,09,,,,,,
4019238079357,10012316,CONTINENTAL,Reifen,09.csv,225,45,R,17,,,PREMIUMC. 7 FR,,09,,,,,,
4019238079364,10012385,CONTINENTAL,Reifen,09.csv,245,40,R,18,,,PREMIUMC. 7 XLFR,,09,,,,,,
4019238079371,10012384,CONTINENTAL,Reifen,09.csv,245,40,R,18,,,PREMIUMC. 7 FR,,09,,,,,,
4019238079395,10012367,CONTINENTAL,Reifen,09.csv,235,55,R,18,,,PREMIUMC. 7 FR,,09,,,,,,
4019238079401,10012631,CONTINENTAL,Reifen,09.csv,235,45,R,18,,,PREMIUMCONTACT 7 EVC XLFR,,09,,,,,,
4019238079425,10012617,CONTINENTAL,Reifen,09.csv,225,55,R,17,,,PREMIUMCONTACT 7 EVC XLFR,,09,,,,,,
4019238079432,10012334,CONTINENTAL,Reifen,09.csv,225,55,R,16,,,PREMIUMC. 7 XL,,09,,,,,,
4019238079456,10012302,CONTINENTAL,Reifen,09.csv,215,65,R,16,,,PREMIUMC. 7 XL,,09,,,,,,
4019238079463,10012293,CONTINENTAL,Reifen,09.csv,215,55,R,18,,,PREMIUMC. 7 XLFR,,09,,,,,,
4019238079470,10012287,CONTINENTAL,Reifen,09.csv,215,50,R,17,,,PREMIUMC. 7 XLFR,,09,,,,,,
4019238079500,10012269,CONTINENTAL,Reifen,09.csv,205,55,R,16,,,PREMIUMC. 7,,09,,,,,,
4019238079517,10012266,CONTINENTAL,Reifen,09.csv,205,55,R,16,,,PREMIUMC. 7,,09,,,,,,
4019238079524,10012263,CONTINENTAL,Reifen,09.csv,205,45,R,17,,,PREMIUMC. 7 XLFR,,09,,,,,,
4019238080209,10011841,CONTINENTAL,Reifen,09.csv,265,45,R,21,,,PREMIUMC. 6 XLAO1FR,,09,,,,,,
4019238080223,10012073,CONTINENTAL,Reifen,09.csv,215,65,R,17,,,TS 870 P AOFR 3PMSF,,09,,,,,,
4019238081183,10012234,CONTINENTAL,Reifen,09.csv,185,,R,14C,,,VANC. ULTRA (100),,09,,,,,,
4019238083323,10012832,CONTINENTAL,Reifen,09.csv,215,65,R,17,,,ALLSEASONCONTACT EVC 3PMSF,,09,,,,,,
4019238083330,10012827,CONTINENTAL,Reifen,09.csv,215,60,R,18,,,ALLSEASONCONTACT EVC 3PMSF,,09,,,,,,
4019238083354,10012828,CONTINENTAL,Reifen,09.csv,215,60,R,18,,,ECOCONTACT 6Q EVC,,09,,,,,,
4019238083361,10012833,CONTINENTAL,Reifen,09.csv,215,65,R,17,,,ECOCONTACT 6Q EVC,,09,,,,,,
4019238083392,10012156,CONTINENTAL,Reifen,09.csv,275,40,R,19,,Z,SPORTC. 7 XLMO1FR,,09,,,,,,
4019238083682,10012115,CONTINENTAL,Reifen,09.csv,205,45,R,17,,,ECOCONTACT 6 XLFR,,09,,,,,,
4019238083972,10012374,CONTINENTAL,Reifen,09.csv,235,55,R,19,,,TS 870 P SEAL XLFR 3PMSF,,09,,,,,,
4019238084009,10012362,CONTINENTAL,Reifen,09.csv,235,50,R,20,,,TS 870 P FR 3PMSF,,09,,,,,,
4019238084016,10012363,CONTINENTAL,Reifen,09.csv,235,50,R,20,,,TS 870 P SEAL FR 3PMSF,,09,,,,,,
4019238084085,10012460,CONTINENTAL,Reifen,09.csv,275,40,R,18,,,TS 870 P XLFR 3PMSF,,09,,,,,,
4019238084122,10012408,CONTINENTAL,Reifen,09.csv,255,40,R,20,,,TS 870 P XLFR 3PMSF,,09,,,,,,
4019238084528,10012070,CONTINENTAL,Reifen,09.csv,205,75,R,16C,111,,VANC. 100,,09,,,,,,
4019238087598,10012387,CONTINENTAL,Reifen,09.csv,245,40,R,19,,,PREMIUMC. 6 XLFR,,09,,,,,,
4019238087604,10012265,CONTINENTAL,Reifen,09.csv,205,55,R,16,,,ALLSEASONCONTACT 3PMSF,,09,,,,,,
4019238087611,10012273,CONTINENTAL,Reifen,09.csv,205,60,R,16,,,ALLSEASONCONTACT XL 3PMSF,,09,,,,,,
4019238087635,10012314,CONTINENTAL,Reifen,09.csv,225,45,R,17,,,ALLSEASONCONTACT XLFR 3PMSF,,09,,,,,,
4019238087642,10012371,CONTINENTAL,Reifen,09.csv,235,55,R,19,,,ALLSEASONCONTACT XLFR 3PMSF,,09,,,,,,
4019238087673,10012145,CONTINENTAL,Reifen,09.csv,235,55,R,20,,,ECOCONTACT 6 FR,,09,,,,,,
4019238089868,10012173,CONTINENTAL,Reifen,09.csv,235,45,R,18,,,TS 860 S SILENT XLT0FR 3PMS,,09,,,,,,
4019238089875,10012178,CONTINENTAL,Reifen,09.csv,255,45,R,19,,,TS 860 S SILENT T0FR 3PMSF,,09,,,,,,
4019238090635,10012409,CONTINENTAL,Reifen,09.csv,255,40,R,21,,,ECOCONTACT 6Q SEAL XL(+)FR,,09,,,,,,
4019238090642,10012410,CONTINENTAL,Reifen,09.csv,255,40,R,21,,,SPORTC. 7 SEAL XL(+)FR,,09,,,,,,
4019238090765,10012292,CONTINENTAL,Reifen,09.csv,215,55,R,18,,,ECOCONTACT 6Q,,09,,,,,,
4019238091724,10012668,CONTINENTAL,Reifen,09.csv,255,40,R,19,,,ALLSEASONCONTACT 2 EVC XLFR,,09,,,,,,
4019238091731,10012655,CONTINENTAL,Reifen,09.csv,245,40,R,19,,,ALLSEASONCONTACT 2 EVC XLFR,,09,,,,,,
4019238091748,10012653,CONTINENTAL,Reifen,09.csv,235,65,R,17,,,ALLSEASONCONTACT 2 EVC XL 3P,,09,,,,,,
4019238091755,10012592,CONTINENTAL,Reifen,09.csv,215,60,R,17,,,ALLSEASONCONTACT 2 EVC XL 3P,,09,,,,,,
4019238091762,10012618,CONTINENTAL,Reifen,09.csv,225,55,R,18,,,ALLSEASONCONTACT 2 EVC XL 3P,,09,,,,,,
4019238091779,10012584,CONTINENTAL,Reifen,09.csv,215,55,R,17,,,ALLSEASONCONTACT 2 EVC 3PMSF,,09,,,,,,
4019238091786,10012585,CONTINENTAL,Reifen,09.csv,215,55,R,17,,,ALLSEASONCONTACT 2 EVC XL 3P,,09,,,,,,
4019238091793,10012560,CONTINENTAL,Reifen,09.csv,205,45,R,17,,,ALLSEASONCONTACT 2 EVC XLFR,,09,,,,,,
4019238091809,10012559,CONTINENTAL,Reifen,09.csv,205,45,R,17,,,ALLSEASONCONTACT 2 EVC XLFR,,09,,,,,,
4019238091830,10012548,CONTINENTAL,Reifen,09.csv,195,55,R,16,,,ALLSEASONCONTACT 2 EVC XL 3P,,09,,,,,,
4019238091847,10012545,CONTINENTAL,Reifen,09.csv,195,55,R,16,,,ALLSEASONCONTACT 2 EVC XL 3P,,09,,,,,,
4019238091854,10012572,CONTINENTAL,Reifen,09.csv,205,60,R,17,,,ALLSEASONCONTACT 2 EVC XL 3P,,09,,,,,,
4019238091878,10012602,CONTINENTAL,Reifen,09.csv,225,40,R,18,,,ALLSEASONCONTACT 2 EVC SSRXL,,09,,,,,,
4019238091885,10012610,CONTINENTAL,Reifen,09.csv,225,50,R,17,,,ALLSEASONCONTACT 2 EVC SSRXL,,09,,,,,,
4019238091892,10012567,CONTINENTAL,Reifen,09.csv,205,55,R,16,,,ALLSEASONCONTACT 2 EVC SSRXL,,09,,,,,,
4019238091915,10012688,CONTINENTAL,Reifen,09.csv,255,55,R,20,,,ALLSEASONCONTACT 2 EVC XL 3P,,09,,,,,,
4019238091922,10012663,CONTINENTAL,Reifen,09.csv,245,50,R,18,,,ALLSEASONCONTACT 2 EVC FR 3P,,09,,,,,,
4019238091939,10012612,CONTINENTAL,Reifen,09.csv,225,50,R,19,,,ALLSEASONCONTACT 2 EVC XLFR,,09,,,,,,
4019238091946,10012558,CONTINENTAL,Reifen,09.csv,205,45,R,16,,,ALLSEASONCONTACT 2 EVC FR 3P,,09,,,,,,
4019238091953,10012624,CONTINENTAL,Reifen,09.csv,225,60,R,18,,,ALLSEASONCONTACT 2 EVC XL 3P,,09,,,,,,
4019238091960,10012616,CONTINENTAL,Reifen,09.csv,225,55,R,17,,,ALLSEASONCONTACT 2 EVC XL 3P,,09,,,,,,
4019238091977,10012601,CONTINENTAL,Reifen,09.csv,225,40,R,18,,,ALLSEASONCONTACT 2 EVC XLFR,,09,,,,,,
4019238091984,10012600,CONTINENTAL,Reifen,09.csv,225,40,R,18,,,ALLSEASONCONTACT 2 EVC XLFR,,09,,,,,,
4019238091991,10012593,CONTINENTAL,Reifen,09.csv,215,60,R,18,,,ALLSEASONCONTACT 2 EVC XL 3P,,09,,,,,,
4019238092004,10012546,CONTINENTAL,Reifen,09.csv,195,55,R,16,,,ALLSEASONCONTACT 2 EVC 3PMSF,,09,,,,,,
4019238092011,10012543,CONTINENTAL,Reifen,09.csv,185,65,R,15,,,ALLSEASONCONTACT 2 EVC XL 3P,,09,,,,,,
4019238092028,10012541,CONTINENTAL,Reifen,09.csv,185,65,R,15,,,ALLSEASONCONTACT 2 EVC 3PMSF,,09,,,,,,
4019238092059,10012666,CONTINENTAL,Reifen,09.csv,255,35,R,18,,,ALLSEASONCONTACT 2 EVC XLFR,,09,,,,,,
4019238092066,10012648,CONTINENTAL,Reifen,09.csv,235,60,R,18,,,ALLSEASONCONTACT 2 EVC SEAL,,09,,,,,,
4019238092073,10012647,CONTINENTAL,Reifen,09.csv,235,60,R,18,,,ALLSEASONCONTACT 2 EVC 3PMSF,,09,,,,,,
4019238092097,10012649,CONTINENTAL,Reifen,09.csv,235,60,R,18,,,ALLSEASONCONTACT 2 EVC XL 3P,,09,,,,,,
4019238092103,10012625,CONTINENTAL,Reifen,09.csv,225,65,R,17,,,ALLSEASONCONTACT 2 EVC XL 3P,,09,,,,,,
4019238092110,10012613,CONTINENTAL,Reifen,09.csv,225,55,R,16,,,ALLSEASONCONTACT 2 EVC XL 3P,,09,,,,,,
4019238092127,10012611,CONTINENTAL,Reifen,09.csv,225,50,R,17,,,ALLSEASONCONTACT 2 EVC XLFR,,09,,,,,,
4019238092134,10012857,CONTINENTAL,Reifen,09.csv,225,50,R,17,,,ALLSEASONCONTACT 2 EVC XLFR,,09,,,,,,
4019238092141,10012608,CONTINENTAL,Reifen,09.csv,225,45,R,17,,,ALLSEASONCONTACT 2 EVC XLFR,,09,,,,,,
4019238092158,10012605,CONTINENTAL,Reifen,09.csv,225,45,R,17,,,ALLSEASONCONTACT 2 EVC XLFR,,09,,,,,,
4019238092165,10012603,CONTINENTAL,Reifen,09.csv,225,45,R,17,,,ALLSEASONCONTACT 2 EVC XLFR,,09,,,,,,
4019238092189,10012590,CONTINENTAL,Reifen,09.csv,215,60,R,16,,,ALLSEASONCONTACT 2 EVC XL 3P,,09,,,,,,
4019238092196,10012570,CONTINENTAL,Reifen,09.csv,205,60,R,16,,,ALLSEASONCONTACT 2 EVC XL 3P,,09,,,,,,
4019238092219,10012555,CONTINENTAL,Reifen,09.csv,205,40,R,17,,,ALLSEASONCONTACT 2 EVC XLFR,,09,,,,,,
4019238092226,10012676,CONTINENTAL,Reifen,09.csv,255,45,R,20,,,ALLSEASONCONTACT 2 EVC XLFR,,09,,,,,,
4019238092233,10012635,CONTINENTAL,Reifen,09.csv,235,45,R,21,,,ALLSEASONCONTACT 2 EVC XLFR,,09,,,,,,
4019238092240,10012636,CONTINENTAL,Reifen,09.csv,235,45,R,21,,,ALLSEASONCONTACT 2 EVC SEAL,,09,,,,,,
4019238092271,10012716,CONTINENTAL,Reifen,09.csv,285,45,R,20,,,ALLSEASONCONTACT 2 EVC XLFR,,09,,,,,,
4019238092288,10012693,CONTINENTAL,Reifen,09.csv,265,40,R,21,,,ALLSEASONCONTACT 2 EVC XLFR,,09,,,,,,
4019238092295,10012556,CONTINENTAL,Reifen,09.csv,205,40,R,18,,,ALLSEASONCONTACT 2 EVC XLFR,,09,,,,,,
4019238092318,10012630,CONTINENTAL,Reifen,09.csv,235,45,R,18,,,ALLSEASONCONTACT 2 EVC XLFR,,09,,,,,,
4019238092325,10012582,CONTINENTAL,Reifen,09.csv,215,55,R,16,,,ALLSEASONCONTACT 2 EVC XL 3P,,09,,,,,,
4019238092332,10012623,CONTINENTAL,Reifen,09.csv,225,60,R,18,,,ALLSEASONCONTACT 2 EVC 3PMSF,,09,,,,,,
4019238092349,10012646,CONTINENTAL,Reifen,09.csv,235,55,R,19,,,ALLSEASONCONTACT 2 EVC XL 3P,,09,,,,,,
4019238092363,10012644,CONTINENTAL,Reifen,09.csv,235,55,R,19,,,ALLSEASONCONTACT 2 EVC 3PMSF,,09,,,,,,
4019238092387,10012581,CONTINENTAL,Reifen,09.csv,215,50,R,19,,,ALLSEASONCONTACT 2 EVC FR 3P,,09,,,,,,
4019238092394,10012682,CONTINENTAL,Reifen,09.csv,255,50,R,19,,,ALLSEASONCONTACT 2 EVC XLFR,,09,,,,,,
4019238092400,10012681,CONTINENTAL,Reifen,09.csv,255,50,R,19,,,ALLSEASONCONTACT 2 EVC SEAL,,09,,,,,,
4019238092424,10012697,CONTINENTAL,Reifen,09.csv,265,50,R,19,,,ALLSEASONCONTACT 2 EVC XLFR,,09,,,,,,
4019238092431,10012656,CONTINENTAL,Reifen,09.csv,245,40,R,20,,,ALLSEASONCONTACT 2 EVC XLFR,,09,,,,,,
4019238092448,10012578,CONTINENTAL,Reifen,09.csv,215,45,R,20,,,ALLSEASONCONTACT 2 EVC XLFR,,09,,,,,,
4019238092455,10012579,CONTINENTAL,Reifen,09.csv,215,45,R,20,,,ALLSEASONCONTACT 2 EVC SEAL,,09,,,,,,
4019238092493,10012671,CONTINENTAL,Reifen,09.csv,255,40,R,21,,,ALLSEASONCONTACT 2 EVC SEAL,,09,,,,,,
4019238092509,10012660,CONTINENTAL,Reifen,09.csv,245,45,R,18,,,ALLSEASONCONTACT 2 EVC XLFR,,09,,,,,,
4019238092516,10012629,CONTINENTAL,Reifen,09.csv,235,40,R,18,,,ALLSEASONCONTACT 2 EVC XLFR,,09,,,,,,
4019238092523,10012594,CONTINENTAL,Reifen,09.csv,215,65,R,16,,,ALLSEASONCONTACT 2 EVC 3PMSF,,09,,,,,,
4019238092530,10012597,CONTINENTAL,Reifen,09.csv,215,65,R,16,,,ALLSEASONCONTACT 2 EVC XL 3P,,09,,,,,,
4019238092547,10012591,CONTINENTAL,Reifen,09.csv,215,60,R,17,,,ALLSEASONCONTACT 2 EVC 3PMSF,,09,,,,,,
4019238092554,10012587,CONTINENTAL,Reifen,09.csv,215,55,R,18,,,ALLSEASONCONTACT 2 SEAL 3PMS,,09,,,,,,
4019238092561,10012586,CONTINENTAL,Reifen,09.csv,215,55,R,18,,,ALLSEASONCONTACT 2 EVC 3PMSF,,09,,,,,,
4019238092585,10012580,CONTINENTAL,Reifen,09.csv,215,50,R,18,,,ALLSEASONCONTACT 2 EVC FR 3P,,09,,,,,,
4019238092592,10012568,CONTINENTAL,Reifen,09.csv,205,55,R,17,,,ALLSEASONCONTACT 2 EVC XL 3P,,09,,,,,,
4019238092608,10012564,CONTINENTAL,Reifen,09.csv,205,55,R,16,,,ALLSEASONCONTACT 2 EVC XL 3P,,09,,,,,,
4019238092615,10012565,CONTINENTAL,Reifen,09.csv,205,55,R,16,,,ALLSEASONCONTACT 2 EVC XL 3P,,09,,,,,,
4019238092622,10012566,CONTINENTAL,Reifen,09.csv,205,55,R,16,,,ALLSEASONCONTACT 2 EVC 3PMSF,,09,,,,,,
4019238092639,10012563,CONTINENTAL,Reifen,09.csv,205,55,R,16,,,ALLSEASONCONTACT 2 EVC 3PMSF,,09,,,,,,
4019238092646,10013002,CONTINENTAL,Reifen,09.csv,255,55,R,18,,,ALLSEASONCONTACT 2 SEAL EVC,,09,,,,,,
4019238092653,10012684,CONTINENTAL,Reifen,09.csv,255,55,R,18,,,ALLSEASONCONTACT 2 EVC 3PMSF,,09,,,,,,
4019238092660,10012685,CONTINENTAL,Reifen,09.csv,255,55,R,18,,,ALLSEASONCONTACT 2 EVC XL 3P,,09,,,,,,
4019238092677,10012536,CONTINENTAL,Reifen,09.csv,165,60,R,15,,,ALLSEASONCONTACT 2 EVC 3PMSF,,09,,,,,,
4019238092684,10012561,CONTINENTAL,Reifen,09.csv,205,50,R,17,,,ALLSEASONCONTACT 2 EVC XLFR,,09,,,,,,
4019238092691,10012562,CONTINENTAL,Reifen,09.csv,205,50,R,17,,,ALLSEASONCONTACT 2 EVC XLFR,,09,,,,,,
4019238092981,10012672,CONTINENTAL,Reifen,09.csv,255,45,R,18,,,ALLSEASONCONTACT 2 EVC XLFR,,09,,,,,,
4019238093360,10012243,CONTINENTAL,Reifen,09.csv,215,65,R,16C,104,,VANC. A/S ULTRA 3PMSF,,09,,,,,,
4019238093407,10012278,CONTINENTAL,Reifen,09.csv,205,65,R,15C,100,,VANC. A/S ULTRA 3PMSF,,09,,,,,,
4019238093438,10012256,CONTINENTAL,Reifen,09.csv,185,80,R,14C,100,,VANC. A/S ULTRA 3PMSF,,09,,,,,,
4019238093452,10012299,CONTINENTAL,Reifen,09.csv,215,65,R,16C,104,,VANC. ULTRA,,09,,,,,,
4019238093490,10012346,CONTINENTAL,Reifen,09.csv,225,70,R,15C,110,,VANC. ULTRA,,09,,,,,,
4019238093506,10012345,CONTINENTAL,Reifen,09.csv,225,70,R,15C,110,,VANC. A/S ULTRA 3PMSF,,09,,,,,,
4019238093520,10012244,CONTINENTAL,Reifen,09.csv,215,70,R,15C,107,,VANC. A/S ULTRA 3PMSF,,09,,,,,,
4019238093612,10012217,CONTINENTAL,Reifen,09.csv,205,65,R,17,,,TS 870 P FR 3PMSF,,09,,,,,,
4019238093780,10012425,CONTINENTAL,Reifen,09.csv,255,45,R,21,,,TS 870 P XLFR 3PMSF,,09,,,,,,
4019238093810,10012711,CONTINENTAL,Reifen,09.csv,285,30,R,20,,,TS 870 P EVC XL,,09,,,,,,
4019238093827,10012411,CONTINENTAL,Reifen,09.csv,255,40,R,21,,,TS 870 P SEAL XLFR 3PMSF,,09,,,,,,
4019238094046,10012192,CONTINENTAL,Reifen,09.csv,265,35,R,20,,Z,SPORTC. 7 XLFR,,09,,,,,,
4019238094398,10012614,CONTINENTAL,Reifen,09.csv,225,55,R,17C,104,,VANCONTACT A/S ULTRA 3PMSF (,,09,,,,,,
4019238094480,10012220,CONTINENTAL,Reifen,09.csv,245,40,R,20,,,SPORTC. 6 XLFR,,09,,,,,,
4019238094497,10012206,CONTINENTAL,Reifen,09.csv,245,40,R,20,,,SPORTC. 6 SILENT XLFR,,09,,,,,,
4019238094923,10012351,CONTINENTAL,Reifen,09.csv,235,40,R,19,,,PREMIUMC. 6 XLVOLFR,,09,,,,,,
4019238095791,10012841,CONTINENTAL,Reifen,09.csv,225,40,R,19,,,ECOCONTACT 7 XLMOFR,,09,,,,,,
4019238096057,10012596,CONTINENTAL,Reifen,09.csv,215,65,R,16C,106,,VANCONTACT A/S ULTRA 3PMSF (,,09,,,,,,
4019238096569,10012620,CONTINENTAL,Reifen,09.csv,225,60,R,15,,,ECOCONTACT 6 EVC,,09,,,,,,
4019238096583,10012583,CONTINENTAL,Reifen,09.csv,215,55,R,16,,,ECOCONTACT 6 EVC XL,,09,,,,,,
4019238096590,10012571,CONTINENTAL,Reifen,09.csv,205,60,R,16,,,ECOCONTACT 6 EVC XL,,09,,,,,,
4019238096606,10012576,CONTINENTAL,Reifen,09.csv,215,40,R,17,,,ECOCONTACT 6 EVC XL,,09,,,,,,
4019238096712,10012632,CONTINENTAL,Reifen,09.csv,235,45,R,19,,,SPORTCONTACT 7 EVC FR,,09,,,,,,
4019238096989,10012421,CONTINENTAL,Reifen,09.csv,255,45,R,20,,,PREMIUMC. 6 XLFR,,09,,,,,,
4019238097207,10013411,CONTINENTAL,Reifen,09.csv,225,55,R,17,,,ECO CON 7S EVC (+)FR,,09,,,,,,
4019238097399,10012258,CONTINENTAL,Reifen,09.csv,195,60,R,16,,,ECOCONTACT 6Q XL*,,09,,,,,,
4019238097429,10012784,CONTINENTAL,Reifen,09.csv,205,55,R,17,,,ECOCONTACT 6Q XL*FR,,09,,,,,,
4019238097436,10012275,CONTINENTAL,Reifen,09.csv,205,60,R,17,,,TS 860 S XL* 3PMSF,,09,,,,,,
4019238097481,10012309,CONTINENTAL,Reifen,09.csv,225,40,R,18,,,ECOCONTACT 6 SSRXL*,,09,,,,,,
4019238097542,10012332,CONTINENTAL,Reifen,09.csv,225,50,R,18,,,PREMIUMC. 6 XL*,,09,,,,,,
4019238097559,10012336,CONTINENTAL,Reifen,09.csv,225,55,R,17,,,ECOCONTACT 6 XLI *FR,,09,,,,,,
4019238097573,10012338,CONTINENTAL,Reifen,09.csv,225,55,R,18,,,ECOCONTACT 6Q XL* MOFR,,09,,,,,,
4019238097580,10012343,CONTINENTAL,Reifen,09.csv,225,60,R,18,,,ECOCONTACT 6Q XL*,,09,,,,,,
4019238097665,10012401,CONTINENTAL,Reifen,09.csv,245,50,R,19,,,ECOCONTACT 6Q XL*FR,,09,,,,,,
4019238097689,10012406,CONTINENTAL,Reifen,09.csv,255,35,R,19,,Z,SPORTC. 6 XL*FR,,09,,,,,,
4019238097696,10012407,CONTINENTAL,Reifen,09.csv,255,40,R,18,,,TS 830 P XL*FR 3PMSF,,09,,,,,,
4019238097733,10012423,CONTINENTAL,Reifen,09.csv,255,45,R,20,,,SPORTC. 7 XL*FR,,09,,,,,,
4019238097771,10012454,CONTINENTAL,Reifen,09.csv,275,35,R,20,,,ECOCONTACT 6Q XL* MOFR,,09,,,,,,
4019238097795,10012451,CONTINENTAL,Reifen,09.csv,275,35,R,19,,Z,SPORTC. 6 XL*FR,,09,,,,,,
4019238097818,10012464,CONTINENTAL,Reifen,09.csv,275,40,R,19,,,ECOCONTACT 6Q XL* MOFR,,09,,,,,,
4019238097825,10012479,CONTINENTAL,Reifen,09.csv,285,35,R,21,,,ECOCONTACT 6Q XL*FR,,09,,,,,,
4019238097832,10012482,CONTINENTAL,Reifen,09.csv,285,40,R,20,,,ECOCONTACT 6Q XL*FR,,09,,,,,,
4019238097986,10013355,CONTINENTAL,Reifen,09.csv,215,55,R,17,,,ALL SEAS CON 2 EVC (+) 3PMSF,,09,,,,,,
4019238098754,10012364,CONTINENTAL,Reifen,09.csv,235,50,R,20,,,TS 870 P XLFR 3PMSF,,09,,,,,,
4019238099553,10012935,CONTINENTAL,Reifen,09.csv,245,35,R,21,,,ECOCONTACT 6Q SILENT XL* MOF,,09,,,,,,
4019238099669,10012692,CONTINENTAL,Reifen,09.csv,265,35,R,19,,Z,SPORTCONTACT 7 EVC XLM,,09,,,,,,
4019238099706,10012804,CONTINENTAL,Reifen,09.csv,215,50,R,17,,,ECOCONTACT 6 EVC XL,,09,,,,,,
4019238099720,10012701,CONTINENTAL,Reifen,09.csv,275,30,R,21,,,ECOCONTACT 6Q EVC XL* MOFR,,09,,,,,,
4019238099744,10013029,CONTINENTAL,Reifen,09.csv,275,30,R,21,,,ECOCONTACT 6Q SILENT XL* MOF,,09,,,,,,
4019238099775,10013007,CONTINENTAL,Reifen,09.csv,255,60,R,17,,,ULTRACONTACT EVC FR,,09,,,,,,
4019238099782,10012950,CONTINENTAL,Reifen,09.csv,245,45,R,17,,,ULTRACONTACT EVC XLFR,,09,,,,,,
4019238099812,10012799,CONTINENTAL,Reifen,09.csv,215,40,R,17,,,ULTRACONTACT EVC XLFR,,09,,,,,,
4019238099829,10013097,CONTINENTAL,Reifen,09.csv,205,55,R,19,,,ULTRACONTACT EVC XLFR,,09,,,,,,
4019238099836,10012904,CONTINENTAL,Reifen,09.csv,235,55,R,18,,,ULTRACONTACT EVC FR,,09,,,,,,
4019238099911,10012803,CONTINENTAL,Reifen,09.csv,215,45,R,18,,,ULTRACONTACT EVC XLFR,,09,,,,,,
4019238130355,10012577,CONTINENTAL,Reifen,09.csv,215,40,R,18,,,PREMIUMCONTACT 7 EVC XLFR,,09,,,,,,
4019238130386,10012557,CONTINENTAL,Reifen,09.csv,205,40,R,18,,,PREMIUMCONTACT 7 EVC XLFR,,09,,,,,,
4019238130393,10012959,CONTINENTAL,Reifen,09.csv,245,50,R,18,,,PREMIUMCONTACT 7 EVC FR,,09,,,,,,
4019238130409,10012918,CONTINENTAL,Reifen,09.csv,235,55,R,19,,,PREMIUMCONTACT 7 EVC XLFR,,09,,,,,,
4019238150469,10012844,CONTINENTAL,Reifen,09.csv,225,40,R,20,,,PREMIUMCONTACT 7 EVC XLFR,,09,,,,,,
4019238150490,10012673,CONTINENTAL,Reifen,09.csv,255,45,R,18,,,PREMIUMCONTACT 7 EVC XLFR,,09,,,,,,
4019238191134,10013020,CONTINENTAL,Reifen,09.csv,HL265,40,R,21,,,PREMIUMCONTACT 7 EVC XLFR,,09,,,,,,
4019238191158,10012888,CONTINENTAL,Reifen,09.csv,HL235,45,R,21,,,PREMIUMCONTACT 7 EVC XLFR,,09,,,,,,
4019238219012,10005323,CONTINENTAL,Reifen,09.csv,215,40,R,16,,,SPORT CONT. 2  XL FR,,09,,,,,,
4019238283860,10013118,CONTINENTAL,Reifen,09.csv,255,45,R,20,,,ECOCONTACT 7 EVC XLFR,,09,,,,,,
4019238284317,10013023,CONTINENTAL,Reifen,09.csv,265,45,R,20,,,ECOCONTACT 7 EVC XLFR,,09,,,,,,
4019238284324,10012920,CONTINENTAL,Reifen,09.csv,235,60,R,18,,,ECOCONTACT 5 XLVOLFR,,09,,,,,,
4019238284331,10012906,CONTINENTAL,Reifen,09.csv,235,55,R,18,,,ECOCONTACT 6 VOL,,09,,,,,,
4019238284416,10012905,CONTINENTAL,Reifen,09.csv,235,55,R,18,,,ECOCONTACT 6 XLVOL,,09,,,,,,
4019238284430,10012893,CONTINENTAL,Reifen,09.csv,235,50,R,19,,,ECOCONTACT 6 XLVOL,,09,,,,,,
4019238285031,10012979,CONTINENTAL,Reifen,09.csv,255,40,R,20,,,ECOCONTACT 6 EVC XLVOL,,09,,,,,,
4019238285048,10012915,CONTINENTAL,Reifen,09.csv,235,55,R,19,,,ECOCONTACT 6 EVC XLVOL,,09,,,,,,
4019238285208,10012895,CONTINENTAL,Reifen,09.csv,235,50,R,19,,,ECOCONTACT 6 EVC XLVOL,,09,,,,,,
4019238285215,10012984,CONTINENTAL,Reifen,09.csv,255,45,R,19,,,ECOCONTACT 6 EVC XLVOL,,09,,,,,,
4019238285659,10013185,CONTINENTAL,Reifen,09.csv,235,50,R,19C,,,VANCONTACT ULTRA (109),,09,,,,,,
4019238285758,10013038,CONTINENTAL,Reifen,09.csv,275,40,R,18,,Z,SPORTCONTACT 6 EVC XL,,09,,,,,,
4019238286755,10013042,CONTINENTAL,Reifen,09.csv,275,40,R,21,,,PREMIUMCONTACT 6 SILENT EVC,,09,,,,,,
4019238286991,10012809,CONTINENTAL,Reifen,09.csv,215,55,R,17,,,ECOCONTACT 6 EVC XL,,09,,,,,,
4019238287028,10012781,CONTINENTAL,Reifen,09.csv,205,55,R,16,,,ECOCONTACT 6 EVC XL,,09,,,,,,
4019238287059,10012796,CONTINENTAL,Reifen,09.csv,205,60,R,16,,,ECOCONTACT 6 EVC,,09,,,,,,
4019238287110,10012983,CONTINENTAL,Reifen,09.csv,255,40,R,21,,Z,SPORTCONTACT 5 P XLMO,,09,,,,,,
4019238287523,10013197,CONTINENTAL,Reifen,09.csv,235,60,R,20,,,WI CON 8 S EVC XLFR 3PMSF,,09,,,,,,
4019238287554,10013242,CONTINENTAL,Reifen,09.csv,275,40,R,22,,,WI CON 8 S EVC XLFR 3PMSF,,09,,,,,,
4019238287585,10013198,CONTINENTAL,Reifen,09.csv,245,35,R,19,,,WI CON 8 S EVC XLFR 3PMSF,,09,,,,,,
4019238287653,10013161,CONTINENTAL,Reifen,09.csv,225,40,R,19,,,WI CON 8 S EVC XLFR 3PMSF,,09,,,,,,
4019238287660,10013212,CONTINENTAL,Reifen,09.csv,255,35,R,19,,,WI CON 8 S EVC XLFR 3PMSF,,09,,,,,,
4019238287967,10012944,CONTINENTAL,Reifen,09.csv,245,40,R,20,,,SPORTCONTACT 5 P XLMOFR,,09,,,,,,
4019238288391,10012852,CONTINENTAL,Reifen,09.csv,225,45,R,18,,,ECOCONTACT 6 EVC XL*,,09,,,,,,
4019238288827,10012951,CONTINENTAL,Reifen,09.csv,245,45,R,18,,,ECOCONTACT 6 EVC,,09,,,,,,
4019238290097,10012943,CONTINENTAL,Reifen,09.csv,245,40,R,20,,,PREMIUMCONTACT 6 EVC SSRXLFR,,09,,,,,,
4019238290462,10012760,CONTINENTAL,Reifen,09.csv,195,45,R,16,,,SPORTCONTACT 3 FR,,09,,,,,,
4019238291636,10012778,CONTINENTAL,Reifen,09.csv,205,50,R,15,,,PREMIUMCONTACT 2,,09,,,,,,
4019238291650,10012782,CONTINENTAL,Reifen,09.csv,205,55,R,16,,,ECOCONTACT 6 EVC EVC,,09,,,,,,
4019238291766,10013160,CONTINENTAL,Reifen,09.csv,215,75,R,16C,111,,VANCONTACT 4SEASON 3PMSF,,09,,,,,,
4019238291773,10012837,CONTINENTAL,Reifen,09.csv,215,75,R,16C,111,,VANCONTACT A/S ULTRA 3PMSF,,09,,,,,,
4019238292190,10013101,CONTINENTAL,Reifen,09.csv,225,45,R,17,,,ECOCONTACT 6 XL,,09,,,,,,
4019238292565,10012604,CONTINENTAL,Reifen,09.csv,225,45,R,17,,,ECOCONTACT 6 EVC,,09,,,,,,
4019238295290,10013297,CONTINENTAL,Reifen,09.csv,235,50,R,20,,,ALL SEAS CON 2 EVC FR 3PMSF,,09,,,,,,
4019238295306,10013298,CONTINENTAL,Reifen,09.csv,235,50,R,20,,,ALL SEAS CON 2 SEAL EVC FR 3,,09,,,,,,
4019238295313,10013515,CONTINENTAL,Reifen,09.csv,255,45,R,20,,,ALL SEAS CON 2 EVC FR 3PMSF,,09,,,,,,
4019238295337,10013311,CONTINENTAL,Reifen,09.csv,175,65,R,17,,,ALL SEAS CON 2 EVC 3PMSF,,09,,,,,,
4019238295344,10013376,CONTINENTAL,Reifen,09.csv,225,40,R,18,,,ALL SEAS CON 2 EVC XLFR 3PMS,,09,,,,,,
4019238295368,10013290,CONTINENTAL,Reifen,09.csv,215,45,R,16,,,ALL SEAS CON 2 EVC XLFR 3PMS,,09,,,,,,
4019238295375,10013381,CONTINENTAL,Reifen,09.csv,225,45,R,18,,,ALL SEAS CON 2 EVC XLFR 3PMS,,09,,,,,,
4019238295382,10013428,CONTINENTAL,Reifen,09.csv,235,45,R,17,,,ALL SEAS CON 2 EVC XLFR 3PMS,,09,,,,,,
4019238295399,10013453,CONTINENTAL,Reifen,09.csv,235,55,R,18,,,ALL SEAS CON 2 EVC XL 3PMSF,,09,,,,,,
4019238295429,10013506,CONTINENTAL,Reifen,09.csv,255,40,R,20,,,ALL SEAS CON 2 EVC XLFR 3PMS,,09,,,,,,
4019238296280,10013103,CONTINENTAL,Reifen,09.csv,225,45,R,19,,,ALLSEASONCONTACT 2 EVC XLFR,,09,,,,,,
4019238296587,10013106,CONTINENTAL,Reifen,09.csv,235,35,R,19,,,SPORTCONTACT 6 EVC XL*FR,,09,,,,,,
4019238296600,10013102,CONTINENTAL,Reifen,09.csv,225,45,R,18,,,ALLSEASONCONTACT 2 EVC SSRXL,,09,,,,,,
4019238297638,10013436,CONTINENTAL,Reifen,09.csv,235,50,R,18,,,ALL SEAS CON 2 EVC XLFR 3PMS,,09,,,,,,
4019238297645,10013310,CONTINENTAL,Reifen,09.csv,175,65,R,15,,,ALL SEAS CON 2 EVC XL 3PMSF,,09,,,,,,
4019238298468,10013201,CONTINENTAL,Reifen,09.csv,245,40,R,18,,Z,SP CON 6 EVC XLMO1FR,,09,,,,,,
4019238298529,10013345,CONTINENTAL,Reifen,09.csv,205,65,R,17,,,ALL SEAS CON 2 EVC XL 3PMSF,,09,,,,,,
4019238299717,10013490,CONTINENTAL,Reifen,09.csv,245,45,R,18,,,ECO CON 6 EVC XL*,,09,,,,,,
4019238300055,10013211,CONTINENTAL,Reifen,09.csv,245,50,R,19,,,ECO CON 6 EVC XL*,,09,,,,,,
4019238300062,10013165,CONTINENTAL,Reifen,09.csv,225,45,R,18,,,ECO CON 6 EVC XLMO,,09,,,,,,
4019238300413,10013200,CONTINENTAL,Reifen,09.csv,245,40,R,18,,,ECO CON 6 EVC XLMO,,09,,,,,,
4019238301045,10013270,CONTINENTAL,Reifen,09.csv,255,55,R,19,,,PRE CON 7 EVC XLFR,,09,,,,,,
4019238302264,10013463,CONTINENTAL,Reifen,09.csv,235,55,R,19,,,SP CON 5 N0FSL,,09,,,,,,
4019238302271,10013526,CONTINENTAL,Reifen,09.csv,255,50,R,19,,,SP CON 5 N0FSL,,09,,,,,,
4019238306132,10013357,CONTINENTAL,Reifen,09.csv,215,55,R,18,,,ECO CON 6 EVC (+),,09,,,,,,
4019238306514,10013378,CONTINENTAL,Reifen,09.csv,225,40,R,18,,,ECO CON 6 EVC XL*FR,,09,,,,,,
4019238310863,10006026,CONTINENTAL,Reifen,09.csv,275,40,R,20,,,4X4 SPORT XL FR,,09,,,,,,
4019238311969,10013462,CONTINENTAL,Reifen,09.csv,235,55,R,19,,,SP CON 5 XLLRFR,,09,,,,,,
4019238313444,10013468,CONTINENTAL,Reifen,09.csv,235,60,R,18,,,SP CON 5 VOLFR,,09,,,,,,
4019238315653,10006064,CONTINENTAL,Reifen,09.csv,265,45,R,20,,,SPORT CONT.2 MO FR,,09,,,,,,
4019238321982,10013470,CONTINENTAL,Reifen,09.csv,235,60,R,18,,,SP CON 5 N0FR,,09,,,,,,
4019238327953,10006303,CONTINENTAL,Reifen,09.csv,275,45,R,19,,,4X4 CONT.N0 XL FR,,09,,,,,,
4019238337792,10006090,CONTINENTAL,Reifen,09.csv,235,70,R,16,,,CROSS WINTER,,09,,,,,,
4019238363340,10012997,CONTINENTAL,Reifen,09.csv,255,50,R,19,,,ULTRACONTACT NXT EVC XLFR,,09,,,,,,
4019238363357,10012913,CONTINENTAL,Reifen,09.csv,235,55,R,19,,,ULTRACONTACT NXT EVC XLFR,,09,,,,,,
4019238370430,10006311,CONTINENTAL,Reifen,09.csv,205,,R,14C,107,,VANCO 2 8PR,,09,,,,,,
4019238374803,10008875,CONTINENTAL,Reifen,09.csv,215,60,R,16,,,PREMIUMC. 2,,09,,,,,,
4019238393453,10012783,CONTINENTAL,Reifen,09.csv,205,55,R,16,,,ULTRACONTACT NXT EVC XLFR,,09,,,,,,
4019238393590,10012988,CONTINENTAL,Reifen,09.csv,255,45,R,19,,,ALLSEASONCONTACT 2 EVC XLFR,,09,,,,,,
4019238399752,10012842,CONTINENTAL,Reifen,09.csv,225,40,R,19,,,ALLSEASONCONTACT 2 EVC XLFR,,09,,,,,,
4019238399769,10012914,CONTINENTAL,Reifen,09.csv,235,55,R,19,,,ALLSEASONCONTACT 2 EVC XL 3P,,09,,,,,,
4019238399776,10012953,CONTINENTAL,Reifen,09.csv,245,45,R,19,,,ALLSEASONCONTACT 2 EVC XLFR,,09,,,,,,
4019238399790,10013045,CONTINENTAL,Reifen,09.csv,275,45,R,20,,,ALLSEASONCONTACT 2 EVC XLFR,,09,,,,,,
4019238399806,10012883,CONTINENTAL,Reifen,09.csv,235,45,R,20,,,ALLSEASONCONTACT 2 EVC XLFR,,09,,,,,,
4019238399813,10012884,CONTINENTAL,Reifen,09.csv,235,45,R,20,,,ALLSEASONCONTACT 2 SEAL EVC,,09,,,,,,
4019238399820,10012887,CONTINENTAL,Reifen,09.csv,235,45,R,20,,,ALLSEASONCONTACT 2 EVC XLFR,,09,,,,,,
4019238399851,10012773,CONTINENTAL,Reifen,09.csv,195,65,R,15,,,ALLSEASONCONTACT 2 EVC XL 3P,,09,,,,,,
4019238399868,10012811,CONTINENTAL,Reifen,09.csv,215,55,R,17,,,ALLSEASONCONTACT 2 EVC XL 3P,,09,,,,,,
4019238399875,10012937,CONTINENTAL,Reifen,09.csv,245,40,R,18,,,ALLSEASONCONTACT 2 EVC XLFR,,09,,,,,,
4019238399899,10012892,CONTINENTAL,Reifen,09.csv,235,50,R,19,,,ALLSEASONCONTACT 2 EVC XLFR,,09,,,,,,
4019238399912,10013008,CONTINENTAL,Reifen,09.csv,255,60,R,18,,,ALLSEASONCONTACT 2 EVC XL 3P,,09,,,,,,
4019238399929,10013017,CONTINENTAL,Reifen,09.csv,265,35,R,21,,,ALLSEASONCONTACT 2 EVC XLFR,,09,,,,,,
4019238399936,10012757,CONTINENTAL,Reifen,09.csv,185,65,R,15,,,ALLSEASONCONTACT 2 EVC 3PMSF,,09,,,,,,
4019238399943,10012802,CONTINENTAL,Reifen,09.csv,215,45,R,18,,,ALLSEASONCONTACT 2 EVC XLFR,,09,,,,,,
4019238399967,10012879,CONTINENTAL,Reifen,09.csv,235,40,R,19,,,ALLSEASONCONTACT 2 EVC XLFR,,09,,,,,,
4019238399974,10012860,CONTINENTAL,Reifen,09.csv,225,50,R,18,,,ALLSEASONCONTACT 2 EVC XLFR,,09,,,,,,
4019238399981,10012931,CONTINENTAL,Reifen,09.csv,245,35,R,20,,,ALLSEASONCONTACT 2 EVC XLFR,,09,,,,,,
4019238399998,10012955,CONTINENTAL,Reifen,09.csv,245,45,R,20,,,ALLSEASONCONTACT 2 EVC XLFR,,09,,,,,,
4019238400007,10012957,CONTINENTAL,Reifen,09.csv,245,45,R,20,,,ALLSEASONCONTACT 2 EVC XLFR,,09,,,,,,
4019238400014,10012926,CONTINENTAL,Reifen,09.csv,245,50,R,19,,,ALLSEASONCONTACT 2 EVC XLFR,,09,,,,,,
4019238400021,10012971,CONTINENTAL,Reifen,09.csv,255,35,R,20,,,ALLSEASONCONTACT 2 EVC XLFR,,09,,,,,,
4019238400038,10012934,CONTINENTAL,Reifen,09.csv,245,35,R,21,,,ALLSEASONCONTACT 2 EVC XLFR,,09,,,,,,
4019238401202,10012966,CONTINENTAL,Reifen,09.csv,HL255,35,R,19,,,ECOCONTACT 7 EVC XLMOFR,,09,,,,,,
4019238401400,10012825,CONTINENTAL,Reifen,09.csv,215,60,R,17,,,ECOCONTACT 7 EVC FR,,09,,,,,,
4019238401424,10012941,CONTINENTAL,Reifen,09.csv,245,40,R,20,,,PREMIUMCONTACT 6 EVC FR,,09,,,,,,
4019238402117,10012772,CONTINENTAL,Reifen,09.csv,195,60,R,18,,,ALLSEASONCONTACT 2 EVC XL 3P,,09,,,,,,
4019238402124,10012768,CONTINENTAL,Reifen,09.csv,195,60,R,15,,,ALLSEASONCONTACT 2 EVC 3PMSF,,09,,,,,,
4019238402131,10012766,CONTINENTAL,Reifen,09.csv,195,55,R,20,,,ALLSEASONCONTACT 2 EVC XL 3P,,09,,,,,,
4019238402162,10012762,CONTINENTAL,Reifen,09.csv,195,50,R,16,,,ALLSEASONCONTACT 2 EVC XLFR,,09,,,,,,
4019238402179,10012759,CONTINENTAL,Reifen,09.csv,195,45,R,16,,,ALLSEASONCONTACT 2 EVC XLFR,,09,,,,,,
4019238402186,10012733,CONTINENTAL,Reifen,09.csv,255,50,R,20,,,ALL SEAS CON 2 EVC XLFR 3PMS,,09,,,,,,
4019238402193,10012734,CONTINENTAL,Reifen,09.csv,255,55,R,19,,,ALL SEAS CON 2 EVC XL 3PMSF,,09,,,,,,
4019238402209,10012929,CONTINENTAL,Reifen,09.csv,245,35,R,19,,,ALLSEASONCONTACT 2 EVC XLFR,,09,,,,,,
4019238402216,10012732,CONTINENTAL,Reifen,09.csv,255,40,R,18,,,ALL SEAS CON 2 EVC XLFR 3PMS,,09,,,,,,
4019238402223,10012949,CONTINENTAL,Reifen,09.csv,245,45,R,17,,,ALLSEASONCONTACT 2 EVC XLFR,,09,,,,,,
4019238402254,10012791,CONTINENTAL,Reifen,09.csv,205,60,R,15,,,ALLSEASONCONTACT 2 EVC XL 3P,,09,,,,,,
4019238402261,10012752,CONTINENTAL,Reifen,09.csv,185,55,R,15,,,ALLSEASONCONTACT 2 EVC XL 3P,,09,,,,,,
4019238402292,10012882,CONTINENTAL,Reifen,09.csv,235,45,R,19,,,ALLSEASONCONTACT 2 EVC XLFR,,09,,,,,,
4019238402308,10012871,CONTINENTAL,Reifen,09.csv,225,55,R,19,,,ALLSEASONCONTACT 2 EVC 3PMSF,,09,,,,,,
4019238402315,10012790,CONTINENTAL,Reifen,09.csv,205,55,R,19,,,ALLSEASONCONTACT 2 EVC XL 3P,,09,,,,,,
4019238402322,10012938,CONTINENTAL,Reifen,09.csv,245,40,R,18,,,ALLSEASONCONTACT 2 EVC XLFR,,09,,,,,,
4019238402339,10012927,CONTINENTAL,Reifen,09.csv,245,35,R,18,,,ALLSEASONCONTACT 2 EVC XLFR,,09,,,,,,
4019238402346,10012890,CONTINENTAL,Reifen,09.csv,235,50,R,18,,,ALLSEASONCONTACT 2 EVC XLFR,,09,,,,,,
4019238402353,10012867,CONTINENTAL,Reifen,09.csv,225,55,R,18,,,ALLSEASONCONTACT 2 EVC 3PMSF,,09,,,,,,
4019238402360,10012800,CONTINENTAL,Reifen,09.csv,215,40,R,18,,,ALLSEASONCONTACT 2 EVC XLFR,,09,,,,,,
4019238402391,10012864,CONTINENTAL,Reifen,09.csv,225,55,R,17,,,ALLSEASONCONTACT 2 EVC XL 3P,,09,,,,,,
4019238402421,10012769,CONTINENTAL,Reifen,09.csv,195,60,R,16,,,ALLSEASONCONTACT 2 EVC 3PMSF,,09,,,,,,
4019238402438,10012755,CONTINENTAL,Reifen,09.csv,185,60,R,15,,,ALLSEASONCONTACT 2 EVC XL 3P,,09,,,,,,
4019238402445,10012754,CONTINENTAL,Reifen,09.csv,185,60,R,15,,,ALLSEASONCONTACT 2 EVC XL 3P,,09,,,,,,
4019238403091,10012876,CONTINENTAL,Reifen,09.csv,235,35,R,19,,Z,SPORTCONTACT 6 EVC XLM,,09,,,,,,
4019238403114,10012939,CONTINENTAL,Reifen,09.csv,245,40,R,19,,Z,SPORTCONTACT 7 EVC XLM,,09,,,,,,
4019238414707,10006523,CONTINENTAL,Reifen,09.csv,175,70,R,14C,93,,VANCO 2 6PR,,09,,,,,,
4019238416961,10006395,CONTINENTAL,Reifen,09.csv,235,55,R,17,,,PREMIUM 2 FR,,09,,,,,,
4019238447668,10007716,CONTINENTAL,Reifen,09.csv,205,50,R,17,,,TS 830 P SEAL  XL FR,,09,,,,,,
4019238449037,10007580,CONTINENTAL,Reifen,09.csv,215,60,R,16,,,PREMIUM 2 SEAL,,09,,,,,,
4019238454215,10007717,CONTINENTAL,Reifen,09.csv,195,65,R,15,,,TS 830 P MO,,09,,,,,,
4019238455083,10008000,CONTINENTAL,Reifen,09.csv,225,45,R,17,,,SPORTCONT.5 SSR MOE,,09,,,,,,
4019238456080,10006791,CONTINENTAL,Reifen,09.csv,205,55,R,16,,,PREMIUM 2 *,,09,,,,,,
4019238456226,10007688,CONTINENTAL,Reifen,09.csv,225,45,R,17,,,SPORT CONT.5 MO,,09,,,,,,
4019238456257,10007629,CONTINENTAL,Reifen,09.csv,245,35,R,18,,,SPORT CONT.5 MO XL,,09,,,,,,
4019238466812,10007802,CONTINENTAL,Reifen,09.csv,205,60,R,16,,,PREMIUMCONTACT 2*,,09,,,,,,
4019238485356,10007866,CONTINENTAL,Reifen,09.csv,245,35,R,18,,,SPORTCONTACT 5 SSR*,,09,,,,,,
4019238492156,10007872,CONTINENTAL,Reifen,09.csv,235,40,R,18,,,SPORTCONTACT 5 SEAL,,09,,,,,,
4019238492163,10007705,CONTINENTAL,Reifen,09.csv,235,45,R,17,,,SPORT CONT.5 SEAL,,09,,,,,,
4019238492408,10007874,CONTINENTAL,Reifen,09.csv,245,40,R,20,,,SPORTCONTACT 5,,09,,,,,,
4019238503395,10007710,CONTINENTAL,Reifen,09.csv,255,40,R,20,,,SPORTCONTACT 5 AO,,09,,,,,,
4019238504859,10007876,CONTINENTAL,Reifen,09.csv,225,45,R,17,,,SPORTCONTACT 5 AO,,09,,,,,,
4019238508017,10009734,CONTINENTAL,Reifen,09.csv,195,65,R,15,,,PREMIUM 2,,09,,,,,,
4019238508178,10007947,CONTINENTAL,Reifen,09.csv,255,35,R,20,,,TS 830 P AO XL,,09,,,,,,
4019238510874,10008012,CONTINENTAL,Reifen,09.csv,245,50,R,18,,,SPORTCONTACT 5 MO,,09,,,,,,
4019238524642,10008053,CONTINENTAL,Reifen,09.csv,225,45,R,17,,,SPORTCONTACT 5 MO,,09,,,,,,
4019238525861,10007913,CONTINENTAL,Reifen,09.csv,235,55,R,18,,,PREMIUMCONT.2  AO,,09,,,,,,
4019238525878,10008054,CONTINENTAL,Reifen,09.csv,275,30,R,21,,,(98)SPO.CO.5 P RO1 XL,,09,,,,,,
4019238525885,10008055,CONTINENTAL,Reifen,09.csv,205,55,R,16,,,ECOCONTACT 5 AO,,09,,,,,,
4019238525915,10007747,CONTINENTAL,Reifen,09.csv,235,55,R,17,,,TS 830 P AO,,09,,,,,,
4019238525953,10007761,CONTINENTAL,Reifen,09.csv,265,45,R,20,,,108Y SPO.CON. 5 SUV MO,,09,,,,,,
4019238525984,10008056,CONTINENTAL,Reifen,09.csv,205,55,R,16,,,ECOCONTACT 5 MO,,09,,,,,,
4019238526004,10008057,CONTINENTAL,Reifen,09.csv,215,60,R,17,,,ECOCONTACT 5 MO,,09,,,,,,
4019238528015,10006908,CONTINENTAL,Reifen,09.csv,205,65,R,16C,105,,VANCO FS 2,,09,,,,,,
4019238541045,10007916,CONTINENTAL,Reifen,09.csv,225,45,R,17,,,SPORTCONTACT 5 MO,,09,,,,,,
4019238543353,10007918,CONTINENTAL,Reifen,09.csv,255,35,R,18,,,SPORTCONTACT 5 MO,,09,,,,,,
4019238545296,10008467,CONTINENTAL,Reifen,09.csv,295,35,R,20,,Z,SPORTCONT.5 P N0 X,,09,,,,,,
4019238545302,10008072,CONTINENTAL,Reifen,09.csv,255,40,R,20,,Z,SPORTCONT.5 P N0 X,,09,,,,,,
4019238545425,10007805,CONTINENTAL,Reifen,09.csv,195,55,R,16,,,ECOCONTACT 5 XL,,09,,,,,,
4019238545555,10007833,CONTINENTAL,Reifen,09.csv,205,55,R,16,,,ECOCONTACT 5 MO,,09,,,,,,
4019238546439,10008177,CONTINENTAL,Reifen,09.csv,255,40,R,20,,,TS 830 P N0 XL,,09,,,,,,
4019238546446,10008178,CONTINENTAL,Reifen,09.csv,255,45,R,19,,,TS 830 P N0,,09,,,,,,
4019238554984,10008263,CONTINENTAL,Reifen,09.csv,235,55,R,19,,,SPORTCONT.5 SUV N0,,09,,,,,,
4019238557367,10008287,CONTINENTAL,Reifen,09.csv,225,40,R,19,,,SPORTCONT.5 SSR MOE XL,,09,,,,,,
4019238559149,10008288,CONTINENTAL,Reifen,09.csv,235,35,R,19,,,SPORTCONT.5 P  AO XL,,09,,,,,,
4019238563559,10008065,CONTINENTAL,Reifen,09.csv,225,45,R,19,,,SPORTCONTACT 5 SSR*,,09,,,,,,
4019238570168,10008087,CONTINENTAL,Reifen,09.csv,255,45,R,19,,,SPORTCONTACT 5 AO FR,,09,,,,,,
4019238570182,10008089,CONTINENTAL,Reifen,09.csv,205,60,R,16,,,ECOCONTACT 5,,09,,,,,,
4019238583076,10008559,CONTINENTAL,Reifen,09.csv,235,55,R,17,,,PREMIUMCONTACT 5 XL,,09,,,,,,
4019238583298,10008314,CONTINENTAL,Reifen,09.csv,205,50,R,17,,,ECOCONTACT 5 SEAL XL,,09,,,,,,
4019238584448,10008319,CONTINENTAL,Reifen,09.csv,215,60,R,17,,,ECOCONTACT 5,,09,,,,,,
4019238588644,10008566,CONTINENTAL,Reifen,09.csv,215,55,R,17,,,PREMIUMCONTACT 5,,09,,,,,,
4019238588651,10008328,CONTINENTAL,Reifen,09.csv,215,55,R,17,,,PREMIUMCONT.5  SEAL,,09,,,,,,
4019238590524,10008333,CONTINENTAL,Reifen,09.csv,205,45,R,16,,,ECOCONTACT 5,,09,,,,,,
4019238590760,10008664,CONTINENTAL,Reifen,09.csv,195,65,R,16C,102,,VANCONT.100,,09,,,,,,
4019238590777,10008357,CONTINENTAL,Reifen,09.csv,205,65,R,16C,101,,VANCONT.100,,09,,,,,,
4019238590791,10008235,CONTINENTAL,Reifen,09.csv,205,75,R,16C,108,,VANCONT.100,,09,,,,,,
4019238593440,10008192,CONTINENTAL,Reifen,09.csv,235,40,R,18,,,TS 830 P MO XL,,09,,,,,,
4019238594515,10008228,CONTINENTAL,Reifen,09.csv,195,70,R,15C,102,,VANCONT.100,,09,,,,,,
4019238594522,10008233,CONTINENTAL,Reifen,09.csv,195,75,R,16C,105,,VANCONT.100,,09,,,,,,
4019238594577,10008226,CONTINENTAL,Reifen,09.csv,195,80,R,14C,104,,VANCONT.100,,09,,,,,,
4019238594621,10008237,CONTINENTAL,Reifen,09.csv,225,65,R,16C,110,,VANCONT.100,,09,,,,,,
4019238594669,10008361,CONTINENTAL,Reifen,09.csv,205,65,R,16C,103,,VANCONT.200,,09,,,,,,
4019238594720,10008130,CONTINENTAL,Reifen,09.csv,195,65,R,15,,,VANCONTACT 200 XL,,09,,,,,,
4019238594737,10008131,CONTINENTAL,Reifen,09.csv,205,65,R,15,,,VANCONTACT 200 XL,,09,,,,,,
4019238597066,10008599,CONTINENTAL,Reifen,09.csv,225,50,R,17,,,SPORTCONTACT 5 AO XL,,09,,,,,,
4019238597073,10008974,CONTINENTAL,Reifen,09.csv,245,40,R,18,,,SPORTC. 5 XLAOFR,,09,,,,,,
4019238598285,10008604,CONTINENTAL,Reifen,09.csv,235,65,R,17,,,PREMIUMCONTACT 5,,09,,,,,,
4019238598797,10007980,CONTINENTAL,Reifen,09.csv,265,30,R,20,,,TS 830 P RO1 XL,,09,,,,,,
4019238601701,10006882,CONTINENTAL,Reifen,09.csv,225,50,R,18,,,TS 830 P AO XL FR,,09,,,,,,
4019238606485,10008702,CONTINENTAL,Reifen,09.csv,295,35,R,19,,,TS 830 P RO1 XL,,09,,,,,,
4019238618068,10008349,CONTINENTAL,Reifen,09.csv,215,40,R,17,,,PREMIUMCONT.2  AO XL,,09,,,,,,
4019238627442,10008967,CONTINENTAL,Reifen,09.csv,235,55,R,18,,,SPORTC. 5 SUV SEAL FR,,09,,,,,,
4019238633542,10008371,CONTINENTAL,Reifen,09.csv,195,75,R,16C,108,,VANCONT.100,,09,,,,,,
4019238633634,10008845,CONTINENTAL,Reifen,09.csv,245,40,R,19,,,SPORTC. 5 XL* MOFR,,09,,,,,,
4019238636116,10008486,CONTINENTAL,Reifen,09.csv,215,65,R,16,,,CROSSCONT.LX SPORT,,09,,,,,,
4019238640236,10009205,CONTINENTAL,Reifen,09.csv,225,55,R,17,,,TS 850 P SSR* MOE,,09,,,,,,
4019238642728,10008625,CONTINENTAL,Reifen,09.csv,215,65,R,16,,,ECOCONTACT 5 AO,,09,,,,,,
4019238642735,10008626,CONTINENTAL,Reifen,09.csv,215,65,R,16,,,ECOCONTACT 5 AO,,09,,,,,,
4019238643893,10010088,CONTINENTAL,Reifen,09.csv,225,40,R,18,,,SPORTC. 5 XLAO1FR,,09,,,,,,
4019238645446,10009084,CONTINENTAL,Reifen,09.csv,225,55,R,17,,,PREMIUMC. 5 AO,,09,,,,,,
4019238645460,10009070,CONTINENTAL,Reifen,09.csv,245,45,R,18,,,SPORTC. 5 AO,,09,,,,,,
4019238646511,10008450,CONTINENTAL,Reifen,09.csv,215,60,R,16,,,TS 830 P SEAL  XL,,09,,,,,,
4019238646535,10008448,CONTINENTAL,Reifen,09.csv,235,45,R,17,,,TS 850 P SEAL,,09,,,,,,
4019238648539,10008413,CONTINENTAL,Reifen,09.csv,215,60,R,16,,,TS 815 SEAL,,09,,,,,,
4019238651119,10009150,CONTINENTAL,Reifen,09.csv,215,60,R,17C,107,,VANCONT.200,,09,,,,,,
4019238651126,10008487,CONTINENTAL,Reifen,09.csv,255,55,R,18,,,SPORTCONT.5 SUV MO,,09,,,,,,
4019238651171,10008574,CONTINENTAL,Reifen,09.csv,215,45,R,16,,,PREMIUMCONTACT 2 AO XL,,09,,,,,,
4019238651812,10008671,CONTINENTAL,Reifen,09.csv,225,55,R,17C,104,,VANCONT.200,,09,,,,,,
4019238651829,10008672,CONTINENTAL,Reifen,09.csv,205,65,R,16C,103,,VANCONT.200,,09,,,,,,
4019238652567,10008582,CONTINENTAL,Reifen,09.csv,275,40,R,19,,,SPORTCONTACT 5 MO,,09,,,,,,
4019238653748,10008538,CONTINENTAL,Reifen,09.csv,205,55,R,16,,,ECOCONTACT 5,,09,,,,,,
4019238656909,10008586,CONTINENTAL,Reifen,09.csv,235,55,R,17,,,PREMIUMCONTACT 5 AO,,09,,,,,,
4019238656916,10008594,CONTINENTAL,Reifen,09.csv,225,35,R,18,,,SPORTCONTACT 5 AO XL,,09,,,,,,
4019238659146,10008630,CONTINENTAL,Reifen,09.csv,205,60,R,16,,,ECOCONTACT 5 AO,,09,,,,,,
4019238659160,10008532,CONTINENTAL,Reifen,09.csv,245,40,R,18,,,SPORTCONTACT 5 MO XL,,09,,,,,,
4019238660104,10009652,CONTINENTAL,Reifen,09.csv,245,35,Z,19,,Z,SPORTC. 6 XLRO1FR,,09,,,,,,
4019238667011,10008602,CONTINENTAL,Reifen,09.csv,275,35,R,20,,Z,SPORTCONT.2 MO XL,,09,,,,,,
4019238667103,10008587,CONTINENTAL,Reifen,09.csv,295,30,R,18,,Z,SPORTCONTACT 2 N2,,09,,,,,,
4019238673319,10009216,CONTINENTAL,Reifen,09.csv,235,55,R,19,,,TS 850 P SUV AO FR,,09,,,,,,
4019238676259,10008772,CONTINENTAL,Reifen,09.csv,195,75,R,16C,105,,VANCONT.WINTER,,09,,,,,,
4019238676303,10008767,CONTINENTAL,Reifen,09.csv,195,70,R,15C,102,,VANCONT.WINTER,,09,,,,,,
4019238680515,10008856,CONTINENTAL,Reifen,09.csv,245,45,R,18,,,SPORTC. 5 XLJFR,,09,,,,,,
4019238685541,10009936,CONTINENTAL,Reifen,09.csv,325,25,R,21,,Z,SPORTC. 6 XLFR,,09,,,,,,
4019238691986,10008658,CONTINENTAL,Reifen,09.csv,265,30,R,21,,,SPORTCONT.5 P RO1 SILENT XL,,09,,,,,,
4019238692440,10008988,CONTINENTAL,Reifen,09.csv,225,45,R,18,,Z,SPORTC. 5 P XLMOFR,,09,,,,,,
4019238697261,10009119,CONTINENTAL,Reifen,09.csv,205,50,R,17,,,TS 815 SEAL XL,,09,,,,,,
4019238702668,10008843,CONTINENTAL,Reifen,09.csv,245,40,R,18,,Z,SPORTC. 5 P XLMOFR,,09,,,,,,
4019238708196,10007651,CONTINENTAL,Reifen,09.csv,225,45,R,18,,,SPORT CONT.5 XL,,09,,,,,,
4019238709131,10008853,CONTINENTAL,Reifen,09.csv,225,45,R,18,,,SPORTC. 5 CS XL,,09,,,,,,
4019238709278,10009081,CONTINENTAL,Reifen,09.csv,205,55,R,16,,,ECOCONTACT 5 CS XL,,09,,,,,,
4019238709773,10009310,CONTINENTAL,Reifen,09.csv,215,45,R,17,,,SPORTC. 5 XLFR,,09,,,,,,
4019238709797,10009264,CONTINENTAL,Reifen,09.csv,185,70,R,14,,,PREMIUMC. 5,,09,,,,,,
4019238710236,10008995,CONTINENTAL,Reifen,09.csv,215,50,R,18,,,SPORTC. 5 SUV AOFR,,09,,,,,,
4019238713251,10009004,CONTINENTAL,Reifen,09.csv,265,45,R,20,,,CROSS LX SPORT MGTFR,,09,,,,,,
4019238715927,10009077,CONTINENTAL,Reifen,09.csv,195,60,R,16,,,ECOCONTACT 5 XL,,09,,,,,,
4019238716795,10009008,CONTINENTAL,Reifen,09.csv,285,35,R,21,,Z,SPORTC. 5P XLMOFR,,09,,,,,,
4019238722437,10009010,CONTINENTAL,Reifen,09.csv,265,35,R,21,,Z,SPORTC. 5 P T0 XL,,09,,,,,,
4019238727067,10009695,CONTINENTAL,Reifen,09.csv,285,40,R,19,,,TS 830 P XL*FR,,09,,,,,,
4019238729733,10009015,CONTINENTAL,Reifen,09.csv,255,45,R,19,,,SPORTC. 5 SUV SEAL VWFR,,09,,,,,,
4019238730142,10010715,CONTINENTAL,Reifen,09.csv,295,35,R,19,,Z,SPORTC. 6 XLRO1FR,,09,,,,,,
4019238732320,10009128,CONTINENTAL,Reifen,09.csv,245,40,R,19,,,SPORTC. 6 XLRO1FR,,09,,,,,,
4019238743050,10009307,CONTINENTAL,Reifen,09.csv,215,40,R,18,,,SPORTC. 5 SSRFR,,09,,,,,,
4019238743074,10009900,CONTINENTAL,Reifen,09.csv,245,35,R,20,,Z,SPORTC. 6 SSRFR,,09,,,,,,
4019238743944,10009256,CONTINENTAL,Reifen,09.csv,175,65,R,14,,,ECOCONTACT 5,,09,,,,,,
4019238743968,10009141,CONTINENTAL,Reifen,09.csv,265,35,R,21,,Z,SPORTC. 5 P T0 SILENT,,09,,,,,,
4019238744101,10009177,CONTINENTAL,Reifen,09.csv,205,45,R,17,,,TS 830 P SSR XL FR,,09,,,,,,
4019238744125,10009244,CONTINENTAL,Reifen,09.csv,265,45,R,20,,,TS 830 P SUV XL,,09,,,,,,
4019238746006,10009140,CONTINENTAL,Reifen,09.csv,245,35,R,21,,Z,SPORTC. 5P T0 XL SILEN,,09,,,,,,
4019238751130,10008841,CONTINENTAL,Reifen,09.csv,245,35,R,19,,,SPORTC. 6 XLAOFR,,09,,,,,,
4019238752571,10009684,CONTINENTAL,Reifen,09.csv,275,25,R,21,,Z,SPORTC. 6 FR,,09,,,,,,
4019238754100,10009146,CONTINENTAL,Reifen,09.csv,245,35,R,19,,,SPORTC. 6 XLRO2FR,,09,,,,,,
4019238754544,10009459,CONTINENTAL,Reifen,09.csv,245,45,R,18,,,TS 850 P SEAL FR M+S,,09,,,,,,
4019238754551,10009458,CONTINENTAL,Reifen,09.csv,245,45,R,18,,,TS 850 P FR M+S,,09,,,,,,
4019238757989,10009982,CONTINENTAL,Reifen,09.csv,235,55,R,19,,,SPORTC. 5 HYUFR,,09,,,,,,
4019238760552,10009390,CONTINENTAL,Reifen,09.csv,235,45,R,18,,,PREMIUMC. 6 XLFR,,09,,,,,,
4019238760644,10009456,CONTINENTAL,Reifen,09.csv,245,45,R,17,,,PREMIUMC. 6 FR,,09,,,,,,
4019238760743,10009291,CONTINENTAL,Reifen,09.csv,205,50,R,17,,,PREMIUMC. 6 FR,,09,,,,,,
4019238762297,10009132,CONTINENTAL,Reifen,09.csv,225,50,R,17,,,SPORTCONTACT 5 AO,,09,,,,,,
4019238762310,10009356,CONTINENTAL,Reifen,09.csv,225,55,R,17,,,PREMIUMC. 5 XLJ,,09,,,,,,
4019238762501,10009773,CONTINENTAL,Reifen,09.csv,225,65,R,16C,110,,VANC. 4SEASON,,09,,,,,,
4019238768404,10009074,CONTINENTAL,Reifen,09.csv,205,60,R,16,,,PREMIUMC. 5,,09,,,,,,
4019238770599,10009668,CONTINENTAL,Reifen,09.csv,255,40,R,20,,,SPORTC. 6 SILENT XLAOFR,,09,,,,,,
4019238770629,10009352,CONTINENTAL,Reifen,09.csv,225,50,R,18,,,PREMIUMC. 6 SSR*,,09,,,,,,
4019238772128,10009874,CONTINENTAL,Reifen,09.csv,225,50,R,16,,,PREMIUMC. 6,,09,,,,,,
4019238772203,10009395,CONTINENTAL,Reifen,09.csv,235,50,R,18,,,PREMIUMC. 6 FR,,09,,,,,,
4019238772289,10009315,CONTINENTAL,Reifen,09.csv,215,50,R,17,,,PREMIUMC. 6 FR,,09,,,,,,
4019238772333,10009311,CONTINENTAL,Reifen,09.csv,215,45,R,17,,,PREMIUMC. 6 FR,,09,,,,,,
4019238772357,10009375,CONTINENTAL,Reifen,09.csv,235,40,R,18,,,PREMIUMC. 6 FR,,09,,,,,,
4019238772418,10009866,CONTINENTAL,Reifen,09.csv,215,55,R,18,,,ECOCONTACT 5 XL,,09,,,,,,
4019238773972,10009860,CONTINENTAL,Reifen,09.csv,205,75,R,16C,108,,VANC. 4SEASON,,09,,,,,,
4019238774955,10009201,CONTINENTAL,Reifen,09.csv,225,50,R,17,,,TS 850 P SEAL XL FR,,09,,,,,,
4019238779158,10009377,CONTINENTAL,Reifen,09.csv,235,40,R,18,,,SPORTC. 3 MOFR,,09,,,,,,
4019238779455,10009453,CONTINENTAL,Reifen,09.csv,245,40,R,18,,,SPORTC. 3 MOFR,,09,,,,,,
4019238779462,10009539,CONTINENTAL,Reifen,09.csv,265,35,R,18,,,SPORTC. 3 XLMOFR,,09,,,,,,
4019238779882,10009550,CONTINENTAL,Reifen,09.csv,265,40,R,20,,,SPORTC. 3 XLAOFR,,09,,,,,,
4019238780284,10009416,CONTINENTAL,Reifen,09.csv,235,60,R,17,,,4X4 CONT. MOML M+S,,09,,,,,,
4019238780567,10009398,CONTINENTAL,Reifen,09.csv,235,50,R,19,,,4X4 CONT. MOML M+S,,09,,,,,,
4019238781595,10010016,CONTINENTAL,Reifen,09.csv,275,35,R,19,,Z,SPORTC. 5 P XL*FR,,09,,,,,,
4019238781755,10009405,CONTINENTAL,Reifen,09.csv,235,55,R,18,,,SPORTC. 5 SUV FR,,09,,,,,,
4019238782097,10009303,CONTINENTAL,Reifen,09.csv,205,75,R,16C,111,,VANC. 4SEASON,,09,,,,,,
4019238783834,10011189,CONTINENTAL,Reifen,09.csv,255,40,R,19,,,SPORTC. 5 XLVOLFR,,09,,,,,,
4019238785937,10009625,CONTINENTAL,Reifen,09.csv,195,45,R,17,,,SPORTC. 5,,09,,,,,,
4019238786903,10009326,CONTINENTAL,Reifen,09.csv,215,70,R,15C,107,,VANC. 4SEASON,,09,,,,,,
4019238786927,10009279,CONTINENTAL,Reifen,09.csv,195,70,R,15C,102,,VANC. 4SEASON,,09,,,,,,
4019238786941,10009760,CONTINENTAL,Reifen,09.csv,205,65,R,16C,105,H,VANC. 4SEASON (103H),,09,,,,,,
4019238786958,10009280,CONTINENTAL,Reifen,09.csv,195,75,R,16C,105,,VANC. 4SEASON,,09,,,,,,
4019238786965,10009320,CONTINENTAL,Reifen,09.csv,215,60,R,16C,101,,VANC. 4SEASON,,09,,,,,,
4019238786972,10009755,CONTINENTAL,Reifen,09.csv,195,65,R,16C,102,,VANC. 4SEASON (100T),,09,,,,,,
4019238787498,10010071,CONTINENTAL,Reifen,09.csv,245,40,R,21,,,PREMIUMC. 6 XLFR,,09,,,,,,
4019238787504,10009483,CONTINENTAL,Reifen,09.csv,255,35,R,19,,,SPORTC. 6 XLRO1FR,,09,,,,,,
4019238787535,10009574,CONTINENTAL,Reifen,09.csv,275,40,R,18,,,PREMIUMC. 6 XLFR,,09,,,,,,
4019238787771,10009942,CONTINENTAL,Reifen,09.csv,205,40,R,18,,,PREMIUMC. 6 SSRXLFR,,09,,,,,,
4019238791495,10009759,CONTINENTAL,Reifen,09.csv,205,65,R,15,,,ALLSEASONCONTACT XL,,09,,,,,,
4019238791532,10009749,CONTINENTAL,Reifen,09.csv,195,55,R,15,,,ALLSEASONCONTACT XL,,09,,,,,,
4019238791563,10009743,CONTINENTAL,Reifen,09.csv,175,65,R,14,,,ALLSEASONCONTACT XL,,09,,,,,,
4019238791624,10009742,CONTINENTAL,Reifen,09.csv,165,70,R,14,,,ALLSEASONCONTACT XL,,09,,,,,,
4019238791631,10009745,CONTINENTAL,Reifen,09.csv,185,60,R,14,,,ALLSEASONCONTACT XL,,09,,,,,,
4019238791723,10009762,CONTINENTAL,Reifen,09.csv,215,50,R,17,,,ALLSEASONCONTACT XLFR,,09,,,,,,
4019238792652,10009927,CONTINENTAL,Reifen,09.csv,285,40,R,20,,,SPORTC. 6 FR,,09,,,,,,
4019238802214,10009813,CONTINENTAL,Reifen,09.csv,315,30,R,21,,,TS 860 S XLFR,,09,,,,,,
4019238807417,10010552,CONTINENTAL,Reifen,09.csv,255,40,R,20,,,TS 860 S XLAO 3PMSF,,09,,,,,,
4019238807455,10010280,CONTINENTAL,Reifen,09.csv,255,50,R,20,,,TS 850 P 3PMSF XLAO M+S,,09,,,,,,
4019238807462,10010283,CONTINENTAL,Reifen,09.csv,255,55,R,19,,,TS 850 P 3PMSF XLAO M+S,,09,,,,,,
4019238807660,10010535,CONTINENTAL,Reifen,09.csv,245,45,R,20,,,TS 850 P XLAO 3PMSF,,09,,,,,,
4019238807950,10009566,CONTINENTAL,Reifen,09.csv,275,30,R,20,,,TS 850 P XLRO1FR,,09,,,,,,
4019238810059,10010002,CONTINENTAL,Reifen,09.csv,255,55,R,19,,,PREMIUMC. 6 XLAOFR,,09,,,,,,
4019238810066,10010001,CONTINENTAL,Reifen,09.csv,255,50,R,20,,,PREMIUMC. 6 XLAO,,09,,,,,,
4019238810264,10010251,CONTINENTAL,Reifen,09.csv,245,45,R,20,,,PREMIUMC. 6 FR,,09,,,,,,
4019238810349,10010530,CONTINENTAL,Reifen,09.csv,245,40,R,21,,,SPORTC. 6 SILENT XLAOFR,,09,,,,,,
4019238810592,10009977,CONTINENTAL,Reifen,09.csv,235,55,R,18,,,ALLSEASONCONTACT AO,,09,,,,,,
4019238811605,10009767,CONTINENTAL,Reifen,09.csv,215,65,R,17,,,ALLSEASONCONTACT SEAL C_S,,09,,,,,,
4019238813548,10009995,CONTINENTAL,Reifen,09.csv,255,40,R,18,,,TS 860 S SSRXL* 3PMSF,,09,,,,,,
4019238814583,10009317,CONTINENTAL,Reifen,09.csv,215,55,R,17,,,ECOCONTACT 5,,09,,,,,,
4019238815177,10010201,CONTINENTAL,Reifen,09.csv,235,45,R,18,,,TS 860 S 3PMSF AOFR M+S,,09,,,,,,
4019238815238,10010781,CONTINENTAL,Reifen,09.csv,225,65,R,16C,110,,VANC. 200,,09,,,,,,
4019238815696,10010203,CONTINENTAL,Reifen,09.csv,235,45,R,18,,,PREMIUMC. 6 AOFR,,09,,,,,,
4019238820416,10010063,CONTINENTAL,Reifen,09.csv,235,40,R,18,,Z,SPORTC. 6 XLMO1FR,,09,,,,,,
4024063000117,250001805,BARUM,Reifen,09.csv,175,65,R,14,,,QUARTARIS 5,,09,,,,,,
4024063000124,250001845,BARUM,Reifen,09.csv,185,65,R,14,,,QUARTARIS 5,,09,,,,,,
4024063000131,250001772,BARUM,Reifen,09.csv,155,70,R,13,,,QUARTARIS 5,,09,,,,,,
4024063000148,250001775,BARUM,Reifen,09.csv,155,80,R,13,,,QUARTARIS 5,,09,,,,,,
4024063000155,250002037,BARUM,Reifen,09.csv,235,55,R,17,,,QUARTARIS 5 XLFR,,09,,,,,,
4024063000162,250002002,BARUM,Reifen,09.csv,225,50,R,17,,,QUARTARIS 5 XLFR,,09,,,,,,
4024063000179,250001963,BARUM,Reifen,09.csv,215,55,R,16,,,QUARTARIS 5 XL,,09,,,,,,
4024063000186,250001932,BARUM,Reifen,09.csv,205,60,R,16,,,QUARTARIS 5 XL,,09,,,,,,
4024063000193,250002098,BARUM,Reifen,09.csv,165,65,R,15,,,QUARTARIS 5 3PMSF M+S,,09,,,,,,
4024063000209,250001819,BARUM,Reifen,09.csv,175,70,R,14,,,QUARTARIS 5,,09,,,,,,
4024063000216,250001829,BARUM,Reifen,09.csv,185,55,R,15,,,QUARTARIS 5,,09,,,,,,
4024063000223,250001836,BARUM,Reifen,09.csv,185,60,R,14,,,QUARTARIS 5,,09,,,,,,
4024063000254,250002096,BARUM,Reifen,09.csv,165,65,R,14,,,QUARTARIS 5 3PMSF M+S,,09,,,,,,
4024063000261,250002101,BARUM,Reifen,09.csv,165,70,R,14,,,QUARTARIS 5 3PMSF M+S,,09,,,,,,
4024063000285,250002091,BARUM,Reifen,09.csv,155,65,R,14,,,QUARTARIS 5 3PMSF M+S,,09,,,,,,
4024063000292,250002145,BARUM,Reifen,09.csv,215,65,R,16,,,QUARTARIS 5 3PMSF FR M+S,,09,,,,,,
4024063000308,250001864,BARUM,Reifen,09.csv,195,50,R,15,,,QUARTARIS 5,,09,,,,,,
4024063000315,250001811,BARUM,Reifen,09.csv,175,65,R,15,,,QUARTARIS 5,,09,,,,,,
4024063000322,250001839,BARUM,Reifen,09.csv,185,60,R,15,,,QUARTARIS 5 XL,,09,,,,,,
4024063000339,250001851,BARUM,Reifen,09.csv,185,65,R,15,,,QUARTARIS 5,,09,,,,,,
4024063000353,250001887,BARUM,Reifen,09.csv,195,65,R,15,,,QUARTARIS 5,,09,,,,,,
4024063000360,250001923,BARUM,Reifen,09.csv,205,55,R,16,,,QUARTARIS 5 XL,,09,,,,,,
4024063000377,250002044,BARUM,Reifen,09.csv,235,60,R,18,,,QUARTARIS 5 XLFR,,09,,,,,,
4024063000384,250001994,BARUM,Reifen,09.csv,225,45,R,17,,,QUARTARIS 5 XLFR,,09,,,,,,
4024063000391,250002020,BARUM,Reifen,09.csv,225,65,R,17,,,QUARTARIS 5 XLFR,,09,,,,,,
4024063000469,250002169,BARUM,Reifen,09.csv,245,45,R,19,,,POLARIS 5 3PMSF XLFR M+S,,09,,,,,,
4024063000599,250002110,BARUM,Reifen,09.csv,185,60,R,15,,,POLARIS 5 3PMSF XL M+S,,09,,,,,,
4024063000919,250002164,BARUM,Reifen,09.csv,235,55,R,19,,,POLARIS 5 3PMSF XLFR M+S,,09,,,,,,
4024063001299,250002212,BARUM,Reifen,09.csv,215,50,R,17,,,BRAVURIS 5 HM XLFR,,09,,,,,,
4024063001305,250002231,BARUM,Reifen,09.csv,225,45,R,19,,,BRAVURIS 5 HM XLFR,,09,,,,,,
4024063001381,250002224,BARUM,Reifen,09.csv,215,65,R,17,,,BRAVURIS 5 HM FR,,09,,,,,,
4024063001398,250002179,BARUM,Reifen,09.csv,175,65,R,15,,,BRAVURIS 5 HM,,09,,,,,,
4024063001404,250002178,BARUM,Reifen,09.csv,175,65,R,15,,,BRAVURIS 5 HM,,09,,,,,,
4024063001428,250002215,BARUM,Reifen,09.csv,215,55,R,16,,,BRAVURIS 5 HM XL,,09,,,,,,
4024063001442,250002222,BARUM,Reifen,09.csv,215,65,R,16,,,BRAVURIS 5 HM FR,,09,,,,,,
4024063001459,250002221,BARUM,Reifen,09.csv,215,60,R,17,,,BRAVURIS 5 HM FR,,09,,,,,,
4024063001466,250002186,BARUM,Reifen,09.csv,195,55,R,15,,,BRAVURIS 5 HM,,09,,,,,,
4024063001480,250002190,BARUM,Reifen,09.csv,195,60,R,15,,,BRAVURIS 5 HM,,09,,,,,,
4024063001527,250002233,BARUM,Reifen,09.csv,225,55,R,18,,,BRAVURIS 5 HM FR,,09,,,,,,
4024063001534,250002240,BARUM,Reifen,09.csv,235,50,R,18,,,BRAVURIS 5 HM FR,,09,,,,,,
4024063001565,250002184,BARUM,Reifen,09.csv,195,45,R,16,,,BRAVURIS 5 HM XLFR,,09,,,,,,
4024063001619,250002210,BARUM,Reifen,09.csv,215,45,R,17,,,BRAVURIS 5 HM XLFR,,09,,,,,,
4024063001626,250002237,BARUM,Reifen,09.csv,235,40,R,18,,,BRAVURIS 5 HM XLFR,,09,,,,,,
4024063001688,250002239,BARUM,Reifen,09.csv,235,45,R,17,,,BRAVURIS 5 HM XLFR,,09,,,,,,
4024063001695,250002245,BARUM,Reifen,09.csv,245,35,R,19,,,BRAVURIS 5 HM XLFR,,09,,,,,,
4024063001701,250002250,BARUM,Reifen,09.csv,255,50,R,19,,,BRAVURIS 5 HM XLFR,,09,,,,,,
4024063001718,250002253,BARUM,Reifen,09.csv,275,40,R,20,,,BRAVURIS 5 HM XLFR,,09,,,,,,
4024063001763,250002206,BARUM,Reifen,09.csv,205,65,R,15,,,BRAVURIS 5 HM,,09,,,,,,
4024063001961,250002235,BARUM,Reifen,09.csv,225,65,R,17,,,BRAVURIS 5 HM FR,,09,,,,,,
4024063002128,250002259,BARUM,Reifen,09.csv,205,55,R,17,,,QUARTARIS 5 XLFR 3PMSF,,09,,,,,,
4024063002166,250002220,BARUM,Reifen,09.csv,215,60,R,16,,,QUARTARIS 5 XL 3PMSF,,09,,,,,,
4024063002180,250002197,BARUM,Reifen,09.csv,205,50,R,17,,,QUARTARIS 5 XLFR 3PMSF,,09,,,,,,
4024063002197,250002227,BARUM,Reifen,09.csv,225,40,R,18,,,QUARTARIS 5 XLFR 3PMSF,,09,,,,,,
4024063002296,250002208,BARUM,Reifen,09.csv,215,40,R,18,,,BRAVURIS 5 HM XLFR,,09,,,,,,
4024063002302,250002249,BARUM,Reifen,09.csv,255,40,R,18,,,BRAVURIS 5 HM XLFR,,09,,,,,,
4024063002319,250002211,BARUM,Reifen,09.csv,215,45,R,18,,,BRAVURIS 5 HM XLFR,,09,,,,,,
4024063002388,250002263,BARUM,Reifen,09.csv,215,65,R,16C,107,T,VANIS ALLSEASON 3PMSF (106T),,09,,,,,,
4024063002425,250002260,BARUM,Reifen,09.csv,205,65,R,16C,105,H,VANIS ALLSEASON 3PMSF (103H),,09,,,,,,
4024063002432,250002264,BARUM,Reifen,09.csv,215,75,R,16C,111,,VANIS ALLSEASON 3PMSF,,09,,,,,,
4024063002470,250002262,BARUM,Reifen,09.csv,205,75,R,16C,111,,VANIS ALLSEASON 3PMSF,,09,,,,,,
4024063002487,250002261,BARUM,Reifen,09.csv,205,75,R,16C,108,,VANIS ALLSEASON 3PMSF,,09,,,,,,
4024063002494,250002270,BARUM,Reifen,09.csv,195,70,R,15C,102,,VANIS ALLSEASON 3PMSF,,09,,,,,,
4024063002630,250002297,BARUM,Reifen,09.csv,225,40,R,19,,,BRAVURIS 5 HM XLFR,,09,,,,,,
4024063002661,250002277,BARUM,Reifen,09.csv,235,55,R,17,,,BRAVURIS 5 HM XLFR,,09,,,,,,
4024063002678,250002278,BARUM,Reifen,09.csv,235,55,R,17,,,BRAVURIS 5 HM XLFR,,09,,,,,,
4024063002685,250002279,BARUM,Reifen,09.csv,245,45,R,17,,,BRAVURIS 5 HM XLFR,,09,,,,,,
4024063002708,250002293,BARUM,Reifen,09.csv,215,55,R,16,,,BRAVURIS 5 HM,,09,,,,,,
4024063002715,250002298,BARUM,Reifen,09.csv,225,50,R,17,,,BRAVURIS 5 HM XLFR,,09,,,,,,
4024063002722,250002301,BARUM,Reifen,09.csv,235,40,R,17,,,BRAVURIS 5 HM FR,,09,,,,,,
4024063002753,250002300,BARUM,Reifen,09.csv,225,60,R,18,,,BRAVURIS 5 HM FR,,09,,,,,,
4024063002760,250002317,BARUM,Reifen,09.csv,275,45,R,19,,,BRAVURIS 5 HM XLFR,,09,,,,,,
4024063002777,250002328,BARUM,Reifen,09.csv,265,35,R,19,,,BRAVURIS 5 HM XLFR,,09,,,,,,
4024063002807,250002324,BARUM,Reifen,09.csv,245,45,R,19,,,BRAVURIS 5 HM XLFR,,09,,,,,,
4024063002821,250002315,BARUM,Reifen,09.csv,275,35,R,20,,,BRAVURIS 5 HM XLFR,,09,,,,,,
4024063002876,250002287,BARUM,Reifen,09.csv,195,50,R,16,,,BRAVURIS 5 HM XL,,09,,,,,,
4024063002883,250002299,BARUM,Reifen,09.csv,225,60,R,17,,,BRAVURIS 5 HM FR,,09,,,,,,
4024063002890,250002289,BARUM,Reifen,09.csv,205,40,R,17,,,BRAVURIS 5 HM XLFR,,09,,,,,,
4024063002920,250002290,BARUM,Reifen,09.csv,205,40,R,18,,,BRAVURIS 5 HM XLFR,,09,,,,,,
4024063002951,250002321,BARUM,Reifen,09.csv,235,45,R,19,,,BRAVURIS 5 HM XLFR,,09,,,,,,
4024063002975,250002306,BARUM,Reifen,09.csv,245,35,R,20,,,BRAVURIS 5 HM XLFR,,09,,,,,,
4024063002982,250002322,BARUM,Reifen,09.csv,235,45,R,20,,,BRAVURIS 5 HM XLFR,,09,,,,,,
4024063003040,250002331,BARUM,Reifen,09.csv,275,30,R,19,,,BRAVURIS 5 HM XLFR,,09,,,,,,
4024063003071,250002320,BARUM,Reifen,09.csv,225,35,R,20,,,BRAVURIS 5 HM XLFR,,09,,,,,,
4024063003088,250002329,BARUM,Reifen,09.csv,265,40,R,21,,,BRAVURIS 5 HM XLFR,,09,,,,,,
4024063003101,250002326,BARUM,Reifen,09.csv,255,30,R,20,,,BRAVURIS 5 HM XLFR,,09,,,,,,
4024063003125,250002283,BARUM,Reifen,09.csv,255,45,R,18,,,BRAVURIS 5 HM XLFR,,09,,,,,,
4024063003132,250002280,BARUM,Reifen,09.csv,255,35,R,18,,,BRAVURIS 5 HM XLFR,,09,,,,,,
4024063003149,250002316,BARUM,Reifen,09.csv,275,40,R,19,,,BRAVURIS 5 HM FR,,09,,,,,,
4024063003163,250002282,BARUM,Reifen,09.csv,255,40,R,19,,,BRAVURIS 5 HM XLFR,,09,,,,,,
4024063003170,250002332,BARUM,Reifen,09.csv,275,30,R,20,,,BRAVURIS 5 HM XLFR,,09,,,,,,
4024063003194,250002310,BARUM,Reifen,09.csv,255,40,R,20,,,BRAVURIS 5 HM XLFR,,09,,,,,,
4024063003217,250002281,BARUM,Reifen,09.csv,255,35,R,20,,,BRAVURIS 5 HM XLFR,,09,,,,,,
4024063003774,250002390,BARUM,Reifen,09.csv,225,50,R,16,,,BRAVURIS 5 HM,,09,,,,,,
4024063003798,250002387,BARUM,Reifen,09.csv,245,40,R,17,,,BRAVURIS 5 HM FR,,09,,,,,,
4024063003804,250002355,BARUM,Reifen,09.csv,165,65,R,15,,,BRAVURIS 5 HM,,09,,,,,,
4024063003835,250002391,BARUM,Reifen,09.csv,225,55,R,19,,,BRAVURIS 5 HM FR,,09,,,,,,
4024063003842,250002358,BARUM,Reifen,09.csv,165,80,R,14,,,BRAVURIS 5 HM,,09,,,,,,
4024063003934,250002352,BARUM,Reifen,09.csv,155,65,R,14,,,BRAVURIS 5 HM,,09,,,,,,
4024063003941,250002356,BARUM,Reifen,09.csv,165,70,R,14,,,BRAVURIS 5 HM,,09,,,,,,
4024063003965,250002362,BARUM,Reifen,09.csv,175,65,R,14,,,BRAVURIS 5 HM,,09,,,,,,
4024063004023,250002364,BARUM,Reifen,09.csv,175,70,R,14,,,BRAVURIS 5 HM,,09,,,,,,
4024063004061,250002367,BARUM,Reifen,09.csv,185,55,R,15,,,BRAVURIS 5 HM,,09,,,,,,
4024063004108,250002354,BARUM,Reifen,09.csv,165,65,R,14,,,BRAVURIS 5 HM,,09,,,,,,
4024063004122,250002373,BARUM,Reifen,09.csv,185,70,R,14,,,BRAVURIS 5 HM,,09,,,,,,
4024063004139,250002370,BARUM,Reifen,09.csv,185,60,R,15,,,BRAVURIS 5 HM,,09,,,,,,
4024063004146,250002369,BARUM,Reifen,09.csv,185,60,R,15,,,BRAVURIS 5 HM XL,,09,,,,,,
4024063004634,250002399,BARUM,Reifen,09.csv,215,55,R,17,,,QUARTARIS 5 XLFR 3PMSF,,09,,,,,,
4024063004641,250002401,BARUM,Reifen,09.csv,215,50,R,17,,,QUARTARIS 5 XLFR 3PMSF,,09,,,,,,
4024063004665,250002398,BARUM,Reifen,09.csv,195,75,R,16C,108,,VANIS ALLSEASON 3PMSF,,09,,,,,,
4024063005556,250002404,BARUM,Reifen,09.csv,195,60,R,16C,97,,SNOVANIS 3 3PMSF,,09,,,,,,
4024063005563,250002405,BARUM,Reifen,09.csv,195,65,R,16C,102,,SNOVANIS 3 3PMSF,,09,,,,,,
4024063005570,250002407,BARUM,Reifen,09.csv,195,75,R,16C,105,,SNOVANIS 3 3PMSF,,09,,,,,,
4024063005891,250002425,BARUM,Reifen,09.csv,185,60,R,16,,,QUARTARIS 5 3PMSF,,09,,,,,,
4024063005907,250002429,BARUM,Reifen,09.csv,225,45,R,17,,,QUARTARIS 5 XLFR 3PMSF,,09,,,,,,
4024063005921,250002432,BARUM,Reifen,09.csv,225,45,R,18,,,QUARTARIS 5 XLFR 3PMSF,,09,,,,,,
4024063005945,250002428,BARUM,Reifen,09.csv,215,60,R,17,,,QUARTARIS 5 XLFR 3PMSF,,09,,,,,,
4024063005952,250002426,BARUM,Reifen,09.csv,195,45,R,16,,,QUARTARIS 5 XLFR 3PMSF,,09,,,,,,
4024063005969,250002433,BARUM,Reifen,09.csv,225,55,R,18,,,QUARTARIS 5 XLFR 3PMSF,,09,,,,,,
4024063005976,250002430,BARUM,Reifen,09.csv,225,50,R,17,,,QUARTARIS 5 XLFR 3PMSF,,09,,,,,,
4024063006355,250002434,BARUM,Reifen,09.csv,195,45,R,17,,,QUARTARIS 5 FR 3PMSF,,09,,,,,,
4024063006386,250002458,BARUM,Reifen,09.csv,215,70,R,15C,107,,VANIS ALLSEASON 3PMSF,,09,,,,,,
4024063006553,250002488,BARUM,Reifen,09.csv,225,55,R,18,,,POLARIS 6 EVC XLFR 3PMSF,,09,,,,,,
4024063006591,250002487,BARUM,Reifen,09.csv,225,45,R,19,,,POLARIS 6 EVC XLFR 3PMSF,,09,,,,,,
4024063006638,250002469,BARUM,Reifen,09.csv,195,65,R,15,,,POLARIS 6 3PMSF,,09,,,,,,
4024063006805,250002495,BARUM,Reifen,09.csv,235,60,R,18,,,POLARIS 6 EVC XLFR 3PMSF,,09,,,,,,
4024063006898,250002485,BARUM,Reifen,09.csv,225,40,R,19,,,POLARIS 6 EVC XLFR 3PMSF,,09,,,,,,
4024063006935,250002482,BARUM,Reifen,09.csv,205,45,R,17,,,POLARIS 6 EVC XLFR 3PMSF,,09,,,,,,
4024063007086,250002544,BARUM,Reifen,09.csv,205,50,R,17,,,BRAVURIS 6 EVC FR,,09,,,,,,
4024063007154,250002539,BARUM,Reifen,09.csv,195,65,R,15,,,BRAVURIS 6 EVC,,09,,,,,,
4024063007178,250002538,BARUM,Reifen,09.csv,195,65,R,15,,,BRAVURIS 6 EVC XL,,09,,,,,,
4024063007215,250002565,BARUM,Reifen,09.csv,215,45,R,18,,,BRAVURIS 6 EVC XLFR,,09,,,,,,
4024063007222,250002575,BARUM,Reifen,09.csv,215,55,R,18,,,BRAVURIS 6 EVC XLFR,,09,,,,,,
4024063007253,250002613,BARUM,Reifen,09.csv,235,50,R,18,,,BRAVURIS 6 EVC XLFR,,09,,,,,,
4024063007338,250002576,BARUM,Reifen,09.csv,215,60,R,16,,,BRAVURIS 6 EVC XL,,09,,,,,,
4024063007352,250002629,BARUM,Reifen,09.csv,245,40,R,19,,,BRAVURIS 6 EVC XLFR,,09,,,,,,
4024063007369,250002606,BARUM,Reifen,09.csv,235,40,R,17,,,BRAVURIS 6 EVC XLFR,,09,,,,,,
4024063007390,250002619,BARUM,Reifen,09.csv,235,55,R,19,,,BRAVURIS 6 EVC XLFR,,09,,,,,,
4024063007420,250002520,BARUM,Reifen,09.csv,185,65,R,15,,,BRAVURIS 6 EVC,,09,,,,,,
4024063007437,250002521,BARUM,Reifen,09.csv,185,65,R,15,,,BRAVURIS 6 EVC,,09,,,,,,
4024063007451,250002554,BARUM,Reifen,09.csv,205,60,R,16,,,BRAVURIS 6 EVC,,09,,,,,,
4024063007468,250002555,BARUM,Reifen,09.csv,205,60,R,16,,,BRAVURIS 6 EVC XL,,09,,,,,,
4024063007475,250002556,BARUM,Reifen,09.csv,205,60,R,16,,,BRAVURIS 6 EVC XL,,09,,,,,,
4024063007505,250002541,BARUM,Reifen,09.csv,205,45,R,17,,,BRAVURIS 6 EVC XLFR,,09,,,,,,
4024063007543,250002589,BARUM,Reifen,09.csv,225,45,R,17,,,BRAVURIS 6 EVC XLFR,,09,,,,,,
4024063007581,250002627,BARUM,Reifen,09.csv,245,40,R,18,,,BRAVURIS 6 EVC XLFR,,09,,,,,,
4024063007628,250002574,BARUM,Reifen,09.csv,215,55,R,17,,,BRAVURIS 6 EVC XLFR,,09,,,,,,
4024063007659,250002571,BARUM,Reifen,09.csv,215,55,R,17,,,BRAVURIS 6 EVC FR,,09,,,,,,
4024063007680,250002638,BARUM,Reifen,09.csv,255,45,R,20,,,BRAVURIS 6 EVC FR,,09,,,,,,
4024063007758,250002528,BARUM,Reifen,09.csv,195,55,R,16,,,BRAVURIS 6 EVC,,09,,,,,,
4024063007765,250002532,BARUM,Reifen,09.csv,195,55,R,16,,,BRAVURIS 6 EVC,,09,,,,,,
4024063007772,250002531,BARUM,Reifen,09.csv,195,55,R,16,,,BRAVURIS 6 EVC XL,,09,,,,,,
4024063008892,250002530,BARUM,Reifen,09.csv,195,55,R,16,,,QUARTARIS 5 EVC 3PMSF,,09,,,,,,
4024063008908,250002580,BARUM,Reifen,09.csv,215,60,R,17,,,QUARTARIS 5 EVC FR 3PMSF,,09,,,,,,
4024063009028,250002649,BARUM,Reifen,09.csv,195,65,R,15,,,BRAVURIS 6 EVC XL,,09,,,,,,
4024063009943,250002644,BARUM,Reifen,09.csv,235,35,R,19,,,BRAVURIS 6 EVC XLFR,,09,,,,,,
4024063435841,250002067,BARUM,Reifen,09.csv,255,40,R,17,,Z,BRAVURIS 2 FR,,09,,,,,,
4024063504219,250001794,BARUM,Reifen,09.csv,165,80,R,14,,,POLARIS 3 M+S,,09,,,,,,
4024063581555,250001824,BARUM,Reifen,09.csv,185,,R,14C,100,,SNOVANIS 2 M+S,,09,,,,,,
4024067001059,130003551,SEMPERIT,Reifen,09.csv,245,45,R,18,,,SPEED-LIFE 3 XLFR,,09,,,,,,
4024067001585,130003509,SEMPERIT,Reifen,09.csv,255,50,R,19,,,SPEED-LIFE 3 XLFR,,09,,,,,,
4024067001592,130003547,SEMPERIT,Reifen,09.csv,235,40,R,18,,,SPEED-LIFE 3 XLFR,,09,,,,,,
4024067001714,130003550,SEMPERIT,Reifen,09.csv,245,40,R,18,,,SPEED-LIFE 3 XLFR,,09,,,,,,
4024067001769,130003528,SEMPERIT,Reifen,09.csv,205,55,R,16,,,ALLSEASON-GRIP 3PMSF,,09,,,,,,
4024067001783,130003530,SEMPERIT,Reifen,09.csv,205,55,R,17,,,ALLSEASON-GRIP XLFR 3PMSF,,09,,,,,,
4024067001820,130003538,SEMPERIT,Reifen,09.csv,215,65,R,16,,,ALLSEASON-GRIP XL 3PMSF,,09,,,,,,
4024067001851,130003573,SEMPERIT,Reifen,09.csv,165,65,R,14,,,ALLSEASON-GRIP 3PMSF,,09,,,,,,
4024067001868,130003574,SEMPERIT,Reifen,09.csv,165,70,R,14,,,ALLSEASON-GRIP 3PMSF,,09,,,,,,
4024067001899,130003536,SEMPERIT,Reifen,09.csv,215,60,R,16,,,ALLSEASON-GRIP XL 3PMSF,,09,,,,,,
4024067001905,130003554,SEMPERIT,Reifen,09.csv,175,65,R,15,,,ALLSEASON-GRIP XL 3PMSF,,09,,,,,,
4024067001943,130003514,SEMPERIT,Reifen,09.csv,175,65,R,14,,,ALLSEASON-GRIP XL 3PMSF,,09,,,,,,
4024067001950,130003515,SEMPERIT,Reifen,09.csv,175,70,R,14,,,ALLSEASON-GRIP XL 3PMSF,,09,,,,,,
4024067001974,130003555,SEMPERIT,Reifen,09.csv,185,55,R,15,,,ALLSEASON-GRIP XL 3PMSF,,09,,,,,,
4024067001998,130003517,SEMPERIT,Reifen,09.csv,185,60,R,15,,,ALLSEASON-GRIP XL 3PMSF,,09,,,,,,
4024067002018,130003545,SEMPERIT,Reifen,09.csv,225,65,R,17,,,ALLSEASON-GRIP XLFR 3PMSF,,09,,,,,,
4024067002056,130003535,SEMPERIT,Reifen,09.csv,215,55,R,16,,,ALLSEASON-GRIP XL 3PMSF,,09,,,,,,
4024067002476,130003589,SEMPERIT,Reifen,09.csv,225,40,R,19,,,SPEED-LIFE 3 XLFR,,09,,,,,,
4024067002483,130003602,SEMPERIT,Reifen,09.csv,255,55,R,18,,,SPEED-LIFE 3 XLFR,,09,,,,,,
4024067002506,130003559,SEMPERIT,Reifen,09.csv,195,45,R,16,,,SPEED-LIFE 3 XLFR,,09,,,,,,
4024067002513,130003560,SEMPERIT,Reifen,09.csv,195,50,R,16,,,SPEED-LIFE 3 XL,,09,,,,,,
4024067002612,130003587,SEMPERIT,Reifen,09.csv,215,55,R,17,,,SPEED-LIFE 3 XLFR,,09,,,,,,
4024067002636,130003570,SEMPERIT,Reifen,09.csv,255,35,R,20,,,SPEED-LIFE 3 XLFR,,09,,,,,,
4024067002643,130003571,SEMPERIT,Reifen,09.csv,255,45,R,20,,,SPEED-LIFE 3 XLFR,,09,,,,,,
4024067002650,130003572,SEMPERIT,Reifen,09.csv,275,40,R,20,,,SPEED-LIFE 3 XLFR,,09,,,,,,
4024067002742,130003568,SEMPERIT,Reifen,09.csv,245,35,R,19,,,SPEED-LIFE 3 XLFR,,09,,,,,,
4024067002834,130003599,SEMPERIT,Reifen,09.csv,245,40,R,19,,,SPEED-LIFE 3 XLFR,,09,,,,,,
4024067002841,130003600,SEMPERIT,Reifen,09.csv,245,45,R,19,,,SPEED-LIFE 3 XLFR,,09,,,,,,
4024067003084,130003626,SEMPERIT,Reifen,09.csv,195,60,R,15,,,SPEED-GRIP 5 M+S,,09,,,,,,
4024067003145,130003621,SEMPERIT,Reifen,09.csv,195,55,R,16,,,SPEED-GRIP 5 M+S,,09,,,,,,
4024067003169,130003622,SEMPERIT,Reifen,09.csv,195,55,R,16,,,SPEED-GRIP 5 XL M+S,,09,,,,,,
4024067003282,130003654,SEMPERIT,Reifen,09.csv,215,55,R,18,,,SPEED-GRIP 5 XLFR M+S,,09,,,,,,
4024067003299,130003671,SEMPERIT,Reifen,09.csv,225,45,R,19,,,SPEED-GRIP 5 XLFR M+S,,09,,,,,,
4024067003305,130003674,SEMPERIT,Reifen,09.csv,225,50,R,18,,,SPEED-GRIP 5 XLFR M+S,,09,,,,,,
4024067003312,130003681,SEMPERIT,Reifen,09.csv,225,60,R,18,,,SPEED-GRIP 5 XLFR M+S,,09,,,,,,
4024067003329,130003668,SEMPERIT,Reifen,09.csv,225,40,R,19,,,SPEED-GRIP 5 XLFR M+S,,09,,,,,,
4024067003367,130003634,SEMPERIT,Reifen,09.csv,205,45,R,17,,,SPEED-GRIP 5 FR M+S,,09,,,,,,
4024067003374,130003635,SEMPERIT,Reifen,09.csv,205,45,R,17,,,SPEED-GRIP 5 XLFR M+S,,09,,,,,,
4024067003398,130003685,SEMPERIT,Reifen,09.csv,235,50,R,19,,,SPEED-GRIP 5 XLFR M+S,,09,,,,,,
4024067003404,130003624,SEMPERIT,Reifen,09.csv,195,55,R,20,,,SPEED-GRIP 5 XLFR M+S,,09,,,,,,
4024067003534,130003605,SEMPERIT,Reifen,09.csv,185,65,R,15,,,ALLSEASON-GRIP 3PMSF,,09,,,,,,
4024067003541,130003604,SEMPERIT,Reifen,09.csv,175,65,R,17,,,ALLSEASON-GRIP FR 3PMSF,,09,,,,,,
4024067003558,130003611,SEMPERIT,Reifen,09.csv,175,60,R,18,,,SPEED-GRIP 5 FR 3PMSF,,09,,,,,,
4024067003855,130003721,SEMPERIT,Reifen,09.csv,215,50,R,18,,,SPEED-GRIP 5 FR 3PMSF,,09,,,,,,
4024067003893,130003731,SEMPERIT,Reifen,09.csv,235,55,R,19,,,SPEED-GRIP 5 XLFR 3PMSF,,09,,,,,,
4024067003923,130003734,SEMPERIT,Reifen,09.csv,235,45,R,19,,,SPEED-GRIP 5 XLFR 3PMSF,,09,,,,,,
4024067003947,130003703,SEMPERIT,Reifen,09.csv,215,50,R,17,,,SPEED-GRIP 5 XLFR 3PMSF,,09,,,,,,
4024067003954,130003729,SEMPERIT,Reifen,09.csv,235,50,R,18,,,SPEED-GRIP 5 XLFR 3PMSF,,09,,,,,,
4024067003978,130003718,SEMPERIT,Reifen,09.csv,205,55,R,19,,,SPEED-GRIP 5 XLFR 3PMSF,,09,,,,,,
4024067003985,130003701,SEMPERIT,Reifen,09.csv,205,65,R,16,,,SPEED-GRIP 5 3PMSF,,09,,,,,,
4024067004180,130003691,SEMPERIT,Reifen,09.csv,215,70,R,15C,107,,VAN-GRIP 3 3PMSF,,09,,,,,,
4024067004197,130003682,SEMPERIT,Reifen,09.csv,225,65,R,16C,110,,VAN-GRIP 3 3PMSF,,09,,,,,,
4024067004203,130003690,SEMPERIT,Reifen,09.csv,195,75,R,16C,105,,VAN-GRIP 3 3PMSF,,09,,,,,,
4024067004487,130003722,SEMPERIT,Reifen,09.csv,215,55,R,17,,,ALLSEASON-GRIP FR 3PMSF,,09,,,,,,
4024067004494,130003699,SEMPERIT,Reifen,09.csv,205,45,R,17,,,ALLSEASON-GRIP XLFR 3PMSF,,09,,,,,,
4024067004500,130003708,SEMPERIT,Reifen,09.csv,225,40,R,18,,,ALLSEASON-GRIP XLFR 3PMSF,,09,,,,,,
4024067004562,130003704,SEMPERIT,Reifen,09.csv,215,50,R,17,,,ALLSEASON-GRIP XLFR 3PMSF,,09,,,,,,
4024067004579,130003723,SEMPERIT,Reifen,09.csv,215,70,R,16,,,ALLSEASON-GRIP 3PMSF,,09,,,,,,
4024067004586,130003726,SEMPERIT,Reifen,09.csv,225,55,R,18,,,ALLSEASON-GRIP XLFR 3PMSF,,09,,,,,,
4024067004845,130003737,SEMPERIT,Reifen,09.csv,155,65,R,14,,,ALLSEASON-GRIP 3PMSF,,09,,,,,,
4024067004876,130003742,SEMPERIT,Reifen,09.csv,195,60,R,16,,,ALLSEASON-GRIP 3PMSF,,09,,,,,,
4024067004906,130003744,SEMPERIT,Reifen,09.csv,215,60,R,17,,,ALLSEASON-GRIP XLFR 3PMSF,,09,,,,,,
4024067004913,130003754,SEMPERIT,Reifen,09.csv,245,45,R,18,,,ALLSEASON-GRIP XLFR 3PMSF,,09,,,,,,
4024067004920,130003749,SEMPERIT,Reifen,09.csv,235,45,R,18,,,ALLSEASON-GRIP XLFR 3PMSF,,09,,,,,,
4024067004937,130003745,SEMPERIT,Reifen,09.csv,225,45,R,18,,,ALLSEASON-GRIP XLFR 3PMSF,,09,,,,,,
4024067004944,130003750,SEMPERIT,Reifen,09.csv,235,50,R,18,,,ALLSEASON-GRIP XLFR 3PMSF,,09,,,,,,
4024067004951,130003751,SEMPERIT,Reifen,09.csv,235,55,R,18,,,ALLSEASON-GRIP XLFR 3PMSF,,09,,,,,,
4024067004975,130003752,SEMPERIT,Reifen,09.csv,235,55,R,19,,,ALLSEASON-GRIP XLFR 3PMSF,,09,,,,,,
4024067004999,130003755,SEMPERIT,Reifen,09.csv,275,45,R,21,,,SPEED-GRIP 5 XLFR 3PMSF,,09,,,,,,
4024067005446,130003786,SEMPERIT,Reifen,09.csv,185,65,R,15,,,ALLSEASON-GRIP 2 EVC XL 3PMS,,09,,,,,,
4024067632673,130003364,SEMPERIT,Reifen,09.csv,175,60,R,15,,,MASTER-GRIP 2 3PMSF M+S,,09,,,,,,
4024067747674,130003309,SEMPERIT,Reifen,09.csv,205,65,R,15,,,MASTER-GRIP 2 M+S,,09,,,,,,
4024067747766,130003332,SEMPERIT,Reifen,09.csv,235,60,R,16,,,MASTER-GRIP 2 M+S,,09,,,,,,
4024067800904,130003345,SEMPERIT,Reifen,09.csv,255,35,R,19,,,SPEED-GRIP 3 XLFR,,09,,,,,,
4024068000129,30002202,UNIROYAL,Reifen,09.csv,215,45,R,16,,,RAINSPORT 3 XLFR,,09,,,,,,
4024068000488,30002246,UNIROYAL,Reifen,09.csv,225,65,R,16C,110,,ALLSEASONMAX 3PMSF M+S,,09,,,,,,
4024068000501,30002238,UNIROYAL,Reifen,09.csv,205,75,R,16C,108,,ALLSEASONMAX 3PMSF M+S,,09,,,,,,
4024068000518,30002201,UNIROYAL,Reifen,09.csv,205,65,R,16C,105,H,ALLSEASONMAX (103H),,09,,,,,,
4024068000525,30002194,UNIROYAL,Reifen,09.csv,195,75,R,16C,105,,ALLSEASONMAX,,09,,,,,,
4024068000532,30002235,UNIROYAL,Reifen,09.csv,195,70,R,15C,102,,ALLSEASONMAX 3PMSF M+S,,09,,,,,,
4024068000570,30002241,UNIROYAL,Reifen,09.csv,215,65,R,16C,106,,ALLSEASONMAX 3PMSF M+S (107H,,09,,,,,,
4024068000587,30002236,UNIROYAL,Reifen,09.csv,205,50,R,17,,,ALLSEASONEXPERT 2 3PMSF XLFR,,09,,,,,,
4024068000594,30002200,UNIROYAL,Reifen,09.csv,205,60,R,16,,,ALLSEASONEXPERT 2 XL,,09,,,,,,
4024068000617,30002203,UNIROYAL,Reifen,09.csv,215,55,R,16,,,ALLSEASONEXPERT 2 XL,,09,,,,,,
4024068000624,30002214,UNIROYAL,Reifen,09.csv,225,50,R,17,,,ALLSEASONEXPERT 2 XLFR,,09,,,,,,
4024068000631,30002216,UNIROYAL,Reifen,09.csv,225,55,R,17,,,ALLSEASONEXPERT 2 XL,,09,,,,,,
4024068000655,30002220,UNIROYAL,Reifen,09.csv,235,55,R,17,,,ALLSEASONEXPERT 2 XLFR,,09,,,,,,
4024068000662,30002170,UNIROYAL,Reifen,09.csv,155,70,R,13,,,ALLSEASONEXPERT 2,,09,,,,,,
4024068000679,30002171,UNIROYAL,Reifen,09.csv,155,80,R,13,,,ALLSEASONEXPERT 2,,09,,,,,,
4024068000709,30002209,UNIROYAL,Reifen,09.csv,225,40,R,18,,,ALLSEASONEXPERT 2 XLFR,,09,,,,,,
4024068000716,30002219,UNIROYAL,Reifen,09.csv,235,50,R,18,,,ALLSEASONEXPERT 2 XLFR,,09,,,,,,
4024068000723,30002221,UNIROYAL,Reifen,09.csv,235,55,R,18,,,ALLSEASONEXPERT 2 FR,,09,,,,,,
4024068000747,30002178,UNIROYAL,Reifen,09.csv,175,80,R,14,,,ALLSEASONEXPERT 2,,09,,,,,,
4024068000754,30002206,UNIROYAL,Reifen,09.csv,215,60,R,17,,,ALLSEASONEXPERT 2 FR,,09,,,,,,
4024068000792,30002180,UNIROYAL,Reifen,09.csv,185,60,R,14,,,ALLSEASONEXPERT 2,,09,,,,,,
4024068000808,30002186,UNIROYAL,Reifen,09.csv,195,55,R,15,,,ALLSEASONEXPERT 2,,09,,,,,,
4024068000815,30002199,UNIROYAL,Reifen,09.csv,205,55,R,17,,,ALLSEASONEXPERT 2 XLFR,,09,,,,,,
4024068000846,30002237,UNIROYAL,Reifen,09.csv,205,65,R,15,,,ALLSEASONEXPERT 2 3PMSF,,09,,,,,,
4024068000860,30002244,UNIROYAL,Reifen,09.csv,225,55,R,16,,,ALLSEASONEXPERT 2 3PMSF XL,,09,,,,,,
4024068000877,30002240,UNIROYAL,Reifen,09.csv,215,65,R,16,,,ALLSEASONEXPERT 2 3PMSF FR M,,09,,,,,,
4024068000884,30002242,UNIROYAL,Reifen,09.csv,215,65,R,17,,,ALLSEASONEXPERT 2 3PMSF FR M,,09,,,,,,
4024068000891,30002227,UNIROYAL,Reifen,09.csv,155,65,R,14,,,ALLSEASONEXPERT 2 3PMSF,,09,,,,,,
4024068000907,30002230,UNIROYAL,Reifen,09.csv,165,70,R,14,,,ALLSEASONEXPERT 2 3PMSF,,09,,,,,,
4024068000914,30002233,UNIROYAL,Reifen,09.csv,185,70,R,14,,,ALLSEASONEXPERT 2 3PMSF,,09,,,,,,
4024068000921,30002189,UNIROYAL,Reifen,09.csv,195,60,R,15,,,ALLSEASONEXPERT 2,,09,,,,,,
4024068000938,30002196,UNIROYAL,Reifen,09.csv,205,55,R,16,,,ALLSEASONEXPERT 2,,09,,,,,,
4024068000945,30002197,UNIROYAL,Reifen,09.csv,205,55,R,16,,,ALLSEASONEXPERT 2 XL,,09,,,,,,
4024068000952,30002211,UNIROYAL,Reifen,09.csv,225,45,R,17,,,ALLSEASONEXPERT 2 XLFR,,09,,,,,,
4024068000969,30002245,UNIROYAL,Reifen,09.csv,225,60,R,17,,,ALLSEASONEXPERT 2 3PMSF FR,,09,,,,,,
4024068000976,30002217,UNIROYAL,Reifen,09.csv,225,65,R,17,,,ALLSEASONEXPERT 2 XLFR,,09,,,,,,
4024068000983,30002222,UNIROYAL,Reifen,09.csv,235,60,R,18,,,ALLSEASONEXPERT 2 XLFR,,09,,,,,,
4024068001003,30002176,UNIROYAL,Reifen,09.csv,175,65,R,15,,,ALLSEASONEXPERT 2,,09,,,,,,
4024068001010,30002175,UNIROYAL,Reifen,09.csv,175,65,R,15,,,ALLSEASONEXPERT 2,,09,,,,,,
4024068001027,30002185,UNIROYAL,Reifen,09.csv,195,50,R,15,,,ALLSEASONEXPERT 2,,09,,,,,,
4024068001034,30002179,UNIROYAL,Reifen,09.csv,185,55,R,15,,,ALLSEASONEXPERT 2,,09,,,,,,
4024068001041,30002182,UNIROYAL,Reifen,09.csv,185,60,R,15,,,ALLSEASONEXPERT 2 XL,,09,,,,,,
4024068001058,30002181,UNIROYAL,Reifen,09.csv,185,60,R,15,,,ALLSEASONEXPERT 2 XL,,09,,,,,,
4024068001065,30002184,UNIROYAL,Reifen,09.csv,185,65,R,15,,,ALLSEASONEXPERT 2,,09,,,,,,
4024068001072,30002187,UNIROYAL,Reifen,09.csv,195,55,R,16,,,ALLSEASONEXPERT 2,,09,,,,,,
4024068001324,30002254,UNIROYAL,Reifen,09.csv,195,60,R,16,,,ALLSEASONEXPERT 2 3PMSF,,09,,,,,,
4024068001331,30002255,UNIROYAL,Reifen,09.csv,215,45,R,16,,,ALLSEASONEXPERT 2 XLFR 3PMSF,,09,,,,,,
4024068001348,30002256,UNIROYAL,Reifen,09.csv,215,50,R,17,,,ALLSEASONEXPERT 2 XLFR 3PMSF,,09,,,,,,
4024068001362,30002258,UNIROYAL,Reifen,09.csv,215,45,R,17,,,ALLSEASONEXPERT 2 XLFR 3PMSF,,09,,,,,,
4024068001850,30002498,UNIROYAL,Reifen,09.csv,235,50,R,18,,,WINTEREXPERT XLFR 3PMSF,,09,,,,,,
4024068002130,30002296,UNIROYAL,Reifen,09.csv,185,55,R,15,,,RAINSPORT 5,,09,,,,,,
4024068002178,30002301,UNIROYAL,Reifen,09.csv,195,55,R,15,,,RAINSPORT 5,,09,,,,,,
4024068002185,30002273,UNIROYAL,Reifen,09.csv,205,55,R,16,,,RAINSPORT 5,,09,,,,,,
4024068002192,30002272,UNIROYAL,Reifen,09.csv,205,55,R,16,,,RAINSPORT 5 XL,,09,,,,,,
4024068002215,30002286,UNIROYAL,Reifen,09.csv,225,50,R,17,,,RAINSPORT 5 FR,,09,,,,,,
4024068002239,30002287,UNIROYAL,Reifen,09.csv,225,50,R,17,,,RAINSPORT 5 XLFR,,09,,,,,,
4024068002246,30002289,UNIROYAL,Reifen,09.csv,225,50,R,17,,,RAINSPORT 5 XLFR,,09,,,,,,
4024068002321,30002311,UNIROYAL,Reifen,09.csv,225,55,R,16,,,RAINSPORT 5 XL,,09,,,,,,
4024068002352,30002270,UNIROYAL,Reifen,09.csv,205,55,R,16,,,RAINSPORT 5,,09,,,,,,
4024068002369,30002271,UNIROYAL,Reifen,09.csv,205,55,R,16,,,RAINSPORT 5,,09,,,,,,
4024068002390,30002374,UNIROYAL,Reifen,09.csv,245,40,R,19,,,RAINSPORT 5 XLFR,,09,,,,,,
4024068002420,30002376,UNIROYAL,Reifen,09.csv,255,35,R,20,,,RAINSPORT 5 XLFR,,09,,,,,,
4024068002444,30002391,UNIROYAL,Reifen,09.csv,275,35,R,20,,,RAINSPORT 5 XLFR,,09,,,,,,
4024068002451,30002387,UNIROYAL,Reifen,09.csv,265,40,R,21,,,RAINSPORT 5 XLFR,,09,,,,,,
4024068002475,30002278,UNIROYAL,Reifen,09.csv,215,55,R,16,,,RAINSPORT 5,,09,,,,,,
4024068002512,30002372,UNIROYAL,Reifen,09.csv,245,35,R,19,,,RAINSPORT 5 XLFR,,09,,,,,,
4024068002550,30002388,UNIROYAL,Reifen,09.csv,265,45,R,20,,,RAINSPORT 5 XLFR,,09,,,,,,
4024068002598,30002262,UNIROYAL,Reifen,09.csv,195,55,R,16,,,RAINSPORT 5 XL,,09,,,,,,
4024068002604,30002268,UNIROYAL,Reifen,09.csv,205,50,R,17,,,RAINSPORT 5 XLFR,,09,,,,,,
4024068002611,30002269,UNIROYAL,Reifen,09.csv,205,50,R,17,,,RAINSPORT 5 XLFR,,09,,,,,,
4024068002628,30002280,UNIROYAL,Reifen,09.csv,215,55,R,17,,,RAINSPORT 5 FR,,09,,,,,,
4024068002635,30002282,UNIROYAL,Reifen,09.csv,215,55,R,17,,,RAINSPORT 5 FR,,09,,,,,,
4024068002659,30002284,UNIROYAL,Reifen,09.csv,225,45,R,17,,,RAINSPORT 5 FR,,09,,,,,,
4024068002666,30002285,UNIROYAL,Reifen,09.csv,225,45,R,17,,,RAINSPORT 5 XLFR,,09,,,,,,
4024068002673,30002291,UNIROYAL,Reifen,09.csv,225,55,R,17,,,RAINSPORT 5 XLFR,,09,,,,,,
4024068002697,30002320,UNIROYAL,Reifen,09.csv,235,55,R,17,,,RAINSPORT 5 XLFR,,09,,,,,,
4024068002703,30002319,UNIROYAL,Reifen,09.csv,235,55,R,17,,,RAINSPORT 5 FR,,09,,,,,,
4024068002758,30002369,UNIROYAL,Reifen,09.csv,235,55,R,19,,,RAINSPORT 5 XLFR,,09,,,,,,
4024068002765,30002370,UNIROYAL,Reifen,09.csv,235,55,R,19,,,RAINSPORT 5 XLFR,,09,,,,,,
4024068002789,30002392,UNIROYAL,Reifen,09.csv,275,45,R,19,,,RAINSPORT 5 XLFR,,09,,,,,,
4024068002802,30002294,UNIROYAL,Reifen,09.csv,235,45,R,17,,,RAINSPORT 5 XLFR,,09,,,,,,
4024068002819,30002325,UNIROYAL,Reifen,09.csv,245,45,R,18,,,RAINSPORT 5 XLFR,,09,,,,,,
4024068002826,30002327,UNIROYAL,Reifen,09.csv,245,45,R,20,,,RAINSPORT 5 XLFR,,09,,,,,,
4024068002833,30002342,UNIROYAL,Reifen,09.csv,275,40,R,20,,,RAINSPORT 5 XLFR,,09,,,,,,
4024068002840,30002260,UNIROYAL,Reifen,09.csv,195,45,R,16,,,RAINSPORT 5 XLFR,,09,,,,,,
4024068002994,30002308,UNIROYAL,Reifen,09.csv,225,45,R,18,,,RAINSPORT 5 XLFR,,09,,,,,,
4024068003007,30002318,UNIROYAL,Reifen,09.csv,235,50,R,18,,,RAINSPORT 5 XLFR,,09,,,,,,
4024068003014,30002317,UNIROYAL,Reifen,09.csv,235,50,R,18,,,RAINSPORT 5 FR,,09,,,,,,
4024068003045,30002309,UNIROYAL,Reifen,09.csv,225,45,R,19,,,RAINSPORT 5 XLFR,,09,,,,,,
4024068003076,30002313,UNIROYAL,Reifen,09.csv,225,55,R,19,,,RAINSPORT 5 FR,,09,,,,,,
4024068003083,30002283,UNIROYAL,Reifen,09.csv,225,40,R,18,,,RAINSPORT 5 XLFR,,09,,,,,,
4024068003090,30002379,UNIROYAL,Reifen,09.csv,255,45,R,18,,,RAINSPORT 5 XLFR,,09,,,,,,
4024068003113,30002378,UNIROYAL,Reifen,09.csv,255,40,R,21,,,RAINSPORT 5 XLFR,,09,,,,,,
4024068003120,30002307,UNIROYAL,Reifen,09.csv,215,55,R,18,,,RAINSPORT 5 XLFR,,09,,,,,,
4024068003137,30002292,UNIROYAL,Reifen,09.csv,225,55,R,18,,,RAINSPORT 5 FR,,09,,,,,,
4024068003144,30002295,UNIROYAL,Reifen,09.csv,235,45,R,18,,,RAINSPORT 5 XLFR,,09,,,,,,
4024068003151,30002321,UNIROYAL,Reifen,09.csv,235,55,R,18,,,RAINSPORT 5 FR,,09,,,,,,
4024068003168,30002322,UNIROYAL,Reifen,09.csv,235,55,R,18,,,RAINSPORT 5 FR,,09,,,,,,
4024068003175,30002368,UNIROYAL,Reifen,09.csv,235,50,R,19,,,RAINSPORT 5 FR,,09,,,,,,
4024068003199,30002373,UNIROYAL,Reifen,09.csv,245,35,R,20,,,RAINSPORT 5 XLFR,,09,,,,,,
4024068003229,30002367,UNIROYAL,Reifen,09.csv,225,35,R,19,,,RAINSPORT 5 XLFR,,09,,,,,,
4024068003250,30002380,UNIROYAL,Reifen,09.csv,255,45,R,19,,,RAINSPORT 5 XLFR,,09,,,,,,
4024068003267,30002384,UNIROYAL,Reifen,09.csv,265,30,R,20,,,RAINSPORT 5 XLFR,,09,,,,,,
4024068003328,30002331,UNIROYAL,Reifen,09.csv,255,50,R,19,,,RAINSPORT 5 XLFR,,09,,,,,,
4024068003335,30002360,UNIROYAL,Reifen,09.csv,195,55,R,20,,,RAINSPORT 5 XLFR,,09,,,,,,
4024068003366,30002488,UNIROYAL,Reifen,09.csv,225,50,R,18,,,WINTEREXPERT XLFR 3PMSF,,09,,,,,,
4024068003670,30002501,UNIROYAL,Reifen,09.csv,235,55,R,18,,,WINTEREXPERT XLFR 3PMSF,,09,,,,,,
4024068003731,30002483,UNIROYAL,Reifen,09.csv,225,40,R,19,,,WINTEREXPERT XLFR 3PMSF,,09,,,,,,
4024068003779,30002459,UNIROYAL,Reifen,09.csv,205,45,R,17,,,WINTEREXPERT XLFR 3PMSF,,09,,,,,,
4024068003816,30002453,UNIROYAL,Reifen,09.csv,195,55,R,20,,,WINTEREXPERT XL 3PMSF,,09,,,,,,
4024068004011,30002354,UNIROYAL,Reifen,09.csv,225,65,R,16C,110,,SNOW MAX 3 3PMSF,,09,,,,,,
4024068004073,30002358,UNIROYAL,Reifen,09.csv,215,65,R,15C,102,,ALLSEASONMAX 3PMSF,,09,,,,,,
4024068004103,30002357,UNIROYAL,Reifen,09.csv,215,60,R,17C,107,H,ALLSEASONMAX 3PMSF (104H),,09,,,,,,
4024068004370,30002519,UNIROYAL,Reifen,09.csv,155,65,R,14,,,RAINEXPERT 5,,09,,,,,,
4024068004394,30002537,UNIROYAL,Reifen,09.csv,185,60,R,15,,,RAINEXPERT 5 XL,,09,,,,,,
4024068004417,30002535,UNIROYAL,Reifen,09.csv,185,60,R,14,,,RAINEXPERT 5,,09,,,,,,
4024068004431,30002551,UNIROYAL,Reifen,09.csv,195,65,R,15,,,RAINEXPERT 5,,09,,,,,,
4024068004448,30002550,UNIROYAL,Reifen,09.csv,195,65,R,15,,,RAINEXPERT 5 XL,,09,,,,,,
4024068004455,30002555,UNIROYAL,Reifen,09.csv,205,60,R,16,,,RAINEXPERT 5,,09,,,,,,
4024068004479,30002556,UNIROYAL,Reifen,09.csv,205,60,R,16,,,RAINEXPERT 5 XL,,09,,,,,,
4024068004486,30002558,UNIROYAL,Reifen,09.csv,205,60,R,16,,,RAINEXPERT 5 XL,,09,,,,,,
4024068004509,30002569,UNIROYAL,Reifen,09.csv,215,65,R,17,,,RAINEXPERT 5 FR,,09,,,,,,
4024068004516,30002572,UNIROYAL,Reifen,09.csv,225,60,R,18,,,RAINEXPERT 5 FR,,09,,,,,,
4024068004530,30002579,UNIROYAL,Reifen,09.csv,235,65,R,17,,,RAINEXPERT 5 XLFR,,09,,,,,,
4024068004554,30002525,UNIROYAL,Reifen,09.csv,165,70,R,14,,,RAINEXPERT 5,,09,,,,,,
4024068004578,30002527,UNIROYAL,Reifen,09.csv,175,65,R,14,,,RAINEXPERT 5,,09,,,,,,
4024068004592,30002540,UNIROYAL,Reifen,09.csv,185,65,R,15,,,RAINEXPERT 5,,09,,,,,,
4024068004608,30002529,UNIROYAL,Reifen,09.csv,175,65,R,15,,,RAINEXPERT 5,,09,,,,,,
4024068004639,30002532,UNIROYAL,Reifen,09.csv,175,70,R,14,,,RAINEXPERT 5 XL,,09,,,,,,
4024068004677,30002564,UNIROYAL,Reifen,09.csv,215,60,R,17,,,RAINEXPERT 5 FR,,09,,,,,,
4024068004684,30002565,UNIROYAL,Reifen,09.csv,215,60,R,17,,,RAINEXPERT 5 FR,,09,,,,,,
4024068004707,30002523,UNIROYAL,Reifen,09.csv,165,65,R,15,,,RAINEXPERT 5,,09,,,,,,
4024068004738,30002571,UNIROYAL,Reifen,09.csv,225,60,R,17,,,RAINEXPERT 5 FR,,09,,,,,,
4024068004745,30002573,UNIROYAL,Reifen,09.csv,225,65,R,17,,,RAINEXPERT 5 FR,,09,,,,,,
4024068004813,30002548,UNIROYAL,Reifen,09.csv,195,65,R,15,,,RAINEXPERT 5,,09,,,,,,
4024068004837,30002568,UNIROYAL,Reifen,09.csv,215,65,R,16,,,RAINEXPERT 5 XL,,09,,,,,,
4024068004943,30002570,UNIROYAL,Reifen,09.csv,215,70,R,16,,,RAINEXPERT 5,,09,,,,,,
4024068005032,30002418,UNIROYAL,Reifen,09.csv,205,45,R,17,,,ALLSEASONEXPERT 2 XLFR 3PMSF,,09,,,,,,
4024068005049,30002422,UNIROYAL,Reifen,09.csv,165,60,R,15,,,ALLSEASONEXPERT 2 3PMSF,,09,,,,,,
4024068005070,30002421,UNIROYAL,Reifen,09.csv,225,55,R,18,,,ALLSEASONEXPERT 2 XLFR 3PMSF,,09,,,,,,
4024068005087,30002415,UNIROYAL,Reifen,09.csv,175,55,R,15,,,ALLSEASONEXPERT 2 3PMSF,,09,,,,,,
4024068005100,30002414,UNIROYAL,Reifen,09.csv,155,60,R,15,,,ALLSEASONEXPERT 2 3PMSF,,09,,,,,,
4024068005124,30002420,UNIROYAL,Reifen,09.csv,225,45,R,17,,,ALLSEASONEXPERT 2 XLFR 3PMSF,,09,,,,,,
4024068005131,30002413,UNIROYAL,Reifen,09.csv,195,75,R,16C,108,,ALLSEASONMAX 3PMSF,,09,,,,,,
4024068005438,30002514,UNIROYAL,Reifen,09.csv,225,50,R,18,,,RAINSPORT 5 XLFR,,09,,,,,,
4024068005452,30002516,UNIROYAL,Reifen,09.csv,225,45,R,18,,,ALLSEASONEXPERT 2 XLFR 3PMSF,,09,,,,,,
4024068005469,30002515,UNIROYAL,Reifen,09.csv,235,45,R,18,,,ALLSEASONEXPERT 2 XLFR 3PMSF,,09,,,,,,
4024068005520,30002518,UNIROYAL,Reifen,09.csv,205,40,R,18,,,ALLSEASONEXPERT 2 XLFR 3PMSF,,09,,,,,,
4024068005704,30002582,UNIROYAL,Reifen,09.csv,195,65,R,15,,,RAINEXPERT 5 XL,,09,,,,,,
4024068005711,30002585,UNIROYAL,Reifen,09.csv,235,55,R,17,,,RAINSPORT 5 XLFR,,09,,,,,,
4024068005759,30002588,UNIROYAL,Reifen,09.csv,195,45,R,16,,,ALLSEASONEXPERT 2 XLFR 3PMSF,,09,,,,,,
4024068005766,30002599,UNIROYAL,Reifen,09.csv,245,45,R,18,,,ALLSEASONEXPERT 2 XLFR 3PMSF,,09,,,,,,
4024068005773,30002595,UNIROYAL,Reifen,09.csv,225,45,R,19,,,ALLSEASONEXPERT 2 XLFR 3PMSF,,09,,,,,,
4024068005797,30002596,UNIROYAL,Reifen,09.csv,225,55,R,19,,,ALLSEASONEXPERT 2 XLFR 3PMSF,,09,,,,,,
4024068005827,30002587,UNIROYAL,Reifen,09.csv,195,55,R,20,,,ALLSEASONEXPERT 2 XLFR 3PMSF,,09,,,,,,
4024068005902,30002602,UNIROYAL,Reifen,09.csv,185,80,R,14C,100,,RAIN MAX 5,,09,,,,,,
4024068005919,30002629,UNIROYAL,Reifen,09.csv,195,80,R,14C,104,,RAIN MAX 5,,09,,,,,,
4024068005957,30002619,UNIROYAL,Reifen,09.csv,215,60,R,17C,107,,RAIN MAX 5,,09,,,,,,
4024068005995,30002605,UNIROYAL,Reifen,09.csv,195,70,R,15C,102,,RAIN MAX 5,,09,,,,,,
4024068006022,30002611,UNIROYAL,Reifen,09.csv,215,70,R,15C,107,,RAIN MAX 5,,09,,,,,,
4024068006053,30002633,UNIROYAL,Reifen,09.csv,215,65,R,15C,102,,RAIN MAX 5,,09,,,,,,
4024068006091,30002614,UNIROYAL,Reifen,09.csv,225,55,R,17C,107,,RAIN MAX 5,,09,,,,,,
4024068615484,30001903,UNIROYAL,Reifen,09.csv,225,45,R,17,,,RAINSPORT 3,,09,,,,,,
4024068669722,30002056,UNIROYAL,Reifen,09.csv,225,60,R,15,,,RAINEXPERT 3,,09,,,,,,
4038526020130,21000636,DUNLOP,Reifen,09.csv,235,45,R,17,,Z,SP.MAXX RT 2 MFS,,09,,,,,,
4038526020147,40002334,FULDA,Reifen,09.csv,235,45,R,17,,,SPORTCONTROL 2 FP,,09,,,,,,
4038526020154,40002335,FULDA,Reifen,09.csv,235,45,R,17,,,SPORTCONTROL 2 XLFP,,09,,,,,,
4038526020406,50007848,GOODYEAR,Reifen,09.csv,225,50,R,18,,,UG PERF. + XL* 3PMSF,,09,,,,,,
4038526020499,50007929,GOODYEAR,Reifen,09.csv,245,45,R,18,,,UG PERF. + XL*FP 3PMSF,,09,,,,,,
4038526020536,50007465,GOODYEAR,Reifen,09.csv,205,50,R,19,,,EFFI.GRIP PERF. XLFP,,09,,,,,,
4038526020550,50007467,GOODYEAR,Reifen,09.csv,205,55,R,19,,,EFFI.GRIP PERF. XLFP,,09,,,,,,
4038526020567,50007430,GOODYEAR,Reifen,09.csv,215,65,R,16,,,EFFI.GRIP SUV XL,,09,,,,,,
4038526020598,50007641,GOODYEAR,Reifen,09.csv,235,55,R,17,,,EAG.F1 ASY. 5,,09,,,,,,
4038526020710,50007572,GOODYEAR,Reifen,09.csv,235,45,R,19,,,EAG.F1 ASY. 5 XLFP,,09,,,,,,
4038526020727,50007731,GOODYEAR,Reifen,09.csv,235,55,R,17,,,VECTOR 4S G3 3PMSF,,09,,,,,,
4038526021328,50007882,GOODYEAR,Reifen,09.csv,245,35,R,20,,,EAG.F1 ASY. 5 XL*FP,,09,,,,,,
4038526021359,50007228,GOODYEAR,Reifen,09.csv,175,65,R,15,,,DURAGRIP XL,,09,,,,,,
4038526021434,50007892,GOODYEAR,Reifen,09.csv,255,40,R,19,,,UG PERF. + XL*FP 3PMSF,,09,,,,,,
4038526021588,50007826,GOODYEAR,Reifen,09.csv,205,65,R,16,,,UG 8 PERF. MS * 3PMSF,,09,,,,,,
4038526021670,50007799,GOODYEAR,Reifen,09.csv,255,40,R,21,,,"EAG.F1 ASY. 5 SCT,ST *FP",,09,,,,,,
4038526021717,50007773,GOODYEAR,Reifen,09.csv,255,50,R,19,,,EAG.F1 ASY. 5 ST XL*FP,,09,,,,,,
4038526022868,40002343,FULDA,Reifen,09.csv,165,70,R,14,,,ECOCONTROL,,09,,,,,,
4038526023605,50007209,GOODYEAR,Reifen,09.csv,205,55,R,16,,,VECTOR 4S G2 XL 3PMSF,,09,,,,,,
4038526023957,40002338,FULDA,Reifen,09.csv,185,60,R,15,,,ECOCONTROL HP XL,,09,,,,,,
4038526025609,40002342,FULDA,Reifen,09.csv,165,60,R,14,,,ECOCONTROL HP,,09,,,,,,
4038526025630,50007715,GOODYEAR,Reifen,09.csv,225,50,R,17,,,VECTOR 4S G3 XLFP 3PMSF,,09,,,,,,
4038526025647,50007640,GOODYEAR,Reifen,09.csv,235,45,R,17,,,VECTOR 4S G3 XLFP 3PMSF,,09,,,,,,
4038526025654,50007730,GOODYEAR,Reifen,09.csv,235,45,R,18,,,VECTOR 4S G3 XLFP 3PMSF,,09,,,,,,
4038526025661,50007745,GOODYEAR,Reifen,09.csv,245,45,R,18,,,VECTOR 4S G3 XLFP 3PMSF,,09,,,,,,
4038526025692,50007648,GOODYEAR,Reifen,09.csv,245,45,R,19,,,VECTOR 4S G3 XLFP 3PMSF,,09,,,,,,
4038526025708,50007717,GOODYEAR,Reifen,09.csv,225,50,R,18,,,VECTOR 4S G3 XLFP 3PMSF,,09,,,,,,
4038526025814,50007231,GOODYEAR,Reifen,09.csv,185,55,R,15,,,EFFI.GRIP PERF.,,09,,,,,,
4038526026248,50007367,GOODYEAR,Reifen,09.csv,275,35,R,19,,Z,EAG.F1 SUPERSPORT XLF,,09,,,,,,
4038526026415,50007707,GOODYEAR,Reifen,09.csv,215,65,R,16,,,VECTOR 4S G3 XL 3PMSF,,09,,,,,,
4038526026453,50007649,GOODYEAR,Reifen,09.csv,245,45,R,19,,,VECTOR 4S G3 SUV XLFP 3PMSF,,09,,,,,,
4038526026682,50007684,GOODYEAR,Reifen,09.csv,195,50,R,16,,,EFFI.GRIP PERF. 2 XLFP,,09,,,,,,
4038526026699,50007541,GOODYEAR,Reifen,09.csv,205,55,R,19,,,EFFI.GRIP PERF. 2 XL,,09,,,,,,
4038526026705,50007547,GOODYEAR,Reifen,09.csv,215,45,R,16,,,EFFI.GRIP PERF. 2 XLFP,,09,,,,,,
4038526026729,50007551,GOODYEAR,Reifen,09.csv,215,55,R,16,,,EFFI.GRIP PERF. 2,,09,,,,,,
4038526026736,50007552,GOODYEAR,Reifen,09.csv,215,55,R,16,,,EFFI.GRIP PERF. 2 XL,,09,,,,,,
4038526027009,50007225,GOODYEAR,Reifen,09.csv,175,65,R,13,,,VECTOR 4S 3PMSF,,09,,,,,,
4038526028013,50007227,GOODYEAR,Reifen,09.csv,175,65,R,14C,88,,VECTOR 4S 3PMSF,,09,,,,,,
4038526028037,50007229,GOODYEAR,Reifen,09.csv,185,55,R,14,,,VECTOR 4S 3PMSF,,09,,,,,,
4038526028181,21000748,DUNLOP,Reifen,09.csv,195,70,R,15C,102,,ECONODRIVE LT,,09,,,,,,
4038526028204,21000750,DUNLOP,Reifen,09.csv,LT205,65,R,16C,101,,ECONODRIVE LT,,09,,,,,,
4038526028327,50007433,GOODYEAR,Reifen,09.csv,225,45,R,18,,,EAG.F1 ASY. 3 ROFARFP,,09,,,,,,
4038526028334,50007680,GOODYEAR,Reifen,09.csv,185,60,R,16,,,EFFI.GRIP PERF. 2,,09,,,,,,
4038526028341,50007550,GOODYEAR,Reifen,09.csv,215,50,R,17,,,EFFI.GRIP PERF. 2,,09,,,,,,
4038526029041,40002344,FULDA,Reifen,09.csv,185,60,R,14,,,ECOCONTROL HP,,09,,,,,,
4038526029676,50007719,GOODYEAR,Reifen,09.csv,225,55,R,17C,107,,UG CARGO 3PMSF,,09,,,,,,
4038526030139,50007396,GOODYEAR,Reifen,09.csv,225,45,R,17,,,EAG.F1 ASY. 5 XLFP,,09,,,,,,
4038526030955,50007445,GOODYEAR,Reifen,09.csv,255,40,R,18,,,EAG.F1 ASY. 3 ROFARFP,,09,,,,,,
4038526031112,21000703,DUNLOP,Reifen,09.csv,205,60,R,16,,,SPORT BLU RESPONSE,,09,,,,,,
4038526031129,21000704,DUNLOP,Reifen,09.csv,205,60,R,16,,,SPORT BLU RESPONSE,,09,,,,,,
4038526031136,21000694,DUNLOP,Reifen,09.csv,205,60,R,16,,,SPORT BLURESPONSE XL,,09,,,,,,
4038526031426,50007289,GOODYEAR,Reifen,09.csv,195,75,R,16C,105,,VECTOR 4S CARGO 3PMSF,,09,,,,,,
4038526031433,50007633,GOODYEAR,Reifen,09.csv,225,55,R,17,,,EAG.F1 ASY. 5,,09,,,,,,
4038526031457,50007743,GOODYEAR,Reifen,09.csv,245,40,R,19,,,EAG.F1 ASY. 5,,09,,,,,,
4038526031594,50007410,GOODYEAR,Reifen,09.csv,265,40,R,20,,,EAG.F1 ASY. XLAOFP,,09,,,,,,
4038526032027,50007462,GOODYEAR,Reifen,09.csv,205,45,R,17,,,UG 8 PERF. MS XLFP 3PMSF,,09,,,,,,
4038526032058,80000672,SAVA,Reifen,09.csv,175,,R,14C,98,,TRENTA,,09,,,,,,
4038526032065,40002349,FULDA,Reifen,09.csv,175,65,R,14,,,ECOCONTROL,,09,,,,,,
4038526032102,50007510,GOODYEAR,Reifen,09.csv,275,40,R,18,,,EAG.F1 ASY. 3 XL*FP,,09,,,,,,
4038526035899,50007464,GOODYEAR,Reifen,09.csv,205,50,R,17,,,EFFI.GRIP XLFP,,09,,,,,,
4038526035936,50007478,GOODYEAR,Reifen,09.csv,215,60,R,17,,,EFFI.GRIP PERF. XL,,09,,,,,,
4038526035967,50007645,GOODYEAR,Reifen,09.csv,235,55,R,18,,,EAG.F1 ASY. 5,,09,,,,,,
4038526035998,50007692,GOODYEAR,Reifen,09.csv,205,45,R,17,,,EFFI.GRIP PERF. XL,,09,,,,,,
4038526036001,50007867,GOODYEAR,Reifen,09.csv,235,55,R,18,,,EAG.F1 ASY. 3 SUV AO1,,09,,,,,,
4038526036056,80000700,SAVA,Reifen,09.csv,225,45,R,17,,,INTENSA UHP 2 FP,,09,,,,,,
4038526036063,80000699,SAVA,Reifen,09.csv,225,45,R,17,,,INTENSA UHP 2 XLFP,,09,,,,,,
4038526036070,21000754,DUNLOP,Reifen,09.csv,225,45,R,17,,Z,SP.MAXX RT 2 MFS,,09,,,,,,
4038526036100,50007423,GOODYEAR,Reifen,09.csv,205,65,R,16,,,UG 8 PERF. MS 3PMSF,,09,,,,,,
4038526036117,50007736,GOODYEAR,Reifen,09.csv,235,60,R,17,,,VECTOR 4S G3 3PMSF,,09,,,,,,
4038526036131,50007535,GOODYEAR,Reifen,09.csv,205,55,R,16,,,EFFI.GRIP PERF. AO,,09,,,,,,
4038526039279,40002348,FULDA,Reifen,09.csv,205,65,R,15,,,ECOCONTROL HP,,09,,,,,,
4038526039484,80000673,SAVA,Reifen,09.csv,185,,R,15C,102,,TRENTA,,09,,,,,,
4038526039507,50007378,GOODYEAR,Reifen,09.csv,175,70,R,14,,,EFFI.GRIP COMP.,,09,,,,,,
4038526039804,50007770,GOODYEAR,Reifen,09.csv,225,55,R,16,,,UG PERF. + SCT XLFP 3PMSF,,09,,,,,,
4038526040206,21000777,DUNLOP,Reifen,09.csv,215,60,R,17,,,WIN.SPORT 5 SUV XL 3PMSF,,09,,,,,,
4038526040381,80000730,SAVA,Reifen,09.csv,235,65,R,17,,,ESKIMO SUV 2 XL 3PMSF,,09,,,,,,
4038526040428,50007420,GOODYEAR,Reifen,09.csv,205,60,R,16,,,EFFI.GRIP PERF.,,09,,,,,,
4038526040657,50007570,GOODYEAR,Reifen,09.csv,235,40,R,19,,,EAG.F1 ASY. 5 SCT XLFP,,09,,,,,,
4038526040916,21000752,DUNLOP,Reifen,09.csv,215,60,R,17,,,WIN.SPORT 5 SUV 3PMSF,,09,,,,,,
4038526040923,21000783,DUNLOP,Reifen,09.csv,235,65,R,17,,,WIN.SPORT 5 SUV 3PMSF,,09,,,,,,
4038526041845,40002480,FULDA,Reifen,09.csv,235,55,R,19,,,KRIST.CONTR. SUV XL 3PMSF,,09,,,,,,
4038526042019,50007688,GOODYEAR,Reifen,09.csv,195,60,R,18,,,UG PERF. + XL 3PMSF,,09,,,,,,
4038526042491,50007722,GOODYEAR,Reifen,09.csv,225,55,R,18,,,VECTOR 4S G3 XL 3PMSF,,09,,,,,,
4038526042590,40002445,FULDA,Reifen,09.csv,215,40,R,17,,,MULTICONTROL XLFP 3PMSF,,09,,,,,,
4038526042736,50007912,GOODYEAR,Reifen,09.csv,275,30,R,20,,,EAG.F1 ASY. 5 ROFXL*RSCFP,,09,,,,,,
4038526042842,50007429,GOODYEAR,Reifen,09.csv,215,65,R,15C,102,,EFFI.GRIP CARGO,,09,,,,,,
4038526044082,21000732,DUNLOP,Reifen,09.csv,235,40,R,18,,Z,SP.MAXX RT 2 XLMFS,,09,,,,,,
4038526044129,50007623,GOODYEAR,Reifen,09.csv,205,60,R,16,,,VECTOR 4S G3 ST XL 3PMSF,,09,,,,,,
4038526044136,50007626,GOODYEAR,Reifen,09.csv,215,55,R,17,,,VECTOR 4S G3 ST XL 3PMSF,,09,,,,,,
4038526044143,50007583,GOODYEAR,Reifen,09.csv,255,45,R,20,,,UG PERF. + SLT XLFP 3PMSF,,09,,,,,,
4038526044273,40002372,FULDA,Reifen,09.csv,195,60,R,15,,,ECOCONTROL HP,,09,,,,,,
4038526045263,50007772,GOODYEAR,Reifen,09.csv,255,40,R,18,,,EAG.F1 ASY. 5 XLMOFP,,09,,,,,,
4038526045270,50008118,GOODYEAR,Reifen,09.csv,235,55,R,18,,,VECTOR 4S G3 3PMSF,,09,,,,,,
4038526045522,50007893,GOODYEAR,Reifen,09.csv,255,45,R,19,,,EAG.F1 ASY. 3 XLFP,,09,,,,,,
4038526045546,50007800,GOODYEAR,Reifen,09.csv,255,45,R,19,,,EAG.F1 ASY. 3 FP,,09,,,,,,
4038526045584,50007656,GOODYEAR,Reifen,09.csv,265,35,R,21,,,EAG.F1 ASY. 3 XLFP,,09,,,,,,
4038526045621,21000787,DUNLOP,Reifen,09.csv,265,30,R,20,,Z,SP.MAXX RT XLMFS,,09,,,,,,
4038526046437,50007711,GOODYEAR,Reifen,09.csv,225,45,R,18,,,UG PERF. G1 XLMOFP 3PMSF,,09,,,,,,
4038526047083,80000740,SAVA,Reifen,09.csv,165,65,R,14,,,ALL WEATHER 3PMSF,,09,,,,,,
4038526047090,80000739,SAVA,Reifen,09.csv,165,70,R,14,,,ALL WEATHER 3PMSF,,09,,,,,,
4038526047120,80000742,SAVA,Reifen,09.csv,175,70,R,14,,,ALL WEATHER 3PMSF,,09,,,,,,
4038526047137,80000743,SAVA,Reifen,09.csv,185,60,R,14,,,ALL WEATHER 3PMSF,,09,,,,,,
4038526047144,80000744,SAVA,Reifen,09.csv,185,60,R,15,,,ALL WEATHER XL 3PMSF,,09,,,,,,
4038526047151,80000745,SAVA,Reifen,09.csv,185,65,R,15,,,ALL WEATHER 3PMSF,,09,,,,,,
4038526047175,80000747,SAVA,Reifen,09.csv,195,55,R,15,,,ALL WEATHER 3PMSF,,09,,,,,,
4038526047199,80000749,SAVA,Reifen,09.csv,195,60,R,15,,,ALL WEATHER 3PMSF,,09,,,,,,
4038526047205,80000750,SAVA,Reifen,09.csv,195,65,R,15,,,ALL WEATHER 3PMSF,,09,,,,,,
4038526048417,80000738,SAVA,Reifen,09.csv,205,55,R,16,,,ALL WEATHER XL,,09,,,,,,
4038526048424,80000751,SAVA,Reifen,09.csv,205,60,R,16,,,ALL WEATHER XL 3PMSF,,09,,,,,,
4038526048431,80000752,SAVA,Reifen,09.csv,215,55,R,16,,,ALL WEATHER XL 3PMSF,,09,,,,,,
4038526048448,80000753,SAVA,Reifen,09.csv,215,55,R,17,,,ALL WEATHER XL 3PMSF,,09,,,,,,
4038526048455,80000754,SAVA,Reifen,09.csv,215,60,R,17,,,ALL WEATHER 3PMSF,,09,,,,,,
4038526048486,80000755,SAVA,Reifen,09.csv,225,45,R,17,,,ALL WEATHER XLFP 3PMSF,,09,,,,,,
4038526048493,80000772,SAVA,Reifen,09.csv,225,50,R,17,,,ALL WEATHER XLFP 3PMSF,,09,,,,,,
4038526048509,80000756,SAVA,Reifen,09.csv,225,55,R,17,,,ALL WEATHER XL 3PMSF,,09,,,,,,
4038526052032,50007803,GOODYEAR,Reifen,09.csv,225,45,R,17,,,EAG.F1 ASY. 5 XLAOFP,,09,,,,,,
4038526052254,21000736,DUNLOP,Reifen,09.csv,245,45,R,18,,Z,SP.MAXX RT 2 XLMFS,,09,,,,,,
4038526052346,50007504,GOODYEAR,Reifen,09.csv,265,40,R,19,,Z,EAG.F1 ASY. 2 N0FP,,09,,,,,,
4038526052414,50007727,GOODYEAR,Reifen,09.csv,235,35,R,20,,,EAG.F1 ASY. 2 N0FP,,09,,,,,,
4038526052421,50007489,GOODYEAR,Reifen,09.csv,235,40,R,19,,Z,EAG.F1 ASY. 2 N0FP,,09,,,,,,
4038526053794,50008038,GOODYEAR,Reifen,09.csv,205,55,R,19,,,VECTOR 4S G3 XL 3PMSF,,09,,,,,,
4038526053800,50008086,GOODYEAR,Reifen,09.csv,215,50,R,19,,,VECTOR 4S G3 3PMSF,,09,,,,,,
4038526053985,50007970,GOODYEAR,Reifen,09.csv,195,55,R,19,,,UG PERF. + XL 3PMSF,,09,,,,,,
4038526053992,50007987,GOODYEAR,Reifen,09.csv,235,35,R,20,,,UG PERF. + XLFP 3PMSF,,09,,,,,,
4038526054029,50007757,GOODYEAR,Reifen,09.csv,275,35,R,19,,,EAG.F1 ASY. 3 XL*FP,,09,,,,,,
4038526054067,21000779,DUNLOP,Reifen,09.csv,225,55,R,18,,,SP.MAXX RT 2 SUV MFS,,09,,,,,,
4038526054180,40002452,FULDA,Reifen,09.csv,235,60,R,16,,,MULTICONTROL 3PMSF,,09,,,,,,
4038526054203,40002442,FULDA,Reifen,09.csv,185,70,R,14,,,MULTICONTROL 3PMSF,,09,,,,,,
4038526054210,20004866,DUNLOP,Reifen,09.csv,185,60,R,15,,,WINTER RESPONSE 2 MS,,09,,,,,,
4038526054401,21000756,DUNLOP,Reifen,09.csv,235,45,R,18,,Z,SP.MAXX RT 2 XLMFS,,09,,,,,,
4038526054524,40002416,FULDA,Reifen,09.csv,235,40,R,18,,,SPORTCONTROL 2 XLFP,,09,,,,,,
4038526054555,80000715,SAVA,Reifen,09.csv,235,45,R,18,,,INTENSA UHP 2 XLFP,,09,,,,,,
4038526054562,80000723,SAVA,Reifen,09.csv,245,45,R,18,,,INTENSA UHP 2 XLFP,,09,,,,,,
4038526054616,40002441,FULDA,Reifen,09.csv,185,65,R,14,,,MULTICONTROL 3PMSF,,09,,,,,,
4038526054623,40002438,FULDA,Reifen,09.csv,185,55,R,14,,,MULTICONTROL 3PMSF,,09,,,,,,
4038526054630,40002437,FULDA,Reifen,09.csv,175,80,R,14,,,MULTICONTROL 3PMSF,,09,,,,,,
4038526055149,50008154,GOODYEAR,Reifen,09.csv,235,30,R,20,,Z,EAG.F1 SUPERSPORT XLFP,,09,,,,,,
4038526055156,50007863,GOODYEAR,Reifen,09.csv,235,35,R,20,,Z,EAG.F1 SUPERSPORT XLFP,,09,,,,,,
4038526055163,50008251,GOODYEAR,Reifen,09.csv,245,30,R,20,,Z,EAG.F1 SUPERSPORT XLFP,,09,,,,,,
4038526055187,50008205,GOODYEAR,Reifen,09.csv,265,40,R,20,,Z,EAG.F1 SUPERSPORT XLF,,09,,,,,,
4038526055194,50008268,GOODYEAR,Reifen,09.csv,275,30,R,20,,Z,EAG.F1 SUPERSPORT XLFP,,09,,,,,,
4038526055200,50007913,GOODYEAR,Reifen,09.csv,275,35,R,21,,Z,EAG.F1 SUPERSPORT XLF,,09,,,,,,
4038526055811,50008094,GOODYEAR,Reifen,09.csv,225,55,R,19,,,VECTOR 4S G3 3PMSF,,09,,,,,,
4038526055828,50007693,GOODYEAR,Reifen,09.csv,205,55,R,17,,,VECTOR 4S G3 XL 3PMSF,,09,,,,,,
4038526055842,50008165,GOODYEAR,Reifen,09.csv,235,50,R,19,,,VECTOR 4S G3 XLFP 3PMSF,,09,,,,,,
4038526055859,50008159,GOODYEAR,Reifen,09.csv,235,40,R,19,,,VECTOR 4S G3 XLFP 3PMSF,,09,,,,,,
4038526055866,50008156,GOODYEAR,Reifen,09.csv,235,35,R,19,,,VECTOR 4S G3 XLFP 3PMSF,,09,,,,,,
4038526055873,50008171,GOODYEAR,Reifen,09.csv,235,65,R,18,,,VECTOR 4S G3 SUV XL 3PMSF,,09,,,,,,
4038526055880,50007744,GOODYEAR,Reifen,09.csv,245,45,R,17,,,VECTOR 4S G3 XLFP 3PMSF,,09,,,,,,
4038526055897,50008099,GOODYEAR,Reifen,09.csv,245,40,R,19,,,VECTOR 4S G3 XLFP 3PMSF,,09,,,,,,
4038526055903,50008100,GOODYEAR,Reifen,09.csv,245,45,R,20,,,VECTOR 4S G3 XLFP 3PMSF,,09,,,,,,
4038526055910,50008042,GOODYEAR,Reifen,09.csv,245,50,R,19,,,VECTOR 4S G3 XLFP 3PMSF,,09,,,,,,
4038526055934,50008199,GOODYEAR,Reifen,09.csv,255,50,R,20,,,VECTOR 4S G3 SUV XLFP 3PMSF,,09,,,,,,
4038526055958,50008104,GOODYEAR,Reifen,09.csv,255,40,R,19,,,VECTOR 4S G3 XLFP 3PMSF,,09,,,,,,
4038526055965,50008049,GOODYEAR,Reifen,09.csv,255,60,R,18,,,VECTOR 4S G3 SUV XL 3PMSF,,09,,,,,,
4038526055989,50007915,GOODYEAR,Reifen,09.csv,275,45,R,20,,,VECTOR 4S G3 SUV XLFP 3PMSF,,09,,,,,,
4038526055996,50008210,GOODYEAR,Reifen,09.csv,265,50,R,19,,,VECTOR 4S G3 SUV XLFP 3PMSF,,09,,,,,,
4038526056016,50008101,GOODYEAR,Reifen,09.csv,255,35,R,19,,,VECTOR 4S G3 XLFP 3PMSF,,09,,,,,,
4038526056146,80000707,SAVA,Reifen,09.csv,205,40,R,17,,,INTENSA UHP 2 XLFP,,09,,,,,,
4038526056153,80000685,SAVA,Reifen,09.csv,205,45,R,17,,,INTENSA UHP 2 XLFP,,09,,,,,,
4038526056177,80000709,SAVA,Reifen,09.csv,215,40,R,17,,,INTENSA UHP 2 XLFP,,09,,,,,,
4038526056184,80000710,SAVA,Reifen,09.csv,215,45,R,17,,,INTENSA UHP 2 XLFP,,09,,,,,,
4038526056191,80000692,SAVA,Reifen,09.csv,215,50,R,17,,,INTENSA UHP 2 XLFP,,09,,,,,,
4038526056207,80000711,SAVA,Reifen,09.csv,215,55,R,17,,,INTENSA UHP 2 XLFP,,09,,,,,,
4038526056221,40002377,FULDA,Reifen,09.csv,205,45,R,17,,,SPORTCONTROL 2 XLFP,,09,,,,,,
4038526056306,40002414,FULDA,Reifen,09.csv,235,35,R,19,,,SPORTCONTROL 2 XLFP,,09,,,,,,
4038526056320,40002433,FULDA,Reifen,09.csv,235,50,R,18,,,SPORTCONTROL 2 XLFP,,09,,,,,,
4038526056351,40002420,FULDA,Reifen,09.csv,245,40,R,17,,,SPORTCONTROL 2 XLFP,,09,,,,,,
4038526056375,40002421,FULDA,Reifen,09.csv,245,40,R,19,,,SPORTCONTROL 2 XLFP,,09,,,,,,
4038526056382,40002422,FULDA,Reifen,09.csv,245,45,R,17,,,SPORTCONTROL 2 XLFP,,09,,,,,,
4038526056399,40002423,FULDA,Reifen,09.csv,255,30,R,19,,,SPORTCONTROL 2 XLFP,,09,,,,,,
4038526056405,40002424,FULDA,Reifen,09.csv,255,35,R,18,,,SPORTCONTROL 2 XLFP,,09,,,,,,
4038526056429,80000698,SAVA,Reifen,09.csv,225,40,R,18,,,INTENSA UHP 2 XLFP,,09,,,,,,
4038526056511,40002406,FULDA,Reifen,09.csv,255,35,R,19,,,SPORTCONTROL 2 XLFP,,09,,,,,,
4038526056528,40002425,FULDA,Reifen,09.csv,255,35,R,20,,,SPORTCONTROL 2 XLFP,,09,,,,,,
4038526056566,40002427,FULDA,Reifen,09.csv,255,40,R,19,,,SPORTCONTROL 2 XLFP,,09,,,,,,
4038526056573,40002428,FULDA,Reifen,09.csv,255,45,R,18,,,SPORTCONTROL 2 XLFP,,09,,,,,,
4038526056610,80000701,SAVA,Reifen,09.csv,225,50,R,17,,,INTENSA UHP 2 XLFP,,09,,,,,,
4038526056634,80000716,SAVA,Reifen,09.csv,235,50,R,18,,,INTENSA UHP 2 XLFP,,09,,,,,,
4038526056689,80000705,SAVA,Reifen,09.csv,245,40,R,18,,,INTENSA UHP 2 XLFP,,09,,,,,,
4038526056696,80000721,SAVA,Reifen,09.csv,245,40,R,19,,,INTENSA UHP 2 XLFP,,09,,,,,,
4038526056702,80000722,SAVA,Reifen,09.csv,245,45,R,17,,,INTENSA UHP 2 XLFP,,09,,,,,,
4038526056719,80000724,SAVA,Reifen,09.csv,255,30,R,19,,,INTENSA UHP 2 XLFP,,09,,,,,,
4038526056757,80000726,SAVA,Reifen,09.csv,255,35,R,20,,,INTENSA UHP 2 XLFP,,09,,,,,,
4038526058188,50007781,GOODYEAR,Reifen,09.csv,215,50,R,18,,,EFFI.GRIP PERF. 2 FP,,09,,,,,,
4038526058195,50008037,GOODYEAR,Reifen,09.csv,195,60,R,18,,,VECTOR 4S G3 XL 3PMSF,,09,,,,,,
4038526058874,50007992,GOODYEAR,Reifen,09.csv,235,55,R,19,,,EAG.F1 ASY. 3 SUV MGTFP,,09,,,,,,
4038526059444,50008237,GOODYEAR,Reifen,09.csv,235,55,R,20,,,UG PERF. G1 XLNE0FP 3PMSF,,09,,,,,,
4038526059963,21000759,DUNLOP,Reifen,09.csv,235,55,R,17,,Z,SP SP.MAXX TT XLMFS,,09,,,,,,
4038526060259,50007597,GOODYEAR,Reifen,09.csv,195,50,R,15,,,VECTOR 4S G2 3PMSF,,09,,,,,,
4038526060280,50007646,GOODYEAR,Reifen,09.csv,245,35,R,20,,,EAG.F1 ASY. 3 ROFXL* MOEFP,,09,,,,,,
4038526060303,50007647,GOODYEAR,Reifen,09.csv,245,35,R,20,,,EAG.F1 ASY. 3 SCT ROFXL* MOE,,09,,,,,,
4038526060327,21000764,DUNLOP,Reifen,09.csv,235,55,R,17,,Z,SP.MAXX RT 2 XLMFS,,09,,,,,,
4038526060525,21000766,DUNLOP,Reifen,09.csv,245,35,R,20,,,SP SP.MAXX GT DSROFXL*MFS,,09,,,,,,
4038526060631,50007820,GOODYEAR,Reifen,09.csv,195,55,R,16,,,EFFI.GRIP PERF. XLAO1,,09,,,,,,
4038526061232,21000770,DUNLOP,Reifen,09.csv,255,50,R,19,,,SP.MAXX RT 2 SUV XLMFS,,09,,,,,,
4038526061430,50007650,GOODYEAR,Reifen,09.csv,255,40,R,20,,,EAG.F1 ASY. 2 XLAOFP,,09,,,,,,
4038526061492,50008127,GOODYEAR,Reifen,09.csv,235,45,R,19,,,EAG.F1 ASY. 5 XLAR,,09,,,,,,
4038526062345,50007628,GOODYEAR,Reifen,09.csv,225,40,R,18,,,EAG.F1 SUPERSPORT XLC+FP,,09,,,,,,
4038526062369,50007638,GOODYEAR,Reifen,09.csv,235,35,R,19,,,EAG.F1 SUPERSPORT XLC+FP,,09,,,,,,
4038526062475,50007704,GOODYEAR,Reifen,09.csv,215,65,R,15C,,,VECTOR 4S CARGO 3PMSF (102),,09,,,,,,
4038526064257,40002432,FULDA,Reifen,09.csv,225,45,R,17,,,MULTICONTROL XLFP 3PMSF,,09,,,,,,
4038526064264,40002436,FULDA,Reifen,09.csv,195,70,R,15C,102,,CONVEO TOUR 2,,09,,,,,,
4038526066077,21000796,DUNLOP,Reifen,09.csv,165,65,R,15,,,SPORT ALL SEASON 3PMSF,,09,,,,,,
4038526066756,21000781,DUNLOP,Reifen,09.csv,235,55,R,17,,Z,SP.MAXX RT 2 NST XLMF,,09,,,,,,
4038526067593,50007903,GOODYEAR,Reifen,09.csv,265,35,R,21,,,EAG.F1 ASY. 5 XLNF0FP,,09,,,,,,
4038526067609,50007920,GOODYEAR,Reifen,09.csv,305,30,R,21,,,EAG.F1 ASY. 5 XLNF0FP,,09,,,,,,
4038526067708,50008584,GOODYEAR,Reifen,09.csv,245,45,R,20,,,ULTRA GRIP PERFORMANCE 3 XLF,,09,,,,,,
4038526067760,50008510,GOODYEAR,Reifen,09.csv,175,65,R,15,,,ULTRA GRIP PERFORMANCE 3 XL,,09,,,,,,
4038526067814,50008512,GOODYEAR,Reifen,09.csv,185,60,R,15,,,ULTRA GRIP PERFORMANCE 3 3PM,,09,,,,,,
4038526067845,50008515,GOODYEAR,Reifen,09.csv,185,65,R,15,,,ULTRA GRIP PERFORMANCE 3 3PM,,09,,,,,,
4038526067906,50008517,GOODYEAR,Reifen,09.csv,195,55,R,16,,,ULTRA GRIP PERFORMANCE 3 3PM,,09,,,,,,
4038526067951,50008521,GOODYEAR,Reifen,09.csv,195,60,R,16,,,ULTRA GRIP PERFORMANCE 3 XL,,09,,,,,,
4038526067975,50008522,GOODYEAR,Reifen,09.csv,195,65,R,15,,,ULTRA GRIP PERFORMANCE 3 3PM,,09,,,,,,
4038526068149,50008524,GOODYEAR,Reifen,09.csv,195,65,R,15,,,ULTRA GRIP PERFORMANCE 3 3PM,,09,,,,,,
4038526068217,50008530,GOODYEAR,Reifen,09.csv,205,55,R,16,,,ULTRA GRIP PERFORMANCE 3 3PM,,09,,,,,,
4038526068224,50008532,GOODYEAR,Reifen,09.csv,205,55,R,16,,,ULTRA GRIP PERFORMANCE 3 3PM,,09,,,,,,
4038526068231,50008531,GOODYEAR,Reifen,09.csv,205,55,R,16,,,ULTRA GRIP PERFORMANCE 3 XL,,09,,,,,,
4038526068248,50008533,GOODYEAR,Reifen,09.csv,205,55,R,16,,,ULTRA GRIP PERFORMANCE 3 XL,,09,,,,,,
4038526068279,50008537,GOODYEAR,Reifen,09.csv,205,60,R,16,,,ULTRA GRIP PERFORMANCE 3 3PM,,09,,,,,,
4038526068286,50008535,GOODYEAR,Reifen,09.csv,205,60,R,16,,,ULTRA GRIP PERFORMANCE 3 XL,,09,,,,,,
4038526068316,50008540,GOODYEAR,Reifen,09.csv,215,45,R,16,,,ULTRA GRIP PERFORMANCE 3 XLF,,09,,,,,,
4038526068675,50008543,GOODYEAR,Reifen,09.csv,215,50,R,17,,,ULTRA GRIP PERFORMANCE 3 XL,,09,,,,,,
4038526068682,50008545,GOODYEAR,Reifen,09.csv,215,55,R,16,,,ULTRA GRIP PERFORMANCE 3 3PM,,09,,,,,,
4038526068705,50008547,GOODYEAR,Reifen,09.csv,215,55,R,17,,,ULTRA GRIP PERFORMANCE 3 XL,,09,,,,,,
4038526068712,50008549,GOODYEAR,Reifen,09.csv,215,60,R,16,,,ULTRA GRIP PERFORMANCE 3 XL,,09,,,,,,
4038526068729,50008551,GOODYEAR,Reifen,09.csv,215,65,R,16,,,ULTRA GRIP PERFORMANCE 3 XL,,09,,,,,,
4038526068736,50008550,GOODYEAR,Reifen,09.csv,215,65,R,16,,,ULTRA GRIP PERFORMANCE 3 3PM,,09,,,,,,
4038526068743,50008556,GOODYEAR,Reifen,09.csv,225,45,R,17,,,ULTRA GRIP PERFORMANCE 3 FP,,09,,,,,,
4038526068781,50008561,GOODYEAR,Reifen,09.csv,225,50,R,17,,,ULTRA GRIP PERFORMANCE 3 XLF,,09,,,,,,
4038526068798,50008562,GOODYEAR,Reifen,09.csv,225,50,R,17,,,ULTRA GRIP PERFORMANCE 3 XLF,,09,,,,,,
4038526068910,50007925,GOODYEAR,Reifen,09.csv,225,45,R,18,,,EAG.F1 ASY. 5 ARFP,,09,,,,,,
4038526068934,50007928,GOODYEAR,Reifen,09.csv,235,60,R,18,,,EAG.F1 ASY. 3 SUV XLAR,,09,,,,,,
4038526068972,50007924,GOODYEAR,Reifen,09.csv,215,65,R,16,,,VECTOR 4S G3 XL 3PMSF,,09,,,,,,
4038526069016,50008552,GOODYEAR,Reifen,09.csv,225,40,R,18,,,ULTRA GRIP PERFORMANCE 3 XLF,,09,,,,,,
4038526069023,50008553,GOODYEAR,Reifen,09.csv,225,40,R,18,,,ULTRA GRIP PERFORMANCE 3 XLF,,09,,,,,,
4038526069047,50008544,GOODYEAR,Reifen,09.csv,215,50,R,18,,,ULTRA GRIP PERFORMANCE 3 FP,,09,,,,,,
4038526069078,50008559,GOODYEAR,Reifen,09.csv,225,45,R,19,,,ULTRA GRIP PERFORMANCE 3 XLF,,09,,,,,,
4038526069085,50008563,GOODYEAR,Reifen,09.csv,225,50,R,18,,,ULTRA GRIP PERFORMANCE 3 XLF,,09,,,,,,
4038526069092,50008566,GOODYEAR,Reifen,09.csv,235,35,R,19,,,ULTRA GRIP PERFORMANCE 3 XLF,,09,,,,,,
4038526069108,50008567,GOODYEAR,Reifen,09.csv,235,40,R,18,,,ULTRA GRIP PERFORMANCE 3 XLF,,09,,,,,,
4038526069122,50008569,GOODYEAR,Reifen,09.csv,235,45,R,17,,,ULTRA GRIP PERFORMANCE 3 XLF,,09,,,,,,
4038526069177,50008572,GOODYEAR,Reifen,09.csv,235,50,R,18,,,ULTRA GRIP PERFORMANCE 3 XLF,,09,,,,,,
4038526069191,50008574,GOODYEAR,Reifen,09.csv,235,55,R,17,,,ULTRA GRIP PERFORMANCE 3 XLF,,09,,,,,,
4038526069207,50008576,GOODYEAR,Reifen,09.csv,245,35,R,19,,,ULTRA GRIP PERFORMANCE 3 XLF,,09,,,,,,
4038526069214,50008579,GOODYEAR,Reifen,09.csv,245,40,R,18,,,ULTRA GRIP PERFORMANCE 3 XLF,,09,,,,,,
4038526069238,50008581,GOODYEAR,Reifen,09.csv,245,40,R,19,,,ULTRA GRIP PERFORMANCE 3 XLF,,09,,,,,,
4038526069245,50008582,GOODYEAR,Reifen,09.csv,245,45,R,18,,,ULTRA GRIP PERFORMANCE 3 XLF,,09,,,,,,
4038526069320,50008587,GOODYEAR,Reifen,09.csv,255,35,R,20,,,ULTRA GRIP PERFORMANCE 3 XLF,,09,,,,,,
4038526069344,50008589,GOODYEAR,Reifen,09.csv,255,40,R,19,,,ULTRA GRIP PERFORMANCE 3 XLF,,09,,,,,,
4038526069382,40002447,FULDA,Reifen,09.csv,215,65,R,16C,104,,CONVEO TOUR 2,,09,,,,,,
4038526069511,50008591,GOODYEAR,Reifen,09.csv,255,40,R,20,,,ULTRA GRIP PERFORMANCE 3 XLF,,09,,,,,,
4038526069535,50008593,GOODYEAR,Reifen,09.csv,255,45,R,19,,,ULTRA GRIP PERFORMANCE 3 XLF,,09,,,,,,
4038526069566,50008597,GOODYEAR,Reifen,09.csv,265,45,R,20,,,ULTRA GRIP PERFORMANCE 3 XLF,,09,,,,,,
4038526069917,21000763,DUNLOP,Reifen,09.csv,215,50,R,17,,,SP SPORT BLURESPONSE XL,,09,,,,,,
4038526070500,50007852,GOODYEAR,Reifen,09.csv,225,55,R,19,,,EFFI.GRIP 2 SUV XL,,09,,,,,,
4038526071910,40002457,FULDA,Reifen,09.csv,195,55,R,16,,,MULTICONTROL XL 3PMSF,,09,,,,,,
4038526072450,40002524,FULDA,Reifen,09.csv,225,45,R,19,,,SPORTCONTROL 2 XLFP,,09,,,,,,
4038526072481,50008182,GOODYEAR,Reifen,09.csv,245,40,R,20,,Z,EAG.F1 SUPERSPORT XLFP,,09,,,,,,
4038526072511,50008602,GOODYEAR,Reifen,09.csv,285,40,R,19,,,ULTRA GRIP PERFORMANCE 3 XLF,,09,,,,,,
4038526072528,21000861,DUNLOP,Reifen,09.csv,255,45,R,19,,,WIN.SPORT 5 XLMFS 3PMSF,,09,,,,,,
4038526072535,40002483,FULDA,Reifen,09.csv,255,40,R,19,,,KRIST.CONTR. HP 2 XLFP 3PMSF,,09,,,,,,
4038526072559,50008816,GOODYEAR,Reifen,09.csv,285,35,R,20,,,ULTRA GRIP PERFORMANCE 3 XLF,,09,,,,,,
4038526072603,21000855,DUNLOP,Reifen,09.csv,225,45,R,19,,,WIN.SPORT 5 XLMFS 3PMSF,,09,,,,,,
4038526072610,40002454,FULDA,Reifen,09.csv,195,45,R,16,,,KRIST.CONTR. HP 2 XLFP 3PMSF,,09,,,,,,
4038526073037,50007976,GOODYEAR,Reifen,09.csv,215,60,R,17,,,UG PERF. + SUV XL 3PMSF,,09,,,,,,
4038526073105,50007984,GOODYEAR,Reifen,09.csv,225,60,R,17,,,UG PERF. + SUV XL 3PMSF,,09,,,,,,
4038526073129,50007985,GOODYEAR,Reifen,09.csv,225,65,R,17,,,UG PERF. + SUV 3PMSF,,09,,,,,,
4038526073136,50007986,GOODYEAR,Reifen,09.csv,225,65,R,17,,,UG PERF. + SUV XL 3PMSF,,09,,,,,,
4038526073143,50007940,GOODYEAR,Reifen,09.csv,235,55,R,18,,,UG PERF. + SUV XL 3PMSF,,09,,,,,,
4038526073150,50007941,GOODYEAR,Reifen,09.csv,235,55,R,19,,,UG PERF. + SUV XL 3PMSF,,09,,,,,,
4038526073181,50007995,GOODYEAR,Reifen,09.csv,235,60,R,18,,,UG PERF. + SUV XL 3PMSF,,09,,,,,,
4038526073228,50007946,GOODYEAR,Reifen,09.csv,255,50,R,20,,,UG PERF. + SUV XLFP 3PMSF,,09,,,,,,
4038526073365,40002461,FULDA,Reifen,09.csv,205,45,R,17,,,ECOCONTROL HP 2 XLFP,,09,,,,,,
4038526073396,40002492,FULDA,Reifen,09.csv,215,55,R,17,,,ECOCONTROL HP 2,,09,,,,,,
4038526073525,21000886,DUNLOP,Reifen,09.csv,225,60,R,18,,,WIN.SPORT 5 SUV XL 3PMSF,,09,,,,,,
4038526073532,50008117,GOODYEAR,Reifen,09.csv,225,60,R,18,,,UG PERF. + SUV XL 3PMSF,,09,,,,,,
4038526073549,50008344,GOODYEAR,Reifen,09.csv,235,40,R,20,,,UG PERF. + SUV XLFP 3PMSF,,09,,,,,,
4038526073594,50008010,GOODYEAR,Reifen,09.csv,265,45,R,21,,,UG PERF. + SUV XLFP 3PMSF,,09,,,,,,
4038526073600,50007951,GOODYEAR,Reifen,09.csv,265,45,R,21,,,UG PERF. + SUV XLFP 3PMSF,,09,,,,,,
4038526073631,21000881,DUNLOP,Reifen,09.csv,275,40,R,21,,,SP.MAXX RT 2 SUV XLMFS,,09,,,,,,
4038526073792,50008144,GOODYEAR,Reifen,09.csv,225,40,R,20,,Z,EAG.F1 SUPERSPORT XLFP,,09,,,,,,
4038526073952,50008146,GOODYEAR,Reifen,09.csv,225,45,R,17,,,EAG.F1 ASY. 6 XLFP,,09,,,,,,
4038526073969,50008148,GOODYEAR,Reifen,09.csv,225,45,R,18,,,EAG.F1 ASY. 6 XLFP,,09,,,,,,
4038526073983,50008149,GOODYEAR,Reifen,09.csv,225,45,R,19,,,EAG.F1 ASY. 6 XLFP,,09,,,,,,
4038526074164,50008133,GOODYEAR,Reifen,09.csv,205,45,R,17,,,EAG.F1 ASY. 6 XLFP,,09,,,,,,
4038526074171,50008134,GOODYEAR,Reifen,09.csv,205,45,R,17,,,EAG.F1 ASY. 6 XLFP,,09,,,,,,
4038526074188,50008135,GOODYEAR,Reifen,09.csv,205,45,R,17,,,EAG.F1 ASY. 6 XLFP,,09,,,,,,
4038526074201,50008137,GOODYEAR,Reifen,09.csv,215,40,R,17,,,EAG.F1 ASY. 6 XLFP,,09,,,,,,
4038526074225,50008301,GOODYEAR,Reifen,09.csv,255,30,R,19,,,EAG.F1 SUPERSPORT XLFP,,09,,,,,,
4038526074232,50008255,GOODYEAR,Reifen,09.csv,255,30,R,20,,Z,EAG.F1 SUPERSPORT XLFP,,09,,,,,,
4038526074249,50008436,GOODYEAR,Reifen,09.csv,255,30,R,21,,Z,EAG.F1 SUPERSPORT XLFP,,09,,,,,,
4038526074256,50008192,GOODYEAR,Reifen,09.csv,255,40,R,20,,Z,EAG.F1 SUPERSPORT XLF,,09,,,,,,
4038526074263,50008314,GOODYEAR,Reifen,09.csv,265,30,R,19,,Z,EAG.F1 SUPERSPORT XLFP,,09,,,,,,
4038526074270,50008449,GOODYEAR,Reifen,09.csv,265,30,R,20,,Z,EAG.F1 SUPERSPORT XLFP,,09,,,,,,
4038526074294,50008214,GOODYEAR,Reifen,09.csv,275,35,R,20,,Z,EAG.F1 SUPERSPORT XLF,,09,,,,,,
4038526074300,50008457,GOODYEAR,Reifen,09.csv,285,30,R,20,,Z,EAG.F1 SUPERSPORT XLFP,,09,,,,,,
4038526074362,50008185,GOODYEAR,Reifen,09.csv,245,45,R,17,,,EAG.F1 ASY. 6 XLFP,,09,,,,,,
4038526074379,50008186,GOODYEAR,Reifen,09.csv,245,45,R,18,,,EAG.F1 ASY. 6 XLFP,,09,,,,,,
4038526074393,50008189,GOODYEAR,Reifen,09.csv,255,35,R,18,,,EAG.F1 ASY. 6 XLFP,,09,,,,,,
4038526074416,50008138,GOODYEAR,Reifen,09.csv,215,45,R,17,,,EAG.F1 ASY. 6 FP,,09,,,,,,
4038526074423,50008139,GOODYEAR,Reifen,09.csv,215,45,R,17,,,EAG.F1 ASY. 6 XLFP,,09,,,,,,
4038526074447,50008141,GOODYEAR,Reifen,09.csv,225,35,R,18,,,EAG.F1 ASY. 6 XLFP,,09,,,,,,
4038526074454,50008142,GOODYEAR,Reifen,09.csv,225,35,R,19,,,EAG.F1 ASY. 6 XLFP,,09,,,,,,
4038526074461,50008143,GOODYEAR,Reifen,09.csv,225,40,R,18,,,EAG.F1 ASY. 6 XLFP,,09,,,,,,
4038526074621,50007721,GOODYEAR,Reifen,09.csv,225,55,R,17,,,VECTOR 4S G3 XL 3PMSF,,09,,,,,,
4038526074676,50008091,GOODYEAR,Reifen,09.csv,225,45,R,17,,,VECTOR 4S G3 ROFXLFP 3PMSF,,09,,,,,,
4038526074690,50008147,GOODYEAR,Reifen,09.csv,225,45,R,18,,,VECTOR 4S G3 ROFXLFP 3PMSF,,09,,,,,,
4038526074713,50008152,GOODYEAR,Reifen,09.csv,225,55,R,17,,,EAG.F1 ASY. 6 FP,,09,,,,,,
4038526074744,50008157,GOODYEAR,Reifen,09.csv,235,40,R,18,,,EAG.F1 ASY. 6 XLFP,,09,,,,,,
4038526074751,50008158,GOODYEAR,Reifen,09.csv,235,40,R,19,,,EAG.F1 ASY. 6 XLFP,,09,,,,,,
4038526074768,50008161,GOODYEAR,Reifen,09.csv,235,45,R,17,,,EAG.F1 ASY. 6 FP,,09,,,,,,
4038526074775,50008160,GOODYEAR,Reifen,09.csv,235,45,R,17,,,EAG.F1 ASY. 6 XLFP,,09,,,,,,
4038526074805,50008164,GOODYEAR,Reifen,09.csv,235,50,R,18,,,EAG.F1 ASY. 6 XLFP,,09,,,,,,
4038526074829,50008172,GOODYEAR,Reifen,09.csv,245,30,R,21,,,EAG.F1 ASY. 6 XLFP,,09,,,,,,
4038526074836,50008173,GOODYEAR,Reifen,09.csv,245,35,R,18,,,EAG.F1 ASY. 6 XLFP,,09,,,,,,
4038526074874,50008178,GOODYEAR,Reifen,09.csv,245,40,R,17,,,EAG.F1 ASY. 6 XLFP,,09,,,,,,
4038526074881,50008179,GOODYEAR,Reifen,09.csv,245,40,R,18,,,EAG.F1 ASY. 6 FP,,09,,,,,,
4038526074898,50008180,GOODYEAR,Reifen,09.csv,245,40,R,18,,,EAG.F1 ASY. 6 XLFP,,09,,,,,,
4038526074911,50008184,GOODYEAR,Reifen,09.csv,245,45,R,17,,,EAG.F1 ASY. 6 FP,,09,,,,,,
4038526074928,50007807,GOODYEAR,Reifen,09.csv,255,40,R,20,,Z,EAG.F1 SUPERS. XL NF0,,09,,,,,,
4038526074935,50007810,GOODYEAR,Reifen,09.csv,295,35,R,20,,Z,EAG.F1 SUPERSPORT XLN,,09,,,,,,
4038526074942,50007832,GOODYEAR,Reifen,09.csv,215,55,R,18,,,EFFI.GRIP 2 SUV XL,,09,,,,,,
4038526074980,50007841,GOODYEAR,Reifen,09.csv,215,65,R,17,,,EFFI.GRIP 2 SUV,,09,,,,,,
4038526074997,50008088,GOODYEAR,Reifen,09.csv,215,70,R,16,,,EFFI.GRIP 2 SUV,,09,,,,,,
4038526075000,50007851,GOODYEAR,Reifen,09.csv,225,55,R,18,,,EFFI.GRIP 2 SUV,,09,,,,,,
4038526075024,50008194,GOODYEAR,Reifen,09.csv,255,45,R,18,,,EAG.F1 ASY. 6 XLFP,,09,,,,,,
4038526075048,50008203,GOODYEAR,Reifen,09.csv,265,35,R,18,,,EAG.F1 ASY. 6 XLFP,,09,,,,,,
4038526075055,50008207,GOODYEAR,Reifen,09.csv,265,40,R,21,,,EAG.F1 ASY. 6 XL,,09,,,,,,
4038526075611,50007776,GOODYEAR,Reifen,09.csv,205,60,R,16,,,VECTOR 4SEASONS G3,,09,,,,,,
4038526076311,50007853,GOODYEAR,Reifen,09.csv,225,55,R,19,,,EFFI.GRIP 2 SUV,,09,,,,,,
4038526076328,50007854,GOODYEAR,Reifen,09.csv,225,60,R,17,,,EFFI.GRIP 2 SUV,,09,,,,,,
4038526076366,50007859,GOODYEAR,Reifen,09.csv,225,65,R,17,,,EFFI.GRIP 2 SUV,,09,,,,,,
4038526076397,50007864,GOODYEAR,Reifen,09.csv,235,55,R,17,,,EFFI.GRIP 2 SUV,,09,,,,,,
4038526076403,50007865,GOODYEAR,Reifen,09.csv,235,55,R,17,,,EFFI.GRIP 2 SUV,,09,,,,,,
4038526076427,50007870,GOODYEAR,Reifen,09.csv,235,55,R,19,,,EFFI.GRIP 2 SUV XL,,09,,,,,,
4038526076434,50008169,GOODYEAR,Reifen,09.csv,235,60,R,16,,,EFFI.GRIP 2 SUV,,09,,,,,,
4038526076441,50007873,GOODYEAR,Reifen,09.csv,235,60,R,18,,,EFFI.GRIP 2 SUV,,09,,,,,,
4038526076458,50007874,GOODYEAR,Reifen,09.csv,235,60,R,18,,,EFFI.GRIP 2 SUV XL,,09,,,,,,
4038526076472,50007879,GOODYEAR,Reifen,09.csv,235,65,R,17,,,EFFI.GRIP 2 SUV XL,,09,,,,,,
4038526076519,50008003,GOODYEAR,Reifen,09.csv,255,55,R,18,,,EFFI.GRIP 2 SUV XL,,09,,,,,,
4038526076816,50007833,GOODYEAR,Reifen,09.csv,215,60,R,17,,,EFFI.GRIP 2 SUV XL,,09,,,,,,
4038526076823,50007836,GOODYEAR,Reifen,09.csv,215,60,R,17,,,EFFI.GRIP 2 SUV,,09,,,,,,
4038526076847,50007889,GOODYEAR,Reifen,09.csv,245,45,R,20,,,EFFI.GRIP 2 SUV XLFP,,09,,,,,,
4038526079879,40002489,FULDA,Reifen,09.csv,175,65,R,15,,,MULTICONTROL 3PMSF,,09,,,,,,
4038526079886,40002464,FULDA,Reifen,09.csv,195,45,R,16,,,MULTICONTROL XLFP 3PMSF,,09,,,,,,
4038526079893,40002493,FULDA,Reifen,09.csv,215,60,R,16,,,MULTICONTROL XL 3PMSF,,09,,,,,,
4038526079909,40002494,FULDA,Reifen,09.csv,215,65,R,16,,,MULTICONTROL 3PMSF,,09,,,,,,
4038526080462,21000805,DUNLOP,Reifen,09.csv,205,50,R,17,,,SPORT BLU RESPONSE,,09,,,,,,
4038526080479,21000806,DUNLOP,Reifen,09.csv,205,50,R,17,,,SPORT BLU RESPONSE XL,,09,,,,,,
4038526084200,50007821,GOODYEAR,Reifen,09.csv,195,60,R,16C,97,,EFFI.GRIP CARGO 2,,09,,,,,,
4038526085931,50007823,GOODYEAR,Reifen,09.csv,195,75,R,16C,105,,EFFI.GRIP CARGO 2,,09,,,,,,
4038526085948,50008022,GOODYEAR,Reifen,09.csv,205,65,R,15C,100,,EFFI.GRIP CARGO 2,,09,,,,,,
4038526085955,50007827,GOODYEAR,Reifen,09.csv,205,65,R,16C,99,,EFFI.GRIP CARGO 2,,09,,,,,,
4038526085962,50007828,GOODYEAR,Reifen,09.csv,205,65,R,16C,105,,EFFI.GRIP CARGO 2,,09,,,,,,
4038526086044,50008024,GOODYEAR,Reifen,09.csv,215,70,R,15C,107,,EFFI.GRIP CARGO 2,,09,,,,,,
4038526086617,50007930,GOODYEAR,Reifen,09.csv,245,45,R,18,,,EAG.F1 ASY. 5 XL*FP,,09,,,,,,
4038526088109,21000857,DUNLOP,Reifen,09.csv,235,55,R,17,,,WIN.SPORT 5 SUV XL 3PMSF,,09,,,,,,
4038526088628,40002486,FULDA,Reifen,09.csv,235,55,R,17,,,KRIST.CONTR. SUV XL 3PMSF,,09,,,,,,
4038526091413,50008400,GOODYEAR,Reifen,09.csv,225,40,R,19,,,EAG.F1 ASY. 5 XL,,09,,,,,,
4038526091437,50008200,GOODYEAR,Reifen,09.csv,255,55,R,18,,,EAG.F1 ASY. 5 (+),,09,,,,,,
4038526091468,50008097,GOODYEAR,Reifen,09.csv,235,60,R,18,,,VECTOR 4S G3 ST (+) 3PMSF,,09,,,,,,
4038526091499,50008041,GOODYEAR,Reifen,09.csv,235,60,R,18,,,VECTOR 4S G3 (+) 3PMSF,,09,,,,,,
4038526091505,50008048,GOODYEAR,Reifen,09.csv,255,55,R,18,,,VECTOR 4S G3 (+) 3PMSF,,09,,,,,,
4038526091949,50008240,GOODYEAR,Reifen,09.csv,255,45,R,20,,,EAG.F1 ASY. 5 XLMO,,09,,,,,,
4038526091956,50008168,GOODYEAR,Reifen,09.csv,235,55,R,19,,,EAG.F1 ASY. 5 XLMO,,09,,,,,,
4038526091970,50008238,GOODYEAR,Reifen,09.csv,235,60,R,18,,,EAG.F1 ASY. 5 MO,,09,,,,,,
4038526091987,50008236,GOODYEAR,Reifen,09.csv,235,50,R,20,,,UG PERF. + ST XL(+) 3PMSF,,09,,,,,,
4038526093837,21000866,DUNLOP,Reifen,09.csv,215,65,R,16,,,GRANDTR.AT 5 M+S,,09,,,,,,
4038526093875,21000867,DUNLOP,Reifen,09.csv,225,65,R,17,,,GRANDTR.AT 5 M+S,,09,,,,,,
4038526095329,50007963,GOODYEAR,Reifen,09.csv,255,45,R,19,,,EAG.F1 ASY. 3 SCT XLAOFP,,09,,,,,,
4038526095336,50007962,GOODYEAR,Reifen,09.csv,255,45,R,19,,,EAG.F1 ASY. 3 SCT XLAO1FP,,09,,,,,,
4038526095343,50007906,GOODYEAR,Reifen,09.csv,265,40,R,20,,,EAG.F1 ASY. 3 SCT XLAO1FP,,09,,,,,,
4038526096791,50008412,GOODYEAR,Reifen,09.csv,235,45,R,21,,,UG PERF. + SUV XLFP 3PMSF,,09,,,,,,
4038526097187,50007937,GOODYEAR,Reifen,09.csv,225,55,R,17,,,EFFI.GRIP PERF. XL*,,09,,,,,,
4038526097194,50007936,GOODYEAR,Reifen,09.csv,225,55,R,17,,,EFFI.GRIP PERF. *,,09,,,,,,
4038526097309,50008071,GOODYEAR,Reifen,09.csv,255,45,R,20,,,EAGLE TOURING XLMGTFP M+S,,09,,,,,,
4038526097484,50007959,GOODYEAR,Reifen,09.csv,205,55,R,17,,,EFFI.GRIP PERF.,,09,,,,,,
4038526097576,21000953,DUNLOP,Reifen,09.csv,225,55,R,19,,,SP MAXX RT 2 SUV MFS,,09,,,,,,
4038526097699,50008404,GOODYEAR,Reifen,09.csv,225,55,R,18,,,EFFI.GRIP 2 SUV XL,,09,,,,,,
4038526099273,50008026,GOODYEAR,Reifen,09.csv,225,50,R,19,,,VECTOR 4S G3 SUV XLFP 3PMSF,,09,,,,,,
4038526099358,50008023,GOODYEAR,Reifen,09.csv,215,65,R,17,,,VECTOR 4S G3 SUV XL 3PMSF,,09,,,,,,
4038526099365,50008293,GOODYEAR,Reifen,09.csv,235,50,R,18,,,VECTOR 4S G3 SUV XLFP 3PMSF,,09,,,,,,
4038526099372,50008285,GOODYEAR,Reifen,09.csv,225,40,R,19,,,VECTOR 4S G3 XLFP 3PMSF,,09,,,,,,
4038526099662,50008193,GOODYEAR,Reifen,09.csv,255,40,R,21,,,EAG.F1 ASY. 3 SUV XLFP,,09,,,,,,
4038526099822,50008386,GOODYEAR,Reifen,09.csv,215,60,R,16,,,EFFI.GRIP PERF. 2 XL,,09,,,,,,
4038526099846,50008388,GOODYEAR,Reifen,09.csv,215,60,R,16,,,EFFI.GRIP PERF. 2 XL,,09,,,,,,
4038526099860,50007989,GOODYEAR,Reifen,09.csv,235,45,R,18,,,UG PERF. + XLFP 3PMSF,,09,,,,,,
4038526099877,50007944,GOODYEAR,Reifen,09.csv,255,40,R,20,,,UG PERF. + XLFP 3PMSF,,09,,,,,,
4038526100122,40002497,FULDA,Reifen,09.csv,205,55,R,17,,,MULTICONTROL XL 3PMSF,,09,,,,,,
4038526100139,40002498,FULDA,Reifen,09.csv,235,55,R,17,,,MULTICONTROL SUV XL 3PMSF,,09,,,,,,
4038526100153,40002526,FULDA,Reifen,09.csv,235,55,R,18,,,MULTICONTROL SUV XL 3PMSF,,09,,,,,,
4038526100160,40002527,FULDA,Reifen,09.csv,245,45,R,18,,,MULTICONTROL XLFP 3PMSF,,09,,,,,,
4038526100177,40002520,FULDA,Reifen,09.csv,165,60,R,15,,,MULTICONTROL 3PMSF,,09,,,,,,
4038526100184,40002507,FULDA,Reifen,09.csv,215,60,R,17,,,MULTICONTROL SUV XL 3PMSF,,09,,,,,,
4038526100191,40002509,FULDA,Reifen,09.csv,225,55,R,17,,,MULTICONTROL XL 3PMSF,,09,,,,,,
4038526100207,40002510,FULDA,Reifen,09.csv,235,45,R,17,,,MULTICONTROL XLFP 3PMSF,,09,,,,,,
4038526100238,40002512,FULDA,Reifen,09.csv,195,55,R,15,,,MULTICONTROL 3PMSF,,09,,,,,,
4038526100245,40002523,FULDA,Reifen,09.csv,205,65,R,15,,,MULTICONTROL 3PMSF,,09,,,,,,
4038526100269,50007981,GOODYEAR,Reifen,09.csv,225,50,R,19,,,UG PERF. + SUV XLFP 3PMSF,,09,,,,,,
4038526100429,50008445,GOODYEAR,Reifen,09.csv,255,50,R,19,,,VECTOR 4S G3 SUV XLFP 3PMSF,,09,,,,,,
4038526100863,40002525,FULDA,Reifen,09.csv,225,50,R,17,,,ECOCONTROL HP 2 XLFP,,09,,,,,,
4038526100870,80000786,SAVA,Reifen,09.csv,215,45,R,16,,,INTENSA HP 2 XLFP,,09,,,,,,
4038526101051,50008131,GOODYEAR,Reifen,09.csv,175,65,R,17,,,VECTOR 4S G2 3PMSF,,09,,,,,,
4038526101136,40002536,FULDA,Reifen,09.csv,245,40,R,19,,,KRISTALL CONTROL HP 2 XLFP 3,,09,,,,,,
4038526101204,50007990,GOODYEAR,Reifen,09.csv,235,50,R,20,,,UG PERF. + XL 3PMSF,,09,,,,,,
4038526101334,50008015,GOODYEAR,Reifen,09.csv,275,40,R,20,,,UG PERF. + XLFP 3PMSF,,09,,,,,,
4038526102010,50008419,GOODYEAR,Reifen,09.csv,235,50,R,20,,,VECTOR 4S G3 SUV XLFP 3PMSF,,09,,,,,,
4038526102195,50008454,GOODYEAR,Reifen,09.csv,275,30,R,19,,Z,EAG.F1 SUPERSPORT XLFP,,09,,,,,,
4038526102201,50008455,GOODYEAR,Reifen,09.csv,275,30,R,21,,Z,EAG.F1 SUPERSPORT XLFP,,09,,,,,,
4038526102249,50008289,GOODYEAR,Reifen,09.csv,225,60,R,17,,,EAG.F1 ASY. 6 FP,,09,,,,,,
4038526102270,50008282,GOODYEAR,Reifen,09.csv,205,65,R,17,,,EAG.F1 ASY. 6 XLFP,,09,,,,,,
4038526102911,50008586,GOODYEAR,Reifen,09.csv,HL255,35,R,20,,,ULTRA GRIP PERFORMANCE 3 XLF,,09,,,,,,
4038526102928,50008590,GOODYEAR,Reifen,09.csv,HL255,40,R,20,,,ULTRA GRIP PERFORMANCE 3 XLF,,09,,,,,,
4038526103666,50008235,GOODYEAR,Reifen,09.csv,235,35,R,20,,,UG PERF. + SCT XLFP 3PMSF,,09,,,,,,
4038526109965,21000960,DUNLOP,Reifen,09.csv,245,35,R,21,,Z,SP MAXX RT 2 XLMFS,,09,,,,,,
4038526206251,20002997,DUNLOP,Reifen,09.csv,225,60,R,17,,,SP 270,,09,,,,,,
4038526234520,20003184,DUNLOP,Reifen,09.csv,235,50,R,18,,,SP SPORT 01* MFS,,09,,,,,,
4038526248633,20003398,DUNLOP,Reifen,09.csv,255,40,R,17,,Z,SPORT MAXX XL MFS,,09,,,,,,
4038526257079,20003882,DUNLOP,Reifen,09.csv,225,60,R,18,,,GRANDTREK ST 30,,09,,,,,,
4038526262363,20003705,DUNLOP,Reifen,09.csv,235,65,R,17,,,SP WINTER SPORT 3D N0 MS XL,,09,,,,,,
4038526275103,21000895,DUNLOP,Reifen,09.csv,235,45,R,20,,,SP SP.MAXX XLMOMFS,,09,,,,,,
4038526294517,20003946,DUNLOP,Reifen,09.csv,265,30,R,20,,,SP SPORT MAXX  GT RO1 XL MFS,,09,,,,,,
4038526308689,21000894,DUNLOP,Reifen,09.csv,235,40,R,18,,,SP SP.MAXX GT MOMFS,,09,,,,,,
4038526318527,20004025,DUNLOP,Reifen,09.csv,255,45,R,20,,,SP WINTER SPORT 3D AO MS,,09,,,,,,
4038526318534,20005057,DUNLOP,Reifen,09.csv,255,40,R,21,,,SP SP.MAXX GT  RO1 XL,,09,,,,,,
4038526320360,20004436,DUNLOP,Reifen,09.csv,225,55,R,16,,,WISPO 3D AO MFS,,09,,,,,,
4038526320384,20003698,DUNLOP,Reifen,09.csv,225,50,R,17,,,WISPO 3D AO MFS,,09,,,,,,
4038526320421,20004004,DUNLOP,Reifen,09.csv,245,40,R,18,,,WISPO 3D AO XL MFS,,09,,,,,,
4038526320438,20004112,DUNLOP,Reifen,09.csv,255,35,R,19,,,SP SPORT MAXX  GT AO XL,,09,,,,,,
4038526320704,20004176,DUNLOP,Reifen,09.csv,235,40,R,19,,,WISPO 3D R01 XL MFS,,09,,,,,,
4038526320896,20004169,DUNLOP,Reifen,09.csv,235,50,R,19,,,WISPO 3D AO XL,,09,,,,,,
4038526321886,20004118,DUNLOP,Reifen,09.csv,245,40,R,19,,,SP SPORT MAXX  GT RO XL,,09,,,,,,
4038526324214,21000961,DUNLOP,Reifen,09.csv,245,40,R,20,,Z,SP MAXX RT 2 XLMFS,,09,,,,,,
4038526324269,21000962,DUNLOP,Reifen,09.csv,245,45,R,20,,Z,SP MAXX RT 2 XLMFS,,09,,,,,,
4038526324405,21000963,DUNLOP,Reifen,09.csv,265,35,R,19,,Z,SP MAXX RT 2 XLMFS,,09,,,,,,
4038526324443,21000965,DUNLOP,Reifen,09.csv,275,30,R,20,,Z,SP MAXX RT 2 XLMFS,,09,,,,,,
4038526324542,50008109,GOODYEAR,Reifen,09.csv,265,40,R,20,,,EAG.F1 ASY. 5 XL,,09,,,,,,
4038526325532,50008126,GOODYEAR,Reifen,09.csv,205,45,R,17,,,VECTOR 4S G3 XLFP 3PMSF,,09,,,,,,
4038526325679,50008324,GOODYEAR,Reifen,09.csv,225,60,R,18,,,VECTOR 4S G3 SUV XL 3PMSF,,09,,,,,,
4038526325693,50008383,GOODYEAR,Reifen,09.csv,205,60,R,16,,,VECTOR 4S G3 XL 3PMSF,,09,,,,,,
4038526326072,40002482,FULDA,Reifen,09.csv,245,45,R,18,,,KRIST.CONTR. HP 2 XLFP 3PMSF,,09,,,,,,
4038526326539,50008439,GOODYEAR,Reifen,09.csv,255,40,R,21,,,VECTOR 4S G3 SUV XLFP 3PMSF,,09,,,,,,
4038526326546,50008413,GOODYEAR,Reifen,09.csv,235,45,R,21,,,VECTOR 4S G3 SUV XLFP 3PMSF,,09,,,,,,
4038526326898,50008060,GOODYEAR,Reifen,09.csv,235,35,R,19,,Z,EAG.F1 SUPERSPORT XLFP,,09,,,,,,
4038526327864,50008116,GOODYEAR,Reifen,09.csv,215,45,R,20,,,EFFI.GRIP PERF. XLFP,,09,,,,,,
4038526327949,50008451,GOODYEAR,Reifen,09.csv,265,35,R,21,,,EAG.F1 ASY. 6 XLFP,,09,,,,,,
4038526327963,50009013,GOODYEAR,Reifen,09.csv,245,45,R,20,,,F1 ASYM 3 SUV XLFP,,09,,,,,,
4038526328335,50008204,GOODYEAR,Reifen,09.csv,265,35,R,19,,Z,EAG.F1 SUPERSPORT XLFP,,09,,,,,,
4038526328342,50008175,GOODYEAR,Reifen,09.csv,245,35,R,20,,Z,EAG.F1 SUPERSPORT XLFP,,09,,,,,,
4038526328359,50008229,GOODYEAR,Reifen,09.csv,205,40,R,18,,Z,EAG.F1 SUPERSPORT XLFP,,09,,,,,,
4038526328724,50008230,GOODYEAR,Reifen,09.csv,215,45,R,20,,,EFFI.GRIP PERF. ST XLRFP,,09,,,,,,
4038526328731,50008233,GOODYEAR,Reifen,09.csv,215,50,R,19,,,VECTOR 4S G3 ST 3PMSF,,09,,,,,,
4038526328977,80000781,SAVA,Reifen,09.csv,155,80,R,13,,,EFFECTA+ XL,,09,,,,,,
4038526331908,50008090,GOODYEAR,Reifen,09.csv,225,40,R,18,,Z,EAG.F1 SUPERSPORT XLFP,,09,,,,,,
4038526331922,50008074,GOODYEAR,Reifen,09.csv,265,35,R,20,,Z,EAG.F1 SUPERSPORT XLFP,,09,,,,,,
4038526333261,21000865,DUNLOP,Reifen,09.csv,255,35,R,19,,,SP W.SP.3D MS XLRO1MFS 3PMSF,,09,,,,,,
4038526334268,50008054,GOODYEAR,Reifen,09.csv,195,65,R,16C,102,,VECTOR 4S CARGO 3PMSF,,09,,,,,,
4038526335340,50008723,GOODYEAR,Reifen,09.csv,235,50,R,20,,,VECTOR 4SEASONS G3 ST XLFP 3,,09,,,,,,
4038526335388,50008481,GOODYEAR,Reifen,09.csv,255,40,R,21,,,VECTOR 4S G3 SUV ST XLFP 3PM,,09,,,,,,
4038526335395,50008346,GOODYEAR,Reifen,09.csv,255,40,R,21,,,UG PERF. + SUV ST XLFP 3PMSF,,09,,,,,,
4038526335487,50008196,GOODYEAR,Reifen,09.csv,255,45,R,19,,,VECTOR 4S G3 SUV XLFP 3PMSF,,09,,,,,,
4038526335685,50008245,GOODYEAR,Reifen,09.csv,275,40,R,18,,Z,EAG.F1 SUPERSPORT XLF,,09,,,,,,
4038526335692,50008252,GOODYEAR,Reifen,09.csv,285,30,R,19,,Z,EAG.F1 SUPERSPORT XLFP,,09,,,,,,
4038526335722,50008476,GOODYEAR,Reifen,09.csv,235,45,R,21,,,VECTOR 4S G3 SUV ST XLFP 3PM,,09,,,,,,
4038526335739,50008475,GOODYEAR,Reifen,09.csv,235,45,R,21,,,UG PERF. + SUV ST XLFP 3PMSF,,09,,,,,,
4038526335753,50008418,GOODYEAR,Reifen,09.csv,235,50,R,19,,,EFFI.GRIP 2 SUV ST XLFP,,09,,,,,,
4038526335760,10012231,GOODYEAR,Reifen,09.csv,235,50,R,20,,,ULTRA GRIP PERFORMANCE + ST,,09,,,,,,
4038526335807,50008480,GOODYEAR,Reifen,09.csv,255,40,R,21,,,EAG.F1 ASY. 3 SUV ST XLFP,,09,,,,,,
4038526335852,10012232,GOODYEAR,Reifen,09.csv,255,45,R,20,,,ULTRA GRIP PERFORMANCE + ST,,09,,,,,,
4038526336422,50008458,GOODYEAR,Reifen,09.csv,285,30,R,21,,Z,EAG.F1 SUPERSPORT XLF,,09,,,,,,
4038526336675,50008062,GOODYEAR,Reifen,09.csv,235,45,R,20,,,EAG.F1 ASY. 3 SUV XLFP,,09,,,,,,
4038526337191,50008103,GOODYEAR,Reifen,09.csv,255,40,R,18,,Z,EAG.F1 SUPERSPORT XLFP,,09,,,,,,
4038526339683,50008075,GOODYEAR,Reifen,09.csv,275,40,R,19,,Z,EAG.F1 ASY. 3 XLMGTFP,,09,,,,,,
4038526340443,50008055,GOODYEAR,Reifen,09.csv,195,75,R,16C,105,,UG CARGO 3PMSF,,09,,,,,,
4038526340894,21000899,DUNLOP,Reifen,09.csv,245,35,R,20,,Z,SP.MAXX RACE 2 XLN2MFS,,09,,,,,,
4038526340924,50008121,GOODYEAR,Reifen,09.csv,245,40,R,19,,,UG PERF. + XL*FP 3PMSF,,09,,,,,,
4038526340931,50008122,GOODYEAR,Reifen,09.csv,255,40,R,19,,,UG PERF. + XL*FP 3PMSF,,09,,,,,,
4038526341907,21000889,DUNLOP,Reifen,09.csv,245,35,R,18,,Z,SP.MAXX RT 2 XLMFS,,09,,,,,,
4038526342225,50008234,GOODYEAR,Reifen,09.csv,225,55,R,17C,104,,VECTOR 4S CARGO MO-V 3PMSF (,,09,,,,,,
4038526342287,50008345,GOODYEAR,Reifen,09.csv,245,40,R,19,,,UG PERF. + XLMO 3PMSF,,09,,,,,,
4038526343130,40002515,FULDA,Reifen,09.csv,195,55,R,20,,,MULTICONTROL XL 3PMSF,,09,,,,,,
4038526343697,40002496,FULDA,Reifen,09.csv,215,65,R,16C,107,,CONVEO TOUR 2,,09,,,,,,
4038526343703,80000785,SAVA,Reifen,09.csv,215,65,R,16C,107,,TRENTA 2,,09,,,,,,
4038526344083,50008433,GOODYEAR,Reifen,09.csv,245,40,R,19,,,EAG.F1 SUPERSPORT SCT XLMO,,09,,,,,,
4038526345370,50008360,GOODYEAR,Reifen,09.csv,165,60,R,14,,,EFFI.GRIP COMP. 2,,09,,,,,,
4038526345387,50008361,GOODYEAR,Reifen,09.csv,165,65,R,14,,,EFFI.GRIP COMP. 2,,09,,,,,,
4038526345394,50008362,GOODYEAR,Reifen,09.csv,165,65,R,15,,,EFFI.GRIP COMP. 2,,09,,,,,,
4038526345400,50008363,GOODYEAR,Reifen,09.csv,165,70,R,14,,,EFFI.GRIP COMP. 2,,09,,,,,,
4038526345417,50008364,GOODYEAR,Reifen,09.csv,175,65,R,14,,,EFFI.GRIP COMP. 2,,09,,,,,,
4038526345424,50008365,GOODYEAR,Reifen,09.csv,175,65,R,14,,,EFFI.GRIP COMP. 2 XL,,09,,,,,,
4038526345431,50008366,GOODYEAR,Reifen,09.csv,175,65,R,15,,,EFFI.GRIP COMP. 2,,09,,,,,,
4038526345448,50008367,GOODYEAR,Reifen,09.csv,175,65,R,15,,,EFFI.GRIP COMP. 2,,09,,,,,,
4038526345455,50008369,GOODYEAR,Reifen,09.csv,175,70,R,14,,,EFFI.GRIP COMP. 2,,09,,,,,,
4038526345639,50008377,GOODYEAR,Reifen,09.csv,195,65,R,15,,,EFFI.GRIP COMP. 2,,09,,,,,,
4038526345646,50008378,GOODYEAR,Reifen,09.csv,195,65,R,15,,,EFFI.GRIP COMP. 2 XL,,09,,,,,,
4038526346971,50008248,GOODYEAR,Reifen,09.csv,295,40,R,20,,,EAGLE TOURING XLMGTFP M+S,,09,,,,,,
4038526347343,50008682,GOODYEAR,Reifen,09.csv,205,55,R,19,,,EFFICIENTGRIP PERFORMANCE XL,,09,,,,,,
4038526350350,50008318,GOODYEAR,Reifen,09.csv,275,35,R,21,,,UG PERF. + SCT XLT0FP 3PMSF,,09,,,,,,
4038526350367,50008305,GOODYEAR,Reifen,09.csv,255,45,R,19,,,UG PERF. + SCT XLT0FP 3PMSF,,09,,,,,,
4038526350374,50008304,GOODYEAR,Reifen,09.csv,255,40,R,20,,,UG PERF. + SCT XLT0FP 3PMSF,,09,,,,,,
4038526350381,50008303,GOODYEAR,Reifen,09.csv,255,35,R,21,,,UG PERF. + SCT XLT0FP 3PMSF,,09,,,,,,
4038526350411,50008333,GOODYEAR,Reifen,09.csv,295,30,R,21,,Z,EAG.F1 SUPERSPORT XLM,,09,,,,,,
4038526352071,50008646,GOODYEAR,Reifen,09.csv,225,55,R,18,,,VECTOR 4SEASONS G3 XL 3PMSF,,09,,,,,,
4038526352569,50008316,GOODYEAR,Reifen,09.csv,265,45,R,20,,,UG PERF. + XL(+)FP 3PMSF,,09,,,,,,
4038526352637,80000827,SAVA,Reifen,09.csv,225,65,R,17,,,INTENSA SUV 2,,09,,,,,,
4038526352705,80000831,SAVA,Reifen,09.csv,235,55,R,18,,,INTENSA SUV 2,,09,,,,,,
4038526352804,50008265,GOODYEAR,Reifen,09.csv,255,35,R,19,,,EAG.F1 ASY. 5 REAR XLMOFP,,09,,,,,,
4038526352811,50008261,GOODYEAR,Reifen,09.csv,225,40,R,19,,,EAG.F1 ASY. 5 FRONT XLMOFP,,09,,,,,,
4038526352835,50007553,GOODYEAR,Reifen,09.csv,215,55,R,17,,,EFFI.GRIP PERF. 2,,09,,,,,,
4038526353498,50008396,GOODYEAR,Reifen,09.csv,215,65,R,16C,107,,EFFI.GRIP CARGO 2 UL,,09,,,,,,
4038526353818,50008669,GOODYEAR,Reifen,09.csv,275,40,R,19,,,VECTOR 4SEASONS G3 XL 3PMSF,,09,,,,,,
4038526353832,50008647,GOODYEAR,Reifen,09.csv,245,50,R,19,,,VECTOR 4SEASONS G3 XL 3PMSF,,09,,,,,,
4038526353962,50008850,GOODYEAR,Reifen,09.csv,315,30,R,21,,Z,EAGLE F1 SUPERSPORT R,,09,,,,,,
4038526355416,50008393,GOODYEAR,Reifen,09.csv,215,60,R,17C,107,,VECTOR 4S CARGO 3PMSF,,09,,,,,,
4038526355515,50008610,GOODYEAR,Reifen,09.csv,215,55,R,17,,,VECTOR 4SEASONS G3 ST (+) 3P,,09,,,,,,
4038526355836,50008684,GOODYEAR,Reifen,09.csv,205,60,R,17,,,EAGLE F1 ASYMMETRIC 6 XLAO,,09,,,,,,
4038526355843,50008713,GOODYEAR,Reifen,09.csv,235,45,R,18,,,ULTRAGRIPPERFORMANCE 3 XLAO,,09,,,,,,
4038526355850,50008738,GOODYEAR,Reifen,09.csv,245,40,R,19,,,EAGLE F1 SUPERSPORT XLAOFP,,09,,,,,,
4038526355911,50008702,GOODYEAR,Reifen,09.csv,225,40,R,18,,,EAGLE F1 SUPERSPORT XLAO1FP,,09,,,,,,
4038526355928,50008668,GOODYEAR,Reifen,09.csv,235,35,R,19,,Z,EAG.F1 SUPERSPORT R0XL,,09,,,,,,
4038526356208,50008277,GOODYEAR,Reifen,09.csv,255,40,R,21,,,EAG.F1 ASY. 3 SUV XLFP,,09,,,,,,
4038526357007,50008382,GOODYEAR,Reifen,09.csv,205,55,R,16,,,VECTOR 4S G3 XL 3PMSF,,09,,,,,,
4038526357472,50008267,GOODYEAR,Reifen,09.csv,265,45,R,20,,,UG PERF + ST XL(+)FP 3PMSF,,09,,,,,,
4038526358684,21000914,DUNLOP,Reifen,09.csv,225,45,R,19,,,SP.MAXX RT XLMFS,,09,,,,,,
4038526358974,50008273,GOODYEAR,Reifen,09.csv,195,70,R,15C,102,,EFFI.GRIP CARGO 2,,09,,,,,,
4038526359001,50008260,GOODYEAR,Reifen,09.csv,205,55,R,16,,,UG PERF 2 MS ROF*FP 3PMSF,,09,,,,,,
4038526359025,50008478,GOODYEAR,Reifen,09.csv,245,40,R,19,,,EAG.F1 SUPERSPORT XLMO,,09,,,,,,
4038526359056,80000790,SAVA,Reifen,09.csv,235,55,R,18,,,ALL WEATHER XL 3PMSF,,09,,,,,,
4038526359070,80000791,SAVA,Reifen,09.csv,235,60,R,18,,,ALL WEATHER XL 3PMSF,,09,,,,,,
4038526359810,50008729,GOODYEAR,Reifen,09.csv,235,55,R,19,,,EAGLE F1 ASYMMETRIC 6 XL,,09,,,,,,
4038526359834,50008276,GOODYEAR,Reifen,09.csv,255,35,R,21,,,UG PERF. + XLFP 3PMSF,,09,,,,,,
4038526360090,40002513,FULDA,Reifen,09.csv,195,65,R,15,,,KRIST.MONT.3 MS XL 3PMSF,,09,,,,,,
4038526360137,50008403,GOODYEAR,Reifen,09.csv,225,55,R,17C,107,,EFFI.GRIP CARGO 2,,09,,,,,,
4038526360144,50008407,GOODYEAR,Reifen,09.csv,225,60,R,16C,103,,VECTOR 4S CARGO 3PMSF,,09,,,,,,
4038526360243,21000922,DUNLOP,Reifen,09.csv,215,60,R,17C,107,,ECONODRIVE LT,,09,,,,,,
4038526360328,50008375,GOODYEAR,Reifen,09.csv,185,65,R,15,,,EFFI.GRIP PERF. 2 XL,,09,,,,,,
4038526360342,50008379,GOODYEAR,Reifen,09.csv,195,65,R,15,,,VECTOR 4S G3 XL 3PMSF,,09,,,,,,
4038526360366,50008471,GOODYEAR,Reifen,09.csv,215,60,R,16C,101,,VECTOR 4S CARGO 3PMSF,,09,,,,,,
4038526360519,50008389,GOODYEAR,Reifen,09.csv,215,60,R,17C,102,,EFFI.GRIP CARGO 2,,09,,,,,,
4038526360526,50008391,GOODYEAR,Reifen,09.csv,215,60,R,17C,102,,"VECTOR 4S CARGO CA, RG 3PMSF",,09,,,,,,
4038526360809,50008422,GOODYEAR,Reifen,09.csv,235,55,R,17,,,EFFI.GRIP PERF. 2 XL,,09,,,,,,
4038526362773,50008655,GOODYEAR,Reifen,09.csv,185,65,R,15C,95,,EFFICIENTGRIP CARGO 2,,09,,,,,,
4038526387929,50008372,GOODYEAR,Reifen,09.csv,185,65,R,15C,95,,VECTOR 4S CARGO 3PMSF,,09,,,,,,
4038526388469,80000793,SAVA,Reifen,09.csv,235,45,R,17,,,ALL WEATHER XLFP 3PMSF,,09,,,,,,
4038526388919,21000942,DUNLOP,Reifen,09.csv,195,65,R,16C,102,,ECONODRIVE AS 3PMSF,,09,,,,,,
4038526388926,21000943,DUNLOP,Reifen,09.csv,195,70,R,15C,102,,ECONODRIVE AS 3PMSF,,09,,,,,,
4038526388933,21000944,DUNLOP,Reifen,09.csv,195,75,R,16C,105,,ECONODRIVE AS 3PMSF,,09,,,,,,
4038526388940,21000945,DUNLOP,Reifen,09.csv,205,65,R,16C,105,,ECONODRIVE AS 3PMSF,,09,,,,,,
4038526388957,21000946,DUNLOP,Reifen,09.csv,205,75,R,16C,111,,ECONODRIVE AS 3PMSF,,09,,,,,,
4038526388964,21000948,DUNLOP,Reifen,09.csv,215,60,R,16C,101,,ECONODRIVE AS 3PMSF,,09,,,,,,
4038526388971,21000949,DUNLOP,Reifen,09.csv,215,65,R,15C,102,,ECONODRIVE AS 3PMSF,,09,,,,,,
4038526388988,21000950,DUNLOP,Reifen,09.csv,215,65,R,16C,107,,ECONODRIVE AS 3PMSF,,09,,,,,,
4038526388995,21000951,DUNLOP,Reifen,09.csv,215,70,R,15C,107,,ECONODRIVE AS 3PMSF,,09,,,,,,
4038526389022,21000955,DUNLOP,Reifen,09.csv,225,70,R,15C,110,,ECONODRIVE AS 3PMSF,,09,,,,,,
4038526389206,50008712,GOODYEAR,Reifen,09.csv,235,40,R,20,,,EAGLE F1 ASYMMETRIC 6 XLFP,,09,,,,,,
4038526389220,50008747,GOODYEAR,Reifen,09.csv,245,55,R,17,,,VECTOR 4SEASONS G3 XL 3PMSF,,09,,,,,,
4038526393876,80000808,SAVA,Reifen,09.csv,165,65,R,15,,,ALL WEATHER 3PMSF,,09,,,,,,
4038526393890,80000815,SAVA,Reifen,09.csv,185,55,R,15,,,ALL WEATHER 3PMSF,,09,,,,,,
4038526394613,21000919,DUNLOP,Reifen,09.csv,255,40,R,20,,,SP.MAXX RT 2 XLMFS,,09,,,,,,
4038526394620,50008370,GOODYEAR,Reifen,09.csv,185,50,R,16,,,EFFI.GRIP PERF. 2 FP,,09,,,,,,
4038526394637,50008947,GOODYEAR,Reifen,09.csv,195,55,R,18,,,EFF PERF 2 EDR XL,,09,,,,,,
4038526394705,50008687,GOODYEAR,Reifen,09.csv,215,45,R,18,,,VECTOR 4SEASONS G3 XLFP 3PMS,,09,,,,,,
4038526394729,50008619,GOODYEAR,Reifen,09.csv,235,40,R,20,,,VECTOR 4SEASONS G3 XLFP 3PMS,,09,,,,,,
4038526394743,50008657,GOODYEAR,Reifen,09.csv,245,35,R,20,,,VECTOR 4SEASONS G3 XLFP 3PMS,,09,,,,,,
4038526394767,50008656,GOODYEAR,Reifen,09.csv,275,40,R,20,,,VECTOR 4SEASONS G3 SUV XLFP,,09,,,,,,
4038526394774,50008960,GOODYEAR,Reifen,09.csv,215,60,R,18,,,VEC 4S G3 XL 3PMSF,,09,,,,,,
4038526394798,50009001,GOODYEAR,Reifen,09.csv,245,35,R,19,,,VEC 4S G3 XLFP 3PMSF,,09,,,,,,
4038526394804,50008880,GOODYEAR,Reifen,09.csv,245,40,R,20,,,VEC 4S G3 XLFP 3PMSF,,09,,,,,,
4038526394835,50008435,GOODYEAR,Reifen,09.csv,245,50,R,18,,,VECTOR 4S G3 XLFP 3PMSF,,09,,,,,,
4038526394842,50008658,GOODYEAR,Reifen,09.csv,255,35,R,18,,,VECTOR 4SEASONS G3 XLFP 3PMS,,09,,,,,,
4038526394859,50008650,GOODYEAR,Reifen,09.csv,255,35,R,20,,,VECTOR 4SEASONS G3 XLFP 3PMS,,09,,,,,,
4038526394866,50008752,GOODYEAR,Reifen,09.csv,255,40,R,18,,,VECTOR 4SEASONS G3 XLFP 3PMS,,09,,,,,,
4038526394873,50008649,GOODYEAR,Reifen,09.csv,265,45,R,20,,,VECTOR 4SEASONS G3 XLFP 3PMS,,09,,,,,,
4038526395177,80000814,SAVA,Reifen,09.csv,215,55,R,18,,,ALL WEATHER XL 3PMSF,,09,,,,,,
4038526395238,80000832,SAVA,Reifen,09.csv,235,60,R,16,,,ALL WEATHER XL 3PMSF,,09,,,,,,
4038526395276,40002531,FULDA,Reifen,09.csv,225,45,R,18,,,SPORTCONTROL 2 XLFP,,09,,,,,,
4038526397706,50008505,GOODYEAR,Reifen,09.csv,175,60,R,18,,,ULTRA GRIP PERFORMANCE 3 3PM,,09,,,,,,
4038526399434,50008479,GOODYEAR,Reifen,09.csv,HL255,35,R,21,,,EAG.F1 ASY. 5 SCT XLAO,,09,,,,,,
4038526399441,50008438,GOODYEAR,Reifen,09.csv,HL255,40,R,20,,,EAG.F1 ASY. 5 SILENT XLAO,,09,,,,,,
4038526403209,50008431,GOODYEAR,Reifen,09.csv,245,40,R,19,,,EAG.F1 ASY. 6 XLFP,,09,,,,,,
4038526403575,50008536,GOODYEAR,Reifen,09.csv,205,60,R,16,,,ULTRA GRIP PERFORMANCE 3 3PM,,09,,,,,,
4038526406330,50008609,GOODYEAR,Reifen,09.csv,215,55,R,17,,,VECTOR 4SEASONS G3 (+) 3PMSF,,09,,,,,,
4038526407535,40002521,FULDA,Reifen,09.csv,195,55,R,16,,,MULTICONTROL 3PMSF,,09,,,,,,
4038526407986,21001022,DUNLOP,Reifen,09.csv,235,55,R,17,,,SPORT RESPONSE XL,,09,,,,,,
4038526408143,50008744,GOODYEAR,Reifen,09.csv,245,50,R,18,,,EAGLE F1 ASYMMETRIC 6 XLFP,,09,,,,,,
4038526408310,50008710,GOODYEAR,Reifen,09.csv,235,40,R,19,,,EAGLE F1 ASYMMETRIC 6 SCT XL,,09,,,,,,
4038526408501,21000966,DUNLOP,Reifen,09.csv,225,55,R,17C,102,,ECONODRIVE AS 3PMSF,,09,,,,,,
4038526409027,21001015,DUNLOP,Reifen,09.csv,225,60,R,18,,,SPORT RESPONSE XL,,09,,,,,,
4038526409034,21001025,DUNLOP,Reifen,09.csv,235,55,R,19,,,SPORT RESPONSE XL,,09,,,,,,
4038526409041,21001024,DUNLOP,Reifen,09.csv,235,55,R,18,,,SPORT RESPONSE,,09,,,,,,
4038526409058,21001002,DUNLOP,Reifen,09.csv,215,65,R,16,,,SPORT RESPONSE,,09,,,,,,
4038526409065,21001014,DUNLOP,Reifen,09.csv,225,60,R,17,,,SPORT RESPONSE,,09,,,,,,
4038526409072,21001033,DUNLOP,Reifen,09.csv,255,55,R,18,,,SPORT RESPONSE XL,,09,,,,,,
4038526409102,21001030,DUNLOP,Reifen,09.csv,245,45,R,20,,,SPORT RESPONSE MFS,,09,,,,,,
4038526409119,21001005,DUNLOP,Reifen,09.csv,215,70,R,16,,,SPORT RESPONSE,,09,,,,,,
4038526409218,21001001,DUNLOP,Reifen,09.csv,215,60,R,17,,,SPORT RESPONSE XL,,09,,,,,,
4038526409225,21001021,DUNLOP,Reifen,09.csv,235,50,R,19,,,SPORT RESPONSE XLMFS,,09,,,,,,
4038526409232,21001035,DUNLOP,Reifen,09.csv,255,60,R,18,,,SPORT RESPONSE XL,,09,,,,,,
4038526413031,21000957,DUNLOP,Reifen,09.csv,235,45,R,19,,,SP MAXX RT 2 SUV XLMFS,,09,,,,,,
4038526413123,50008843,GOODYEAR,Reifen,09.csv,305,30,R,20,,,ULTRA GRIP PERFORMANCE 3 XLF,,09,,,,,,
4038526413444,21000993,DUNLOP,Reifen,09.csv,215,45,R,16,,,WINTER SPORT 5 XLMFS 3PMSF,,09,,,,,,
4038526413833,50008749,GOODYEAR,Reifen,09.csv,255,35,R,21,,,ULTRA GRIP PERFORMANCE 3 XLF,,09,,,,,,
4038526414175,50008621,GOODYEAR,Reifen,09.csv,235,45,R,18,,,EAGLE F1 ASYMMETRIC 6 (+),,09,,,,,,
4038526414182,50008620,GOODYEAR,Reifen,09.csv,235,45,R,18,,,EAGLE F1 ASYMMETRIC 6 (+),,09,,,,,,
4038526414199,50008617,GOODYEAR,Reifen,09.csv,235,40,R,19,,,EAGLE F1 ASYMMETRIC 6 XL(+),,09,,,,,,
4038526414373,50008633,GOODYEAR,Reifen,09.csv,255,35,R,19,,Z,EAGLE F1 SUPERSPORT XL,,09,,,,,,
4038526414380,50008634,GOODYEAR,Reifen,09.csv,255,35,R,18,,Z,EAGLE F1 SUPERSPORT XL,,09,,,,,,
4038526415158,50008718,GOODYEAR,Reifen,09.csv,235,45,R,19,,,EAGLE F1 ASYMMETRIC 6 XLFP,,09,,,,,,
4038526415387,50008645,GOODYEAR,Reifen,09.csv,255,45,R,20,,,EAGLE F1 ASYMMETRIC 6 XL FP,,09,,,,,,
4038526415394,50008772,GOODYEAR,Reifen,09.csv,255,50,R,19,,,EAGLE F1 ASYMMETRIC 6 XL,,09,,,,,,
4038526415608,50008731,GOODYEAR,Reifen,09.csv,235,60,R,18,,,EAGLE F1 ASYMMETRIC 6 XL,,09,,,,,,
4038526415707,50008714,GOODYEAR,Reifen,09.csv,235,45,R,18,,,ULTRA GRIP PERFORMANCE 3 (+),,09,,,,,,
4038526416629,50009054,GOODYEAR,Reifen,09.csv,255,55,R,18,,,F1 ASYM 6 EVR XL,,09,,,,,,
4038526416674,50009069,GOODYEAR,Reifen,09.csv,265,45,R,20,,,F1 ASYM 6 EVR XLFP,,09,,,,,,
4038526416681,50009072,GOODYEAR,Reifen,09.csv,265,45,R,20,,,F1 ASYM 6 EVR XLFP,,09,,,,,,
4038526416704,50009075,GOODYEAR,Reifen,09.csv,265,50,R,19,,,F1 ASYM 6 EVR XLFP,,09,,,,,,
4038526417695,50008548,GOODYEAR,Reifen,09.csv,215,55,R,18,,,ULTRA GRIP PERFORMANCE + SUV,,09,,,,,,
4038526417855,50008993,GOODYEAR,Reifen,09.csv,235,55,R,19,,,F1 ASYM 6 EVR XL,,09,,,,,,
4038526417862,50008730,GOODYEAR,Reifen,09.csv,235,55,R,19,,,EAGLE F1 ASYMMETRIC 6 SCT XL,,09,,,,,,
4038526417978,50008770,GOODYEAR,Reifen,09.csv,255,45,R,21,,,EAGLE F1 ASYMMETRIC 3 SUV XL,,09,,,,,,
4038526418135,50008768,GOODYEAR,Reifen,09.csv,255,45,R,20,,,EAGLE F1 ASYMMETRIC 6 SCT XL,,09,,,,,,
4038526418180,50009070,GOODYEAR,Reifen,09.csv,265,45,R,20,,,F1 ASYM 6 EVR SCT XLFP,,09,,,,,,
4038526418463,50008578,GOODYEAR,Reifen,09.csv,245,35,R,21,,,ULTRA GRIP PERFORMANCE + XLF,,09,,,,,,
4038526419699,50008785,GOODYEAR,Reifen,09.csv,265,35,R,20,,,EAGLE F1 SUPERSPORT RS XLN0F,,09,,,,,,
4038526419910,50008706,GOODYEAR,Reifen,09.csv,225,45,R,18,,,EAGLE F1 ASYMMETRIC 6 XLMO,,09,,,,,,
4038526420107,50008737,GOODYEAR,Reifen,09.csv,HL245,35,R,20,,,EAGLE F1 SUPERSPORT SCT XLR0,,09,,,,,,
4038526420121,50008869,GOODYEAR,Reifen,09.csv,195,55,R,18,,,VEC 4S G3 EDR XLR 3PMSF,,09,,,,,,
4038526420138,50008694,GOODYEAR,Reifen,09.csv,215,60,R,17C,107,,EFFICIENTGRIP CARGO 2,,09,,,,,,
4038526420176,50008707,GOODYEAR,Reifen,09.csv,225,45,R,18,,,EAGLE F1 ASYMMETRIC 6 XL*FP,,09,,,,,,
4038526420244,50008923,GOODYEAR,Reifen,09.csv,215,65,R,17,,,VEC 4S G3 (+) 3PMSF,,09,,,,,,
4038526420251,50008992,GOODYEAR,Reifen,09.csv,235,55,R,18,,,F1 ASYM 6 (+),,09,,,,,,
4038526420268,50008879,GOODYEAR,Reifen,09.csv,235,55,R,18,,,VEC 4S G3 (+) 3PMSF,,09,,,,,,
4038526420374,50008605,GOODYEAR,Reifen,09.csv,235,45,R,18,,,EAG.F1 ASY. 6 XLFP,,09,,,,,,
4038526420527,21000980,DUNLOP,Reifen,09.csv,195,55,R,15,,,ALL SEASON 2 3PMSF,,09,,,,,,
4038526420534,21000981,DUNLOP,Reifen,09.csv,195,55,R,16,,,ALL SEASON 2 XL 3PMSF,,09,,,,,,
4038526420541,21000982,DUNLOP,Reifen,09.csv,195,60,R,15,,,ALL SEASON 2 XL 3PMSF,,09,,,,,,
4038526420565,21000988,DUNLOP,Reifen,09.csv,205,55,R,16,,,ALL SEASON 2 XL 3PMSF,,09,,,,,,
4038526420572,21000990,DUNLOP,Reifen,09.csv,205,55,R,17,,,ALL SEASON 2 XL 3PMSF,,09,,,,,,
4038526420589,21000991,DUNLOP,Reifen,09.csv,205,60,R,16,,,ALL SEASON 2 XL 3PMSF,,09,,,,,,
4038526420596,21001067,DUNLOP,Reifen,09.csv,215,65,R,17,,,ALL SEASON 2 XL 3PMSF,,09,,,,,,
4038526420619,21001091,DUNLOP,Reifen,09.csv,235,50,R,19,,,ALL SEASON 2 XLMFS 3PMSF,,09,,,,,,
4038526420756,50008600,GOODYEAR,Reifen,09.csv,275,35,R,21,,,ULTRA GRIP PERFORMANCE + XLF,,09,,,,,,
4038526420800,21000968,DUNLOP,Reifen,09.csv,165,65,R,14,,,ALL SEASON 2 XL 3PMSF,,09,,,,,,
4038526420817,21000969,DUNLOP,Reifen,09.csv,165,70,R,14,,,ALL SEASON 2 XL 3PMSF,,09,,,,,,
4038526420824,21000970,DUNLOP,Reifen,09.csv,175,65,R,14,,,ALL SEASON 2 XL 3PMSF,,09,,,,,,
4038526420848,21000972,DUNLOP,Reifen,09.csv,175,70,R,14,,,ALL SEASON 2 XL 3PMSF,,09,,,,,,
4038526420855,21000973,DUNLOP,Reifen,09.csv,185,55,R,15,,,ALL SEASON 2 XL 3PMSF,,09,,,,,,
4038526420862,21000974,DUNLOP,Reifen,09.csv,185,60,R,14,,,ALL SEASON 2 XL 3PMSF,,09,,,,,,
4038526420879,21000975,DUNLOP,Reifen,09.csv,185,60,R,15,,,ALL SEASON 2 XL 3PMSF,,09,,,,,,
4038526420886,21000976,DUNLOP,Reifen,09.csv,185,65,R,14,,,ALL SEASON 2 3PMSF,,09,,,,,,
4038526420893,21000977,DUNLOP,Reifen,09.csv,185,65,R,15,,,ALL SEASON 2 XL 3PMSF,,09,,,,,,
4038526420909,21000978,DUNLOP,Reifen,09.csv,195,45,R,16,,,ALL SEASON 2 XLMFS 3PMSF,,09,,,,,,
4038526420916,21000979,DUNLOP,Reifen,09.csv,195,50,R,15,,,ALL SEASON 2 XL 3PMSF,,09,,,,,,
4038526421500,21000996,DUNLOP,Reifen,09.csv,215,55,R,16,,,ALL SEASON 2 XL 3PMSF,,09,,,,,,
4038526421517,21000997,DUNLOP,Reifen,09.csv,215,55,R,17,,,ALL SEASON 2 XL 3PMSF,,09,,,,,,
4038526421524,21000999,DUNLOP,Reifen,09.csv,215,60,R,16,,,ALL SEASON 2 XL 3PMSF,,09,,,,,,
4038526421531,21001000,DUNLOP,Reifen,09.csv,215,60,R,17,,,ALL SEASON 2 XL 3PMSF,,09,,,,,,
4038526421548,21001003,DUNLOP,Reifen,09.csv,215,65,R,16,,,ALL SEASON 2 XL 3PMSF,,09,,,,,,
4038526421555,21001006,DUNLOP,Reifen,09.csv,225,40,R,18,,,ALL SEASON 2 XLMFS 3PMSF,,09,,,,,,
4038526421562,21001007,DUNLOP,Reifen,09.csv,225,45,R,17,,,ALL SEASON 2 XLMFS 3PMSF,,09,,,,,,
4038526421579,21001008,DUNLOP,Reifen,09.csv,225,45,R,18,,,ALL SEASON 2 XLMFS 3PMSF,,09,,,,,,
4038526421586,21001009,DUNLOP,Reifen,09.csv,225,50,R,17,,,ALL SEASON 2 XLMFS 3PMSF,,09,,,,,,
4038526421593,21001011,DUNLOP,Reifen,09.csv,225,55,R,17,,,ALL SEASON 2 XL 3PMSF,,09,,,,,,
4038526421609,21001016,DUNLOP,Reifen,09.csv,225,65,R,17,,,ALL SEASON 2 XL 3PMSF,,09,,,,,,
4038526421616,21001068,DUNLOP,Reifen,09.csv,235,45,R,17,,,ALL SEASON 2 XLMFS 3PMSF,,09,,,,,,
4038526421623,21001023,DUNLOP,Reifen,09.csv,235,55,R,17,,,ALL SEASON 2 XL 3PMSF,,09,,,,,,
4038526421630,21001092,DUNLOP,Reifen,09.csv,235,55,R,18,,,ALL SEASON 2 XL 3PMSF,,09,,,,,,
4038526421647,21001026,DUNLOP,Reifen,09.csv,235,60,R,16,,,ALL SEASON 2 XL 3PMSF,,09,,,,,,
4038526421654,21001093,DUNLOP,Reifen,09.csv,235,60,R,18,,,ALL SEASON 2 XL 3PMSF,,09,,,,,,
4038526421678,21001029,DUNLOP,Reifen,09.csv,245,45,R,18,,,ALL SEASON 2 XLMFS 3PMSF,,09,,,,,,
4038526421685,21001034,DUNLOP,Reifen,09.csv,255,55,R,18,,,ALL SEASON 2 XL 3PMSF,,09,,,,,,
4038526421692,21000986,DUNLOP,Reifen,09.csv,205,50,R,17,,,ALL SEASON 2 XL 3PMSF,,09,,,,,,
4038526421722,21000994,DUNLOP,Reifen,09.csv,215,45,R,17,,,ALL SEASON 2 XLMFS 3PMSF,,09,,,,,,
4038526421739,21000995,DUNLOP,Reifen,09.csv,215,50,R,17,,,ALL SEASON 2 XLMFS 3PMSF,,09,,,,,,
4038526421746,21001012,DUNLOP,Reifen,09.csv,225,55,R,18,,,ALL SEASON 2 XL 3PMSF,,09,,,,,,
4038526421753,21001050,DUNLOP,Reifen,09.csv,225,60,R,17,,,ALL SEASON 2 XL 3PMSF,,09,,,,,,
4038526421784,21001095,DUNLOP,Reifen,09.csv,245,45,R,19,,,ALL SEASON 2 XLMFS 3PMSF,,09,,,,,,
4038526421807,21000983,DUNLOP,Reifen,09.csv,195,60,R,16,,,ALL SEASON 2 XL 3PMSF,,09,,,,,,
4038526421814,21001010,DUNLOP,Reifen,09.csv,225,55,R,16,,,ALL SEASON 2 XL 3PMSF,,09,,,,,,
4038526421821,21001065,DUNLOP,Reifen,09.csv,235,50,R,18,,,ALL SEASON 2 XLMFS 3PMSF,,09,,,,,,
4038526421838,21001085,DUNLOP,Reifen,09.csv,225,45,R,19,,,ALL SEASON 2 XLMFS 3PMSF,,09,,,,,,
4038526421845,21000998,DUNLOP,Reifen,09.csv,215,55,R,18,,,ALL SEASON 2 XL 3PMSF,,09,,,,,,
4038526421852,21000987,DUNLOP,Reifen,09.csv,205,55,R,16,,,ALL SEASON 2 3PMSF,,09,,,,,,
4038526421869,21001028,DUNLOP,Reifen,09.csv,245,40,R,18,,,ALL SEASON 2 XLMFS 3PMSF,,09,,,,,,
4038526421883,21000992,DUNLOP,Reifen,09.csv,205,65,R,15,,,ALL SEASON 2 XL 3PMSF,,09,,,,,,
4038526422088,21000959,DUNLOP,Reifen,09.csv,245,35,R,20,,,SP MAXX RT 2 XLMFS,,09,,,,,,
4038526422101,80000810,SAVA,Reifen,09.csv,195,65,R,15,,,PERFECTA XL,,09,,,,,,
4038526424075,50008678,GOODYEAR,Reifen,09.csv,205,50,R,17,,,EFFICIENTGRIP PERFORMANCE 2,,09,,,,,,
4038526424273,50008757,GOODYEAR,Reifen,09.csv,255,40,R,21,,,EAGLE F1 ASYMMETRIC 6 XL*,,09,,,,,,
4038526424297,50009032,GOODYEAR,Reifen,09.csv,255,40,R,21,,,F1 ASYM 6 EDR XLFP,,09,,,,,,
4038526425232,50008616,GOODYEAR,Reifen,09.csv,215,70,R,15C,107,,VECTOR 4SEASONS CARGO 3PMSF,,09,,,,,,
4038526428592,21000989,DUNLOP,Reifen,09.csv,205,55,R,16,,,SP SPORT MAXX TT *,,09,,,,,,
4038526428851,50008693,GOODYEAR,Reifen,09.csv,215,60,R,17,,,EFFICIENTGRIP 2 SUV XL,,09,,,,,,
4038526430106,50008685,GOODYEAR,Reifen,09.csv,205,65,R,15C,100,,VECTOR 4SEASONS CARGO 3PMSF,,09,,,,,,
4038526430144,50008703,GOODYEAR,Reifen,09.csv,225,40,R,19,,,EAGLE F1 ASYMMETRIC 6 XLI*,,09,,,,,,
4038526430427,50008846,GOODYEAR,Reifen,09.csv,305,30,R,21,,,EAGLE F1 ASYMMETRIC 5 XLNF1F,,09,,,,,,
4038526430496,50009043,GOODYEAR,Reifen,09.csv,255,45,R,21,,,F1 ASYM 6 XLFP,,09,,,,,,
4038526430687,80000816,SAVA,Reifen,09.csv,195,55,R,16,,,ALL WEATHER 3PMSF,,09,,,,,,
4038526430953,50008902,GOODYEAR,Reifen,09.csv,235,45,R,19,,,VECTOR 4SEASONS G3 XLFP 3PMS,,09,,,,,,
4038526430991,50008721,GOODYEAR,Reifen,09.csv,235,50,R,19,,,VECTOR 4SEASONS G3 FP 3PMSF,,09,,,,,,
4038526431004,50008924,GOODYEAR,Reifen,09.csv,235,50,R,19,,,VEC 4S G3 ST FP 3PMSF,,09,,,,,,
4038526431011,50008725,GOODYEAR,Reifen,09.csv,235,55,R,18,,,VECTOR 4SEASONS G3 3PMSF,,09,,,,,,
4038526431028,50008905,GOODYEAR,Reifen,09.csv,235,55,R,18,,,VECTOR 4SEASONS G3 ST 3PMSF,,09,,,,,,
4038526431035,50008727,GOODYEAR,Reifen,09.csv,235,55,R,19,,,VECTOR 4SEASONS G3 XL 3PMSF,,09,,,,,,
4038526431066,50008907,GOODYEAR,Reifen,09.csv,255,45,R,18,,,VECTOR 4SEASONS G3 XLFP 3PMS,,09,,,,,,
4038526431103,50008909,GOODYEAR,Reifen,09.csv,255,50,R,19,,,VECTOR 4SEASONS G3 ST XLFP 3,,09,,,,,,
4038526431141,50008910,GOODYEAR,Reifen,09.csv,265,45,R,20,,,VECTOR 4SEASONS G3 XLFP 3PMS,,09,,,,,,
4038526431165,50009084,GOODYEAR,Reifen,09.csv,275,35,R,19,,,VEC 4S G3 XLFP 3PMSF,,09,,,,,,
4038526431226,80000817,SAVA,Reifen,09.csv,205,55,R,16,,,ESKIMO HP 2 XL 3PMSF,,09,,,,,,
4038526431462,50008676,GOODYEAR,Reifen,09.csv,195,60,R,15,,,EFFICIENTGRIP PERFORMANCE,,09,,,,,,
4038526431806,50008834,GOODYEAR,Reifen,09.csv,295,30,R,21,,Z,EAGLE F1 SUPERSPORT X,,09,,,,,,
4038526432087,50008740,GOODYEAR,Reifen,09.csv,245,40,R,20,,,EFFICIENTGRIP PERFORMANCE SU,,09,,,,,,
4038526432223,50008755,GOODYEAR,Reifen,09.csv,255,40,R,20,,,ULTRA GRIP PERFORMANCE 3 XLF,,09,,,,,,
4038526432230,50008756,GOODYEAR,Reifen,09.csv,255,40,R,20,,,ULTRA GRIP PERFORMANCE 3 ST,,09,,,,,,
4038526434906,50009161,GOODYEAR,Reifen,09.csv,275,40,R,19,,,F1 ASYM 6 EDR XL*,,09,,,,,,
4038526435002,50008746,GOODYEAR,Reifen,09.csv,245,50,R,19,,,EAGLE F1 ASYMMETRIC 6 XL*,,09,,,,,,
4038526435019,50008820,GOODYEAR,Reifen,09.csv,285,40,R,20,,,EAGLE F1 ASYMMETRIC 6 XL*,,09,,,,,,
4038526435026,50008767,GOODYEAR,Reifen,09.csv,255,45,R,20,,,EAGLE F1 ASYMMETRIC 6 XL*,,09,,,,,,
4038526435446,21001054,DUNLOP,Reifen,09.csv,195,65,R,16C,102,,ECONODRIVE WINTER 3PMSF,,09,,,,,,
4038526435507,21001055,DUNLOP,Reifen,09.csv,205,65,R,15C,100,,ECONODRIVE WINTER 3PMSF,,09,,,,,,
4038526435521,21001056,DUNLOP,Reifen,09.csv,205,65,R,16C,105,,ECONODRIVE WINTER 3PMSF,,09,,,,,,
4038526435576,21001059,DUNLOP,Reifen,09.csv,215,60,R,17C,107,,ECONODRIVE WINTER 3PMSF,,09,,,,,,
4038526435606,21001060,DUNLOP,Reifen,09.csv,215,70,R,15C,107,,ECONODRIVE WINTER 3PMSF,,09,,,,,,
4038526435620,21001062,DUNLOP,Reifen,09.csv,225,55,R,17C,107,,ECONODRIVE WINTER 3PMSF,,09,,,,,,
4038526450067,50008870,GOODYEAR,Reifen,09.csv,205,55,R,17,,,ASS COMF EDR XL*,,09,,,,,,
4038526450081,50008872,GOODYEAR,Reifen,09.csv,225,40,R,19,,,ASS COMF EDR XL*,,09,,,,,,
4038526451521,21001074,DUNLOP,Reifen,09.csv,195,55,R,16,,,SPORT BLURESPONSE,,09,,,,,,
4038526451538,21001041,DUNLOP,Reifen,09.csv,195,55,R,16,,,SPORT BLURESPONSE,,09,,,,,,
4038526453969,21001087,DUNLOP,Reifen,09.csv,225,55,R,19,,,SP MAXX RT 2 SUV XLMFS,,09,,,,,,
4038526455512,80000836,SAVA,Reifen,09.csv,175,65,R,14,,,ALL WEATHER 3PMSF,,09,,,,,,
4038526465856,50009041,GOODYEAR,Reifen,09.csv,255,45,R,21,,,F1 ASYM 3 SUV XLFP,,09,,,,,,
4038526466754,50009132,GOODYEAR,Reifen,09.csv,205,60,R,16,,,EFF PERF 2 EDR XL,,09,,,,,,
4038526472861,50008954,GOODYEAR,Reifen,09.csv,215,50,R,18,,,F1 ASYM 6 EVR FP,,09,,,,,,
4038526473325,50008921,GOODYEAR,Reifen,09.csv,215,50,R,19,,,UG PERF + EVR XL 3PMSF,,09,,,,,,
4038526473400,50008978,GOODYEAR,Reifen,09.csv,235,40,R,19,,,F1 ASYM 6 EVR FP,,09,,,,,,
4038526473424,46153002,FULDA,Reifen,09.csv,175,65,R,15,,,MULTICONTROL 3PMSF,,09,,,,,,
4038526473448,46153004,FULDA,Reifen,09.csv,195,55,R,16,,,MULTICONTROL XL 3PMSF,,09,,,,,,
4038526474711,50008925,GOODYEAR,Reifen,09.csv,235,55,R,19,,,VEC 4S G3 EVR XL 3PMSF,,09,,,,,,
4038526475282,50008969,GOODYEAR,Reifen,09.csv,225,45,R,17,,,F1 ASYM 6 FP,,09,,,,,,
4038526476104,80000839,SAVA,Reifen,09.csv,195,55,R,16,,,ALL WEATHER EVR XL 3PMSF,,09,,,,,,
4038526476289,50009008,GOODYEAR,Reifen,09.csv,245,40,R,18,,Z,F1 SU SP EVR XLFP,,09,,,,,,
4038526489067,50009058,GOODYEAR,Reifen,09.csv,255,55,R,19,,,VEC 4S G3 SUV XL 3PMSF,,09,,,,,,
4038526491220,50008962,GOODYEAR,Reifen,09.csv,215,65,R,16C,104,,EFFICIENTGRIP CARGO 2,,09,,,,,,
4038526491749,50008958,GOODYEAR,Reifen,09.csv,215,55,R,18,,,EFF PERF 2 EVR XL,,09,,,,,,
4038526493002,50009144,GOODYEAR,Reifen,09.csv,235,35,R,19,,,F1 ASYM 6 XLFP,,09,,,,,,
4063021255978,70011763,MICHELIN,Reifen,09.csv,205,45,R,17,,,PRIMACY 4 XL +DEMO,,09,,,,,,
4063021413729,10012521,CONTINENTAL,Reifen,09.csv,195,55,R,16,,,ECOCONTACT 6 XLVW DEMO,,09,,,,,,
4063021414122,220004020,HANKOOK,Reifen,09.csv,255,45,R,20,,,V.S1 EVO2 K117A SUV XL,,09,,,,,,
4250427400914,300000370,FALKEN,Reifen,09.csv,165,70,R,10,,,FK07E,,09,,,,,,
4250427411385,290000196,FALKEN,Reifen,09.csv,215,55,R,17,,,ZE914A EC ECORUN,,09,,,,,,
4250427412191,290000147,FALKEN,Reifen,09.csv,215,70,R,15C,107,,VAN01,,09,,,,,,
4250427412207,290000132,FALKEN,Reifen,09.csv,195,70,R,15C,102,,VAN01,,09,,,,,,
4250427412429,290000458,FALKEN,Reifen,09.csv,205,60,R,16,,,ZE914A EC,,09,,,,,,
4250427412580,290000438,FALKEN,Reifen,09.csv,185,70,R,14,,,SINCERA SN-832A EC,,09,,,,,,
4250427412603,290000445,FALKEN,Reifen,09.csv,195,55,R,16,,,ZIEX ZE-914A EC XL,,09,,,,,,
4250427412610,290000461,FALKEN,Reifen,09.csv,215,45,R,17,,,AZENIS FK-453 XLMFS,,09,,,,,,
4250427412634,290000459,FALKEN,Reifen,09.csv,205,60,R,16,,,ZIEX ZE-914A EC XL,,09,,,,,,
4250427413433,290000310,FALKEN,Reifen,09.csv,295,30,Z,21,,Z,AZENIS FK-510 XLMFS,,09,,,,,,
4250427413464,290000308,FALKEN,Reifen,09.csv,295,25,Z,20,,Z,AZENIS FK-510 XLMFS,,09,,,,,,
4250427413525,290000249,FALKEN,Reifen,09.csv,245,30,Z,19,,Z,AZENIS FK-510 XLMFS,,09,,,,,,
4250427413785,290000276,FALKEN,Reifen,09.csv,255,45,Z,19,,Z,AZENIS FK-510 XLMFS,,09,,,,,,
4250427413877,290000307,FALKEN,Reifen,09.csv,285,35,Z,20,,Z,AZENIS FK-510 XLMFS,,09,,,,,,
4250427413891,290000302,FALKEN,Reifen,09.csv,285,25,Z,20,,Z,AZENIS FK-510 XLMFS,,09,,,,,,
4250427414003,290000170,FALKEN,Reifen,09.csv,165,70,R,14,,,SINCERA SN-832A EC VW,,09,,,,,,
4250427414218,290000311,FALKEN,Reifen,09.csv,295,30,R,22,,,AZENIS FK-510SUV XLMFS,,09,,,,,,
4250427414225,290000179,FALKEN,Reifen,09.csv,195,70,R,15C,102,,LINAM VAN01,,09,,,,,,
4250427414249,290000187,FALKEN,Reifen,09.csv,205,65,R,16C,105,,LINAM VAN01,,09,,,,,,
4250427414294,290000204,FALKEN,Reifen,09.csv,215,70,R,15C,107,,LINAM VAN01,,09,,,,,,
4250427414317,290000203,FALKEN,Reifen,09.csv,215,65,R,16C,107,,LINAM VAN01,,09,,,,,,
4250427415321,290000370,FALKEN,Reifen,09.csv,205,65,R,16,,,HS01 3PMSF M+S,,09,,,,,,
4250427415680,290000404,FALKEN,Reifen,09.csv,235,50,R,18,,,HS01 3PMSF XLMFS M+S,,09,,,,,,
4250427415857,290000359,FALKEN,Reifen,09.csv,205,50,R,16,,,HS01 3PMSF XLMFS M+S,,09,,,,,,
4250427416809,290000474,FALKEN,Reifen,09.csv,215,65,R,17,,,ZE914A EC,,09,,,,,,
4250427417066,290000657,FALKEN,Reifen,09.csv,205,70,R,16,,,ZIEX ZE-310 EC,,09,,,,,,
4250427417202,290000677,FALKEN,Reifen,09.csv,215,65,R,17,,,ZIEX ZE-310 EC,,09,,,,,,
4250427417219,290000483,FALKEN,Reifen,09.csv,225,65,R,17,,,ZIEX ZE-310 EC,,09,,,,,,
4250427417264,290000433,FALKEN,Reifen,09.csv,185,60,R,15,,,ZIEX ZE-310 EC XL,,09,,,,,,
4250427417318,290000693,FALKEN,Reifen,09.csv,225,60,R,15,,,ZIEX ZE-310 EC,,09,,,,,,
4250427417356,290000654,FALKEN,Reifen,09.csv,205,60,R,16,,,ZIEX ZE-310 EC XL,,09,,,,,,
4250427417448,290000710,FALKEN,Reifen,09.csv,235,60,R,17,,,ZIEX ZE-310 EC,,09,,,,,,
4250427417585,290000687,FALKEN,Reifen,09.csv,225,55,R,16,,,ZIEX ZE-310 EC XL,,09,,,,,,
4250427417738,290000682,FALKEN,Reifen,09.csv,225,50,R,16,,,ZIEX ZE-310 EC XLMFS,,09,,,,,,
4250427417806,290000633,FALKEN,Reifen,09.csv,195,45,R,15,,,ZIEX ZE-310 EC MFS,,09,,,,,,
4250427417844,290000634,FALKEN,Reifen,09.csv,195,45,R,17,,,ZIEX ZE-310 EC XLMFS,,09,,,,,,
4250427417936,290000722,FALKEN,Reifen,09.csv,245,45,R,18,,,ZIEX ZE-310 EC XLMFS,,09,,,,,,
4250427417943,290000660,FALKEN,Reifen,09.csv,215,40,R,16,,,ZIEX ZE-310 EC XLMFS,,09,,,,,,
4250427418063,290000535,FALKEN,Reifen,09.csv,205,75,R,16C,111,,EUROALLSEASON VAN 11,,09,,,,,,
4250427418094,290000534,FALKEN,Reifen,09.csv,205,65,R,16C,105,H,EUROALLSEASON VAN 11 (103H),,09,,,,,,
4250427418100,290000545,FALKEN,Reifen,09.csv,215,65,R,16C,106,,EUROALLSEASON VAN 11 (107/10,,09,,,,,,
4250427418117,290000558,FALKEN,Reifen,09.csv,225,65,R,16C,110,,EUROALLSEASON VAN 11,,09,,,,,,
4250427418261,290000470,FALKEN,Reifen,09.csv,215,60,R,17C,107,,LINAM VAN01,,09,,,,,,
4250427419985,290000521,FALKEN,Reifen,09.csv,195,45,R,16,,,EUROALLSEASON AS-210 3PMSF X,,09,,,,,,
4250427419992,290000536,FALKEN,Reifen,09.csv,215,45,R,16,,,EUROALLSEASON AS-210 3PMSF X,,09,,,,,,
4250427420042,290000522,FALKEN,Reifen,09.csv,195,50,R,15,,,EUROALLSEASON AS-210 3PMSF M,,09,,,,,,
4250427420059,290000531,FALKEN,Reifen,09.csv,205,55,R,16,,,EUROALLSEASON AS-210 3PMSF M,,09,,,,,,
4250427420066,290000532,FALKEN,Reifen,09.csv,205,55,R,16,,,EUROALLSEASON AS-210 3PMSF X,,09,,,,,,
4250427420073,290000515,FALKEN,Reifen,09.csv,185,55,R,15,,,EUROALLSEASON AS-210 3PMSF M,,09,,,,,,
4250427420080,290000525,FALKEN,Reifen,09.csv,195,55,R,16,,,EUROALLSEASON AS-210 3PMSF M,,09,,,,,,
4250427420097,290000523,FALKEN,Reifen,09.csv,195,55,R,15,,,EUROALLSEASON AS-210 3PMSF M,,09,,,,,,
4250427420110,290000539,FALKEN,Reifen,09.csv,215,55,R,16,,,EUROALLSEASON AS-210 3PMSF X,,09,,,,,,
4250427420134,290000506,FALKEN,Reifen,09.csv,175,55,R,15,,,EUROALLSEASON AS-210 3PMSF M,,09,,,,,,
4250427420141,290000540,FALKEN,Reifen,09.csv,215,55,R,18,,,EUROALLSEASON AS-210 3PMSF X,,09,,,,,,
4250427420172,290000517,FALKEN,Reifen,09.csv,185,60,R,14,,,EUROALLSEASON AS-210 3PMSF M,,09,,,,,,
4250427420189,290000496,FALKEN,Reifen,09.csv,155,60,R,15,,,EUROALLSEASON AS-210 3PMSF M,,09,,,,,,
4250427420196,290000543,FALKEN,Reifen,09.csv,215,60,R,17,,,EUROALLSEASON AS-210 3PMSF X,,09,,,,,,
4250427420202,290000526,FALKEN,Reifen,09.csv,195,60,R,15,,,EUROALLSEASON AS-210 3PMSF M,,09,,,,,,
4250427420219,290000533,FALKEN,Reifen,09.csv,205,60,R,16,,,EUROALLSEASON AS-210 3PMSF X,,09,,,,,,
4250427420226,290000541,FALKEN,Reifen,09.csv,215,60,R,16,,,EUROALLSEASON AS-210 3PMSF X,,09,,,,,,
4250427420233,290000557,FALKEN,Reifen,09.csv,225,60,R,17,,,EUROALLSEASON AS-210 3PMSF X,,09,,,,,,
4250427420240,290000510,FALKEN,Reifen,09.csv,175,65,R,14,,,EUROALLSEASON AS-210 3PMSF M,,09,,,,,,
4250427420257,290000497,FALKEN,Reifen,09.csv,155,65,R,14,,,EUROALLSEASON AS-210 3PMSF M,,09,,,,,,
4250427420264,290000519,FALKEN,Reifen,09.csv,185,65,R,14,,,EUROALLSEASON AS-210 3PMSF M,,09,,,,,,
4250427420288,290000501,FALKEN,Reifen,09.csv,165,65,R,14,,,EUROALLSEASON AS-210 3PMSF M,,09,,,,,,
4250427420295,290000527,FALKEN,Reifen,09.csv,195,65,R,15,,,EUROALLSEASON AS-210 3PMSF M,,09,,,,,,
4250427420301,290000520,FALKEN,Reifen,09.csv,185,65,R,15,,,EUROALLSEASON AS-210 3PMSF M,,09,,,,,,
4250427420318,290000502,FALKEN,Reifen,09.csv,165,65,R,15,,,EUROALLSEASON AS-210 3PMSF M,,09,,,,,,
4250427420325,290000511,FALKEN,Reifen,09.csv,175,65,R,15,,,EUROALLSEASON AS-210 3PMSF M,,09,,,,,,
4250427420332,290000544,FALKEN,Reifen,09.csv,215,65,R,16,,,EUROALLSEASON AS-210 3PMSF M,,09,,,,,,
4250427420349,290000528,FALKEN,Reifen,09.csv,195,65,R,15,,,EUROALLSEASON AS-210 3PMSF M,,09,,,,,,
4250427420356,290000546,FALKEN,Reifen,09.csv,215,65,R,17,,,EUROALLSEASON AS-210 3PMSF X,,09,,,,,,
4250427420363,290000559,FALKEN,Reifen,09.csv,225,65,R,17,,,EUROALLSEASON AS-210 3PMSF X,,09,,,,,,
4250427420370,290000505,FALKEN,Reifen,09.csv,165,70,R,14,,,EUROALLSEASON AS-210 3PMSF M,,09,,,,,,
4250427420387,290000498,FALKEN,Reifen,09.csv,155,70,R,13,,,EUROALLSEASON AS-210 3PMSF M,,09,,,,,,
4250427420417,290000513,FALKEN,Reifen,09.csv,175,70,R,14,,,EUROALLSEASON AS-210 3PMSF X,,09,,,,,,
4250427420424,290000514,FALKEN,Reifen,09.csv,175,70,R,14,,,EUROALLSEASON AS-210 3PMSF M,,09,,,,,,
4250427420431,290000547,FALKEN,Reifen,09.csv,215,70,R,16,,,EUROALLSEASON AS-210 3PMSF M,,09,,,,,,
4250427420967,290000524,FALKEN,Reifen,09.csv,195,55,R,15,,,HS01 3PMSF M+S,,09,,,,,,
4250427421216,290000675,FALKEN,Reifen,09.csv,215,65,R,15C,102,,LINAM VAN01,,09,,,,,,
4250427421308,290000761,FALKEN,Reifen,09.csv,175,70,R,14C,93,,EUROALLSEASON VAN 11 3PMSF,,09,,,,,,
4250427421315,290000772,FALKEN,Reifen,09.csv,195,65,R,16C,102,,EUROALLSEASON VAN 11 3PMSF,,09,,,,,,
4250427421322,290000771,FALKEN,Reifen,09.csv,195,60,R,16C,97,,EUROALLSEASON VAN 11 3PMSF,,09,,,,,,
4250427421339,290000781,FALKEN,Reifen,09.csv,215,60,R,16C,101,,EUROALLSEASON VAN 11 3PMSF,,09,,,,,,
4250427421346,290000782,FALKEN,Reifen,09.csv,215,60,R,17C,107,,EUROALLSEASON VAN 11 3PMSF,,09,,,,,,
4250427421353,290000783,FALKEN,Reifen,09.csv,215,65,R,15C,102,,EUROALLSEASON VAN 11 3PMSF,,09,,,,,,
4250427421360,290000793,FALKEN,Reifen,09.csv,225,55,R,17C,107,,EUROALLSEASON VAN 11 3PMSF,,09,,,,,,
4250427421551,290000658,FALKEN,Reifen,09.csv,215,35,R,18,,Z,AZENIS FK-510 XLMFS,,09,,,,,,
4250427421599,290000731,FALKEN,Reifen,09.csv,265,35,R,22,,,AZENIS FK-510 SUV XLMFS,,09,,,,,,
4250427421650,290000961,FALKEN,Reifen,09.csv,275,40,R,22,,,AZENIS FK-510 SUV XLMFS,,09,,,,,,
4250427421766,290000784,FALKEN,Reifen,09.csv,215,65,R,16,,,WILDPEAK A/T AT3WA 3PMSF,,09,,,,,,
4250427422176,290000637,FALKEN,Reifen,09.csv,195,55,R,16,,,ZIEX ZE-310 EC,,09,,,,,,
4250427422190,290000668,FALKEN,Reifen,09.csv,215,55,R,16,,,ZIEX ZE-310 EC,,09,,,,,,
4250427422220,290000759,FALKEN,Reifen,09.csv,165,60,R,14,,,EUROALLSEASON AS-210 XL 3PMS,,09,,,,,,
4250427422237,290000618,FALKEN,Reifen,09.csv,165,60,R,15,,,EUROALLSEASON AS-210 XL 3PMS,,09,,,,,,
4250427422244,290000628,FALKEN,Reifen,09.csv,185,60,R,15,,,EUROALLSEASON AS-210 XL 3PMS,,09,,,,,,
4250427422268,290000686,FALKEN,Reifen,09.csv,225,55,R,16,,,EUROALLSEASON AS-210 XL 3PMS,,09,,,,,,
4250427422275,290000649,FALKEN,Reifen,09.csv,205,55,R,17,,,EUROALLSEASON AS-210 XL 3PMS,,09,,,,,,
4250427422282,290000669,FALKEN,Reifen,09.csv,215,55,R,17,,,EUROALLSEASON AS-210 XL 3PMS,,09,,,,,,
4250427422299,290000689,FALKEN,Reifen,09.csv,225,55,R,17,,,EUROALLSEASON AS-210 XL 3PMS,,09,,,,,,
4250427422312,290000636,FALKEN,Reifen,09.csv,195,50,R,16,,,EUROALLSEASON AS-210 XL 3PMS,,09,,,,,,
4250427422329,290000644,FALKEN,Reifen,09.csv,205,50,R,17,,,EUROALLSEASON AS-210 XL 3PMS,,09,,,,,,
4250427422336,290000665,FALKEN,Reifen,09.csv,215,50,R,17,,,EUROALLSEASON AS-210 XL 3PMS,,09,,,,,,
4250427422350,290000641,FALKEN,Reifen,09.csv,205,45,R,17,,,EUROALLSEASON AS-210 XL 3PMS,,09,,,,,,
4250427422572,290001064,FALKEN,Reifen,09.csv,215,45,R,18,,,AZENIS FK-510 XLAOMFS,,09,,,,,,
4250427422916,290000827,FALKEN,Reifen,09.csv,225,45,R,17,,,HS01 RFT 3PMSF,,09,,,,,,
4250427422930,290000828,FALKEN,Reifen,09.csv,245,40,R,19,,,HS01 RFT 3PMSF,,09,,,,,,
4250427422992,290000932,FALKEN,Reifen,09.csv,225,65,R,17,,,ZIEX ZE-310 EC XL,,09,,,,,,
4250427423029,290000886,FALKEN,Reifen,09.csv,195,45,R,14,,,ZIEX ZE-310 EC MFS,,09,,,,,,
4250427423036,290000901,FALKEN,Reifen,09.csv,195,70,R,14,,,ZIEX ZE-310 EC,,09,,,,,,
4250427423043,290000902,FALKEN,Reifen,09.csv,205,40,R,18,,,ZIEX ZE-310 EC XLMFS,,09,,,,,,
4250427423258,290000765,FALKEN,Reifen,09.csv,185,55,R,15,,,HS01 VW 3PMSF,,09,,,,,,
4250427423401,290001015,FALKEN,Reifen,09.csv,245,45,R,18,,,HS01 RFTXLMFS 3PMSF,,09,,,,,,
4250427423739,290000877,FALKEN,Reifen,09.csv,185,60,R,16,,,EUROALLSEASON AS-210 3PMSF,,09,,,,,,
4250427423746,290000930,FALKEN,Reifen,09.csv,225,55,R,19,,,EUROALLSEASON AS-210 3PMSF,,09,,,,,,
4250427423807,290001083,FALKEN,Reifen,09.csv,225,55,R,17C,107,,LINAM VAN01,,09,,,,,,
4250427423821,290000853,FALKEN,Reifen,09.csv,165,70,R,14,,,SINCERA SN-110 EC,,09,,,,,,
4250427423852,290000865,FALKEN,Reifen,09.csv,175,70,R,14,,,SINCERA SN-110 EC XL,,09,,,,,,
4250427423944,290000884,FALKEN,Reifen,09.csv,185,70,R,14,,,SINCERA SN-110 EC,,09,,,,,,
4250427423951,290000842,FALKEN,Reifen,09.csv,155,65,R,14,,,SINCERA SN-110 EC,,09,,,,,,
4250427423968,290000851,FALKEN,Reifen,09.csv,165,65,R,14,,,SINCERA SN-110 EC,,09,,,,,,
4250427423975,290000860,FALKEN,Reifen,09.csv,175,65,R,14,,,SINCERA SN-110 EC,,09,,,,,,
4250427424088,290000872,FALKEN,Reifen,09.csv,185,60,R,14,,,SINCERA SN-110 EC,,09,,,,,,
4250427424095,290000841,FALKEN,Reifen,09.csv,155,60,R,15,,,SINCERA SN-110 EC,,09,,,,,,
4250427424156,290000880,FALKEN,Reifen,09.csv,185,65,R,15,,,SINCERA SN-110 EC,,09,,,,,,
4250427424187,290000870,FALKEN,Reifen,09.csv,185,60,R,14,,,SINCERA SN-110 EC,,09,,,,,,
4250427424200,290000857,FALKEN,Reifen,09.csv,175,60,R,15,,,SINCERA SN-110 EC,,09,,,,,,
4250427424262,290000895,FALKEN,Reifen,09.csv,195,60,R,16,,,SINCERA SN-110 EC,,09,,,,,,
4250427424323,290000905,FALKEN,Reifen,09.csv,205,55,R,16,,,SINCERA SN-110 EC XL,,09,,,,,,
4250427424330,290000855,FALKEN,Reifen,09.csv,175,50,R,15,,,SINCERA SN-110 EC,,09,,,,,,
4250427424347,290000887,FALKEN,Reifen,09.csv,195,50,R,15,,,SINCERA SN-110 EC,,09,,,,,,
4250427424361,290000876,FALKEN,Reifen,09.csv,185,60,R,16,,,SINCERA SN-110 EC,,09,,,,,,
4250427424415,290001147,FALKEN,Reifen,09.csv,175,60,R,18,,,SINCERA SN-110A,,09,,,,,,
4250427424545,290000881,FALKEN,Reifen,09.csv,185,65,R,15,,,EUROALLSEASON AS-210 XL 3PMS,,09,,,,,,
4250427424552,290000900,FALKEN,Reifen,09.csv,195,65,R,15,,,EUROALLSEASON AS-210 XL 3PMS,,09,,,,,,
4250427424569,290000913,FALKEN,Reifen,09.csv,205,65,R,15,,,EUROALLSEASON AS-210 XL 3PMS,,09,,,,,,
4250427424576,290000858,FALKEN,Reifen,09.csv,175,60,R,16,,,EUROALLSEASON AS-210 3PMSF,,09,,,,,,
4250427424583,290000893,FALKEN,Reifen,09.csv,195,55,R,16,,,EUROALLSEASON AS-210 XL 3PMS,,09,,,,,,
4250427424590,290001050,FALKEN,Reifen,09.csv,195,70,R,15C,102,,EUROALLSEASON VAN 11 3PMSF,,09,,,,,,
4250427424613,290001045,FALKEN,Reifen,09.csv,185,75,R,16C,102,,EUROALLSEASON VAN 11 3PMSF,,09,,,,,,
4250427424644,290001085,FALKEN,Reifen,09.csv,225,60,R,16C,103,,EUROALLSEASON VAN 11 3PMSF,,09,,,,,,
4250427424651,290001089,FALKEN,Reifen,09.csv,225,70,R,15C,110,,EUROALLSEASON VAN 11 3PMSF,,09,,,,,,
4250427424668,290000910,FALKEN,Reifen,09.csv,205,60,R,15,,,ZIEX ZE-310 EC,,09,,,,,,
4250427425054,290000921,FALKEN,Reifen,09.csv,225,30,R,20,,Z,AZENIS FK-510 XLMFS,,09,,,,,,
4250427425085,290000950,FALKEN,Reifen,09.csv,255,40,R,17,,Z,AZENIS FK-510 XLMFS,,09,,,,,,
4250427425108,290000968,FALKEN,Reifen,09.csv,295,25,R,21,,Z,AZENIS FK-510 XLMFS,,09,,,,,,
4250427425115,290000969,FALKEN,Reifen,09.csv,295,25,R,22,,Z,AZENIS FK-510 XLMFS,,09,,,,,,
4250427425610,290000998,FALKEN,Reifen,09.csv,225,60,R,16C,,,VAN01 3PMSF,,09,,,,,,
4250427425702,290000920,FALKEN,Reifen,09.csv,215,65,R,17,,,ZIEX ZE-310 EC XL,,09,,,,,,
4250427425801,290001191,FALKEN,Reifen,09.csv,205,65,R,16,,,ZIEX ZE-010B,,09,,,,,,
4250427425856,290000989,FALKEN,Reifen,09.csv,215,45,R,17,,,EUROALLSEASON AS-210 XLMFS 3,,09,,,,,,
4250427425887,290000976,FALKEN,Reifen,09.csv,175,70,R,14,,,SINCERA SN-110 EC,,09,,,,,,
4250427426464,290001062,FALKEN,Reifen,09.csv,205,75,R,16C,111,,LINAM VAN01A,,09,,,,,,
4250427426587,290001056,FALKEN,Reifen,09.csv,205,55,R,16,,,ZIEX ZE-310 AEC XLAO,,09,,,,,,
4250427426600,290001069,FALKEN,Reifen,09.csv,215,60,R,16,,,ZIEX ZE-310 AEC,,09,,,,,,
4250427426624,290001049,FALKEN,Reifen,09.csv,195,60,R,16,,,EUROALLSEASON AS-210 XL 3PMS,,09,,,,,,
4250427426631,290001087,FALKEN,Reifen,09.csv,225,60,R,16,,,EUROALLSEASON AS-210 XL 3PMS,,09,,,,,,
4250427426761,290001059,FALKEN,Reifen,09.csv,205,55,R,19,,,EUROALLSEASON AS-210 XL 3PMS,,09,,,,,,
4250427426808,290001107,FALKEN,Reifen,09.csv,245,50,R,19,,,EUROALLSEASON AS-210 XL 3PMS,,09,,,,,,
4250427426891,290001124,FALKEN,Reifen,09.csv,205,65,R,16,,,EUROALLSEASON AS-210 3PMSF,,09,,,,,,
4250427426907,290001052,FALKEN,Reifen,09.csv,205,,R,16C,108,,WILDPEAK A/T AT3WA 3PMSF,,09,,,,,,
4250427426969,290001075,FALKEN,Reifen,09.csv,LT215,75,R,15,97,,WILDPEAK A/T AT3WA 3PMSF,,09,,,,,,
4250427427072,290001060,FALKEN,Reifen,09.csv,205,60,R,16,,,ZIEX ZE-310 FEXM EC XL,,09,,,,,,
4250427427096,290001057,FALKEN,Reifen,09.csv,205,55,R,16,,,ZIEX ZE-310 FEXM EC,,09,,,,,,
4250427427119,290001084,FALKEN,Reifen,09.csv,225,55,R,17,,,ZIEX ZE-310 FEXM EC,,09,,,,,,
4250427427133,290001081,FALKEN,Reifen,09.csv,225,50,R,17,,,ZIEX ZE-310 FEXM EC XLMFS,,09,,,,,,
4250427427140,290001082,FALKEN,Reifen,09.csv,225,50,R,18,,,ZIEX ZE-310 FEXM EC MFS,,09,,,,,,
4250427427164,290001080,FALKEN,Reifen,09.csv,225,45,R,17,,,ZIEX ZE-310 FEXM EC MFS,,09,,,,,,
4250427427270,290001043,FALKEN,Reifen,09.csv,175,65,R,15,,,EUROALLSEASON AS-210 XL 3PMS,,09,,,,,,
4250427427287,290001071,FALKEN,Reifen,09.csv,215,65,R,16,,,EUROALLSEASON AS-210 XL 3PMS,,09,,,,,,
4250427427294,290001048,FALKEN,Reifen,09.csv,195,60,R,15,,,EUROALLSEASON AS-210 XL 3PMS,,09,,,,,,
4250427427300,290001044,FALKEN,Reifen,09.csv,185,55,R,15,,,EUROALLSEASON AS-210 XL 3PMS,,09,,,,,,
4250427427317,290001046,FALKEN,Reifen,09.csv,195,55,R,15,,,EUROALLSEASON AS-210 XL 3PMS,,09,,,,,,
4250427427898,290001127,FALKEN,Reifen,09.csv,215,50,R,19,,,EUROALLSEASON AS-210 3PMSF,,09,,,,,,
4250427427904,290001125,FALKEN,Reifen,09.csv,215,45,R,20,,,EUROALLSEASON AS-210 XL 3PMS,,09,,,,,,
4250427427959,290001126,FALKEN,Reifen,09.csv,215,50,R,18,,,EUROALLSEASON AS-210 3PMSF,,09,,,,,,
4250427427966,290001129,FALKEN,Reifen,09.csv,215,65,R,15C,102,,VAN01 3PMSF,,09,,,,,,
4250427429083,290001220,FALKEN,Reifen,09.csv,225,45,R,17,,,AZENIS FK-520 XLMFS,,09,,,,,,
4250427429106,290001225,FALKEN,Reifen,09.csv,225,50,R,17,,,AZENIS FK-520 XLMFS,,09,,,,,,
4250427429120,290001222,FALKEN,Reifen,09.csv,225,45,R,18,,,AZENIS FK-520 XLMFS,,09,,,,,,
4250427429137,290001240,FALKEN,Reifen,09.csv,235,35,R,19,,Z,AZENIS FK-520 XLMFS,,09,,,,,,
4250427429151,290001214,FALKEN,Reifen,09.csv,225,35,R,19,,Z,AZENIS FK-520 XLMFS,,09,,,,,,
4250427429168,290001290,FALKEN,Reifen,09.csv,255,35,R,19,,Z,AZENIS FK-520 XLMFS,,09,,,,,,
4250427429212,290001223,FALKEN,Reifen,09.csv,225,45,R,19,,Z,AZENIS FK-520 XLMFS,,09,,,,,,
4250427429236,290001198,FALKEN,Reifen,09.csv,215,45,R,17,,,AZENIS FK-520 XLMFS,,09,,,,,,
4250427429243,290001268,FALKEN,Reifen,09.csv,245,35,R,19,,Z,AZENIS FK-520 XLMFS,,09,,,,,,
4250427429250,290001277,FALKEN,Reifen,09.csv,245,45,R,17,,,AZENIS FK-520 XLMFS,,09,,,,,,
4250427429267,290001248,FALKEN,Reifen,09.csv,235,45,R,19,,Z,AZENIS FK-520 XLMFS,,09,,,,,,
4250427429281,290001291,FALKEN,Reifen,09.csv,255,35,R,20,,Z,AZENIS FK-520 XLMFS,,09,,,,,,
4250427429335,290001284,FALKEN,Reifen,09.csv,245,50,R,18,,,AZENIS FK-520 XLMFS,,09,,,,,,
4250427429359,290001337,FALKEN,Reifen,09.csv,255,30,R,19,,Z,AZENIS FK-520 XLMFS,,09,,,,,,
4250427429380,290001282,FALKEN,Reifen,09.csv,245,45,R,20,,,AZENIS FK-520 XLMFS,,09,,,,,,
4250427429397,290001287,FALKEN,Reifen,09.csv,255,30,R,20,,Z,AZENIS FK-520 XLMFS,,09,,,,,,
4250427429403,290001318,FALKEN,Reifen,09.csv,275,35,R,20,,Z,AZENIS FK-520 XLMFS,,09,,,,,,
4250427429410,290001266,FALKEN,Reifen,09.csv,245,35,R,18,,,AZENIS FK-520 XLMFS,,09,,,,,,
4250427429441,290001293,FALKEN,Reifen,09.csv,255,40,R,18,,,AZENIS FK-520 XLMFS,,09,,,,,,
4250427429465,290001306,FALKEN,Reifen,09.csv,265,35,R,18,,Z,AZENIS FK-520 XLMFS,,09,,,,,,
4250427429472,290001317,FALKEN,Reifen,09.csv,275,35,R,19,,Z,AZENIS FK-520 XLMFS,,09,,,,,,
4250427429502,290001320,FALKEN,Reifen,09.csv,275,40,R,19,,Z,AZENIS FK-520 XLMFS,,09,,,,,,
4250427429519,290001184,FALKEN,Reifen,09.csv,205,50,R,17,,,AZENIS FK-520 XLMFS,,09,,,,,,
4250427429533,290001215,FALKEN,Reifen,09.csv,225,35,R,20,,Z,AZENIS FK-520 XLMFS,,09,,,,,,
4250427429540,290001329,FALKEN,Reifen,09.csv,295,30,R,20,,Z,AZENIS FK-520 XLMFS,,09,,,,,,
4250427429564,290001262,FALKEN,Reifen,09.csv,235,60,R,18,,,AZENIS FK-520 XL,,09,,,,,,
4250427429588,290001249,FALKEN,Reifen,09.csv,235,50,R,18,,,AZENIS FK-520 XLMFS,,09,,,,,,
4250427429595,290001321,FALKEN,Reifen,09.csv,275,40,R,20,,,AZENIS FK-520 XLMFS,,09,,,,,,
4250427429632,290001264,FALKEN,Reifen,09.csv,235,65,R,17,,,AZENIS FK-520 XL,,09,,,,,,
4250427429656,290001234,FALKEN,Reifen,09.csv,225,55,R,19,,,AZENIS FK-520,,09,,,,,,
4250427429663,290001308,FALKEN,Reifen,09.csv,265,45,R,20,,,AZENIS FK-520 XLMFS,,09,,,,,,
4250427429687,290001227,FALKEN,Reifen,09.csv,225,50,R,18,,,AZENIS FK-520 XLMFS,,09,,,,,,
4250427429700,290001251,FALKEN,Reifen,09.csv,235,50,R,19,,,AZENIS FK-520 XLMFS,,09,,,,,,
4250427429748,290001309,FALKEN,Reifen,09.csv,265,50,R,19,,,AZENIS FK-520 XLMFS,,09,,,,,,
4250427429762,290001300,FALKEN,Reifen,09.csv,255,50,R,20,,,AZENIS FK-520 XLMFS,,09,,,,,,
4250427429779,290001307,FALKEN,Reifen,09.csv,265,40,R,21,,,AZENIS FK-520 XLMFS,,09,,,,,,
4250427429793,290001322,FALKEN,Reifen,09.csv,275,40,R,21,,,AZENIS FK-520 XLMFS,,09,,,,,,
4250427429816,290001324,FALKEN,Reifen,09.csv,275,45,R,20,,,AZENIS FK-520 XLMFS,,09,,,,,,
4250427430027,290001267,FALKEN,Reifen,09.csv,245,35,R,18,,,ZIEX ZE-310 EC FEXM XLMFS,,09,,,,,,
4250427430034,290001289,FALKEN,Reifen,09.csv,255,35,R,18,,,ZIEX ZE-310 EC FEXM MFS,,09,,,,,,
4250427430102,290001226,FALKEN,Reifen,09.csv,225,50,R,18,,,EUROALLSEASON AS-210 XLMFS 3,,09,,,,,,
4250427430133,290001161,FALKEN,Reifen,09.csv,185,60,R,15,,,SINCERA SN-110,,09,,,,,,
4250427430140,290001165,FALKEN,Reifen,09.csv,185,65,R,15,,,SINCERA SN-110,,09,,,,,,
4250427430157,290001149,FALKEN,Reifen,09.csv,175,65,R,15,,,SINCERA SN-110,,09,,,,,,
4250427430171,290001207,FALKEN,Reifen,09.csv,215,65,R,16,,,SINCERA SN-110,,09,,,,,,
4250427430195,290001160,FALKEN,Reifen,09.csv,185,60,R,15,,,SINCERA SN-110 XL,,09,,,,,,
4250427430201,290001157,FALKEN,Reifen,09.csv,185,55,R,15,,,SINCERA SN-110,,09,,,,,,
4250427430225,290001162,FALKEN,Reifen,09.csv,185,60,R,15,,,SINCERA SN-110,,09,,,,,,
4250427430232,290001150,FALKEN,Reifen,09.csv,175,65,R,15,,,SINCERA SN-110,,09,,,,,,
4250427430256,290001182,FALKEN,Reifen,09.csv,205,45,R,17,,,ZIEX ZE-310 EC XLMFS,,09,,,,,,
4250427430263,290001197,FALKEN,Reifen,09.csv,215,45,R,16,,,ZIEX ZE-310 EC XLMFS,,09,,,,,,
4250427430270,290001168,FALKEN,Reifen,09.csv,195,45,R,16,,,ZIEX ZE-310 EC XLMFS,,09,,,,,,
4250427430294,290001173,FALKEN,Reifen,09.csv,195,55,R,15,,,ZIEX ZE-310 EC,,09,,,,,,
4250427430317,290001170,FALKEN,Reifen,09.csv,195,50,R,16,,,ZIEX ZE-310 EC XLMFS,,09,,,,,,
4250427430539,290001364,FALKEN,Reifen,09.csv,195,65,R,15,,,HS02 3PMSF,,09,,,,,,
4250427430645,290001359,FALKEN,Reifen,09.csv,195,55,R,16,,,HS02 3PMSF,,09,,,,,,
4250427430652,290001377,FALKEN,Reifen,09.csv,215,60,R,17,,,HS02 XL 3PMSF,,09,,,,,,
4250427430676,290001375,FALKEN,Reifen,09.csv,215,55,R,17,,,HS02 XL 3PMSF,,09,,,,,,
4250427430737,290001362,FALKEN,Reifen,09.csv,195,60,R,16,,,HS02 3PMSF,,09,,,,,,
4250427430775,290001361,FALKEN,Reifen,09.csv,195,55,R,20,,,HS02 XL 3PMSF,,09,,,,,,
4250427430874,290001387,FALKEN,Reifen,09.csv,225,45,R,19,,,HS02 PRO XLMFS 3PMSF,,09,,,,,,
4250427430959,290001419,FALKEN,Reifen,09.csv,255,40,R,20,,,HS02 PRO XLMFS 3PMSF,,09,,,,,,
4250427430973,290001412,FALKEN,Reifen,09.csv,245,35,R,19,,,HS02 PRO XLMFS 3PMSF,,09,,,,,,
4250427430980,290001417,FALKEN,Reifen,09.csv,255,35,R,19,,,HS02 PRO XLMFS 3PMSF,,09,,,,,,
4250427431000,290001425,FALKEN,Reifen,09.csv,265,35,R,20,,,HS02 PRO XLMFS 3PMSF,,09,,,,,,
4250427431130,290001402,FALKEN,Reifen,09.csv,235,50,R,20,,,HS02 PRO XLMFS 3PMSF,,09,,,,,,
4250427431147,290001409,FALKEN,Reifen,09.csv,235,60,R,19,,,HS02 PRO XL 3PMSF,,09,,,,,,
4250427431444,290001570,FALKEN,Reifen,09.csv,185,60,R,14,,,EUROWINTER HS02 BLK 3PMSF,,09,,,,,,
4250427431451,290001564,FALKEN,Reifen,09.csv,165,60,R,15,,,EUROWINTER HS02 BLK 3PMSF,,09,,,,,,
4250427431895,290001591,FALKEN,Reifen,09.csv,235,40,R,18,,,EUROWINTER HS02 PRO XLNBLMFS,,09,,,,,,
4250427431956,290001625,FALKEN,Reifen,09.csv,255,45,R,18,,,EUROWINTER HS02 PRO XLNBLMFS,,09,,,,,,
4250427431987,290001621,FALKEN,Reifen,09.csv,245,65,R,17,,,EUROWINTER HS02 PRO XLNBL 3P,,09,,,,,,
4250427432137,290001366,FALKEN,Reifen,09.csv,195,65,R,16,,,ZIEX ZE-310 EC,,09,,,,,,
4250427432205,290001612,FALKEN,Reifen,09.csv,245,35,R,20,,,EUROWINTER HS02 PRO XLNBLMFS,,09,,,,,,
4250427432403,290001374,FALKEN,Reifen,09.csv,215,50,R,18,,,ZIEX ZE-310A EC,,09,,,,,,
4250427432496,290001450,FALKEN,Reifen,09.csv,225,40,R,19,,,HS02 PRO XLMFS 3PMSF,,09,,,,,,
4250427432540,290001448,FALKEN,Reifen,09.csv,215,55,R,16,,,ZIEX ZE-310 EC XL,,09,,,,,,
4250427432557,290001449,FALKEN,Reifen,09.csv,215,55,R,16,,,ZIEX ZE-310 EC XL,,09,,,,,,
4250427432571,290001456,FALKEN,Reifen,09.csv,235,40,R,18,,,ZIEX ZE-310 EC XLMFS,,09,,,,,,
4250427432595,290001447,FALKEN,Reifen,09.csv,215,55,R,16,,,ZIEX ZE-310 EC,,09,,,,,,
4250427432663,290001439,FALKEN,Reifen,09.csv,185,65,R,15,,,SINCERA SN-110 EC,,09,,,,,,
4250427432670,290001440,FALKEN,Reifen,09.csv,195,65,R,15,,,SINCERA SN-110 EC,,09,,,,,,
4250427432687,290001442,FALKEN,Reifen,09.csv,195,65,R,15,,,SINCERA SN-110 EC,,09,,,,,,
4250427432700,290001444,FALKEN,Reifen,09.csv,205,55,R,16,,,SINCERA SN-110 EC,,09,,,,,,
4250427432717,290001443,FALKEN,Reifen,09.csv,205,55,R,16,,,SINCERA SN-110 EC XL,,09,,,,,,
4250427432939,290001475,FALKEN,Reifen,09.csv,275,40,R,19,,,AZENIS FK-520 FEXM XL NBLMFS,,09,,,,,,
4250427432946,290001453,FALKEN,Reifen,09.csv,225,45,R,18,,,AZENIS FK-520 FEXM XL NBLMFS,,09,,,,,,
4250427432953,290001472,FALKEN,Reifen,09.csv,275,35,R,19,,,AZENIS FK-520 FEXM XL NBLMFS,,09,,,,,,
4250427432960,290001462,FALKEN,Reifen,09.csv,245,45,R,18,,,AZENIS FK-520 FEXM XL NBLMFS,,09,,,,,,
4250427432977,290001464,FALKEN,Reifen,09.csv,245,50,R,18,,,AZENIS FK-520 FEXM XL NBL,,09,,,,,,
4250427432984,290001451,FALKEN,Reifen,09.csv,225,40,R,19,,,AZENIS FK-520 FEXM XL NBLMFS,,09,,,,,,
4250427433004,290001466,FALKEN,Reifen,09.csv,255,35,R,19,,,AZENIS FK-520 FEXM XL NBLMFS,,09,,,,,,
4250427433011,290001463,FALKEN,Reifen,09.csv,245,45,R,19,,,AZENIS FK-520 FEXM XL NBLMFS,,09,,,,,,
4250427433028,290001460,FALKEN,Reifen,09.csv,245,40,R,19,,,AZENIS FK-520 FEXMXLNBLMFS,,09,,,,,,
4250427433035,290001467,FALKEN,Reifen,09.csv,255,40,R,18,,,AZENIS FK-520 FEXM XL NBLMFS,,09,,,,,,
4250427433059,290001473,FALKEN,Reifen,09.csv,275,35,R,20,,,AZENIS FK-520 FEXM XL NBLMFS,,09,,,,,,
4250427433066,290001454,FALKEN,Reifen,09.csv,225,45,R,19,,,AZENIS FK-520 FEXM XL NBLMFS,,09,,,,,,
4250427433073,290001474,FALKEN,Reifen,09.csv,275,40,R,18,,,AZENIS FK-520 FEXM XL NBLMFS,,09,,,,,,
4250427433127,290001511,FALKEN,Reifen,09.csv,225,40,R,18,,,ZIEX ZE-310 EC XLBLKMFS,,09,,,,,,
4250427433141,290001507,FALKEN,Reifen,09.csv,215,50,R,17,,,ZIEX ZE-310 EC XLBLKMFS,,09,,,,,,
4250427433264,290001510,FALKEN,Reifen,09.csv,215,65,R,17,,,E.ZIEX XLNBL,,09,,,,,,
4250427433295,290001509,FALKEN,Reifen,09.csv,215,55,R,18,,,E.ZIEX XLNBL,,09,,,,,,
4250427433301,290001519,FALKEN,Reifen,09.csv,235,50,R,20,,,E.ZIEX XLNBL,,09,,,,,,
4250427433318,290001508,FALKEN,Reifen,09.csv,215,50,R,19,,,E.ZIEX XLNBL,,09,,,,,,
4250427433349,290001528,FALKEN,Reifen,09.csv,255,45,R,20,,,E.ZIEX XLNBLMFS,,09,,,,,,
4250427433363,290001526,FALKEN,Reifen,09.csv,255,40,R,21,,,E.ZIEX XLNBLMFS,,09,,,,,,
4250427433370,290001533,FALKEN,Reifen,09.csv,265,40,R,20,,Z,AZENIS FK-520 XLNBLMF,,09,,,,,,
4250427433387,290001532,FALKEN,Reifen,09.csv,265,35,R,20,,Z,AZENIS FK-520 XLNBLMFS,,09,,,,,,
4250427433394,290001501,FALKEN,Reifen,09.csv,205,40,R,18,,,AZENIS FK-520 XLNBLMFS,,09,,,,,,
4250427433400,290001502,FALKEN,Reifen,09.csv,205,45,R,17,,,AZENIS FK-520 XLNBLMFS,,09,,,,,,
4250427433417,290001529,FALKEN,Reifen,09.csv,255,45,R,21,,Z,AZENIS FK-520 XLNBLMF,,09,,,,,,
4250427433448,290001516,FALKEN,Reifen,09.csv,235,35,R,20,,Z,AZENIS FK-520 XLNBLMFS,,09,,,,,,
4250427433455,290001524,FALKEN,Reifen,09.csv,245,30,R,20,,Z,AZENIS FK-520 XLNBLMFS,,09,,,,,,
4250427433462,290001531,FALKEN,Reifen,09.csv,265,35,R,19,,Z,AZENIS FK-520 XLNBLMFS,,09,,,,,,
4250427433479,290001512,FALKEN,Reifen,09.csv,225,40,R,20,,,AZENIS FK-520 XLNBLMFS,,09,,,,,,
4250427433486,290001520,FALKEN,Reifen,09.csv,235,50,R,20,,,AZENIS FK-520 XLNBL,,09,,,,,,
4250427433509,290001518,FALKEN,Reifen,09.csv,235,45,R,21,,,AZENIS FK-520 XLNBLMFS,,09,,,,,,
4250427433530,290001535,FALKEN,Reifen,09.csv,275,35,R,21,,Z,AZENIS FK-520 XLNBLMF,,09,,,,,,
4250427433554,290001547,FALKEN,Reifen,09.csv,305,30,R,20,,Z,AZENIS FK-520 XLNBLMF,,09,,,,,,
4250427433578,290001548,FALKEN,Reifen,09.csv,305,30,R,21,,Z,AZENIS FK-520 XLNBLMF,,09,,,,,,
4250427433639,290001541,FALKEN,Reifen,09.csv,285,35,R,21,,,AZENIS FK-520 XLNBLMFS,,09,,,,,,
4250427433646,290001543,FALKEN,Reifen,09.csv,285,45,R,19,,,AZENIS FK-520 XLNBLMFS,,09,,,,,,
4250427433653,290001540,FALKEN,Reifen,09.csv,285,30,R,21,,,AZENIS FK-520 XLNBLMFS,,09,,,,,,
4250427433660,290001537,FALKEN,Reifen,09.csv,275,45,R,19,,,AZENIS FK-520 XLNBLMFS,,09,,,,,,
4250427433844,290001555,FALKEN,Reifen,09.csv,195,50,R,15,,,ZIEX ZE-310 EC MFS,,09,,,,,,
4250427433936,290001580,FALKEN,Reifen,09.csv,225,40,R,18,,,EUROALLSEASON AS-220 PRO XLM,,09,,,,,,
4250427433943,290001583,FALKEN,Reifen,09.csv,225,45,R,17,,,EUROALLSEASON AS-220 PRO XLM,,09,,,,,,
4250427433950,290001584,FALKEN,Reifen,09.csv,225,45,R,18,,,EUROALLSEASON AS-220 PRO XLM,,09,,,,,,
4250427433967,290001585,FALKEN,Reifen,09.csv,225,45,R,19,,,EUROALLSEASON AS-220 PRO XLM,,09,,,,,,
4250427433974,290001586,FALKEN,Reifen,09.csv,225,50,R,17,,,EUROALLSEASON AS-220 PRO XLM,,09,,,,,,
4250427433981,290001588,FALKEN,Reifen,09.csv,225,55,R,18,,,EUROALLSEASON AS-220 PRO XL,,09,,,,,,
4250427433998,290001589,FALKEN,Reifen,09.csv,225,60,R,18,,,EUROALLSEASON AS-220 PRO XL,,09,,,,,,
4250427434001,290001590,FALKEN,Reifen,09.csv,235,40,R,18,,,EUROALLSEASON AS-220 PRO XLM,,09,,,,,,
4250427434018,290001593,FALKEN,Reifen,09.csv,235,45,R,17,,,EUROALLSEASON AS-220 PRO XLM,,09,,,,,,
4250427434025,290001594,FALKEN,Reifen,09.csv,235,45,R,18,,,EUROALLSEASON AS-220 PRO XLM,,09,,,,,,
4250427434032,290001595,FALKEN,Reifen,09.csv,235,45,R,19,,,EUROALLSEASON AS-220 PRO XLM,,09,,,,,,
4250427434049,290001597,FALKEN,Reifen,09.csv,235,50,R,18,,,EUROALLSEASON AS-220 PRO XLM,,09,,,,,,
4250427434063,290001599,FALKEN,Reifen,09.csv,235,55,R,17,,,EUROALLSEASON AS-220 PRO XL,,09,,,,,,
4250427434070,290001600,FALKEN,Reifen,09.csv,235,55,R,18,,,EUROALLSEASON AS-220 PRO XL,,09,,,,,,
4250427434087,290001601,FALKEN,Reifen,09.csv,235,55,R,19,,,EUROALLSEASON AS-220 PRO XL,,09,,,,,,
4250427434094,290001602,FALKEN,Reifen,09.csv,235,55,R,20,,,EUROALLSEASON AS-220 PRO XL,,09,,,,,,
4250427434100,290001605,FALKEN,Reifen,09.csv,235,60,R,17,,,EUROALLSEASON AS-220 PRO XL,,09,,,,,,
4250427434117,290001606,FALKEN,Reifen,09.csv,235,60,R,18,,,EUROALLSEASON AS-220 PRO XL,,09,,,,,,
4250427434124,290001607,FALKEN,Reifen,09.csv,235,60,R,19,,,EUROALLSEASON AS-220 PRO XL,,09,,,,,,
4250427434131,290001608,FALKEN,Reifen,09.csv,235,65,R,17,,,EUROALLSEASON AS-220 PRO XL,,09,,,,,,
4250427434155,290001611,FALKEN,Reifen,09.csv,245,35,R,18,,,EUROALLSEASON AS-220 PRO XLM,,09,,,,,,
4250427434162,290001614,FALKEN,Reifen,09.csv,245,40,R,18,,,EUROALLSEASON AS-220 PRO XLM,,09,,,,,,
4250427434179,290001616,FALKEN,Reifen,09.csv,245,45,R,17,,,EUROALLSEASON AS-220 PRO XLM,,09,,,,,,
4250427434186,290001617,FALKEN,Reifen,09.csv,245,45,R,18,,,EUROALLSEASON AS-220 PRO XLM,,09,,,,,,
4250427434193,290001618,FALKEN,Reifen,09.csv,245,45,R,19,,,EUROALLSEASON AS-220 PRO XLM,,09,,,,,,
4250427434209,290001619,FALKEN,Reifen,09.csv,245,45,R,20,,,EUROALLSEASON AS-220 PRO XLM,,09,,,,,,
4250427434216,290001624,FALKEN,Reifen,09.csv,255,35,R,19,,,EUROALLSEASON AS-220 PRO XLM,,09,,,,,,
4250427434223,290001626,FALKEN,Reifen,09.csv,255,45,R,18,,,EUROALLSEASON AS-220 PRO XLM,,09,,,,,,
4250427434230,290001627,FALKEN,Reifen,09.csv,255,45,R,19,,,EUROALLSEASON AS-220 PRO XLM,,09,,,,,,
4250427434247,290001628,FALKEN,Reifen,09.csv,255,45,R,20,,,EUROALLSEASON AS-220 PRO XLM,,09,,,,,,
4250427434254,290001629,FALKEN,Reifen,09.csv,255,45,R,21,,,EUROALLSEASON AS-220 PRO XLM,,09,,,,,,
4250427434261,290001630,FALKEN,Reifen,09.csv,255,50,R,19,,,EUROALLSEASON AS-220 PRO XLN,,09,,,,,,
4250427434278,290001631,FALKEN,Reifen,09.csv,255,50,R,20,,,EUROALLSEASON AS-220 PRO XLN,,09,,,,,,
4250427434285,290001632,FALKEN,Reifen,09.csv,255,55,R,18,,,EUROALLSEASON AS-220 PRO XLN,,09,,,,,,
4250427434292,290001633,FALKEN,Reifen,09.csv,255,55,R,19,,,EUROALLSEASON AS-220 PRO XLN,,09,,,,,,
4250427434315,290001637,FALKEN,Reifen,09.csv,265,40,R,19,,,EUROALLSEASON AS-220 PRO XLN,,09,,,,,,
4250427434735,290001691,FALKEN,Reifen,09.csv,225,35,R,19,,Z,AZENIS RS820 XLNBLMFS,,09,,,,,,
4250427434742,290001692,FALKEN,Reifen,09.csv,225,40,R,19,,Z,AZENIS RS820 XLNBLMFS,,09,,,,,,
4250427434759,290001693,FALKEN,Reifen,09.csv,225,45,R,19,,Z,AZENIS RS820 XLNBLMFS,,09,,,,,,
4250427434766,290001699,FALKEN,Reifen,09.csv,235,35,R,19,,Z,AZENIS RS820 XLNBLMFS,,09,,,,,,
4250427434773,290001700,FALKEN,Reifen,09.csv,235,40,R,19,,Z,AZENIS RS820 XLNBLMFS,,09,,,,,,
4250427434780,290001707,FALKEN,Reifen,09.csv,245,30,R,20,,Z,AZENIS RS820 XLNBLMFS,,09,,,,,,
4250427434797,290001708,FALKEN,Reifen,09.csv,245,35,R,19,,Z,AZENIS RS820 XLNBLMFS,,09,,,,,,
4250427434803,290001709,FALKEN,Reifen,09.csv,245,35,R,20,,Z,AZENIS RS820 XLNBLMFS,,09,,,,,,
4250427434810,290001710,FALKEN,Reifen,09.csv,245,40,R,19,,Z,AZENIS RS820 XLNBLMFS,,09,,,,,,
4250427434827,290001711,FALKEN,Reifen,09.csv,245,40,R,20,,Z,AZENIS RS820 XLNBLMFS,,09,,,,,,
4250427434834,290001712,FALKEN,Reifen,09.csv,245,45,R,19,,Z,AZENIS RS820 XLNBLMFS,,09,,,,,,
4250427434841,290001713,FALKEN,Reifen,09.csv,255,30,R,19,,Z,AZENIS RS820 XLNBLMFS,,09,,,,,,
4250427434858,290001714,FALKEN,Reifen,09.csv,255,35,R,19,,Z,AZENIS RS820 XLNBLMFS,,09,,,,,,
4250427434865,290001715,FALKEN,Reifen,09.csv,255,35,R,20,,Z,AZENIS RS820 XLNBLMFS,,09,,,,,,
4250427434872,290001716,FALKEN,Reifen,09.csv,255,40,R,19,,Z,AZENIS RS820 XLNBLMFS,,09,,,,,,
4250427434889,290001717,FALKEN,Reifen,09.csv,255,40,R,20,,Z,AZENIS RS820 XLNBLMFS,,09,,,,,,
4250427434896,290001718,FALKEN,Reifen,09.csv,255,45,R,19,,Z,AZENIS RS820 XLNBLMFS,,09,,,,,,
4250427434902,290001721,FALKEN,Reifen,09.csv,265,30,R,20,,Z,AZENIS RS820 XLNBLMFS,,09,,,,,,
4250427434926,290001724,FALKEN,Reifen,09.csv,265,35,R,20,,Z,AZENIS RS820 XLNBLMFS,,09,,,,,,
4250427434933,290001730,FALKEN,Reifen,09.csv,275,30,R,20,,Z,AZENIS RS820 XLNBLMFS,,09,,,,,,
4250427434940,290001731,FALKEN,Reifen,09.csv,275,35,R,19,,Z,AZENIS RS820 XLNBLMFS,,09,,,,,,
4250427434957,290001732,FALKEN,Reifen,09.csv,275,35,R,20,,Z,AZENIS RS820 XLNBLMFS,,09,,,,,,
4250427434971,290001734,FALKEN,Reifen,09.csv,275,40,R,19,,Z,AZENIS RS820 XLNBLMFS,,09,,,,,,
4250427435442,290001674,FALKEN,Reifen,09.csv,205,45,R,17,,,E.ZIEX XLNBLMFS,,09,,,,,,
4250427435459,290001675,FALKEN,Reifen,09.csv,205,55,R,17,,,E.ZIEX XLNBL,,09,,,,,,
4250427435503,290001684,FALKEN,Reifen,09.csv,215,60,R,17,,,E.ZIEX XLNBL,,09,,,,,,
4250427435671,290001672,FALKEN,Reifen,09.csv,195,80,R,15,,,WILDPEAK A/T AT3WA BLK 3PMSF,,09,,,,,,
4250427435695,290001680,FALKEN,Reifen,09.csv,205,80,R,16,,,WILDPEAK A/T AT3WA XLBLK 3PM,,09,,,,,,
4250427435701,290001689,FALKEN,Reifen,09.csv,215,70,R,16,,,WILDPEAK A/T AT3WA BLK 3PMSF,,09,,,,,,
4250427435718,290001690,FALKEN,Reifen,09.csv,215,80,R,16,,,WILDPEAK A/T AT3WA BLK 3PMSF,,09,,,,,,
4250427435725,290001703,FALKEN,Reifen,09.csv,235,60,R,16,,,WILDPEAK A/T AT3WA BLK 3PMSF,,09,,,,,,
4250427435855,290001659,FALKEN,Reifen,09.csv,175,70,R,14,,,EUROALLSEASON AS-210 XLBLK 3,,09,,,,,,
4250427436074,290001702,FALKEN,Reifen,09.csv,235,55,R,20,,,AZENIS FK-520 XLNBL,,09,,,,,,
4250427436142,290001722,FALKEN,Reifen,09.csv,265,30,R,21,,Z,AZENIS RS820 XLNBLMFS,,09,,,,,,
4250427436166,290001662,FALKEN,Reifen,09.csv,185,50,R,16,,,EUROALLSEASON AS-210 XLBLKMF,,09,,,,,,
4250427437040,290001777,FALKEN,Reifen,09.csv,195,55,R,16,,,ZIEX ZE-320 XL,,09,,,,,,
4250427437064,290001836,FALKEN,Reifen,09.csv,205,55,R,16,,,ZIEX ZE-320 XLBLK,,09,,,,,,
4250427437071,290001837,FALKEN,Reifen,09.csv,205,55,R,16,,,ZIEX ZE-320 XLBLK,,09,,,,,,
4250427437095,290001785,FALKEN,Reifen,09.csv,205,55,R,17,,,ZIEX ZE-320 XL,,09,,,,,,
4250427437101,290001788,FALKEN,Reifen,09.csv,205,60,R,16,,,ZIEX ZE-320 XL,,09,,,,,,
4250427437125,290001796,FALKEN,Reifen,09.csv,215,55,R,17,,,ZIEX ZE-320 XL,,09,,,,,,
4250427437132,290001798,FALKEN,Reifen,09.csv,215,55,R,18,,,ZIEX ZE-320 XL,,09,,,,,,
4250427437149,290001848,FALKEN,Reifen,09.csv,215,60,R,16,,,ZIEX ZE-320 BLK,,09,,,,,,
4250427437163,290001850,FALKEN,Reifen,09.csv,215,60,R,17,,,ZIEX ZE-320 BLK,,09,,,,,,
4250427437170,290001800,FALKEN,Reifen,09.csv,215,60,R,17,,,ZIEX ZE-320,,09,,,,,,
4250427437187,290001801,FALKEN,Reifen,09.csv,215,65,R,17,,,ZIEX ZE-320 XL,,09,,,,,,
4250427437194,290001803,FALKEN,Reifen,09.csv,225,45,R,17,,,ZIEX ZE-320 XLMFS,,09,,,,,,
4250427437217,290001811,FALKEN,Reifen,09.csv,245,45,R,18,,,ZIEX ZE-320 XLMFS,,09,,,,,,
4250427437422,290001827,FALKEN,Reifen,09.csv,195,60,R,16,,,ZIEX ZE-320 BLK,,09,,,,,,
4250427437446,290001829,FALKEN,Reifen,09.csv,195,65,R,15,,,ZIEX ZE-320 BLK,,09,,,,,,
4250427437538,290001844,FALKEN,Reifen,09.csv,215,45,R,17,,,ZIEX ZE-320 XLBLKMFS,,09,,,,,,
4250427437613,290001861,FALKEN,Reifen,09.csv,225,50,R,18,,,ZIEX ZE-320 BLK,,09,,,,,,
4250427437699,290001874,FALKEN,Reifen,09.csv,235,45,R,17,,,ZIEX ZE-320 XLBLKMFS,,09,,,,,,
4250427438221,290001903,FALKEN,Reifen,09.csv,265,35,R,21,,Z,AZENIS FK-520 XLBLKMF,,09,,,,,,
4250427438238,290001895,FALKEN,Reifen,09.csv,255,40,R,17,,,AZENIS FK-520 XLBLKMFS,,09,,,,,,
4548515001458,160003743,YOKOHAMA,Reifen,09.csv,255,45,R,20,,,ADVANSPORT V105T XLRPB,,09,,,,,,
4548515001618,160003377,YOKOHAMA,Reifen,09.csv,215,50,R,18,,,BLUEARTH-WINTER (V905) 3PMSF,,09,,,,,,
4548515003087,160003973,YOKOHAMA,Reifen,09.csv,225,50,R,18,,,ADVANSPORT V107E XL*RPB,,09,,,,,,
4548515003094,160003981,YOKOHAMA,Reifen,09.csv,245,45,R,18,,,ADVANSPORT V107E XL*RPB,,09,,,,,,
4548515003117,160004170,YOKOHAMA,Reifen,09.csv,245,40,R,19,,,ADVAN SPORT V107E XL*RPB,,09,,,,,,
4548515007511,160003372,YOKOHAMA,Reifen,09.csv,205,65,R,16C,105,,BLUEARTH-VAN ALL SEASON RY61,,09,,,,,,
4548515007559,160003394,YOKOHAMA,Reifen,09.csv,215,70,R,15C,107,,BLUEARTH-VAN ALL SEASON RY61,,09,,,,,,
4548515007573,160003374,YOKOHAMA,Reifen,09.csv,205,75,R,16C,108,,BLUEARTH-VAN ALL SEASON RY61,,09,,,,,,
4548515007658,160003388,YOKOHAMA,Reifen,09.csv,215,65,R,15C,102,,BLUEARTH-VAN ALL SEASON RY61,,09,,,,,,
4548515007757,160003570,YOKOHAMA,Reifen,09.csv,195,50,R,15,,,ADVAN HF TYPE-D A008S,,09,,,,,,
4548515008198,160003495,YOKOHAMA,Reifen,09.csv,205,60,R,13,,,ADVAN A052,,09,,,,,,
4548515010894,160003715,YOKOHAMA,Reifen,09.csv,245,45,R,20,,,BLUEARTH-XT AE61 XL,,09,,,,,,
4548515015684,160003520,YOKOHAMA,Reifen,09.csv,245,45,R,18,,,BLUEARTH-WINTER (V906) XLRPB,,09,,,,,,
4548515015721,160003505,YOKOHAMA,Reifen,09.csv,225,45,R,18,,,BLUEARTH-WINTER (V906) XLRPB,,09,,,,,,
4548515015752,160003498,YOKOHAMA,Reifen,09.csv,215,55,R,16,,,BLUEARTH-WINTER (V906) 3PMSF,,09,,,,,,
4548515015769,160003531,YOKOHAMA,Reifen,09.csv,205,45,R,16,,,BLUEARTH-WINTER V906 XLRPB 3,,09,,,,,,
4548515015776,160003490,YOKOHAMA,Reifen,09.csv,195,50,R,16,,,BLUEARTH-WINTER (V906) XLRPB,,09,,,,,,
4548515016032,160003702,YOKOHAMA,Reifen,09.csv,245,35,R,20,,,BLUEARTH-GT AE51 XL,,09,,,,,,
4548515016438,160003646,YOKOHAMA,Reifen,09.csv,225,50,R,18,,,GEOL. A/T G015 3PMSF,,09,,,,,,
4548515016643,160003507,YOKOHAMA,Reifen,09.csv,225,55,R,18,,,BLUEARTH-WINTER (V906) SUV X,,09,,,,,,
4548515016650,160003512,YOKOHAMA,Reifen,09.csv,235,55,R,17,,,BLUEARTH-WINTER (V906) SUV X,,09,,,,,,
4548515020138,160003690,YOKOHAMA,Reifen,09.csv,235,55,R,19,,,BLUEARTH-XT AE61,,09,,,,,,
4548515020145,160003741,YOKOHAMA,Reifen,09.csv,255,45,R,20,,,BLUEARTH-XT AE61,,09,,,,,,
4548515024327,160003482,YOKOHAMA,Reifen,09.csv,255,35,R,20,,Z,ADVANSPORT (V105) XLRP,,09,,,,,,
4548515027182,160003892,YOKOHAMA,Reifen,09.csv,285,30,R,20,,Z,ADVANSPORT V107 XLI*,,09,,,,,,
4548515027267,160003731,YOKOHAMA,Reifen,09.csv,255,35,R,19,,,ADVANSPORT V107,,09,,,,,,
4548515027304,160003703,YOKOHAMA,Reifen,09.csv,245,35,R,20,,,ADVANSPORT V107,,09,,,,,,
4548515027335,160003638,YOKOHAMA,Reifen,09.csv,225,45,R,18,,,ADVANSPORT V107,,09,,,,,,
4548515027359,160003692,YOKOHAMA,Reifen,09.csv,235,55,R,19,,,ADVANSPORT V107 XLRPB,,09,,,,,,
4548515027397,160003701,YOKOHAMA,Reifen,09.csv,245,35,R,19,,Z,ADVANSPORT V107 XLRPB,,09,,,,,,
4548515027410,160003672,YOKOHAMA,Reifen,09.csv,235,35,R,19,,Z,ADVANSPORT V107 XLRPB,,09,,,,,,
4548515027427,160003707,YOKOHAMA,Reifen,09.csv,245,40,R,18,,Z,ADVANSPORT V107 XLRPB,,09,,,,,,
4548515027441,160003888,YOKOHAMA,Reifen,09.csv,275,40,R,19,,Z,ADVANSPORT V107 XLRPB,,09,,,,,,
4548515027458,160003714,YOKOHAMA,Reifen,09.csv,245,45,R,19,,Z,ADVANSPORT V107 XLRPB,,09,,,,,,
4548515027472,160003712,YOKOHAMA,Reifen,09.csv,245,45,R,18,,Z,ADVANSPORT V107 XLRPB,,09,,,,,,
4548515027526,160003866,YOKOHAMA,Reifen,09.csv,255,30,R,20,,Z,ADVANSPORT V107 XLRPB,,09,,,,,,
4548515027564,160003675,YOKOHAMA,Reifen,09.csv,235,40,R,18,,Z,ADVANSPORT V107 XLRPB,,09,,,,,,
4548515027588,160003728,YOKOHAMA,Reifen,09.csv,255,35,R,18,,Z,ADVANSPORT V107 XLRPB,,09,,,,,,
4548515027632,160003732,YOKOHAMA,Reifen,09.csv,255,35,R,20,,,ADVANSPORT V107 XL,,09,,,,,,
4548515027649,160003864,YOKOHAMA,Reifen,09.csv,245,40,R,20,,Z,ADVANSPORT V107 XLRPB,,09,,,,,,
4548515027656,160003786,YOKOHAMA,Reifen,09.csv,275,35,R,20,,Z,ADVANSPORT V107 XLRPB,,09,,,,,,
4548515027663,160003852,YOKOHAMA,Reifen,09.csv,225,40,R,19,,Z,ADVANSPORT V107 XLRPB,,09,,,,,,
4548515027670,160003862,YOKOHAMA,Reifen,09.csv,245,40,R,19,,Z,ADVANSPORT V107 XL,,09,,,,,,
4548515027762,160003867,YOKOHAMA,Reifen,09.csv,255,40,R,18,,Z,ADVANSPORT V107,,09,,,,,,
4548515028042,160004085,YOKOHAMA,Reifen,09.csv,175,65,R,15,,,BLUEARTH-4S AW21 XL 3PMSF,,09,,,,,,
4548515028059,160003639,YOKOHAMA,Reifen,09.csv,225,45,R,18,,,BLUEARTH-4S AW21 XL 3PMSF,,09,,,,,,
4548515028097,160003595,YOKOHAMA,Reifen,09.csv,205,55,R,17,,,BLUEARTH-4S AW21 XL 3PMSF,,09,,,,,,
4548515028110,160003622,YOKOHAMA,Reifen,09.csv,215,70,R,16,,,BLUEARTH-4S AW21 3PMSF,,09,,,,,,
4548515036061,160003980,YOKOHAMA,Reifen,09.csv,245,45,R,18,,,ADVAN NEOVA AD09 XLRPB,,09,,,,,,
4548515036122,160003941,YOKOHAMA,Reifen,09.csv,265,35,R,20,,,ADVAN NEOVA AD09 XL,,09,,,,,,
4548515036153,160003929,YOKOHAMA,Reifen,09.csv,255,35,R,20,,,ADVAN NEOVA AD09 XL,,09,,,,,,
4548515036184,160003949,YOKOHAMA,Reifen,09.csv,285,30,R,18,,,ADVAN NEOVA AD09 XLRPB,,09,,,,,,
4548515036207,160003958,YOKOHAMA,Reifen,09.csv,295,35,R,20,,,ADVAN NEOVA AD09 XL,,09,,,,,,
4548515036313,160003928,YOKOHAMA,Reifen,09.csv,255,35,R,19,,,ADVAN NEOVA AD09 XLRPB,,09,,,,,,
4548515036450,160003933,YOKOHAMA,Reifen,09.csv,255,40,R,20,,,ADVAN NEOVA AD09 XLRPB,,09,,,,,,
4548515036467,160003953,YOKOHAMA,Reifen,09.csv,285,35,R,20,,,ADVAN NEOVA AD09 XL,,09,,,,,,
4548515036788,160003924,YOKOHAMA,Reifen,09.csv,245,40,R,20,,,ADVAN NEOVA AD09 XLRPB,,09,,,,,,
4548515045285,160004034,YOKOHAMA,Reifen,09.csv,255,45,R,18,,,ADVAN SPORT V107,,09,,,,,,
4548515045292,160003927,YOKOHAMA,Reifen,09.csv,255,30,R,19,,Z,ADVANSPORT V107 XLRPB,,09,,,,,,
4548515045308,160003975,YOKOHAMA,Reifen,09.csv,235,40,R,19,,Z,ADVANSPORT V107 XLRPB,,09,,,,,,
4548515045353,160003979,YOKOHAMA,Reifen,09.csv,245,35,R,20,,Z,ADVANSPORT V107 XLRPB,,09,,,,,,
4548515046893,160003684,YOKOHAMA,Reifen,09.csv,235,50,R,20,,,BLUEARTH-WINTER V906 SUV XL,,09,,,,,,
4548515046978,160003584,YOKOHAMA,Reifen,09.csv,195,60,R,17,,,BLUEARTH-WINTER V906 3PMSF,,09,,,,,,
4548515048880,160004139,YOKOHAMA,Reifen,09.csv,235,50,R,19,,,BLUEARTH-4S AW21 XLRPB 3PMSF,,09,,,,,,
4548515048910,160004136,YOKOHAMA,Reifen,09.csv,235,45,R,19,,,BLUEARTH-4S AW21 XLRPB 3PMSF,,09,,,,,,
4548515048941,160004021,YOKOHAMA,Reifen,09.csv,235,50,R,20,,,BLUEARTH-4S AW21 3PMSF,,09,,,,,,
4548515048958,160004090,YOKOHAMA,Reifen,09.csv,195,50,R,19,,,BLUEARTH-4S AW21 RPB 3PMSF,,09,,,,,,
4548515049719,160003911,YOKOHAMA,Reifen,09.csv,225,50,R,18,,,BLUEARTH-XT AE61 XLRPB,,09,,,,,,
4548515049863,160004202,YOKOHAMA,Reifen,09.csv,255,45,R,20,,,BLUEARTH-4S AW21 XLRPB 3PMSF,,09,,,,,,
4548515049979,160004080,YOKOHAMA,Reifen,09.csv,205,55,R,16,,,BLUEARTH-WINTER (V906) 3PMSF,,09,,,,,,
4548515053235,160004106,YOKOHAMA,Reifen,09.csv,215,55,R,18,,,GEOLANDAR CV 4S G061 XLRPB 3,,09,,,,,,
4548515053242,160004119,YOKOHAMA,Reifen,09.csv,225,55,R,18,,,GEOLANDAR CV 4S G061 RPB 3PM,,09,,,,,,
4548515053297,160004149,YOKOHAMA,Reifen,09.csv,235,55,R,19,,,GEOLANDAR CV 4S G061 RFRPB 3,,09,,,,,,
4548515053303,160004155,YOKOHAMA,Reifen,09.csv,235,60,R,18,,,GEOLANDAR CV 4S G061 XL 3PMS,,09,,,,,,
4548515053310,160004126,YOKOHAMA,Reifen,09.csv,225,60,R,18,,,GEOLANDAR CV 4S G061 XL 3PMS,,09,,,,,,
4548515053402,160004201,YOKOHAMA,Reifen,09.csv,255,45,R,20,,,GEOLANDAR CV 4S G061 RFRPB 3,,09,,,,,,
4548515053433,160004147,YOKOHAMA,Reifen,09.csv,235,55,R,18,,,GEOLANDAR CV 4S G061 RPB 3PM,,09,,,,,,
4548515053471,160004135,YOKOHAMA,Reifen,09.csv,235,45,R,19,,,GEOLANDAR CV 4S G061 XLRPB 3,,09,,,,,,
4548515300414,160004244,YOKOHAMA,Reifen,09.csv,275,35,R,21,,,ADVAN SPORT EV V108D XLRPB,,09,,,,,,
4548515300445,160004033,YOKOHAMA,Reifen,09.csv,255,40,R,20,,,V108A,,09,,,,,,
4548515300537,160004196,YOKOHAMA,Reifen,09.csv,255,40,R,20,,,ADVAN SPORT EV V108,,09,,,,,,
4548515305686,160004193,YOKOHAMA,Reifen,09.csv,255,35,R,21,,,BLUEARTH-4S AW21 3PMSF,,09,,,,,,
4548515305693,160004094,YOKOHAMA,Reifen,09.csv,195,60,R,17,,,BLUEARTH-4S AW21 3PMSF,,09,,,,,,
4548515305754,160004153,YOKOHAMA,Reifen,09.csv,235,60,R,17,,,BLUEARTH-4S AW21 XLRPB 3PMSF,,09,,,,,,
4548515305761,160004385,YOKOHAMA,Reifen,09.csv,235,55,R,20,,,BLUEARTH-4S AW21 3PMSF,,09,,,,,,
4548515305891,160004195,YOKOHAMA,Reifen,09.csv,255,40,R,20,,,BLUEARTH-4S AW21 XLRPB 3PMSF,,09,,,,,,
4548515305938,160004328,YOKOHAMA,Reifen,09.csv,245,50,R,19,,,BLUEARTH-4S AW21 XLRPB 3PMSF,,09,,,,,,
4548515305976,160004011,YOKOHAMA,Reifen,09.csv,215,55,R,18,,,BLUEARTH-WINTER V906 3PMSF,,09,,,,,,
4548515305990,160004022,YOKOHAMA,Reifen,09.csv,235,55,R,19,,,BLUEARTH-WINTER V906 SUV XL,,09,,,,,,
4548515318952,160004391,YOKOHAMA,Reifen,09.csv,255,40,R,20,,,BLUEARTH-4S AW21 XLRPB 3PMSF,,09,,,,,,
4717784201290,190000567,MAXXIS,Reifen,09.csv,225,55,R,12C,,,CR-966 TRAILERMAXX M+S,,09,,,,,,
4717784201597,190000916,MAXXIS,Reifen,09.csv,165,,R,13C,93,,UE-168,,09,,,,,,
4717784201641,190000937,MAXXIS,Reifen,09.csv,175,,R,13C,95,,UE-168 TRUCMAXX,,09,,,,,,
4717784201665,190000476,MAXXIS,Reifen,09.csv,195,50,R,13C,101,,CR-966 TRAILERMAXX M+S,,09,,,,,,
4717784214023,190001256,MAXXIS,Reifen,09.csv,145,,R,10,,,CR-966 TRAILERMAXX M+S,,09,,,,,,
4717784227764,190000429,MAXXIS,Reifen,09.csv,185,65,R,14C,91,,CR-965 TRAILERMAXX M+S,,09,,,,,,
4717784233710,190000568,MAXXIS,Reifen,09.csv,185,60,R,12C,101,,CR-966 TRAILERMAXX M+S,,09,,,,,,
4717784255101,190001258,MAXXIS,Reifen,09.csv,145,,R,12C,84,,UE-168,,09,,,,,,
4717784256405,190000608,MAXXIS,Reifen,09.csv,205,80,R,16,,,MA-SAS XL GANZJAHR,,09,,,,,,
4717784256535,190000692,MAXXIS,Reifen,09.csv,235,60,R,16,,,MA-SAS GANZJAHR,,09,,,,,,
4717784256566,190000609,MAXXIS,Reifen,09.csv,225,75,R,16,,,MA-SAS GANZJAHR,,09,,,,,,
4717784256719,190000611,MAXXIS,Reifen,09.csv,255,65,R,16,,,MA-SAS GANZJAHR,,09,,,,,,
4717784256740,190000694,MAXXIS,Reifen,09.csv,255,60,R,17,,,MA-SAS XL GANZJAHR,,09,,,,,,
4717784261171,190000878,MAXXIS,Reifen,09.csv,235,60,R,17,,,MA-SW WINTERMAXX,,09,,,,,,
4717784261461,190000911,MAXXIS,Reifen,09.csv,155,,R,13C,89,,UE-168,,09,,,,,,
4717784272009,190000569,MAXXIS,Reifen,09.csv,195,60,R,12C,102,,CR-966 TRAILERMAXX M+S,,09,,,,,,
4717784277189,190000628,MAXXIS,Reifen,09.csv,185,60,R,14,,,WP-05 ARCTICTREKKER,,09,,,,,,
4717784277998,190000562,MAXXIS,Reifen,09.csv,165,70,R,14,,,WP-05 XL ARCTICTREKKER,,09,,,,,,
4717784278070,190000617,MAXXIS,Reifen,09.csv,175,65,R,15,,,WP-05 XL ARCTICTREKKER,,09,,,,,,
4717784278513,190000917,MAXXIS,Reifen,09.csv,165,,R,14C,95,,UE-168,,09,,,,,,
4717784292076,190001085,MAXXIS,Reifen,09.csv,225,35,R,18,,Z,MA VS-01 XLFSL,,09,,,,,,
4717784299686,190001060,MAXXIS,Reifen,09.csv,215,45,R,18,,Z,MA VS-01 XLFSL,,09,,,,,,
4717784300160,190000563,MAXXIS,Reifen,09.csv,175,60,R,14,,,AP2 GANZJAHR,,09,,,,,,
4717784300177,190001228,MAXXIS,Reifen,09.csv,205,50,R,15,,,AP2 XL GANZJAHR,,09,,,,,,
4717784300252,190000522,MAXXIS,Reifen,09.csv,185,55,R,14,,,AP2 GANZJAHR,,09,,,,,,
4717784300269,190000520,MAXXIS,Reifen,09.csv,175,60,R,15,,,AP2 GANZJAHR,,09,,,,,,
4717784300276,190000594,MAXXIS,Reifen,09.csv,205,55,R,15,,,AP2 GANZJAHR,,09,,,,,,
4717784300290,190000513,MAXXIS,Reifen,09.csv,155,70,R,13,,,AP2 GANZJAHR,,09,,,,,,
4717784300320,190000578,MAXXIS,Reifen,09.csv,165,65,R,15,,,AP2 GANZJAHR,,09,,,,,,
4717784300351,190000512,MAXXIS,Reifen,09.csv,175,70,R,13,,,AP2 GANZJAHR,,09,,,,,,
4717784300368,190000542,MAXXIS,Reifen,09.csv,175,70,R,14,,,AP2 XL GANZJAHR,,09,,,,,,
4717784300382,190000532,MAXXIS,Reifen,09.csv,165,70,R,13,,,AP2 XL GANZJAHR,,09,,,,,,
4717784307053,190001076,MAXXIS,Reifen,09.csv,215,70,R,15C,107,,MA-C2 CAMPRO FSL,,09,,,,,,
4717784311173,190001020,MAXXIS,Reifen,09.csv,205,40,R,18,,Z,MA VS-01 XLFSL,,09,,,,,,
4717784311197,190001137,MAXXIS,Reifen,09.csv,245,35,R,20,,Z,MA VS-01 XLFSL,,09,,,,,,
4717784312422,190001003,MAXXIS,Reifen,09.csv,195,65,R,14,,,AP2 ALL SEASON XL 3PMSF,,09,,,,,,
4717784312729,190000582,MAXXIS,Reifen,09.csv,175,65,R,13,,,AP2 GANZJAHR,,09,,,,,,
4717784312743,190000573,MAXXIS,Reifen,09.csv,155,80,R,13,,,AP2 XL GANZJAHR,,09,,,,,,
4717784312774,190000633,MAXXIS,Reifen,09.csv,165,65,R,13,,,AP2 GANZJAHR,,09,,,,,,
4717784313054,190000674,MAXXIS,Reifen,09.csv,235,45,R,18,,Z,PREMITRA 5 XL,,09,,,,,,
4717784313061,190001008,MAXXIS,Reifen,09.csv,195,65,R,15,,,PREMITRA 5,,09,,,,,,
4717784313078,190001006,MAXXIS,Reifen,09.csv,195,65,R,15,,,PREMITRA 5,,09,,,,,,
4717784313085,190001009,MAXXIS,Reifen,09.csv,195,65,R,15,,,PREMITRA 5 XL,,09,,,,,,
4717784313092,190000652,MAXXIS,Reifen,09.csv,195,55,R,15,,,PREMITRA 5,,09,,,,,,
4717784313108,190000666,MAXXIS,Reifen,09.csv,225,45,R,17,,Z,PREMITRA 5,,09,,,,,,
4717784313252,190000604,MAXXIS,Reifen,09.csv,145,70,R,13,,,AP2 GANZJAHR,,09,,,,,,
4717784313610,190000576,MAXXIS,Reifen,09.csv,145,80,R,13,,,AP2 XL GANZJAHR,,09,,,,,,
4717784313856,190000461,MAXXIS,Reifen,09.csv,195,70,R,14C,,,CR-966 TRAILERMAXX M+S,,09,,,,,,
4717784313870,190001342,MAXXIS,Reifen,09.csv,155,,R,13C,,,CR-966 XL M+S,,09,,,,,,
4717784314259,190001084,MAXXIS,Reifen,09.csv,225,35,R,17,,Z,MA VS-01 XLFSL,,09,,,,,,
4717784314280,190000632,MAXXIS,Reifen,09.csv,185,70,R,13,,,AP2 GANZJAHR,,09,,,,,,
4717784314495,190001045,MAXXIS,Reifen,09.csv,205,70,R,15C,102,,M-8060 TREPADOR,,09,,,,,,
4717784314624,190000682,MAXXIS,Reifen,09.csv,185,50,R,16,,,WP-05 ARCTICTREKKER,,09,,,,,,
4717784315171,190001281,MAXXIS,Reifen,09.csv,195,65,R,15,,,PREMITRA SNOW WP6 XL 3PMSF,,09,,,,,,
4717784316000,190000867,MAXXIS,Reifen,09.csv,195,50,R,13C,101,,MA-LAS ALLSEASON M+S,,09,,,,,,
4717784317304,190000660,MAXXIS,Reifen,09.csv,225,55,R,16,,,PREMITRA 5,,09,,,,,,
4717784317311,190000673,MAXXIS,Reifen,09.csv,225,55,R,16,,Z,PREMITRA 5 XL,,09,,,,,,
4717784317328,190000648,MAXXIS,Reifen,09.csv,225,55,R,17,,Z,PREMITRA 5 XL,,09,,,,,,
4717784317335,190000663,MAXXIS,Reifen,09.csv,215,55,R,17,,Z,PREMITRA 5 XL,,09,,,,,,
4717784317649,190001000,MAXXIS,Reifen,09.csv,195,60,R,15,,,PREMITRA 5,,09,,,,,,
4717784317656,190000846,MAXXIS,Reifen,09.csv,195,50,R,16,,,PREMITRA 5 XL,,09,,,,,,
4717784317670,190000659,MAXXIS,Reifen,09.csv,205,50,R,16,,Z,PREMITRA 5 XL,,09,,,,,,
4717784317687,190001064,MAXXIS,Reifen,09.csv,215,55,R,16,,Z,PREMITRA 5 XLFSL,,09,,,,,,
4717784317694,190000657,MAXXIS,Reifen,09.csv,215,55,R,16,,,PREMITRA 5,,09,,,,,,
4717784317724,190000746,MAXXIS,Reifen,09.csv,215,65,R,16,,,PREMITRA 5,,09,,,,,,
4717784317748,190000664,MAXXIS,Reifen,09.csv,215,45,R,17,,Z,PREMITRA 5 XL,,09,,,,,,
4717784317755,190000671,MAXXIS,Reifen,09.csv,215,50,R,17,,Z,PREMITRA 5 XL,,09,,,,,,
4717784317762,190000661,MAXXIS,Reifen,09.csv,205,50,R,17,,Z,PREMITRA 5 XL,,09,,,,,,
4717784317779,190000647,MAXXIS,Reifen,09.csv,205,55,R,17,,,PREMITRA 5 XL,,09,,,,,,
4717784317786,190001148,MAXXIS,Reifen,09.csv,245,50,R,18,,Z,HP5 XLFSL,,09,,,,,,
4717784318172,190000877,MAXXIS,Reifen,09.csv,195,50,R,16,,,WP-05 XL ARCTICTREKKER,,09,,,,,,
4717784319629,190000685,MAXXIS,Reifen,09.csv,215,40,R,17,,,WP-05 ARCTICTREKKER,,09,,,,,,
4717784321332,190000668,MAXXIS,Reifen,09.csv,165,80,R,13,,,AP2 XL GANZJAHR,,09,,,,,,
4717784327112,190000693,MAXXIS,Reifen,09.csv,235,60,R,17,,,MA-SAS GANZJAHR,,09,,,,,,
4717784327143,190000690,MAXXIS,Reifen,09.csv,205,70,R,16,,,MA-SAS GANZJAHR,,09,,,,,,
4717784328713,190000944,MAXXIS,Reifen,09.csv,175,60,R,15,,,WP-05 3PMSF,,09,,,,,,
4717784328720,190001677,MAXXIS,Reifen,09.csv,225,50,R,17,,Z,PREMITRA 5 FSL,,09,,,,,,
4717784328744,190001065,MAXXIS,Reifen,09.csv,215,55,R,17,,Z,PREMITRA 5 FSL,,09,,,,,,
4717784328782,190001088,MAXXIS,Reifen,09.csv,225,45,R,17,,Z,PREMITRA 5 XLFSL,,09,,,,,,
4717784328799,190001025,MAXXIS,Reifen,09.csv,205,55,R,16,,,PREMITRA 5 FSL,,09,,,,,,
4717784328836,190000796,MAXXIS,Reifen,09.csv,205,65,R,16C,105,,VANSMART A/S AL2,,09,,,,,,
4717784331331,190001104,MAXXIS,Reifen,09.csv,225,70,R,15C,110,,VANSMART MCV3+ FSL,,09,,,,,,
4717784332215,190000750,MAXXIS,Reifen,09.csv,235,40,R,18,,Z,PREMITRA 5,,09,,,,,,
4717784332239,190001140,MAXXIS,Reifen,09.csv,245,40,R,18,,Z,PREMITRA 5 XLFSL,,09,,,,,,
4717784332246,190000732,MAXXIS,Reifen,09.csv,195,45,R,16,,,PREMITRA 5 XL,,09,,,,,,
4717784332260,190000751,MAXXIS,Reifen,09.csv,235,45,R,17,,Z,PREMITRA 5 XL,,09,,,,,,
4717784332284,190001071,MAXXIS,Reifen,09.csv,215,60,R,17,,,PREMITRA 5,,09,,,,,,
4717784332291,190000814,MAXXIS,Reifen,09.csv,205,45,R,17,,Z,PREMITRA 5 XL,,09,,,,,,
4717784332345,190000752,MAXXIS,Reifen,09.csv,235,50,R,18,,,PREMITRA 5,,09,,,,,,
4717784332352,190000803,MAXXIS,Reifen,09.csv,235,50,R,18,,Z,PREMITRA 5,,09,,,,,,
4717784332369,190000749,MAXXIS,Reifen,09.csv,225,60,R,16,,,PREMITRA 5,,09,,,,,,
4717784332376,190000787,MAXXIS,Reifen,09.csv,225,55,R,18,,,PREMITRA 5,,09,,,,,,
4717784332420,190000747,MAXXIS,Reifen,09.csv,225,40,R,18,,Z,PREMITRA 5,,09,,,,,,
4717784332437,190001687,MAXXIS,Reifen,09.csv,225,45,R,18,,Z,PREMITRA 5 XLBSW,,09,,,,,,
4717784332451,190001056,MAXXIS,Reifen,09.csv,215,45,R,16,,,PREMITRA 5 XLFSL,,09,,,,,,
4717784332475,190001119,MAXXIS,Reifen,09.csv,235,55,R,17,,,PREMITRA 5 FSL,,09,,,,,,
4717784332482,190000745,MAXXIS,Reifen,09.csv,215,55,R,18,,,PREMITRA 5 XL,,09,,,,,,
4717784333540,190001159,MAXXIS,Reifen,09.csv,255,45,R,18,,Z,PREMITRA 5 HP5 FSL,,09,,,,,,
4717784333557,190000847,MAXXIS,Reifen,09.csv,235,50,R,17,,,PREMITRA 5,,09,,,,,,
4717784333663,190001246,MAXXIS,Reifen,09.csv,235,60,R,18,,,VICTRA SPORT 5 VS5 SUV XL,,09,,,,,,
4717784333694,190000715,MAXXIS,Reifen,09.csv,155,70,R,13,,,MECOTRA 3,,09,,,,,,
4717784334387,190000739,MAXXIS,Reifen,09.csv,205,55,R,16,,,MECOTRA 3,,09,,,,,,
4717784334400,190001023,MAXXIS,Reifen,09.csv,205,55,R,16,,,MECOTRA 3,,09,,,,,,
4717784334424,190000973,MAXXIS,Reifen,09.csv,185,60,R,15,,,MECOTRA 3,,09,,,,,,
4717784334448,190000719,MAXXIS,Reifen,09.csv,165,70,R,14,,,MECOTRA 3,,09,,,,,,
4717784334455,190000932,MAXXIS,Reifen,09.csv,165,70,R,14,,,MECOTRA 3 XL,,09,,,,,,
4717784334462,190000723,MAXXIS,Reifen,09.csv,175,65,R,14,,,MECOTRA 3,,09,,,,,,
4717784334479,190000948,MAXXIS,Reifen,09.csv,175,65,R,14,,,MECOTRA 3 ME3 XL,,09,,,,,,
4717784334493,190000730,MAXXIS,Reifen,09.csv,185,60,R,15,,,MECOTRA 3 XL,,09,,,,,,
4717784334912,190000716,MAXXIS,Reifen,09.csv,155,80,R,13,,,MECOTRA 3,,09,,,,,,
4717784336992,190000642,MAXXIS,Reifen,09.csv,185,70,R,13,,,MECOTRA 3,,09,,,,,,
4717784337821,190000822,MAXXIS,Reifen,09.csv,185,75,R,16C,102,,VANSMART A/S AL2,,09,,,,,,
4717784337838,190000823,MAXXIS,Reifen,09.csv,225,65,R,16C,110,,VANSMART A/S AL2,,09,,,,,,
4717784337845,190000797,MAXXIS,Reifen,09.csv,215,65,R,16C,107,,VANSMART A/S AL2,,09,,,,,,
4717784337852,190000769,MAXXIS,Reifen,09.csv,215,65,R,15C,102,,VANSMART A/S AL2,,09,,,,,,
4717784337968,190000795,MAXXIS,Reifen,09.csv,195,65,R,16C,102,,VANSMART A/S AL2,,09,,,,,,
4717784337975,190000792,MAXXIS,Reifen,09.csv,205,70,R,15C,104,,VANSMART A/S AL2,,09,,,,,,
4717784337982,190000794,MAXXIS,Reifen,09.csv,205,65,R,15C,100,,VANSMART A/S AL2,,09,,,,,,
4717784338132,190000837,MAXXIS,Reifen,09.csv,175,70,R,14C,93,,VANSMART A/S AL2,,09,,,,,,
4717784338514,190000818,MAXXIS,Reifen,09.csv,215,70,R,16C,106,,VANSMART A/S AL2,,09,,,,,,
4717784338521,190000839,MAXXIS,Reifen,09.csv,215,70,R,15C,107,,VANSMART A/S AL2,,09,,,,,,
4717784338569,190000798,MAXXIS,Reifen,09.csv,195,60,R,16C,97,,VANSMART A/S AL2,,09,,,,,,
4717784338583,190000777,MAXXIS,Reifen,09.csv,215,60,R,16C,101,,VANSMART A/S AL2,,09,,,,,,
4717784338590,190000793,MAXXIS,Reifen,09.csv,225,70,R,15C,110,,VANSMART A/S AL2,,09,,,,,,
4717784338620,190000720,MAXXIS,Reifen,09.csv,175,55,R,15,,,MECOTRA 3,,09,,,,,,
4717784338637,190000727,MAXXIS,Reifen,09.csv,185,55,R,15,,,MECOTRA 3,,09,,,,,,
4717784338781,190001033,MAXXIS,Reifen,09.csv,205,60,R,16,,,MECOTRA 3 ME3,,09,,,,,,
4717784338835,190000925,MAXXIS,Reifen,09.csv,165,65,R,14,,,MECOTRA 3 ME3,,09,,,,,,
4717784338842,190000951,MAXXIS,Reifen,09.csv,175,65,R,15,,,MECOTRA 3,,09,,,,,,
4717784338866,190000975,MAXXIS,Reifen,09.csv,185,65,R,14,,,MECOTRA 3 ME3,,09,,,,,,
4717784338897,190000731,MAXXIS,Reifen,09.csv,185,65,R,15,,,MECOTRA 3,,09,,,,,,
4717784338903,190000979,MAXXIS,Reifen,09.csv,185,65,R,15,,,MECOTRA 3 XL,,09,,,,,,
4717784338941,190001073,MAXXIS,Reifen,09.csv,215,65,R,15,,,MECOTRA 3,,09,,,,,,
4717784338989,190000980,MAXXIS,Reifen,09.csv,185,70,R,14,,,MECOTRA 3 ME3,,09,,,,,,
4717784339009,190001012,MAXXIS,Reifen,09.csv,195,70,R,14,,,MECOTRA 3,,09,,,,,,
4717784339030,190000945,MAXXIS,Reifen,09.csv,175,60,R,16,,,MECOTRA 3 ME3,,09,,,,,,
4717784339061,190000918,MAXXIS,Reifen,09.csv,165,60,R,14,,,MECOTRA 3 ME3,,09,,,,,,
4717784339092,190000722,MAXXIS,Reifen,09.csv,175,60,R,15,,,MECOTRA 3,,09,,,,,,
4717784339115,190000714,MAXXIS,Reifen,09.csv,155,65,R,14,,,MECOTRA 3,,09,,,,,,
4717784339122,190000966,MAXXIS,Reifen,09.csv,185,50,R,16,,,MECOTRA 3 ME3,,09,,,,,,
4717784339900,190000955,MAXXIS,Reifen,09.csv,175,70,R,14,,,MECOTRA 3 ME3 XL,,09,,,,,,
4717784339917,190000995,MAXXIS,Reifen,09.csv,195,55,R,20,,,MECOTRA 3 XL,,09,,,,,,
4717784339931,190001010,MAXXIS,Reifen,09.csv,195,65,R,16C,102,,VANSMART MCV3+ FSL,,09,,,,,,
4717784339948,190001046,MAXXIS,Reifen,09.csv,205,70,R,15C,104,,VANSMART MCV3+ FSL,,09,,,,,,
4717784339955,190000850,MAXXIS,Reifen,09.csv,205,65,R,16C,105,,VANSMART MCV3+ 8PR,,09,,,,,,
4717784339962,190001037,MAXXIS,Reifen,09.csv,205,65,R,15C,100,,VANSMART MCV3+ FSL,,09,,,,,,
4717784339979,190001103,MAXXIS,Reifen,09.csv,225,65,R,16C,110,,VANSMART MCV3+ FSL,,09,,,,,,
4717784339986,190000806,MAXXIS,Reifen,09.csv,215,65,R,16C,107,,VANSMART MCV3+,,09,,,,,,
4717784339993,190000849,MAXXIS,Reifen,09.csv,215,65,R,15C,102,,VANSMART MCV3+ 6PR,,09,,,,,,
4717784340005,190001077,MAXXIS,Reifen,09.csv,215,70,R,15C,107,,VANSMART MCV3+ FSL,,09,,,,,,
4717784340333,190000832,MAXXIS,Reifen,09.csv,195,75,R,16C,105,,VANSMART SNOW WL2,,09,,,,,,
4717784340371,190001047,MAXXIS,Reifen,09.csv,205,70,R,15C,104,,VANSMART SNOW WL2 WL2 FSL 3P,,09,,,,,,
4717784340388,190000767,MAXXIS,Reifen,09.csv,225,65,R,16C,110,,VANSMART SNOW WL2 M+S,,09,,,,,,
4717784340418,190001002,MAXXIS,Reifen,09.csv,195,60,R,16C,97,,VANSMART SNOW WL2 WL2 FSL 3P,,09,,,,,,
4717784340470,190000989,MAXXIS,Reifen,09.csv,195,,R,14C,104,,VANSMART SNOW WL2 WL2 FSL 3P,,09,,,,,,
4717784340487,190000939,MAXXIS,Reifen,09.csv,175,,R,14C,98,,VANSMART SNOW WL2 WL2 FSL 3P,,09,,,,,,
4717784340500,190000963,MAXXIS,Reifen,09.csv,185,,R,14C,100,,VANSMART SNOW WL2 WL2 FSL 3P,,09,,,,,,
4717784340890,190001072,MAXXIS,Reifen,09.csv,215,60,R,17C,107,,VANSMART SNOW WL2 FSL 3PMSF,,09,,,,,,
4717784341293,190000778,MAXXIS,Reifen,09.csv,215,60,R,17C,107,,VANSMART A/S AL2,,09,,,,,,
4717784341309,190000791,MAXXIS,Reifen,09.csv,195,70,R,15C,102,,VANSMART A/S AL2,,09,,,,,,
4717784341323,190000820,MAXXIS,Reifen,09.csv,195,75,R,16C,105,,VANSMART A/S AL2,,09,,,,,,
4717784341330,190000779,MAXXIS,Reifen,09.csv,225,55,R,17C,107,,VANSMART A/S AL2,,09,,,,,,
4717784341347,190000870,MAXXIS,Reifen,09.csv,195,55,R,10C,96,,VANSMART A/S AL2 M+S,,09,,,,,,
4717784341569,190001011,MAXXIS,Reifen,09.csv,195,65,R,16C,102,,VANSMART SNOW WL2 WL2 FSL 3P,,09,,,,,,
4717784341583,190000830,MAXXIS,Reifen,09.csv,195,70,R,15C,102,,VANSMART SNOW WL2,,09,,,,,,
4717784341590,190000831,MAXXIS,Reifen,09.csv,215,70,R,15C,107,,VANSMART SNOW WL2,,09,,,,,,
4717784342702,190000962,MAXXIS,Reifen,09.csv,185,,R,14C,100,,VANSMART MCV3+ FSL,,09,,,,,,
4717784342719,190000938,MAXXIS,Reifen,09.csv,175,,R,14C,98,,VANSMART MCV3+ FSL,,09,,,,,,
4717784342726,190000988,MAXXIS,Reifen,09.csv,195,,R,14C,104,,VANSMART MCV3+ FSL,,09,,,,,,
4717784342733,190001082,MAXXIS,Reifen,09.csv,215,75,R,16C,111,,VANSMART MCV3+ FSL,,09,,,,,,
4717784342795,190001016,MAXXIS,Reifen,09.csv,205,,R,14C,107,,VANSMART MCV3+,,09,,,,,,
4717784343044,190000807,MAXXIS,Reifen,09.csv,215,60,R,17C,107,,VANSMART MCV3+,,09,,,,,,
4717784343051,190001067,MAXXIS,Reifen,09.csv,215,60,R,16C,101,,VANSMART MCV3+ FSL,,09,,,,,,
4717784343273,190000936,MAXXIS,Reifen,09.csv,165,80,R,15,,,MECOTRA 3,,09,,,,,,
4717784343372,190001035,MAXXIS,Reifen,09.csv,205,65,R,15,,,MECOTRA 3 XL,,09,,,,,,
4717784343594,190000844,MAXXIS,Reifen,09.csv,205,60,R,13,,,MECOTRA 3,,09,,,,,,
4717784343600,190001028,MAXXIS,Reifen,09.csv,175,65,R,13,,,MECOTRA 3,,09,,,,,,
4717784343631,190000941,MAXXIS,Reifen,09.csv,145,60,R,13,,,MECOTRA 3 ME3,,09,,,,,,
4717784343648,190000909,MAXXIS,Reifen,09.csv,145,80,R,13,,,MECOTRA 3,,09,,,,,,
4717784343693,190000852,MAXXIS,Reifen,09.csv,155,60,R,15,,,MECOTRA 3,,09,,,,,,
4717784343730,190001250,MAXXIS,Reifen,09.csv,165,80,R,13,,,MECOTRA 3 XL,,09,,,,,,
4717784343754,190001004,MAXXIS,Reifen,09.csv,195,65,R,14,,,MECOTRA 3,,09,,,,,,
4717784343877,190001097,MAXXIS,Reifen,09.csv,225,60,R,15,,,PREMITRA 5,,09,,,,,,
4717784343884,190000987,MAXXIS,Reifen,09.csv,185,80,R,14,,,MECOTRA 3 ME3,,09,,,,,,
4717784344782,190000857,MAXXIS,Reifen,09.csv,245,45,R,18,,Z,VICTRA SPORT 5 XL,,09,,,,,,
4717784344799,190001142,MAXXIS,Reifen,09.csv,245,45,R,17,,Z,VICTRA SPORT 5 VS5 XLF,,09,,,,,,
4717784344812,190000860,MAXXIS,Reifen,09.csv,225,40,R,18,,Z,VICTRA SPORT 5 XL,,09,,,,,,
4717784344829,190001194,MAXXIS,Reifen,09.csv,275,35,R,19,,Z,VICTRA SPORT 5 VS5 XL,,09,,,,,,
4717784344850,190001154,MAXXIS,Reifen,09.csv,255,35,R,19,,Z,VICTRA SPORT 5 VS5,,09,,,,,,
4717784344874,190001136,MAXXIS,Reifen,09.csv,245,35,R,19,,Z,VICTRA SPORT 5 XL,,09,,,,,,
4717784344904,190001086,MAXXIS,Reifen,09.csv,225,35,R,19,,Z,VICTRA SPORT 5 XL,,09,,,,,,
4717784344911,190001112,MAXXIS,Reifen,09.csv,235,45,R,17,,Z,VICTRA SPORT 5 VS5 XLF,,09,,,,,,
4717784344928,190000855,MAXXIS,Reifen,09.csv,225,45,R,18,,Z,VICTRA SPORT 5 XL,,09,,,,,,
4717784344942,190000865,MAXXIS,Reifen,09.csv,255,40,R,19,,Z,VICTRA SPORT 5 XL,,09,,,,,,
4717784344959,190000864,MAXXIS,Reifen,09.csv,245,40,R,19,,Z,VICTRA SPORT 5 XL,,09,,,,,,
4717784345000,190000859,MAXXIS,Reifen,09.csv,215,40,R,18,,Z,VICTRA SPORT 5 XL,,09,,,,,,
4717784345796,190001164,MAXXIS,Reifen,09.csv,255,45,R,19,,Z,VICTRA SPORT 5 VS5 XL,,09,,,,,,
4717784346656,190001605,MAXXIS,Reifen,09.csv,125,,R,12C,,,CR-966,,09,,,,,,
4717784347189,190000861,MAXXIS,Reifen,09.csv,235,40,R,18,,Z,VICTRA SPORT 5 XL,,09,,,,,,
4717784347196,190000858,MAXXIS,Reifen,09.csv,245,45,R,19,,Z,VICTRA SPORT 5 XL,,09,,,,,,
4717784347226,190001245,MAXXIS,Reifen,09.csv,135,80,R,15,,,MECOTRA 3,,09,,,,,,
4717784347295,190000921,MAXXIS,Reifen,09.csv,165,60,R,15,,,MECOTRA 3 ME3,,09,,,,,,
4717784347424,190001118,MAXXIS,Reifen,09.csv,235,50,R,19,,Z,VICTRA SPORT 5 SUV FSL,,09,,,,,,
4717784347479,190001128,MAXXIS,Reifen,09.csv,235,65,R,17,,Z,VICTRA SPORT 5 SUV XL,,09,,,,,,
4717784347639,190001310,MAXXIS,Reifen,09.csv,235,50,R,18,,,VICTRA SPORT 5 VS5 SUV FSL,,09,,,,,,
4717784347677,190001123,MAXXIS,Reifen,09.csv,235,55,R,20,,Z,VICTRA SPORT 5 SUV FS,,09,,,,,,
4717784348155,190001271,MAXXIS,Reifen,09.csv,185,65,R,15,,,PREMITRA SNOW WP6 XL 3PMSF,,09,,,,,,
4717784348179,190001283,MAXXIS,Reifen,09.csv,205,55,R,16,,,PREMITRA SNOW WP6 XL 3PMSF,,09,,,,,,
4717784348223,190001296,MAXXIS,Reifen,09.csv,215,60,R,16,,,PREMITRA SNOW WP6 XL 3PMSF,,09,,,,,,
4717784348247,190001315,MAXXIS,Reifen,09.csv,245,40,R,18,,,PREMITRA SNOW WP6 XLFSL 3PMS,,09,,,,,,
4717784348278,190001226,MAXXIS,Reifen,09.csv,185,60,R,15,,,WP-06 XL PREMITRA SNOW,,09,,,,,,
4717784348353,190001274,MAXXIS,Reifen,09.csv,195,55,R,15,,,PREMITRA SNOW WP6 XLFSL 3PMS,,09,,,,,,
4717784348797,190001253,MAXXIS,Reifen,09.csv,205,70,R,15,,,AP3 SUV GANZJAHR,,09,,,,,,
4717784348810,190001231,MAXXIS,Reifen,09.csv,225,60,R,18,,,AP3 SUV XL GANZJAHR,,09,,,,,,
4717784348834,190001323,MAXXIS,Reifen,09.csv,255,60,R,18,,,PREMITRA ALL SEASON AP3 SUV,,09,,,,,,
4717784348988,190001319,MAXXIS,Reifen,09.csv,255,50,R,19,,,VICTRA SPORT 5 VS5 SUV XLFSL,,09,,,,,,
4717784349015,190001171,MAXXIS,Reifen,09.csv,255,55,R,18,,Z,VICTRA SPORT 5 SUV XL,,09,,,,,,
4717784349022,190001199,MAXXIS,Reifen,09.csv,275,40,R,20,,Z,VICTRA SPORT 5 SUV XL,,09,,,,,,
4717784349084,190001312,MAXXIS,Reifen,09.csv,235,60,R,18,,,PREMITRA ALL SEASON AP3 SUV,,09,,,,,,
4717784349091,190001217,MAXXIS,Reifen,09.csv,215,70,R,16,,,AP3 SUV GANZJAHR,,09,,,,,,
4717784349145,190001215,MAXXIS,Reifen,09.csv,205,55,R,16,,,AP3 XL GANZJAHR,,09,,,,,,
4717784349619,190001229,MAXXIS,Reifen,09.csv,205,55,R,16,,,AP3 GANZJAHR,,09,,,,,,
4717784349749,190001297,MAXXIS,Reifen,09.csv,215,60,R,16,,,PREMITRA ALL SEASON AP3 XL 3,,09,,,,,,
4717784349756,190001307,MAXXIS,Reifen,09.csv,225,60,R,17,,,AP3 XL GANZJAHR,,09,,,,,,
4717784349763,190001278,MAXXIS,Reifen,09.csv,195,60,R,15,,,PREMITRA ALL SEASON AP3 XL 3,,09,,,,,,
4717784349800,190001252,MAXXIS,Reifen,09.csv,205,45,R,16,,,AP3 XL GANZJAHR,,09,,,,,,
4717784349817,190001303,MAXXIS,Reifen,09.csv,225,55,R,16,,,PREMITRA ALL SEASON AP3 XL 3,,09,,,,,,
4717784349824,190001234,MAXXIS,Reifen,09.csv,205,55,R,17,,,AP3 XL GANZJAHR,,09,,,,,,
4717784349831,190001264,MAXXIS,Reifen,09.csv,185,55,R,15,,,AP3 XL GANZJAHR,,09,,,,,,
4717784349848,190001265,MAXXIS,Reifen,09.csv,185,55,R,16,,,AP3 XL GANZJAHR,,09,,,,,,
4717784349855,190001272,MAXXIS,Reifen,09.csv,195,45,R,16,,,AP3 XL GANZJAHR,,09,,,,,,
4717784349862,190001571,MAXXIS,Reifen,09.csv,225,45,R,19,,,"PREMITRA ALL SEASON, AP3 XLN",,09,,,,,,
4717784349879,190001566,MAXXIS,Reifen,09.csv,215,65,R,17,,,"PREMITRA ALL SEASON SUV, AP3",,09,,,,,,
4717784349886,190001543,MAXXIS,Reifen,09.csv,225,65,R,17,,,PREMITRA ALL SEASON AP3 XL 3,,09,,,,,,
4717784349909,190001248,MAXXIS,Reifen,09.csv,215,45,R,16,,,AP3 XL GANZJAHR,,09,,,,,,
4717784349916,190001290,MAXXIS,Reifen,09.csv,215,45,R,17,,,AP3 XL GANZJAHR,,09,,,,,,
4717784349947,190001294,MAXXIS,Reifen,09.csv,215,55,R,16,,,AP3 XL GANZJAHR,,09,,,,,,
4717784349961,190001553,MAXXIS,Reifen,09.csv,225,45,R,18,,,"PREMITRA ALL SEASON, AP3 XLN",,09,,,,,,
4717784349978,190001552,MAXXIS,Reifen,09.csv,235,45,R,17,,,"PREMITRA ALL SEASON, AP3 XLN",,09,,,,,,
4717784349992,190001567,MAXXIS,Reifen,09.csv,195,50,R,15,,,PREMITRA ALL SEASON AP3 XLFS,,09,,,,,,
4717784350004,190001591,MAXXIS,Reifen,09.csv,195,50,R,16,,,PREMITRA ALL SEASON AP3 XLFS,,09,,,,,,
4717784350011,190001575,MAXXIS,Reifen,09.csv,255,35,R,19,,,"PREMITRA ALL SEASON, AP3 XLN",,09,,,,,,
4717784350028,190001563,MAXXIS,Reifen,09.csv,255,35,R,18,,,"PREMITRA ALL SEASON, AP3 XLN",,09,,,,,,
4717784350035,190001562,MAXXIS,Reifen,09.csv,255,40,R,19,,,"PREMITRA ALL SEASON, AP3 XLN",,09,,,,,,
4717784350042,190001288,MAXXIS,Reifen,09.csv,215,40,R,18,,,PREMITRA ALL SEASON AP3 XLFS,,09,,,,,,
4717784350059,190001565,MAXXIS,Reifen,09.csv,235,35,R,19,,,"PREMITRA ALL SEASON, AP3 XLN",,09,,,,,,
4717784350066,190001702,MAXXIS,Reifen,09.csv,235,35,R,20,,,AP3 ALL SEASON XLBSWFSL 3PMS,,09,,,,,,
4717784350073,190001540,MAXXIS,Reifen,09.csv,185,50,R,16,,,PREMITRA ALL SEASON AP3 FSL,,09,,,,,,
4717784350080,190001573,MAXXIS,Reifen,09.csv,215,40,R,17,,,PREMITRA ALL SEASON AP3 XLFS,,09,,,,,,
4717784350110,190001542,MAXXIS,Reifen,09.csv,215,50,R,17,,,PREMITRA ALL SEASON AP3 XLFS,,09,,,,,,
4717784350127,190001301,MAXXIS,Reifen,09.csv,225,50,R,18,,,PREMITRA ALL SEASON AP3 FSL,,09,,,,,,
4717784350134,190001555,MAXXIS,Reifen,09.csv,245,45,R,18,,,"PREMITRA ALL SEASON, AP3 XLN",,09,,,,,,
4717784350141,190001572,MAXXIS,Reifen,09.csv,205,40,R,17,,,PREMITRA ALL SEASON AP3 XLFS,,09,,,,,,
4717784350165,190001564,MAXXIS,Reifen,09.csv,225,35,R,19,,,"PREMITRA ALL SEASON, AP3 XLN",,09,,,,,,
4717784350172,190001558,MAXXIS,Reifen,09.csv,235,40,R,18,,,"PREMITRA ALL SEASON, AP3 XLN",,09,,,,,,
4717784350189,190001561,MAXXIS,Reifen,09.csv,235,40,R,19,,,"PREMITRA ALL SEASON, AP3 XLN",,09,,,,,,
4717784350196,190001551,MAXXIS,Reifen,09.csv,205,50,R,17,,,PREMITRA ALL SEASON AP3 XLFS,,09,,,,,,
4717784350202,190001559,MAXXIS,Reifen,09.csv,245,40,R,18,,,PREMITRA ALL SEASON AP3 XLFS,,09,,,,,,
4717784350219,190001560,MAXXIS,Reifen,09.csv,225,40,R,19,,,"PREMITRA ALL SEASON, AP3 XLN",,09,,,,,,
4717784350226,190001556,MAXXIS,Reifen,09.csv,255,45,R,18,,,"PREMITRA ALL SEASON, AP3 XLN",,09,,,,,,
4717784350233,190001546,MAXXIS,Reifen,09.csv,175,65,R,14,,,"PREMITRA ALL SEASON, AP3 XLN",,09,,,,,,
4717784350240,190001545,MAXXIS,Reifen,09.csv,185,65,R,15,,,"PREMITRA ALL SEASON, AP3 XLN",,09,,,,,,
4717784350257,190001548,MAXXIS,Reifen,09.csv,195,65,R,15,,,"PREMITRA ALL SEASON, AP3 XLN",,09,,,,,,
4717784350264,190001547,MAXXIS,Reifen,09.csv,195,65,R,15,,,"PREMITRA ALL SEASON, AP3 N 3",,09,,,,,,
4717784350271,190001549,MAXXIS,Reifen,09.csv,215,65,R,16,,,"PREMITRA ALL SEASON, AP3 XLN",,09,,,,,,
4717784350288,190001550,MAXXIS,Reifen,09.csv,205,60,R,16,,,"PREMITRA ALL SEASON, AP3 XLN",,09,,,,,,
4717784350295,190001557,MAXXIS,Reifen,09.csv,225,40,R,18,,,"PREMITRA ALL SEASON, AP3 XLN",,09,,,,,,
4717784350301,190001568,MAXXIS,Reifen,09.csv,225,50,R,17,,,"PREMITRA ALL SEASON, AP3 XLN",,09,,,,,,
4717784350387,190001230,MAXXIS,Reifen,09.csv,235,65,R,17,,,AP3 SUV XL GANZJAHR,,09,,,,,,
4717784350400,190001321,MAXXIS,Reifen,09.csv,255,55,R,18,,,PREMITRA ALL SEASON AP3 SUV,,09,,,,,,
4717784350431,190001243,MAXXIS,Reifen,09.csv,255,45,R,19,,,AP3 SUV XL GANZJAHR,,09,,,,,,
4717784350448,190001239,MAXXIS,Reifen,09.csv,235,55,R,19,,,AP3 SUV XL GANZJAHR,,09,,,,,,
4717784350455,190001242,MAXXIS,Reifen,09.csv,245,45,R,19,,,AP3 SUV XL GANZJAHR,,09,,,,,,
4717784350479,190001237,MAXXIS,Reifen,09.csv,235,55,R,18,,,AP3 SUV XL GANZJAHR,,09,,,,,,
4717784350486,190001244,MAXXIS,Reifen,09.csv,255,45,R,20,,,AP3 SUV XL GANZJAHR,,09,,,,,,
4717784350493,190001241,MAXXIS,Reifen,09.csv,235,45,R,19,,,AP3 SUV XL GANZJAHR,,09,,,,,,
4717784350516,190001240,MAXXIS,Reifen,09.csv,235,50,R,19,,,AP3 SUV XL GANZJAHR,,09,,,,,,
4717784350523,190001292,MAXXIS,Reifen,09.csv,215,50,R,18,,,AP3 GANZJAHR,,09,,,,,,
4717784350530,190001309,MAXXIS,Reifen,09.csv,235,50,R,18,,,PREMITRA ALL SEASON AP3 SUV,,09,,,,,,
4717784350561,190001318,MAXXIS,Reifen,09.csv,255,50,R,19,,,PREMITRA ALL SEASON AP3 SUV,,09,,,,,,
4717784350844,190001541,MAXXIS,Reifen,09.csv,205,50,R,16,,,"PREMITRA ALL SEASON, AP3 NFS",,09,,,,,,
4717784350882,190001622,MAXXIS,Reifen,09.csv,205,60,R,16,,,MECOTRA 3 + VW,,09,,,,,,
4717784351445,190001544,MAXXIS,Reifen,09.csv,225,55,R,18,,,PREMITRA ALL SEASON AP3 SUV,,09,,,,,,
4717784352145,190001674,MAXXIS,Reifen,09.csv,275,40,R,19,,Z,VICTRA SPORT 5 XLFSL,,09,,,,,,
4717784352343,190001606,MAXXIS,Reifen,09.csv,195,60,R,16,,,PREMITRA 5,,09,,,,,,
4717784352633,190001626,MAXXIS,Reifen,09.csv,205,60,R,15,,,PREMITRA 5,,09,,,,,,
4717784353388,190001570,MAXXIS,Reifen,09.csv,215,45,R,18,,,"PREMITRA ALL SEASON, AP3 XLN",,09,,,,,,
4717784353395,190001578,MAXXIS,Reifen,09.csv,195,60,R,16,,,PREMITRA ALLSEASON AP3 XL,,09,,,,,,
4717784353418,190001579,MAXXIS,Reifen,09.csv,225,60,R,16,,,PREMITRA ALLSEASON AP3 XL,,09,,,,,,
4717784353449,190001569,MAXXIS,Reifen,09.csv,245,45,R,17,,,"PREMITRA ALL SEASON, AP3 XLN",,09,,,,,,
4717784353586,190001584,MAXXIS,Reifen,09.csv,225,50,R,18,,Z,VICTRA SPORT 5 VS5 FSL,,09,,,,,,
4717784353647,190001663,MAXXIS,Reifen,09.csv,245,40,R,20,,Z,VICTRA SPORT 5 XLFSL,,09,,,,,,
4717784353654,190001627,MAXXIS,Reifen,09.csv,205,45,R,17,,Z,VICTRA SPORT 5 XLFSL,,09,,,,,,
4717784353869,190001585,MAXXIS,Reifen,09.csv,255,40,R,20,,Z,VICTRA SPORT 5 XL,,09,,,,,,
4717784353944,190000813,MAXXIS,Reifen,09.csv,215,50,R,18,,Z,PREMITRA 5,,09,,,,,,
4717784354033,190001590,MAXXIS,Reifen,09.csv,205,55,R,19,,,PREMITRA ALL SEASON AP3 SUV,,09,,,,,,
4717784354040,190001597,MAXXIS,Reifen,09.csv,245,45,R,20,,,PREMITRA ALL SEASON AP3 SUV,,09,,,,,,
4717784356471,190001666,MAXXIS,Reifen,09.csv,235,65,R,19,,,PREMITRA ALL SEASON AP3 SUV,,09,,,,,,
4717784356488,190001598,MAXXIS,Reifen,09.csv,235,50,R,20,,,PREMITRA ALL SEASON AP3 SUV,,09,,,,,,
4717784356549,190001664,MAXXIS,Reifen,09.csv,215,65,R,17,,,VICTRA SPORT 5 SUV XL,,09,,,,,,
4717784356556,190001625,MAXXIS,Reifen,09.csv,275,35,R,20,,,VICTRA SPORT 5 XLFSL,,09,,,,,,
4717784356594,190001599,MAXXIS,Reifen,09.csv,245,40,R,19,,,PREMITRA ALL SEASON AP3 XLFS,,09,,,,,,
4717784356969,190001612,MAXXIS,Reifen,09.csv,235,45,R,20,,,PREMITRA ALL SEASON SUV AP3,,09,,,,,,
4717784357157,190001600,MAXXIS,Reifen,09.csv,255,40,R,18,,,PREMITRA ALL SEASON AP3 XLFS,,09,,,,,,
4717784357164,190001601,MAXXIS,Reifen,09.csv,195,40,R,17,,,PREMITRA ALL SEASON AP3 XLFS,,09,,,,,,
4717784357171,190001621,MAXXIS,Reifen,09.csv,275,35,R,19,,,PREMITRA ALL SEASON AP3 XLFS,,09,,,,,,
4717784357188,190001698,MAXXIS,Reifen,09.csv,235,50,R,17,,,PREMITRA ALL SEASON AP3 XLFS,,09,,,,,,
4717784357249,190001592,MAXXIS,Reifen,09.csv,245,40,R,17,,,PREMITRA ALL SEASON AP3 XLFS,,09,,,,,,
4717784357256,190001593,MAXXIS,Reifen,09.csv,205,40,R,18,,,PREMITRA ALL SEASON AP3 XLFS,,09,,,,,,
4717784357430,190000804,MAXXIS,Reifen,09.csv,195,70,R,15C,102,,VANSMART MCV3+,,09,,,,,,
4717784357669,190001648,MAXXIS,Reifen,09.csv,225,40,R,19,,,PREMITRA SNOW WP6 XLFSL 3PMS,,09,,,,,,
4717784357706,190001614,MAXXIS,Reifen,09.csv,245,50,R,19,,,PREMITRA ALL SEASON SUV AP3,,09,,,,,,
4717784357713,190001620,MAXXIS,Reifen,09.csv,255,40,R,20,,,PREMITRA ALL SEASON SUV AP3,,09,,,,,,
4717784358222,190001610,MAXXIS,Reifen,09.csv,185,60,R,16,,,PREMITRA ALL SEASON AP3 FSL,,09,,,,,,
4717784358260,190001638,MAXXIS,Reifen,09.csv,215,55,R,18,,,PREMITRA SNOW WP6 SUV XLFSL,,09,,,,,,
4717784358680,190001700,MAXXIS,Reifen,09.csv,205,65,R,15,,,MECOTRA 3+ VW XL,,09,,,,,,
4717784358802,190001685,MAXXIS,Reifen,09.csv,255,55,R,18,,,PREMITRA SNOW WP6 SUV XLBSWF,,09,,,,,,
4717784358949,190001659,MAXXIS,Reifen,09.csv,165,70,R,14,,,AP2 XL GANZJAHR,,09,,,,,,
4717784358956,190001652,MAXXIS,Reifen,09.csv,165,65,R,14,,,AP2 XL GANZJAHR,,09,,,,,,
4717784358963,190001653,MAXXIS,Reifen,09.csv,165,60,R,14,,,AP2 XL GANZJAHR,,09,,,,,,
4717784358987,190000675,MAXXIS,Reifen,09.csv,185,70,R,14,,,AP2 XL GANZJAHR,,09,,,,,,
4717784358994,190001629,MAXXIS,Reifen,09.csv,185,65,R,14,,,AP2 ALL SEASON 3PMSF,,09,,,,,,
4717784359007,190001654,MAXXIS,Reifen,09.csv,195,60,R,14,,,AP2 GANZJAHR,,09,,,,,,
4717784359014,190000605,MAXXIS,Reifen,09.csv,145,65,R,15,,,AP2 GANZJAHR,,09,,,,,,
4717784359021,190001676,MAXXIS,Reifen,09.csv,155,60,R,15,,,AP2 ALL SEASON 3PMSF,,09,,,,,,
4717784359038,190001660,MAXXIS,Reifen,09.csv,165,60,R,15,,,AP2 GANZJAHR,,09,,,,,,
4717784359045,190001628,MAXXIS,Reifen,09.csv,175,55,R,15,,,AP2 GANZJAHR,,09,,,,,,
4717784359069,190001667,MAXXIS,Reifen,09.csv,215,65,R,15,,,AP2 ALL SEASON XL 3PMSF,,09,,,,,,
4717784359113,190001673,MAXXIS,Reifen,09.csv,235,50,R,18,,,PREMITRA SNOW WP6 SUV XLFSL,,09,,,,,,
4717784359137,190001635,MAXXIS,Reifen,09.csv,235,55,R,17,,,PREMITRA SNOW WP6 SUV XLFSL,,09,,,,,,
4717784359168,190001644,MAXXIS,Reifen,09.csv,255,50,R,19,,,PREMITRA SNOW WP6 SUV XLFSL,,09,,,,,,
4717784359182,190001651,MAXXIS,Reifen,09.csv,155,65,R,13,,,AP3 GANZJAHR,,09,,,,,,
4717784359205,190001645,MAXXIS,Reifen,09.csv,155,65,R,14,,,PREMITRA ALL SEASON AP3 XLFS,,09,,,,,,
4717784359359,190001669,MAXXIS,Reifen,09.csv,225,55,R,19,,,PREMITRA ALL SEASON AP3 SUV,,09,,,,,,
4717784360119,190001675,MAXXIS,Reifen,09.csv,245,50,R,18,,,PREMITRA ALL SEASON AP3 XLFS,,09,,,,,,
4717784360126,190001680,MAXXIS,Reifen,09.csv,275,40,R,19,,,PREMITRA ALL SEASON AP3 XLFS,,09,,,,,,
4717784360133,190001247,MAXXIS,Reifen,09.csv,235,55,R,18,,,VICTRA SPORT 5 SUV XL,,09,,,,,,
4717784360140,190001539,MAXXIS,Reifen,09.csv,235,45,R,19,,Z,VICTRA SPORT 5 VS5 SUV,,09,,,,,,
4717784360508,190001679,MAXXIS,Reifen,09.csv,215,50,R,19,,,AP3 GANZJAHR,,09,,,,,,
4717784360799,190001681,MAXXIS,Reifen,09.csv,215,60,R,17,,,AP3 GANZJAHR XL,,09,,,,,,
4717784361154,190001686,MAXXIS,Reifen,09.csv,225,60,R,16C,103,,VANSMART A/S AL2,,09,,,,,,
4717784361185,190001696,MAXXIS,Reifen,09.csv,275,45,R,20,,,PREMITRA ALL SEASON SUV AP3,,09,,,,,,
4717784361192,190001692,MAXXIS,Reifen,09.csv,245,55,R,17,,,PREMITRA ALL SEASON AP3 SUV,,09,,,,,,
4717784361208,190001691,MAXXIS,Reifen,09.csv,245,60,R,18,,,PREMITRA ALL SEASON AP3 SUV,,09,,,,,,
4717784361215,190001693,MAXXIS,Reifen,09.csv,225,50,R,19,,,PREMITRA ALL SEASON SUV AP3,,09,,,,,,
4717784361239,190001707,MAXXIS,Reifen,09.csv,195,65,R,16,,,PREMITRA ALL SEASON AP3 3PMS,,09,,,,,,
4717784361246,190001703,MAXXIS,Reifen,09.csv,205,65,R,16,,,PREMITRA ALL SEASON AP3 XL 3,,09,,,,,,
4717784361260,190001701,MAXXIS,Reifen,09.csv,245,35,R,20,,,PREMITRA ALL SEASON AP3 XLFS,,09,,,,,,
4717784361307,190001704,MAXXIS,Reifen,09.csv,205,60,R,17,,,PREMITRA ALL SEASON AP3 XL 3,,09,,,,,,
4717784361321,190001705,MAXXIS,Reifen,09.csv,255,35,R,20,,,PREMITRA ALL SEASON AP3 XLY,,09,,,,,,
4717784361628,190001710,MAXXIS,Reifen,09.csv,195,60,R,18,,,PREMITRA ALL SEASON AP3 XL 3,,09,,,,,,
4717784361635,190001725,MAXXIS,Reifen,09.csv,195,55,R,20,,,PREMITRA ALL SEASON AP3 XLFS,,09,,,,,,
4717784361642,190001722,MAXXIS,Reifen,09.csv,215,45,R,20,,,PREMITRA ALL SEASON AP3 XLFS,,09,,,,,,
4717784362069,190001711,MAXXIS,Reifen,09.csv,215,40,R,18,,,PREMITRA SNOW WP6 XLFSL 3PMS,,09,,,,,,
4717784362076,190001712,MAXXIS,Reifen,09.csv,255,45,R,18,,,PREMITRA SNOW WP6 XLFSL 3PMS,,09,,,,,,
4717784362090,190001713,MAXXIS,Reifen,09.csv,255,45,R,19,,,PREMITRA SNOW WP6 XLFSL 3PMS,,09,,,,,,
4717784362625,190001720,MAXXIS,Reifen,09.csv,225,60,R,18,,,PREMITRA SNOW WP6 SUV XLFSL,,09,,,,,,
4717784362663,190001721,MAXXIS,Reifen,09.csv,245,50,R,18,,,PREMITRA SNOW WP6 XLFSL 3PMS,,09,,,,,,
4717784362700,190001719,MAXXIS,Reifen,09.csv,235,35,R,19,,,PREMITRA SNOW WP6 XLFSL 3PMS,,09,,,,,,
4717784362991,190001729,MAXXIS,Reifen,09.csv,235,45,R,18,,,VICTRA SPORT 6 VS6 XLFSL,,09,,,,,,
4717784364049,190001726,MAXXIS,Reifen,09.csv,195,75,R,16C,108,,VANSMART A/S AL2 3PMSF,,09,,,,,,
4717784366425,190001730,MAXXIS,Reifen,09.csv,235,55,R,19,,,VICTRA SPORT 6 SUV VS6 SUV X,,09,,,,,,
4717784366449,190001731,MAXXIS,Reifen,09.csv,255,45,R,20,,,VICTRA SPORT 6 SUV XLFSL,,09,,,,,,
4717784366456,190001732,MAXXIS,Reifen,09.csv,235,40,R,19,,,VICTRA SPORT 6 XLFSL,,09,,,,,,
4717784366494,190001733,MAXXIS,Reifen,09.csv,245,45,R,19,,,VICTRA SPORT 6 XLFSL,,09,,,,,,
4717784366548,190001735,MAXXIS,Reifen,09.csv,245,45,R,20,,,VICTRA SPORT 6 SUV XLFSL,,09,,,,,,
4717784366579,190001736,MAXXIS,Reifen,09.csv,255,40,R,20,,,VICTRA SPORT 6 XLFSL,,09,,,,,,
4717784367347,190001738,MAXXIS,Reifen,09.csv,225,40,R,19,,,VICTRA SPORT 6 XLFSL,,09,,,,,,
4717784367354,190001739,MAXXIS,Reifen,09.csv,225,45,R,18,,,VICTRA SPORT 6 XLFSL,,09,,,,,,
4717784367361,190001740,MAXXIS,Reifen,09.csv,225,45,R,19,,,VICTRA SPORT 6 XLFSL,,09,,,,,,
4717784367422,190001742,MAXXIS,Reifen,09.csv,245,40,R,19,,,VICTRA SPORT 6 XLFSL,,09,,,,,,
4717784367446,190001743,MAXXIS,Reifen,09.csv,255,35,R,19,,,VICTRA SPORT 6 XLFSL,,09,,,,,,
4717784367514,190001744,MAXXIS,Reifen,09.csv,185,55,R,15,,,PREMITRA HP6 XL,,09,,,,,,
4717784367545,190001747,MAXXIS,Reifen,09.csv,195,65,R,15,,,PREMITRA HP6,,09,,,,,,
4717784367569,190001748,MAXXIS,Reifen,09.csv,195,65,R,15,,,PREMITRA HP6 XL,,09,,,,,,
4717784367576,190001749,MAXXIS,Reifen,09.csv,205,55,R,16,,,PREMITRA HP6,,09,,,,,,
4717784367583,190001750,MAXXIS,Reifen,09.csv,205,55,R,16,,,PREMITRA HP6 XL,,09,,,,,,
4717784367590,190001751,MAXXIS,Reifen,09.csv,205,60,R,16,,,PREMITRA HP6,,09,,,,,,
4717784367613,190001753,MAXXIS,Reifen,09.csv,225,45,R,17,,,PREMITRA HP6 FSL,,09,,,,,,
4717784367620,190001754,MAXXIS,Reifen,09.csv,225,45,R,17,,,PREMITRA HP6 XLFSL,,09,,,,,,
4717784367644,190001756,MAXXIS,Reifen,09.csv,225,55,R,18,,,PREMITRA HP6 XL,,09,,,,,,
4717784367651,190001757,MAXXIS,Reifen,09.csv,225,60,R,17,,,PREMITRA HP6,,09,,,,,,
4717784700076,190000528,MAXXIS,Reifen,09.csv,195,50,B,10,,,M-8001 TRAILER,,09,,,,,,
4968814602109,160000021,YOKOHAMA,Reifen,09.csv,165,70,R,10,,,A008,,09,,,,,,
4968814699123,160002004,YOKOHAMA,Reifen,09.csv,215,55,R,17,,,G900-A SUB,,09,,,,,,
4968814762698,160001882,YOKOHAMA,Reifen,09.csv,205,55,R,16,,,ADVAN SPORT MO C-KLASSE,,09,,,,,,
4968814784348,160001753,YOKOHAMA,Reifen,09.csv,225,45,R,17,,,C.DRIVE 2 A/B  MO,,09,,,,,,
4968814785581,160001653,YOKOHAMA,Reifen,09.csv,295,35,R,21,,,ADVAN-SPORT N1 XL,,09,,,,,,
4968814801441,160001775,YOKOHAMA,Reifen,09.csv,225,45,R,17,,,ADVAN SPORT MO(V105),,09,,,,,,
4968814812577,160002368,YOKOHAMA,Reifen,09.csv,255,40,R,20,,Z,ADVANSPORT (V105) XLN,,09,,,,,,
4968814850982,160002139,YOKOHAMA,Reifen,09.csv,225,55,R,17,,,ADVANSPORT (V105) XLRPB,,09,,,,,,
4968814857448,160001954,YOKOHAMA,Reifen,09.csv,295,35,R,21,,,ADVAN SPT (V105)N2 XL,,09,,,,,,
4968814871963,160002204,YOKOHAMA,Reifen,09.csv,235,50,R,18,,,ADVANSPORT (V105) XLRPB,,09,,,,,,
4968814875077,160002198,YOKOHAMA,Reifen,09.csv,225,45,R,18,,,ADVANSPORT MO (V105) XLR,,09,,,,,,
4968814876883,160002230,YOKOHAMA,Reifen,09.csv,215,70,R,15,,,GEOL. H/T (G056) M+S,,09,,,,,,
4968814882006,160002190,YOKOHAMA,Reifen,09.csv,265,35,R,22,,,ADVANSPORT (V105) XLRPB,,09,,,,,,
4968814882112,160002201,YOKOHAMA,Reifen,09.csv,255,45,R,20,,,ADVANSPORT (V105) XLRPB,,09,,,,,,
4968814888121,160002391,YOKOHAMA,Reifen,09.csv,275,35,Z,19,,,ADVANSPORT (V105) HA XLMO,,09,,,,,,
4968814888145,160002390,YOKOHAMA,Reifen,09.csv,275,30,Z,20,,,ADVANSPORT (V105) HA XLMO,,09,,,,,,
4968814888183,160003063,YOKOHAMA,Reifen,09.csv,285,40,R,19,,Z,ADVANSPORT V105 XL*RP,,09,,,,,,
4968814892562,160002881,YOKOHAMA,Reifen,09.csv,235,40,R,18,,,ADVAN-FLEVA (V701) XLRPB,,09,,,,,,
4968814899813,160002965,YOKOHAMA,Reifen,09.csv,225,45,R,17,,,ADVAN FLEVA (V701) XLRPB,,09,,,,,,
4968814899837,160002331,YOKOHAMA,Reifen,09.csv,235,35,R,19,,,ADVAN-FLEVA (V701) XLRPB,,09,,,,,,
4968814899868,160002261,YOKOHAMA,Reifen,09.csv,195,45,R,16,,,ADVAN-FLEVA (V701) XLRPB,,09,,,,,,
4968814899882,160002269,YOKOHAMA,Reifen,09.csv,205,40,R,18,,,ADVAN-FLEVA (V701) XLRPB,,09,,,,,,
4968814899950,160002272,YOKOHAMA,Reifen,09.csv,205,45,R,17,,,ADVAN-FLEVA (V701) XLRPB,,09,,,,,,
4968814899998,160002291,YOKOHAMA,Reifen,09.csv,215,40,R,17,,,ADVAN-FLEVA (V701) XLRPB,,09,,,,,,
4968814900045,160002971,YOKOHAMA,Reifen,09.csv,225,50,R,16,,,ADVAN-FLEVA (V701) RPB,,09,,,,,,
4968814900137,160002760,YOKOHAMA,Reifen,09.csv,255,35,R,19,,,ADVAN-FLEVA (V701) XLRPB,,09,,,,,,
4968814900151,160002337,YOKOHAMA,Reifen,09.csv,235,45,R,19,,,ADVAN FLEVA (V701) RPB,,09,,,,,,
4968814900199,160002283,YOKOHAMA,Reifen,09.csv,205,55,R,17,,,ADVAN FLEVA (V701) RPB,,09,,,,,,
4968814904128,160002340,YOKOHAMA,Reifen,09.csv,235,60,R,18,,,GEOL. A/T (G015) RPB,,09,,,,,,
4968814904333,160002267,YOKOHAMA,Reifen,09.csv,195,80,R,15,,,GEOL. A/T (G015) RPB,,09,,,,,,
4968814905859,160003783,YOKOHAMA,Reifen,09.csv,275,35,R,19,,,ADVANSPORT V105 ZPSRPB,,09,,,,,,
4968814911065,160002414,YOKOHAMA,Reifen,09.csv,215,70,R,16,,,BLUEARTH-WINTER (V905) 3PMSF,,09,,,,,,
4968814911447,160002491,YOKOHAMA,Reifen,09.csv,235,50,R,18,,,BLUEARTH-WINTER (V905) 3PMSF,,09,,,,,,
4968814911454,160002467,YOKOHAMA,Reifen,09.csv,225,45,R,19,,,BLUEARTH-WINTER (V905) 3PMSF,,09,,,,,,
4968814911577,160002486,YOKOHAMA,Reifen,09.csv,235,40,R,18,,,BLUEARTH-WINTER (V905) 3PMSF,,09,,,,,,
4968814911591,160002496,YOKOHAMA,Reifen,09.csv,235,60,R,16,,,BLUEARTH-WINTER (V905) 3PMSF,,09,,,,,,
4968814911669,160002472,YOKOHAMA,Reifen,09.csv,225,55,R,16,,,BLUEARTH-WINTER (V905) 3PMSF,,09,,,,,,
4968814922894,160002702,YOKOHAMA,Reifen,09.csv,225,55,R,18,,,GEOL. A/T (G015) 3PMSF RWL M,,09,,,,,,
4968814922955,160002736,YOKOHAMA,Reifen,09.csv,235,70,R,15,,,GEOL. A/T (G015) 3PMSF OWL M,,09,,,,,,
4968814923006,160002718,YOKOHAMA,Reifen,09.csv,225,80,R,15,,,GEOL. A/T (G015) 3PMSF RWL M,,09,,,,,,
4968814923020,160002716,YOKOHAMA,Reifen,09.csv,225,70,R,17,,,GEOL. A/T (G015) 3PMSF RWL M,,09,,,,,,
4968814923945,160002525,YOKOHAMA,Reifen,09.csv,265,40,R,21,,,BLUEARTH-WINTER (V905) 3PMSF,,09,,,,,,
4968814923952,160002478,YOKOHAMA,Reifen,09.csv,225,60,R,18,,,BLUEARTH-WINTER (V905) 3PMSF,,09,,,,,,
4968814923983,160002499,YOKOHAMA,Reifen,09.csv,235,60,R,18,,,BLUEARTH-WINTER (V905) 3PMSF,,09,,,,,,
4968814924058,160002518,YOKOHAMA,Reifen,09.csv,255,55,R,18,,,BLUEARTH-WINTER (V905) 3PMSF,,09,,,,,,
4968814924072,160002514,YOKOHAMA,Reifen,09.csv,255,45,R,19,,,BLUEARTH-WINTER (V905) 3PMSF,,09,,,,,,
4968814924263,160002437,YOKOHAMA,Reifen,09.csv,205,55,R,15,,,BLUEARTH-WINTER (V905) 3PMSF,,09,,,,,,
4968814925123,160002561,YOKOHAMA,Reifen,09.csv,175,65,R,14,,,BLUEARTH-ES (ES32),,09,,,,,,
4968814925185,160002904,YOKOHAMA,Reifen,09.csv,185,55,R,15,,,BLUEARTH-ES ES32,,09,,,,,,
4968814925338,160002590,YOKOHAMA,Reifen,09.csv,195,55,R,15,,,BLUEARTH-ES ES32,,09,,,,,,
4968814925352,160002917,YOKOHAMA,Reifen,09.csv,195,55,R,16,,,BLUEARTH-ES ES32,,09,,,,,,
4968814925413,160002601,YOKOHAMA,Reifen,09.csv,195,65,R,15,,,BLUEARTH-ES ES32,,09,,,,,,
4968814925475,160002617,YOKOHAMA,Reifen,09.csv,205,45,R,17,,,BLUEARTH-ES ES32,,09,,,,,,
4968814925505,160002624,YOKOHAMA,Reifen,09.csv,205,55,R,16,,,BLUEARTH-ES (ES32),,09,,,,,,
4968814925529,160002932,YOKOHAMA,Reifen,09.csv,205,60,R,16,,,BLUEARTH-ES ES32,,09,,,,,,
4968814925567,160002935,YOKOHAMA,Reifen,09.csv,215,40,R,17,,,BLUEARTH-ES ES32 XLRPB,,09,,,,,,
4968814925581,160002654,YOKOHAMA,Reifen,09.csv,215,50,R,17,,,BLUEARTH-ES ES32,,09,,,,,,
4968814925604,160002658,YOKOHAMA,Reifen,09.csv,215,55,R,16,,,BLUEARTH-ES ES32,,09,,,,,,
4968814925659,160002683,YOKOHAMA,Reifen,09.csv,225,40,R,18,,,BLUEARTH-ES ES32,,09,,,,,,
4968814925666,160002964,YOKOHAMA,Reifen,09.csv,225,45,R,17,,,BLUEARTH-ES ES32 XLRPB,,09,,,,,,
4968814925673,160002695,YOKOHAMA,Reifen,09.csv,225,50,R,17,,,BLUEARTH-ES ES32,,09,,,,,,
4968814937393,160002825,YOKOHAMA,Reifen,09.csv,205,55,R,16,,,BLUEARTH-4S AW21 M+S,,09,,,,,,
4968814937409,160002824,YOKOHAMA,Reifen,09.csv,195,65,R,15,,,BLUEARTH-4S AW21 M+S,,09,,,,,,
4968814937416,160002819,YOKOHAMA,Reifen,09.csv,185,65,R,15,,,BLUEARTH-4S AW21 M+S,,09,,,,,,
4968814937423,160002831,YOKOHAMA,Reifen,09.csv,215,60,R,16,,,BLUEARTH-4S AW21 XL M+S,,09,,,,,,
4968814937430,160002826,YOKOHAMA,Reifen,09.csv,205,60,R,16,,,BLUEARTH-4S AW21 XL M+S,,09,,,,,,
4968814937447,160002818,YOKOHAMA,Reifen,09.csv,185,60,R,15,,,BLUEARTH-4S AW21 XL M+S,,09,,,,,,
4968814937461,160002815,YOKOHAMA,Reifen,09.csv,175,65,R,15,,,BLUEARTH-4S AW21 M+S,,09,,,,,,
4968814937485,160002844,YOKOHAMA,Reifen,09.csv,225,65,R,17,,,BLUEARTH-4S AW21 SL M+S,,09,,,,,,
4968814937508,160002833,YOKOHAMA,Reifen,09.csv,215,65,R,16,,,BLUEARTH-4S AW21 M+S,,09,,,,,,
4968814937515,160002830,YOKOHAMA,Reifen,09.csv,215,55,R,16,,,BLUEARTH-4S AW21 XL M+S,,09,,,,,,
4968814937522,160002839,YOKOHAMA,Reifen,09.csv,225,40,R,18,,,BLUEARTH-4S AW21 XL M+S,,09,,,,,,
4968814937614,160002445,YOKOHAMA,Reifen,09.csv,205,65,R,16C,105,,BLUEARTH-WINTER WY01 3PMSF,,09,,,,,,
4968814938178,160003053,YOKOHAMA,Reifen,09.csv,275,40,R,19,,Z,ADVANSPORT V105 XL*RP,,09,,,,,,
4968814938369,160003016,YOKOHAMA,Reifen,09.csv,245,45,R,20,,,ADVANSPORT V105 XL*RPB,,09,,,,,,
4968814940423,160003182,YOKOHAMA,Reifen,09.csv,205,55,R,16,,Z,A008P N0,,09,,,,,,
4968814944209,160003014,YOKOHAMA,Reifen,09.csv,245,45,R,18,,,ADVAN-FLEVA (V701) XL,,09,,,,,,
4968814948313,160002843,YOKOHAMA,Reifen,09.csv,225,60,R,18,,,BLUEARTH WINTER (V905) XL M+,,09,,,,,,
4968814948610,160003021,YOKOHAMA,Reifen,09.csv,255,30,R,20,,Z,ADVAN-SPORT (V105) XLR,,09,,,,,,
4968814948658,160002882,YOKOHAMA,Reifen,09.csv,235,40,R,19,,,ADVANSPORT (V105) XL,,09,,,,,,
4968814949808,160002937,YOKOHAMA,Reifen,09.csv,215,40,R,17,,,BLUEARTH-A AE50 XL,,09,,,,,,
4968814958879,160002821,YOKOHAMA,Reifen,09.csv,195,50,R,15,,,BLUEARTH-4S AW21 M+S,,09,,,,,,
4968814958886,160002820,YOKOHAMA,Reifen,09.csv,195,45,R,16,,,BLUEARTH-4S AW21 XL M+S,,09,,,,,,
4968814958893,160002817,YOKOHAMA,Reifen,09.csv,185,60,R,14,,,BLUEARTH-4S AW21 M+S,,09,,,,,,
4968814958909,160002918,YOKOHAMA,Reifen,09.csv,195,60,R,15,,,BLUEARTH-4S AW21 3PMSF,,09,,,,,,
4968814958923,160002827,YOKOHAMA,Reifen,09.csv,205,60,R,16,,,BLUEARTH-4S AW21 XL M+S,,09,,,,,,
4968814958947,160002835,YOKOHAMA,Reifen,09.csv,215,65,R,17,,,BLUEARTH-4S AW21 M+S,,09,,,,,,
4968814958961,160003001,YOKOHAMA,Reifen,09.csv,235,65,R,17,,,BLUEARTH-4S AW21 3PMSF,,09,,,,,,
4968814958985,160002976,YOKOHAMA,Reifen,09.csv,225,55,R,19,,,BLUEARTH-4S AW21 3PMSF,,09,,,,,,
4968814958992,160003115,YOKOHAMA,Reifen,09.csv,225,60,R,18,,,BLUEARTH-4S AW21 XL 3PMSF,,09,,,,,,
4968814959005,160002916,YOKOHAMA,Reifen,09.csv,195,55,R,15,,,BLUEARTH-4S AW21 3PMSF,,09,,,,,,
4968814959036,160002927,YOKOHAMA,Reifen,09.csv,205,55,R,16,,,BLUEARTH-4S AW21 3PMSF,,09,,,,,,
4968814959043,160002907,YOKOHAMA,Reifen,09.csv,185,65,R,15,,,BLUEARTH-4S AW21 3PMSF,,09,,,,,,
4968814959067,160002989,YOKOHAMA,Reifen,09.csv,235,50,R,18,,,BLUEARTH-4S AW21 XLRPB 3PMSF,,09,,,,,,
4968814959081,160003114,YOKOHAMA,Reifen,09.csv,225,60,R,17,,,BLUEARTH-4S AW21 XL 3PMSF,,09,,,,,,
4968814959098,160003113,YOKOHAMA,Reifen,09.csv,225,55,R,18,,,BLUEARTH-4S AW21 3PMSF,,09,,,,,,
4968814959128,160003099,YOKOHAMA,Reifen,09.csv,215,50,R,17,,,BLUEARTH-4S AW21 XLRPB 3PMSF,,09,,,,,,
4968814959135,160003109,YOKOHAMA,Reifen,09.csv,225,45,R,19,,,BLUEARTH-4S AW21 XLRPB 3PMSF,,09,,,,,,
4968814963071,160003209,YOKOHAMA,Reifen,09.csv,225,50,R,17,,,BLUEARTH-GT AE51 XLRPB,,09,,,,,,
4968814963101,160003229,YOKOHAMA,Reifen,09.csv,245,45,R,18,,,BLUEARTH-GT AE51 XLRPB,,09,,,,,,
4968814963125,160003232,YOKOHAMA,Reifen,09.csv,255,40,R,18,,,BLUEARTH-GT AE51 XLRPB,,09,,,,,,
4968814963163,160003213,YOKOHAMA,Reifen,09.csv,225,55,R,17,,,BLUEARTH-GT AE51 XL,,09,,,,,,
4968814963170,160003198,YOKOHAMA,Reifen,09.csv,225,35,R,18,,,BLUEARTH-GT AE51 XLRPB,,09,,,,,,
4968814963248,160003211,YOKOHAMA,Reifen,09.csv,225,50,R,18,,,BLUEARTH-GT AE51 RPB,,09,,,,,,
4968814963286,160003226,YOKOHAMA,Reifen,09.csv,245,40,R,19,,,BLUEARTH-GT AE51 XLRPB,,09,,,,,,
4968814963293,160003173,YOKOHAMA,Reifen,09.csv,205,40,R,18,,,BLUEARTH-GT AE51 XLRPB,,09,,,,,,
4968814963309,160003195,YOKOHAMA,Reifen,09.csv,215,55,R,17,,,BLUEARTH-GT AE51 XL,,09,,,,,,
4968814963323,160003203,YOKOHAMA,Reifen,09.csv,225,45,R,17,,,BLUEARTH-GT AE51 XLRPB,,09,,,,,,
4968814963354,160003190,YOKOHAMA,Reifen,09.csv,215,45,R,17,,,BLUEARTH-GT AE51 XLRPB,,09,,,,,,
4968814963460,160003169,YOKOHAMA,Reifen,09.csv,195,50,R,16,,,BLUEARTH-GT AE51 XLRPB,,09,,,,,,
4968814963484,160003175,YOKOHAMA,Reifen,09.csv,205,45,R,17,,,BLUEARTH-GT AE51 XLRPB,,09,,,,,,
4968814963507,160003178,YOKOHAMA,Reifen,09.csv,205,50,R,17,,,BLUEARTH-GT AE51 XLRPB,,09,,,,,,
4968814963569,160003191,YOKOHAMA,Reifen,09.csv,215,45,R,18,,,BLUEARTH-GT AE51 XLRPB,,09,,,,,,
4968814963590,160003224,YOKOHAMA,Reifen,09.csv,245,40,R,18,,,BLUEARTH-GT AE51 XLRPB,,09,,,,,,
4968814963620,160003230,YOKOHAMA,Reifen,09.csv,245,45,R,19,,,BLUEARTH-GT AE51 RPB,,09,,,,,,
4968814963637,160003215,YOKOHAMA,Reifen,09.csv,235,35,R,19,,,BLUEARTH-GT AE51 XLRPB,,09,,,,,,
4968814963675,160003199,YOKOHAMA,Reifen,09.csv,225,35,R,19,,,BLUEARTH-GT AE51 XLRPB,,09,,,,,,
4968814963712,160003220,YOKOHAMA,Reifen,09.csv,235,45,R,19,,,BLUEARTH-GT AE51 RPB,,09,,,,,,
4968814968854,160003239,YOKOHAMA,Reifen,09.csv,225,60,R,17,,,GEOL. A/T (G015),,09,,,,,,
4968814973964,160003019,YOKOHAMA,Reifen,09.csv,255,30,R,19,,Z,ADVAN-SPORT (V105) XLR,,09,,,,,,
4968814979294,160003085,YOKOHAMA,Reifen,09.csv,195,50,R,15,,,ADVAN-NEOVA AD08RS RPB,,09,,,,,,
4968814979348,160003106,YOKOHAMA,Reifen,09.csv,225,45,R,16,,,ADVAN-NEOVA AD08RS RPB,,09,,,,,,
4968814979362,160003119,YOKOHAMA,Reifen,09.csv,235,40,R,18,,,ADVAN-NEOVA AD08RS RPB,,09,,,,,,
4968814979522,160003135,YOKOHAMA,Reifen,09.csv,255,40,R,18,,,ADVAN-NEOVA AD08RS RPB,,09,,,,,,
4968814979546,160003110,YOKOHAMA,Reifen,09.csv,225,50,R,16,,,ADVAN-NEOVA AD08RS RPB,,09,,,,,,
4968814984519,160003129,YOKOHAMA,Reifen,09.csv,245,45,R,18,,,BLUEARTH-4S AW21 XLRPB 3PMSF,,09,,,,,,
4968814984540,160003095,YOKOHAMA,Reifen,09.csv,215,45,R,16,,,BLUEARTH-4S AW21 XLRPB 3PMSF,,09,,,,,,
4968814984564,160003102,YOKOHAMA,Reifen,09.csv,215,60,R,16,,,BLUEARTH-4S AW21 XL 3PMSF,,09,,,,,,
4968814984571,160003225,YOKOHAMA,Reifen,09.csv,245,40,R,18,,,BLUEARTH-4S AW21 XLRPB 3PMSF,,09,,,,,,
4968814986551,160003789,YOKOHAMA,Reifen,09.csv,275,40,R,18,,Z,ADVANSPORT V107E XL*R,,09,,,,,,
4968814986599,160003210,YOKOHAMA,Reifen,09.csv,225,50,R,17,,Z,ADVAN-SPORT (V105S) XL,,09,,,,,,
4968814987954,160003105,YOKOHAMA,Reifen,09.csv,225,40,R,19,,,BLUEARTH-WINTER (V905) XL 3P,,09,,,,,,
4968814988302,160003315,YOKOHAMA,Reifen,09.csv,235,60,R,18,,,GEOL. CV G058 M+S,,09,,,,,,
4968814988449,160003293,YOKOHAMA,Reifen,09.csv,225,50,R,18,,,GEOL. CV G058 RPB M+S,,09,,,,,,
4968814988463,160003278,YOKOHAMA,Reifen,09.csv,215,60,R,17,,,GEOL. CV G058 M+S,,09,,,,,,
4968814988470,160003275,YOKOHAMA,Reifen,09.csv,215,55,R,18,,,GEOL. CV G058 M+S,,09,,,,,,
4968814988630,160003300,YOKOHAMA,Reifen,09.csv,225,60,R,18,,,GEOL. CV G058,,09,,,,,,
4968814988654,160003296,YOKOHAMA,Reifen,09.csv,225,55,R,18,,,GEOL. CV G058,,09,,,,,,
4968814989965,160003419,YOKOHAMA,Reifen,09.csv,235,55,R,18,,,BLUEARTH-XT AE61 RPB,,09,,,,,,
4968814990008,160003416,YOKOHAMA,Reifen,09.csv,235,50,R,18,,,BLUEARTH-XT AE61 RPB,,09,,,,,,
4968814990015,160003694,YOKOHAMA,Reifen,09.csv,235,55,R,20,,,BLUEARTH-XT AE61,,09,,,,,,
4968814990039,160003389,YOKOHAMA,Reifen,09.csv,215,65,R,16,,,BLUEARTH-XT AE61,,09,,,,,,
4968814990053,160003386,YOKOHAMA,Reifen,09.csv,215,60,R,17,,,BLUEARTH-XT AE61,,09,,,,,,
4968814990077,160003378,YOKOHAMA,Reifen,09.csv,215,50,R,18,,,BLUEARTH-XT AE61 RPB,,09,,,,,,
4968814990084,160003422,YOKOHAMA,Reifen,09.csv,235,60,R,18,,,BLUEARTH-XT AE61,,09,,,,,,
4968814990169,160003405,YOKOHAMA,Reifen,09.csv,225,55,R,18,,,BLUEARTH-XT AE61,,09,,,,,,
4968814990190,160003392,YOKOHAMA,Reifen,09.csv,215,65,R,17,,,BLUEARTH-XT AE61,,09,,,,,,
4968814995980,160003299,YOKOHAMA,Reifen,09.csv,225,60,R,18,,,GEOL. A/T (G015) XL,,09,,,,,,
4968814997762,160003509,YOKOHAMA,Reifen,09.csv,235,45,R,17,,,BLUEARTH-4S AW21 XLRPB 3PMSF,,09,,,,,,
4968814997779,160003515,YOKOHAMA,Reifen,09.csv,235,60,R,16,,,BLUEARTH-4S AW21 3PMSF,,09,,,,,,
4968814997960,160003488,YOKOHAMA,Reifen,09.csv,185,60,R,13,,,ADVAN A052,,09,,,,,,
4968814998035,160003159,YOKOHAMA,Reifen,09.csv,165,60,R,12,,,A539,,09,,,,,,
4968814998783,160003237,YOKOHAMA,Reifen,09.csv,295,35,R,21,,,ADVANSPORT (V103B) XLN0RPB,,09,,,,,,
4968814998950,160003286,YOKOHAMA,Reifen,09.csv,225,40,R,18,,,BLUEARTH-WINTER (V906) 3PMSF,,09,,,,,,
4968814998998,160003276,YOKOHAMA,Reifen,09.csv,215,60,R,16,,,BLUEARTH-WINTER (V906) 3PMSF,,09,,,,,,
4968814999025,160003287,YOKOHAMA,Reifen,09.csv,225,45,R,17,,,BLUEARTH-WINTER (V906) RPB 3,,09,,,,,,
4968814999094,160003289,YOKOHAMA,Reifen,09.csv,225,50,R,17,,,BLUEARTH-WINTER (V906) 3PMSF,,09,,,,,,
4968814999117,160003292,YOKOHAMA,Reifen,09.csv,225,50,R,18,,,BLUEARTH-WINTER (V906) 3PMSF,,09,,,,,,
4968814999155,160003266,YOKOHAMA,Reifen,09.csv,205,55,R,16,,,BLUEARTH-WINTER (V906) 3PMSF,,09,,,,,,
4968814999469,160003546,YOKOHAMA,Reifen,09.csv,145,80,R,13,,,G.T.SPECIAL CLASSIC Y350,,09,,,,,,
4981910516231,120003519,TOYO,Reifen,09.csv,195,50,R,15,,,PROXES TR1 XL,,09,,,,,,
4981910516804,120003709,TOYO,Reifen,09.csv,245,45,R,16,,,PROXES TR1 XL,,09,,,,,,
4981910516835,120003682,TOYO,Reifen,09.csv,205,55,R,16,,,PROXES TR1,,09,,,,,,
4981910517429,120003665,TOYO,Reifen,09.csv,195,45,R,16,,,PROXES TR1 XL,,09,,,,,,
4981910519126,120003687,TOYO,Reifen,09.csv,215,40,R,16,,,PROXES TR1 XL,,09,,,,,,
4981910519270,120003664,TOYO,Reifen,09.csv,195,45,R,15,,,PROXES TR1 XL,,09,,,,,,
4981910525486,120003826,TOYO,Reifen,09.csv,235,55,R,17,,,PROXES TR1 XL,,09,,,,,,
4981910539247,120003905,TOYO,Reifen,09.csv,185,65,R,15,,,PROXES COMFORT XL,,09,,,,,,
4981910540953,120004026,TOYO,Reifen,09.csv,225,40,R,18,,,PROXES COMFORT XLFSL,,09,,,,,,
4981910540960,120004041,TOYO,Reifen,09.csv,225,45,R,18,,,PROXES COMFORT XLFSL,,09,,,,,,
4981910540984,120003892,TOYO,Reifen,09.csv,185,55,R,15,,,PROXES COMFORT,,09,,,,,,
4981910541578,120003996,TOYO,Reifen,09.csv,215,55,R,17,,,PROXES COMFORT XL,,09,,,,,,
4981910541592,120003899,TOYO,Reifen,09.csv,185,60,R,15,,,PROXES COMFORT XL,,09,,,,,,
4981910541615,120003938,TOYO,Reifen,09.csv,205,45,R,17,,,PROXES COMFORT XLFSL,,09,,,,,,
4981910541660,120004016,TOYO,Reifen,09.csv,215,65,R,17,,,PROXES COMFORT,,09,,,,,,
4981910541707,120003912,TOYO,Reifen,09.csv,195,50,R,15,,,PROXES COMFORT FSL,,09,,,,,,
4981910541783,120003982,TOYO,Reifen,09.csv,215,50,R,17,,,PROXES COMFORT XLFSL,,09,,,,,,
4981910541806,120004105,TOYO,Reifen,09.csv,235,50,R,19,,,PROXES COMFORT FSL,,09,,,,,,
4981910541967,120004146,TOYO,Reifen,09.csv,245,45,R,18,,,PROXES COMFORT XLFSL,,09,,,,,,
4981910541981,120004121,TOYO,Reifen,09.csv,235,60,R,18,,,PROXES COMFORT XL,,09,,,,,,
4981910542018,120004103,TOYO,Reifen,09.csv,235,50,R,18,,,PROXES COMFORT XLFSL,,09,,,,,,
4981910546498,120003952,TOYO,Reifen,09.csv,205,55,R,16,,,PROXES COMFORT XL,,09,,,,,,
4981910547204,120003946,TOYO,Reifen,09.csv,205,55,R,16,,,PROXES COMFORT,,09,,,,,,
4981910548430,120003901,TOYO,Reifen,09.csv,185,60,R,15,,,CELSIUS AS2 XL 3PMSF,,09,,,,,,
4981910548454,120003906,TOYO,Reifen,09.csv,185,65,R,15,,,CELSIUS AS2 XL 3PMSF,,09,,,,,,
4981910548911,120004042,TOYO,Reifen,09.csv,225,45,R,18,,,CELSIUS AS2 XLFSL 3PMSF,,09,,,,,,
4981910548928,120003927,TOYO,Reifen,09.csv,195,65,R,15,,,CELSIUS AS2 3PMSF,,09,,,,,,
4981910549550,120004052,TOYO,Reifen,09.csv,225,50,R,18,,,CELSIUS AS2 XLFSL 3PMSF,,09,,,,,,
4981910549574,120004113,TOYO,Reifen,09.csv,235,55,R,19,,,CELSIUS AS2 XL 3PMSF,,09,,,,,,
4981910549598,120004120,TOYO,Reifen,09.csv,235,60,R,18,,,CELSIUS AS2 XL 3PMSF,,09,,,,,,
4981910549635,120004063,TOYO,Reifen,09.csv,225,55,R,17,,,CELSIUS AS2 XL 3PMSF,,09,,,,,,
4981910550464,120003991,TOYO,Reifen,09.csv,215,55,R,16,,,CELSIUS AS2 3PMSF,,09,,,,,,
4981910550471,120003939,TOYO,Reifen,09.csv,205,45,R,17,,,CELSIUS AS2 XLFSL 3PMSF,,09,,,,,,
4981910551386,120003986,TOYO,Reifen,09.csv,215,50,R,18,,,CELSIUS AS2 FSL 3PMSF,,09,,,,,,
4981910551393,120004102,TOYO,Reifen,09.csv,235,50,R,18,,,CELSIUS AS2 XLFSL 3PMSF,,09,,,,,,
4981910551836,120003890,TOYO,Reifen,09.csv,185,55,R,15,,,CELSIUS AS2 3PMSF,,09,,,,,,
4981910551850,120004013,TOYO,Reifen,09.csv,215,65,R,16,,,CELSIUS AS2 XL 3PMSF,,09,,,,,,
4981910552130,120004136,TOYO,Reifen,09.csv,245,35,R,19,,Z,PROXES SPORT 2 XLFSL,,09,,,,,,
4981910552611,120004252,TOYO,Reifen,09.csv,215,70,R,16,,,OPEN COUNTRY A/T III 3PMSF,,09,,,,,,
4981910552789,120004250,TOYO,Reifen,09.csv,195,80,R,15,,,OPEN COUNTRY A/T III 3PMSF,,09,,,,,,
4981910553298,120004165,TOYO,Reifen,09.csv,255,35,R,19,,Z,PROXES SPORT 2 XLFSL,,09,,,,,,
4981910553380,120004088,TOYO,Reifen,09.csv,235,35,R,19,,Z,PROXES SPORT 2 XLFSL,,09,,,,,,
4981910553403,120003943,TOYO,Reifen,09.csv,205,50,R,17,,,CELSIUS AS2 XLFSL 3PMSF,,09,,,,,,
4981910553434,120003998,TOYO,Reifen,09.csv,215,55,R,18,,,CELSIUS AS2 XL 3PMSF,,09,,,,,,
4981910553458,120004083,TOYO,Reifen,09.csv,225,65,R,17,,,CELSIUS AS2 XL 3PMSF,,09,,,,,,
4981910554141,120004139,TOYO,Reifen,09.csv,245,40,R,18,,Z,PROXES SPORT 2 XLFSL,,09,,,,,,
4981910554165,120004149,TOYO,Reifen,09.csv,245,45,R,19,,,PROXES SPORT 2 XLFSL,,09,,,,,,
4981910554189,120004024,TOYO,Reifen,09.csv,225,35,R,19,,Z,PROXES SPORT 2 XLFSL,,09,,,,,,
4981910554202,120004114,TOYO,Reifen,09.csv,235,55,R,19,,,PROXES SPORT 2 XLFSL,,09,,,,,,
4981910554226,120004090,TOYO,Reifen,09.csv,235,40,R,18,,Z,PROXES SPORT 2 XLFSL,,09,,,,,,
4981910554288,120003983,TOYO,Reifen,09.csv,215,50,R,17,,,CELSIUS AS2 XLFSL 3PMSF,,09,,,,,,
4981910554318,120004147,TOYO,Reifen,09.csv,245,45,R,18,,,CELSIUS AS2 XLFSL 3PMSF,,09,,,,,,
4981910554929,120004032,TOYO,Reifen,09.csv,225,40,R,19,,,PROXES SPORT 2 XLFSL,,09,,,,,,
4981910555063,120004038,TOYO,Reifen,09.csv,225,45,R,17,,,PROXES TR1 XLFSL,,09,,,,,,
4981910555209,120004138,TOYO,Reifen,09.csv,245,40,R,18,,,CELSIUS AS2 XLFSL 3PMSF,,09,,,,,,
4981910556466,120004174,TOYO,Reifen,09.csv,255,45,R,20,,,CELSIUS AS2 XLFSL 3PMSF,,09,,,,,,
4981910556510,120004057,TOYO,Reifen,09.csv,225,55,R,16,,,CELSIUS AS2 XL 3PMSF,,09,,,,,,
4981910562917,120004288,TOYO,Reifen,09.csv,215,45,R,16,,,CELSIUS AS2 XLFSL 3PMSF,,09,,,,,,
4981910563075,120004305,TOYO,Reifen,09.csv,225,50,R,17,,,CELSIUS AS2 XLFSL 3PMSF,,09,,,,,,
4981910563105,120004368,TOYO,Reifen,09.csv,255,50,R,19,,,CELSIUS AS2 XLFSL 3PMSF,,09,,,,,,
4981910563334,120004295,TOYO,Reifen,09.csv,215,60,R,16,,,CELSIUS AS2 XL 3PMSF,,09,,,,,,
4981910563341,120004297,TOYO,Reifen,09.csv,215,60,R,17,,,CELSIUS AS2 XL 3PMSF,,09,,,,,,
4981910564553,120004318,TOYO,Reifen,09.csv,245,40,R,19,,Z,PROXES SPORT 2 XLFSL,,09,,,,,,
4981910565567,120004319,TOYO,Reifen,09.csv,245,40,R,20,,Z,PROXES SPORT 2 XLFSL,,09,,,,,,
4981910787211,120002821,TOYO,Reifen,09.csv,175,65,R,14,,,CELSIUS,,09,,,,,,
4981910788294,120002835,TOYO,Reifen,09.csv,195,55,R,15,,,CELSIUS,,09,,,,,,
4981910788362,120002818,TOYO,Reifen,09.csv,165,65,R,15,,,CELSIUS,,09,,,,,,
4981910829423,120003266,TOYO,Reifen,09.csv,155,,R,15,,,310,,09,,,,,,
5420068626687,330000239,DIVERSE,Reifen,09.csv,205,50,R,17,,,IMPERIAL SNOWDRAGON-HP XL,,09,,,,,,
5420068639571,330000246,DIVERSE,Reifen,09.csv,205,65,R,16C,105,,FORTUNA GO-VAN M&S 3PMSF,,09,,,,,,
5452000360403,40001646,FULDA,Reifen,09.csv,145,65,R,15,,,ECOCONTROL,,09,,,,,,
5452000360427,40001649,FULDA,Reifen,09.csv,155,65,R,14,,,ECOCONTROL,,09,,,,,,
5452000360465,40001654,FULDA,Reifen,09.csv,165,65,R,14,,,ECOCONTROL,,09,,,,,,
5452000360526,40001634,FULDA,Reifen,09.csv,175,55,R,15,,,ECOCONTROL,,09,,,,,,
5452000362605,40001701,FULDA,Reifen,09.csv,165,60,R,14,,,ECOCONTROL,,09,,,,,,
5452000369208,50004364,GOODYEAR,Reifen,09.csv,235,60,R,18,,,EXCELLENCE AO,,09,,,,,,
5452000372581,50006050,GOODYEAR,Reifen,09.csv,275,30,R,19,,,EAGLE F1 ASYMM.2 XL,,09,,,,,,
5452000373168,50006045,GOODYEAR,Reifen,09.csv,255,40,R,19,,,EAGLE F1 ASYMM.AO XL,,09,,,,,,
5452000391476,40001970,FULDA,Reifen,09.csv,195,50,R,15,,,ECOCONTROL HP,,09,,,,,,
5452000391490,40001971,FULDA,Reifen,09.csv,195,55,R,15,,,ECOCONTROL HP,,09,,,,,,
5452000391520,40001972,FULDA,Reifen,09.csv,195,55,R,15,,,ECOCONTROL HP,,09,,,,,,
5452000391650,40001975,FULDA,Reifen,09.csv,205,60,R,15,,,ECOCONTROL HP,,09,,,,,,
5452000391674,40001976,FULDA,Reifen,09.csv,205,60,R,15,,,ECOCONTROL HP,,09,,,,,,
5452000391773,40001963,FULDA,Reifen,09.csv,185,55,R,15,,,ECOCONTROL HP,,09,,,,,,
5452000391926,50005284,GOODYEAR,Reifen,09.csv,225,40,R,18,,,EAG.F1 ASYMM.2*ROF,,09,,,,,,
5452000392053,50005276,GOODYEAR,Reifen,09.csv,205,55,R,16,,,EFFICIENT GRIP ROF,,09,,,,,,
5452000392077,50005368,GOODYEAR,Reifen,09.csv,205,50,R,17,,,UG PERFOMANCE  2 ROF *,,09,,,,,,
5452000392107,50005689,GOODYEAR,Reifen,09.csv,205,50,R,17,,,EFFICIENT GRIP*ROF,,09,,,,,,
5452000392169,50005293,GOODYEAR,Reifen,09.csv,205,60,R,16,,,EFFICIENT GRIP ROF,,09,,,,,,
5452000392176,50005294,GOODYEAR,Reifen,09.csv,205,60,R,16,,,EFFICIENT GRIP*,,09,,,,,,
5452000421012,20005105,DUNLOP,Reifen,09.csv,235,45,R,17,,,SP WINT.SPORT  4D MO,,09,,,,,,
5452000421234,20005107,DUNLOP,Reifen,09.csv,225,45,R,17,,,SP WINT.SPORT  4D MO,,09,,,,,,
5452000421333,20004761,DUNLOP,Reifen,09.csv,245,45,R,19,,,SPORT MAXX RT  MO XL,,09,,,,,,
5452000425553,20005123,DUNLOP,Reifen,09.csv,265,45,R,20,,,SP WINT.SPT 4D N0,,09,,,,,,
5452000428035,50005597,GOODYEAR,Reifen,09.csv,195,60,R,15,,,ULTRA GRIP 8,,09,,,,,,
5452000432117,20004790,DUNLOP,Reifen,09.csv,225,55,R,16,,,SPORT MAXX RT,,09,,,,,,
5452000432544,50005535,GOODYEAR,Reifen,09.csv,165,60,R,15,,,DURA GRIP XL,,09,,,,,,
5452000432766,50005538,GOODYEAR,Reifen,09.csv,185,60,R,14,,,EFFI.GRIP PERFORM.,,09,,,,,,
5452000433534,50006251,GOODYEAR,Reifen,09.csv,255,40,R,17,,,EAG.F1 ASY. 2 FP,,09,,,,,,
5452000434470,50005780,GOODYEAR,Reifen,09.csv,195,55,R,16,,,EFFICIENT GRIP(FO),,09,,,,,,
5452000436405,50005541,GOODYEAR,Reifen,09.csv,195,60,R,15,,,EFFICIENT GRIP(FO),,09,,,,,,
5452000437716,20004579,DUNLOP,Reifen,09.csv,205,55,R,16,,,SP SPORT MAXX  RT,,09,,,,,,
5452000438751,20005115,DUNLOP,Reifen,09.csv,225,55,R,17,,,SP WINTER SPORT 4D XL,,09,,,,,,
5452000439444,40001653,FULDA,Reifen,09.csv,195,65,R,15,,,ECOCONTROL,,09,,,,,,
5452000441942,40001639,FULDA,Reifen,09.csv,175,70,R,14,,,ECOCONTROL,,09,,,,,,
5452000443076,50005615,GOODYEAR,Reifen,09.csv,185,65,R,15,,,ULTRA GRIP 8,,09,,,,,,
5452000454317,50006599,GOODYEAR,Reifen,09.csv,205,65,R,15,,,EFFI.GRIP PERF.,,09,,,,,,
5452000462459,20005117,DUNLOP,Reifen,09.csv,205,45,R,17,,,SP WINT.SPT 4D * XL,,09,,,,,,
5452000468222,50006063,GOODYEAR,Reifen,09.csv,245,40,R,18,,,ULTRAGRIP PER.G1 AO,,09,,,,,,
5452000468277,50005972,GOODYEAR,Reifen,09.csv,225,50,R,17,,,VECTOR 4 SEASONS AO XL,,09,,,,,,
5452000468284,20005167,DUNLOP,Reifen,09.csv,225,45,R,18,,,SPORT MAXX RT  J XL,,09,,,,,,
5452000468529,20005171,DUNLOP,Reifen,09.csv,225,45,R,17,,,SPORT MAXX RT  AO2,,09,,,,,,
5452000469816,40002357,FULDA,Reifen,09.csv,235,55,R,18,,,ECOCONTROL SUV FP,,09,,,,,,
5452000469922,40002159,FULDA,Reifen,09.csv,225,45,R,17,,,KRIST.CONTR. HP 2 FP,,09,,,,,,
5452000469939,40002277,FULDA,Reifen,09.csv,275,40,R,20,,,KRIST.CONTR. SUV XLFP,,09,,,,,,
5452000469991,40002160,FULDA,Reifen,09.csv,225,45,R,17,,,KRIST.CONTR. HP 2 XLFP,,09,,,,,,
5452000470003,40002158,FULDA,Reifen,09.csv,225,40,R,18,,,KRIST.CONTR. HP 2 XLFP,,09,,,,,,
5452000470027,40002151,FULDA,Reifen,09.csv,215,55,R,16,,,KRIST.CONTR. HP 2,,09,,,,,,
5452000470843,50005977,GOODYEAR,Reifen,09.csv,215,55,R,17,,,EFFI.GRIP PERFORM.,,09,,,,,,
5452000471079,21000571,DUNLOP,Reifen,09.csv,275,45,R,19,,,SP.MAXX RT2 SUV XL,,09,,,,,,
5452000471086,21000570,DUNLOP,Reifen,09.csv,275,40,R,20,,,SP.MAXX RT2 SUV XL,,09,,,,,,
5452000471758,50006790,GOODYEAR,Reifen,09.csv,255,55,R,18,,,EAG.F1 ASY. 3 SUV XLFP,,09,,,,,,
5452000472014,40002366,FULDA,Reifen,09.csv,235,60,R,18,,,ECOCONTROL SUV XLFP,,09,,,,,,
5452000473585,50006177,GOODYEAR,Reifen,09.csv,235,50,R,17,,,VECTOR 4SEASONS,,09,,,,,,
5452000477071,20005060,DUNLOP,Reifen,09.csv,215,70,R,15C,107,,ECONODRIVE,,09,,,,,,
5452000477224,20005062,DUNLOP,Reifen,09.csv,205,75,R,16C,108,,ECONODRIVE,,09,,,,,,
5452000483607,20005120,DUNLOP,Reifen,09.csv,235,50,R,18,,,SP WINTER SPT  4D MO,,09,,,,,,
5452000485519,21000354,DUNLOP,Reifen,09.csv,215,70,R,16,,,WIN.SPORT 5 SUV,,09,,,,,,
5452000485618,40002173,FULDA,Reifen,09.csv,245,45,R,17,,,KRIST.CONTR. HP 2 XLFP,,09,,,,,,
5452000486455,21000348,DUNLOP,Reifen,09.csv,235,60,R,18,,,WIN.SPORT 5 SUV XL,,09,,,,,,
5452000487612,40002165,FULDA,Reifen,09.csv,225,55,R,17,,,KRIST.CONTR. HP 2 XL,,09,,,,,,
5452000487834,40002163,FULDA,Reifen,09.csv,225,50,R,17,,,KRIST.CONTR. HP 2 XLFP,,09,,,,,,
5452000487865,40002272,FULDA,Reifen,09.csv,215,70,R,16,,,KRIST.CONTR. SUV,,09,,,,,,
5452000488022,50006085,GOODYEAR,Reifen,09.csv,205,60,R,16,,,ULTRAGRIP PER.G1 AO,,09,,,,,,
5452000488046,50006086,GOODYEAR,Reifen,09.csv,245,45,R,18,,,UG 8 PERFORM.*/MO,,09,,,,,,
5452000488077,50006254,GOODYEAR,Reifen,09.csv,275,35,R,19,,,EAG.F1 ASY. 3 ROFXL* MOE,,09,,,,,,
5452000488084,50006255,GOODYEAR,Reifen,09.csv,245,45,R,18,,,EAG.F1 ASY. 3 ROFXL* MOE,,09,,,,,,
5452000488107,50006257,GOODYEAR,Reifen,09.csv,245,40,R,19,,,EAG.F1 ASY. 3 ROFXL* MOE,,09,,,,,,
5452000488213,21000340,DUNLOP,Reifen,09.csv,215,40,R,17,,,SP SPORT MAXX RT AO XL,,09,,,,,,
5452000488237,50006393,GOODYEAR,Reifen,09.csv,215,45,R,16,,,VECTOR 4SEASONS G2 AO XL,,09,,,,,,
5452000488268,20005302,DUNLOP,Reifen,09.csv,225,55,R,17,,,SP SP.MAXX RT 2 * MOMFS,,09,,,,,,
5452000488367,20005178,DUNLOP,Reifen,09.csv,235,55,R,17,,,SPORT MAXX RT  AO,,09,,,,,,
5452000488534,50006392,GOODYEAR,Reifen,09.csv,215,50,R,17,,,VECTOR 4SEASONS G2 XL,,09,,,,,,
5452000488596,40002128,FULDA,Reifen,09.csv,195,50,R,15,,,KRIST.CONTR. HP 2,,09,,,,,,
5452000488664,40002130,FULDA,Reifen,09.csv,195,55,R,16,,,KRIST.CONTR. HP 2,,09,,,,,,
5452000494191,50006811,GOODYEAR,Reifen,09.csv,265,45,R,20,,,EAG.F1 ASY. 3 SUV FP,,09,,,,,,
5452000495945,40002319,FULDA,Reifen,09.csv,235,65,R,17,,,ECOCONTROL SUV XLFP,,09,,,,,,
5452000496416,20005306,DUNLOP,Reifen,09.csv,235,45,R,17,,Z,SP.MAXX RT 2 XL,,09,,,,,,
5452000496744,20005315,DUNLOP,Reifen,09.csv,215,45,R,17,,Z,SP.MAXX RT 2 XL,,09,,,,,,
5452000496768,20005317,DUNLOP,Reifen,09.csv,215,55,R,17,,,SP SP.MAXX RT 2 XLMFS,,09,,,,,,
5452000496782,20005319,DUNLOP,Reifen,09.csv,225,40,R,18,,Z,SP SP.MAXX RT 2 XL,,09,,,,,,
5452000496928,20005322,DUNLOP,Reifen,09.csv,225,45,R,18,,Z,SP SP.MAXX RT 2 XL,,09,,,,,,
5452000496935,20005323,DUNLOP,Reifen,09.csv,225,50,R,17,,Z,SP SP.MAXX RT 2 MF,,09,,,,,,
5452000496942,20005324,DUNLOP,Reifen,09.csv,225,50,R,17,,Z,SP SP.MAXX RT 2 XL,,09,,,,,,
5452000496959,20005325,DUNLOP,Reifen,09.csv,225,55,R,17,,Z,SP.MAXX RT 2 XL,,09,,,,,,
5452000496980,20005327,DUNLOP,Reifen,09.csv,235,35,R,19,,Z,SP SP.MAXX RT 2 XL,,09,,,,,,
5452000497055,20005310,DUNLOP,Reifen,09.csv,245,35,R,19,,Z,SP SP.MAXX RT 2 XL,,09,,,,,,
5452000497093,20005331,DUNLOP,Reifen,09.csv,245,40,R,18,,Z,SP SP.MAXX RT 2 XL,,09,,,,,,
5452000497116,20005333,DUNLOP,Reifen,09.csv,245,45,R,17,,Z,SP.MAXX RT 2 MF,,09,,,,,,
5452000497147,20005336,DUNLOP,Reifen,09.csv,245,45,R,19,,Z,SP SP.MAXX RT 2 X,,09,,,,,,
5452000497161,20005337,DUNLOP,Reifen,09.csv,255,30,R,19,,Z,SP SP.MAXX RT 2 XL,,09,,,,,,
5452000497178,20005338,DUNLOP,Reifen,09.csv,255,30,R,20,,Z,SP SP.MAXX RT 2 XL,,09,,,,,,
5452000497185,20005339,DUNLOP,Reifen,09.csv,255,35,R,18,,Z,SP SP.MAXX RT 2 XL,,09,,,,,,
5452000497192,20005340,DUNLOP,Reifen,09.csv,255,35,R,19,,Z,SP SP.MAXX RT 2 XL,,09,,,,,,
5452000497208,20005341,DUNLOP,Reifen,09.csv,255,35,R,20,,Z,SP SP.MAXX RT 2 XL,,09,,,,,,
5452000497215,20005342,DUNLOP,Reifen,09.csv,255,40,R,19,,Z,SP SP.MAXX RT 2 X,,09,,,,,,
5452000497321,20005343,DUNLOP,Reifen,09.csv,255,45,R,18,,Z,SP SP.MAXX RT 2 X,,09,,,,,,
5452000497345,20005345,DUNLOP,Reifen,09.csv,265,35,R,18,,Z,SP SP.MAXX RT 2 XL,,09,,,,,,
5452000497352,20005346,DUNLOP,Reifen,09.csv,275,35,R,18,,Z,SP SP.MAXX RT 2 MF,,09,,,,,,
5452000497383,20005348,DUNLOP,Reifen,09.csv,285,30,R,20,,Z,SP SP.MAXX RT 2 XL,,09,,,,,,
5452000534583,20005349,DUNLOP,Reifen,09.csv,275,35,R,21,,Z,SP SP.MAXX GT XLR,,09,,,,,,
5452000536655,20005352,DUNLOP,Reifen,09.csv,225,45,R,17,,,SP.MAXX RT 2 XL*,,09,,,,,,
5452000536679,50006451,GOODYEAR,Reifen,09.csv,225,55,R,17,,,UG 8 PERF. *,,09,,,,,,
5452000538031,50006183,GOODYEAR,Reifen,09.csv,205,55,R,16,,,VECTOR 4SEASONS G2 XL,,09,,,,,,
5452000538055,50006391,GOODYEAR,Reifen,09.csv,235,55,R,17,,,VECTOR 4SEASONS G2 XL,,09,,,,,,
5452000538062,20005354,DUNLOP,Reifen,09.csv,265,30,R,21,,,SP.MAXX RT XLRO1MFS,,09,,,,,,
5452000539588,50006315,GOODYEAR,Reifen,09.csv,245,40,R,19,,,EAG.F1 ASY. 3 XLJFP,,09,,,,,,
5452000543349,20005198,DUNLOP,Reifen,09.csv,265,35,R,19,,Z,SPORT MAXX RT MO1 X,,09,,,,,,
5452000543356,50006572,GOODYEAR,Reifen,09.csv,255,60,R,18,,,EAG.F1 ASY. SUV AT XLJFP,,09,,,,,,
5452000543394,50006000,GOODYEAR,Reifen,09.csv,225,45,R,18,,,EFFI.GRIP PERFORM.XL,,09,,,,,,
5452000549457,50006189,GOODYEAR,Reifen,09.csv,235,45,R,19,,,VECTOR 4SEAS.SUV G2,,09,,,,,,
5452000549471,50006103,GOODYEAR,Reifen,09.csv,195,55,R,16,,,VECTOR 4SEAS.G2 ROF,,09,,,,,,
5452000549488,50006104,GOODYEAR,Reifen,09.csv,205,55,R,16,,,VECTOR 4SEAS.G2 ROF,,09,,,,,,
5452000549495,50006321,GOODYEAR,Reifen,09.csv,225,45,R,17,,,VECTOR 4S G2 ROFFP,,09,,,,,,
5452000555557,20005278,DUNLOP,Reifen,09.csv,225,60,R,17,,,SP WINTER SPORT 4D*,,09,,,,,,
5452000556257,50006014,GOODYEAR,Reifen,09.csv,245,45,R,19,,,EFFI.GRIP ROF MOE SCT XL,,09,,,,,,
5452000562739,50006589,GOODYEAR,Reifen,09.csv,295,40,Z,19,,,EAG.F1 ASY. 3 XLN0FP,,09,,,,,,
5452000562784,50006472,GOODYEAR,Reifen,09.csv,195,55,R,20,,,EFFI.GRIP PERF. XL,,09,,,,,,
5452000563781,20005363,DUNLOP,Reifen,09.csv,265,45,R,21,,,SP SP.MAXX RT 2 MFS,,09,,,,,,
5452000564115,20005365,DUNLOP,Reifen,09.csv,205,45,R,18,,Z,SP.MAXX RT 2 XL,,09,,,,,,
5452000564207,20005290,DUNLOP,Reifen,09.csv,225,40,R,18,,,SPORT MAXX RT XL VW,,09,,,,,,
5452000564610,50006330,GOODYEAR,Reifen,09.csv,195,40,R,17,,,EFFI.GRIP PERF. XLVWFP,,09,,,,,,
5452000565655,50006021,GOODYEAR,Reifen,09.csv,235,55,R,17,,,EXCELLENCE AO,,09,,,,,,
5452000572325,20005368,DUNLOP,Reifen,09.csv,235,55,R,18,,,SP SPORT 270 LHD,,09,,,,,,
5452000572813,20005369,DUNLOP,Reifen,09.csv,245,40,R,18,,,SP.MAXX RT XLMO,,09,,,,,,
5452000573452,20005282,DUNLOP,Reifen,09.csv,185,60,R,15,,,WINTER RESPONSE 2 XL,,09,,,,,,
5452000578150,50006350,GOODYEAR,Reifen,09.csv,265,45,R,20,,,EAG.F1 ASY. SUV XLMGTFP,,09,,,,,,
5452000578280,50006351,GOODYEAR,Reifen,09.csv,205,55,R,16,,,EFFI.GRIP PERF. AO,,09,,,,,,
5452000578334,20005376,DUNLOP,Reifen,09.csv,285,35,R,21,,Z,SP SP.MAXX RT 2 X,,09,,,,,,
5452000578471,50006354,GOODYEAR,Reifen,09.csv,215,60,R,16,,,VECTOR 4SEASONS G2 AO,,09,,,,,,
5452000583819,50007073,GOODYEAR,Reifen,09.csv,235,55,R,18,,,EAG.F1 ASY. 3 XLAOFP,,09,,,,,,
5452000583895,21000432,DUNLOP,Reifen,09.csv,215,40,R,18,,,SP.MAXX RT 2 XL,,09,,,,,,
5452000585264,50006359,GOODYEAR,Reifen,09.csv,235,50,R,18,,,EAG.F1 ASY. 2 XLFP,,09,,,,,,
5452000586391,50006559,GOODYEAR,Reifen,09.csv,245,40,Z,20,,Z,EAG.F1 ASY. 3 ROFFP,,09,,,,,,
5452000586841,40002175,FULDA,Reifen,09.csv,155,65,R,14,,,MULTICONTROL,,09,,,,,,
5452000586858,40002176,FULDA,Reifen,09.csv,155,70,R,13,,,MULTICONTROL,,09,,,,,,
5452000586865,40002177,FULDA,Reifen,09.csv,165,65,R,14,,,MULTICONTROL,,09,,,,,,
5452000586872,40002178,FULDA,Reifen,09.csv,165,70,R,14,,,MULTICONTROL,,09,,,,,,
5452000586889,40002179,FULDA,Reifen,09.csv,175,65,R,14,,,MULTICONTROL,,09,,,,,,
5452000586896,40002180,FULDA,Reifen,09.csv,175,70,R,14,,,MULTICONTROL,,09,,,,,,
5452000586919,40002182,FULDA,Reifen,09.csv,185,60,R,14,,,MULTICONTROL,,09,,,,,,
5452000586926,40002183,FULDA,Reifen,09.csv,185,60,R,15,,,MULTICONTROL XL,,09,,,,,,
5452000586940,40002185,FULDA,Reifen,09.csv,195,50,R,15,,,MULTICONTROL,,09,,,,,,
5452000586964,40002187,FULDA,Reifen,09.csv,195,60,R,15,,,MULTICONTROL,,09,,,,,,
5452000586988,40002189,FULDA,Reifen,09.csv,205,55,R,16,,,MULTICONTROL XL,,09,,,,,,
5452000587008,40002191,FULDA,Reifen,09.csv,215,55,R,16,,,MULTICONTROL XL,,09,,,,,,
5452000587855,40002142,FULDA,Reifen,09.csv,205,60,R,16,,,KRIST.CONTR. HP 2,,09,,,,,,
5452000597151,50007010,GOODYEAR,Reifen,09.csv,205,65,R,16C,105,,UG CARGO 3PMSF,,09,,,,,,
5452000637574,80000144,SAVA,Reifen,09.csv,185,70,R,14,,,ADAPTO,,09,,,,,,
5452000639981,50008641,GOODYEAR,Reifen,09.csv,215,55,R,17,,,UG8 PERF. XL 3PMSF,,09,,,,,,
5452000645098,50005646,GOODYEAR,Reifen,09.csv,205,55,R,16,,,VECTOR 4 SEASONS AO XL,,09,,,,,,
5452000645166,40001946,FULDA,Reifen,09.csv,205,65,R,15,,,ECOCONTROL HP,,09,,,,,,
5452000650566,50005709,GOODYEAR,Reifen,09.csv,245,45,R,18,,,EFFICIENT GRIP*ROF,,09,,,,,,
5452000654045,50005469,GOODYEAR,Reifen,09.csv,185,70,R,14,,,EFFI.GRIP COMPACT,,09,,,,,,
5452000654144,50005446,GOODYEAR,Reifen,09.csv,185,60,R,15,,,EFFI.GRIP PERFORM.XL,,09,,,,,,
5452000654175,50005474,GOODYEAR,Reifen,09.csv,195,55,R,15,,,EFFI.GRIP PERFORM.,,09,,,,,,
5452000654182,50005475,GOODYEAR,Reifen,09.csv,195,55,R,15,,,EFFI.GRIP PERFORM.,,09,,,,,,
5452000654458,50005481,GOODYEAR,Reifen,09.csv,205,50,R,16,,,EFFI.GRIP PERFORM.,,09,,,,,,
5452000654502,50006597,GOODYEAR,Reifen,09.csv,205,55,R,15,,,EFFI.GRIP PERF.,,09,,,,,,
5452000654540,50005725,GOODYEAR,Reifen,09.csv,205,60,R,15,,,EFFI.GRIP PERFORM.,,09,,,,,,
5452000654557,50005493,GOODYEAR,Reifen,09.csv,205,60,R,15,,,EFFI.GRIP PERFORM.,,09,,,,,,
5452000654601,50005497,GOODYEAR,Reifen,09.csv,215,45,R,17,,,EFFI.GRIP PERFORM.XL,,09,,,,,,
5452000654861,50005485,GOODYEAR,Reifen,09.csv,225,55,R,16,,,EFFI.GRIP PERFORM.,,09,,,,,,
5452000655622,50005521,GOODYEAR,Reifen,09.csv,205,55,R,16,,,EFFI.GRIP PERFORM.,,09,,,,,,
5452000655943,20004693,DUNLOP,Reifen,09.csv,195,65,R,15,,,SPORT BLURESPONSE,,09,,,,,,
5452000656360,50005731,GOODYEAR,Reifen,09.csv,225,55,R,16,,,EAGLE F1 ASYMM.2 XL,,09,,,,,,
5452000660046,50006134,GOODYEAR,Reifen,09.csv,155,65,R,14,,,VECTOR 4SEASONS G2,,09,,,,,,
5452000660060,50006136,GOODYEAR,Reifen,09.csv,165,60,R,14,,,VECTOR 4SEASONS G2,,09,,,,,,
5452000660084,50006247,GOODYEAR,Reifen,09.csv,165,65,R,14,,,VECTOR 4SEASONS G2,,09,,,,,,
5452000660114,50006138,GOODYEAR,Reifen,09.csv,165,70,R,14,,,VECTOR 4SEASONS G2,,09,,,,,,
5452000660121,50006382,GOODYEAR,Reifen,09.csv,165,70,R,14,,,VECTOR 4SEASONS G2 XL,,09,,,,,,
5452000660183,50006142,GOODYEAR,Reifen,09.csv,175,65,R,15,,,VECTOR 4SEASONS G2,,09,,,,,,
5452000660190,50006143,GOODYEAR,Reifen,09.csv,175,70,R,13,,,VECTOR 4SEASONS G2,,09,,,,,,
5452000660206,50006144,GOODYEAR,Reifen,09.csv,175,70,R,14,,,VECTOR 4SEASONS G2,,09,,,,,,
5452000660220,50006384,GOODYEAR,Reifen,09.csv,175,80,R,14,,,VECTOR 4SEASONS G2,,09,,,,,,
5452000660312,50006151,GOODYEAR,Reifen,09.csv,185,70,R,14,,,VECTOR 4SEASONS G2,,09,,,,,,
5452000660343,50006153,GOODYEAR,Reifen,09.csv,195,55,R,15,,,VECTOR 4SEASONS G2,,09,,,,,,
5452000661005,50005637,GOODYEAR,Reifen,09.csv,195,60,R,16,,,VECTOR 4 SEASONS,,09,,,,,,
5452000662217,50005891,GOODYEAR,Reifen,09.csv,255,55,R,18,,,ULTRA GRIP * XL,,09,,,,,,
5452000662248,50005596,GOODYEAR,Reifen,09.csv,195,55,R,16,,,ULTRA GRIP 8 PERF.*,,09,,,,,,
5452000664068,21000409,DUNLOP,Reifen,09.csv,275,35,R,19,,Z,SP.MAXX RT 2 XLMFS,,09,,,,,,
5452000664877,50006368,GOODYEAR,Reifen,09.csv,245,35,R,19,,,EAG.F1 ASY. 2 ROFXLMOEFP,,09,,,,,,
5452000664884,50006369,GOODYEAR,Reifen,09.csv,225,40,R,19,,,EAG.F1 ASY. 2 ROFXLMOEFP,,09,,,,,,
5452000665706,80000529,SAVA,Reifen,09.csv,185,,R,14C,100,,TRENTA 2,,09,,,,,,
5452000665720,80000531,SAVA,Reifen,09.csv,195,,R,14C,104,,TRENTA 2,,09,,,,,,
5452000665751,80000536,SAVA,Reifen,09.csv,195,75,R,16C,105,,TRENTA 2,,09,,,,,,
5452000665768,80000538,SAVA,Reifen,09.csv,205,,R,14C,107,,TRENTA 2,,09,,,,,,
5452000665775,80000589,SAVA,Reifen,09.csv,205,65,R,16C,105,,TRENTA 2,,09,,,,,,
5452000665829,40002195,FULDA,Reifen,09.csv,185,,R,14C,100,,CONVEO TOUR 2,,09,,,,,,
5452000665843,40002198,FULDA,Reifen,09.csv,195,,R,14C,104,,CONVEO TOUR 2,,09,,,,,,
5452000665980,40002202,FULDA,Reifen,09.csv,195,75,R,16C,105,,CONVEO TOUR 2,,09,,,,,,
5452000665997,40002208,FULDA,Reifen,09.csv,205,65,R,15C,100,,CONVEO TOUR 2,,09,,,,,,
5452000666000,40002283,FULDA,Reifen,09.csv,205,65,R,16C,105,,CONVEO TOUR 2,,09,,,,,,
5452000666284,80000543,SAVA,Reifen,09.csv,205,70,R,15C,104,,TRENTA 2,,09,,,,,,
5452000666307,80000549,SAVA,Reifen,09.csv,215,60,R,16C,101,,TRENTA 2,,09,,,,,,
5452000666338,80000594,SAVA,Reifen,09.csv,215,70,R,15C,107,,TRENTA 2,,09,,,,,,
5452000667434,50006574,GOODYEAR,Reifen,09.csv,265,35,R,22,,,EAG.F1 ASY. 3 XLFP,,09,,,,,,
5452000667441,50007125,GOODYEAR,Reifen,09.csv,265,35,R,22,,,EAG.F1 ASY. 3 XLFP,,09,,,,,,
5452000667595,50006807,GOODYEAR,Reifen,09.csv,265,40,R,20,,,UG PERF. G1 3PMSF XLAOFP M+S,,09,,,,,,
5452000667618,50006793,GOODYEAR,Reifen,09.csv,255,55,R,19,,,VECTOR 4S SUV G2 3PMSF M+S,,09,,,,,,
5452000667625,50006797,GOODYEAR,Reifen,09.csv,255,60,R,18,,,VECTOR 4S SUV G2 3PMSF M+S,,09,,,,,,
5452000668950,40002467,FULDA,Reifen,09.csv,195,60,R,16C,97,,CONVEO TRAC 3 3PMSF,,09,,,,,,
5452000673084,21000499,DUNLOP,Reifen,09.csv,255,40,R,18,,,SP.MAXX RT 2 XLMFS,,09,,,,,,
5452000673930,50006794,GOODYEAR,Reifen,09.csv,255,55,R,19,,,EAG.F1 ASY. 2 SUV FP,,09,,,,,,
5452000675996,50006748,GOODYEAR,Reifen,09.csv,235,55,R,19,,,EAG.F1 ASY. 3 SUV XLJ LRFP,,09,,,,,,
5452000676016,50006752,GOODYEAR,Reifen,09.csv,235,60,R,18,,,EAG.F1 ASY. 3 SUV XLJ LR,,09,,,,,,
5452000676184,50006791,GOODYEAR,Reifen,09.csv,255,55,R,18,,,EAG.F1 ASY. SUV XLAOY,,09,,,,,,
5452000679741,21000404,DUNLOP,Reifen,09.csv,255,35,Z,20,,Z,SP.MAXX RT2 XLMFS NST,,09,,,,,,
5452000679796,21000371,DUNLOP,Reifen,09.csv,165,80,R,15,,,SPORTCLASSIC,,09,,,,,,
5452000680204,21000387,DUNLOP,Reifen,09.csv,225,40,R,18,,,SP.MAXX RT XLAO1MFS,,09,,,,,,
5452000680488,50007203,GOODYEAR,Reifen,09.csv,195,60,R,16C,97,,UG CARGO 3PMSF,,09,,,,,,
5452000680495,50007288,GOODYEAR,Reifen,09.csv,195,65,R,16C,102,,UG CARGO 3PMSF,,09,,,,,,
5452000680501,50007204,GOODYEAR,Reifen,09.csv,195,70,R,15C,102,,UG CARGO 3PMSF,,09,,,,,,
5452000680921,50007681,GOODYEAR,Reifen,09.csv,185,65,R,15,,,EFFI.GRIP PERF. 2,,09,,,,,,
5452000681058,50007026,GOODYEAR,Reifen,09.csv,215,65,R,16C,104,,VECTOR 4S CARGO 3PMSF,,09,,,,,,
5452000681102,50006989,GOODYEAR,Reifen,09.csv,185,,R,14C,100,,VECTOR 4S CARGO 3PMSF,,09,,,,,,
5452000681126,50006992,GOODYEAR,Reifen,09.csv,195,,R,14C,104,,VECTOR 4S CARGO 3PMSF,,09,,,,,,
5452000681188,50006996,GOODYEAR,Reifen,09.csv,195,70,R,15C,102,,VECTOR 4S CARGO 3PMSF,,09,,,,,,
5452000681195,50006998,GOODYEAR,Reifen,09.csv,195,75,R,16C,105,,VECTOR 4S CARGO 3PMSF,,09,,,,,,
5452000681218,50007011,GOODYEAR,Reifen,09.csv,205,65,R,16C,105,,VECTOR 4S CARGO 3PMSF,,09,,,,,,
5452000681232,50007014,GOODYEAR,Reifen,09.csv,205,75,R,16C,108,,VECTOR 4S CARGO 3PMSF,,09,,,,,,
5452000681324,21000403,DUNLOP,Reifen,09.csv,255,35,Z,19,,Z,SP.MAXX RT2 XLMFS NST,,09,,,,,,
5452000681614,50007542,GOODYEAR,Reifen,09.csv,205,60,R,16,,,EFFI.GRIP PERF. 2,,09,,,,,,
5452000681638,50007546,GOODYEAR,Reifen,09.csv,205,60,R,16,,,EFFI.GRIP PERF. 2 XL,,09,,,,,,
5452000681881,50007521,GOODYEAR,Reifen,09.csv,195,55,R,16,,,EFFI.GRIP PERF. 2,,09,,,,,,
5452000681898,50007523,GOODYEAR,Reifen,09.csv,195,55,R,16,,,EFFI.GRIP PERF. 2,,09,,,,,,
5452000682192,50007531,GOODYEAR,Reifen,09.csv,205,50,R,17,,,EFFI.GRIP PERF. 2,,09,,,,,,
5452000682222,50007533,GOODYEAR,Reifen,09.csv,205,50,R,17,,,EFFI.GRIP PERF. 2 XL,,09,,,,,,
5452000682246,50007534,GOODYEAR,Reifen,09.csv,205,55,R,16,,,EFFI.GRIP PERF. 2,,09,,,,,,
5452000682253,50007526,GOODYEAR,Reifen,09.csv,195,65,R,15,,,EFFI.GRIP PERF. 2,,09,,,,,,
5452000682260,50007529,GOODYEAR,Reifen,09.csv,195,65,R,15,,,EFFI.GRIP PERF. 2,,09,,,,,,
5452000682277,40002370,FULDA,Reifen,09.csv,195,55,R,16,,,ECOCONTROL HP 2,,09,,,,,,
5452000682291,50007536,GOODYEAR,Reifen,09.csv,205,55,R,16,,,EFFI.GRIP PERF. 2,,09,,,,,,
5452000682307,50007537,GOODYEAR,Reifen,09.csv,205,55,R,16,,,EFFI.GRIP PERF. 2,,09,,,,,,
5452000682321,50007538,GOODYEAR,Reifen,09.csv,205,55,R,16,,,EFFI.GRIP PERF. 2 XL,,09,,,,,,
5452000682444,50007554,GOODYEAR,Reifen,09.csv,215,55,R,17,,,EFFI.GRIP PERF. 2 XL,,09,,,,,,
5452000682604,50007560,GOODYEAR,Reifen,09.csv,225,45,R,17,,,EFFI.GRIP PERF. 2 FP,,09,,,,,,
5452000682611,50007561,GOODYEAR,Reifen,09.csv,225,45,R,17,,,EFFI.GRIP PERF. 2 XLFP,,09,,,,,,
5452000682635,50007563,GOODYEAR,Reifen,09.csv,225,50,R,16,,,EFFI.GRIP PERF. 2 FP,,09,,,,,,
5452000682659,50007564,GOODYEAR,Reifen,09.csv,225,50,R,17,,,EFFI.GRIP PERF. 2 XLFP,,09,,,,,,
5452000682666,50007566,GOODYEAR,Reifen,09.csv,225,50,R,17,,,EFFI.GRIP PERF. 2 XLFP,,09,,,,,,
5452000682703,50007567,GOODYEAR,Reifen,09.csv,225,55,R,17,,,EFFI.GRIP PERF. 2 XL,,09,,,,,,
5452000682840,80000631,SAVA,Reifen,09.csv,185,65,R,15,,,INTENSA HP 2,,09,,,,,,
5452000682857,80000633,SAVA,Reifen,09.csv,195,45,R,16,,,INTENSA HP 2 XLFP,,09,,,,,,
5452000683007,80000639,SAVA,Reifen,09.csv,195,55,R,16,,,INTENSA HP 2,,09,,,,,,
5452000683038,80000683,SAVA,Reifen,09.csv,195,65,R,15,,,INTENSA HP 2,,09,,,,,,
5452000683045,80000684,SAVA,Reifen,09.csv,195,65,R,15,,,INTENSA HP 2,,09,,,,,,
5452000683083,80000687,SAVA,Reifen,09.csv,205,55,R,16,,,INTENSA HP 2,,09,,,,,,
5452000683120,80000690,SAVA,Reifen,09.csv,205,60,R,16,,,INTENSA HP 2,,09,,,,,,
5452000683229,40002383,FULDA,Reifen,09.csv,205,55,R,16,,,ECOCONTROL HP 2,,09,,,,,,
5452000683236,40002382,FULDA,Reifen,09.csv,205,55,R,16,,,ECOCONTROL HP 2 XL,,09,,,,,,
5452000683274,40002385,FULDA,Reifen,09.csv,205,60,R,16,,,ECOCONTROL HP 2,,09,,,,,,
5452000683434,40002310,FULDA,Reifen,09.csv,185,65,R,15,,,ECOCONTROL HP 2,,09,,,,,,
5452000683519,40002374,FULDA,Reifen,09.csv,195,65,R,15,,,ECOCONTROL HP 2,,09,,,,,,
5452000683526,40002376,FULDA,Reifen,09.csv,195,65,R,15,,,ECOCONTROL HP 2,,09,,,,,,
5452000683533,40002375,FULDA,Reifen,09.csv,195,65,R,15,,,ECOCONTROL HP 2 XL,,09,,,,,,
5452000683588,40002379,FULDA,Reifen,09.csv,205,55,R,16,,,ECOCONTROL HP 2,,09,,,,,,
5452000684035,40002391,FULDA,Reifen,09.csv,215,55,R,16,,,ECOCONTROL HP 2 XL,,09,,,,,,
5452000684042,40002392,FULDA,Reifen,09.csv,215,60,R,16,,,ECOCONTROL HP 2 XL,,09,,,,,,
5452000684066,40002397,FULDA,Reifen,09.csv,215,65,R,16,,,ECOCONTROL HP 2,,09,,,,,,
5452000684080,40002386,FULDA,Reifen,09.csv,205,60,R,16,,,ECOCONTROL HP 2,,09,,,,,,
5452000684127,40002389,FULDA,Reifen,09.csv,215,55,R,16,,,ECOCONTROL HP 2,,09,,,,,,
5452000684134,40002390,FULDA,Reifen,09.csv,215,55,R,16,,,ECOCONTROL HP 2,,09,,,,,,
5452000685360,21000457,DUNLOP,Reifen,09.csv,195,60,R,16,,,WINTER RESPONSE 3PMSF MFS M+,,09,,,,,,
5452000686428,21000377,DUNLOP,Reifen,09.csv,205,45,R,17,,,SP.MAXX RT 2 XLMFS,,09,,,,,,
5452000686435,21000470,DUNLOP,Reifen,09.csv,225,55,R,18,,,SP.MAXX RT 2 XLMFS,,09,,,,,,
5452000686510,50006465,GOODYEAR,Reifen,09.csv,185,55,R,16,,,EFFI.GRIP PERF.,,09,,,,,,
5452000686527,50006464,GOODYEAR,Reifen,09.csv,185,55,R,16,,,EFFI.GRIP PERF. XL,,09,,,,,,
5452000686558,50007530,GOODYEAR,Reifen,09.csv,205,45,R,16,,,EFFI.GRIP PERF. 2 XLFP,,09,,,,,,
5452000686565,50007539,GOODYEAR,Reifen,09.csv,205,55,R,16,,,EFFI.GRIP PERF. 2 FP,,09,,,,,,
5452000686701,50006647,GOODYEAR,Reifen,09.csv,165,60,R,15,,,VECTOR 4S G2 3PMSF XL,,09,,,,,,
5452000686725,50006688,GOODYEAR,Reifen,09.csv,205,55,R,17,,,VECTOR 4S G2 3PMSF XL,,09,,,,,,
5452000686756,50006653,GOODYEAR,Reifen,09.csv,225,60,R,16,,,VECTOR 4S G2 3PMSF XL,,09,,,,,,
5452000701053,21000393,DUNLOP,Reifen,09.csv,225,60,R,17,,,WIN.SPORT 5 SUV XL,,09,,,,,,
5452000703149,21000610,DUNLOP,Reifen,09.csv,275,45,R,21,,,SP.MAXX RT2 SUV XLMFS,,09,,,,,,
5452000703194,50006636,GOODYEAR,Reifen,09.csv,195,60,R,15,,,UG 8,,09,,,,,,
5452000703712,21000379,DUNLOP,Reifen,09.csv,205,55,R,17,,,SPORT BLU RESPONSE XL,,09,,,,,,
5452000703729,21000384,DUNLOP,Reifen,09.csv,215,55,R,16,,,SPORT BLU RESPONSE XL,,09,,,,,,
5452000703941,21000558,DUNLOP,Reifen,09.csv,235,55,R,19,,,SP.MAXX RT2 SUV,,09,,,,,,
5452000704498,50006494,GOODYEAR,Reifen,09.csv,205,65,R,16,,,UG 8 PERF. * M+S,,09,,,,,,
5452000709271,50007072,GOODYEAR,Reifen,09.csv,235,55,R,18,,,VECTOR 4S SUV G2 AO 3PMSF,,09,,,,,,
5452000711885,21000398,DUNLOP,Reifen,09.csv,245,40,R,18,,Z,SP.MAXX RT MFS,,09,,,,,,
5452000711922,50006461,GOODYEAR,Reifen,09.csv,175,65,R,15,,,VECTOR 4S G2,,09,,,,,,
5452000711991,50007159,GOODYEAR,Reifen,09.csv,185,65,R,15,,,EFFI.GRIP PERF. VW2,,09,,,,,,
5452000713322,50006715,GOODYEAR,Reifen,09.csv,225,50,R,17,,,EFFI.GRIP PERF. MO,,09,,,,,,
5452000714121,50007016,GOODYEAR,Reifen,09.csv,215,40,R,18,,,EAG.F1 ASY. 3 XLAOFP,,09,,,,,,
5452000714138,50006847,GOODYEAR,Reifen,09.csv,195,55,R,16,,,VECTOR 4S G2 AO 3PMSF XL,,09,,,,,,
5452000714152,50007070,GOODYEAR,Reifen,09.csv,235,50,R,20,,,EAG.F1 ASY. SUV AT XLJ LRFP,,09,,,,,,
5452000714404,50006673,GOODYEAR,Reifen,09.csv,195,55,R,16,,,EFFI.GRIP PERF. ROF*FP,,09,,,,,,
5452000718082,50006983,GOODYEAR,Reifen,09.csv,305,30,R,21,,Z,EAG.F1 ASY. 3 XLNA0FP,,09,,,,,,
5452000718105,50007577,GOODYEAR,Reifen,09.csv,245,35,R,20,,,UG PERF. G1 XLNA0FP 3PMSF,,09,,,,,,
5452000719362,21000502,DUNLOP,Reifen,09.csv,255,45,R,20,,Z,SP.MAXX RT 2 XLMOMFS,,09,,,,,,
5452000722980,21000490,DUNLOP,Reifen,09.csv,245,45,R,18,,,SP SP.01 XLJMFS,,09,,,,,,
5452000723154,50006956,GOODYEAR,Reifen,09.csv,225,60,R,18,,,EFFI.GRIP SUV M+S,,09,,,,,,
5452000723994,50006967,GOODYEAR,Reifen,09.csv,255,35,R,19,,,EAG.F1 ASY. 3 ROFXL*RSCFP,,09,,,,,,
5452000724021,50006947,GOODYEAR,Reifen,09.csv,225,40,R,19,,,EAG.F1 ASY. 3 ROFXL*RS,,09,,,,,,
5452000724038,50006938,GOODYEAR,Reifen,09.csv,205,60,R,16,,,UG PERF. G1 ROFXL*RSC 3PMSF,,09,,,,,,
5452000724151,50006950,GOODYEAR,Reifen,09.csv,225,45,R,18,,,EAG.F1 ASY. 3 ROFXL*RSCFP,,09,,,,,,
5452000724168,50006940,GOODYEAR,Reifen,09.csv,205,60,R,16,,,EFFI.GRIP PERF. ROFXL*RSCFP,,09,,,,,,
5452000724175,50007441,GOODYEAR,Reifen,09.csv,245,45,R,18,,,EAG.F1 ASY. 3 MO-V XLFP,,09,,,,,,
5452000724267,21000549,DUNLOP,Reifen,09.csv,225,40,R,19,,Z,SP.MAXX RT XLMOFP,,09,,,,,,
5452000724274,21000769,DUNLOP,Reifen,09.csv,255,35,R,19,,Z,SP.MAXX RT XLMOMFS,,09,,,,,,
5452000724281,21000556,DUNLOP,Reifen,09.csv,235,55,R,19,,,SP.MAXX RT MFS,,09,,,,,,
5452000724298,50006890,GOODYEAR,Reifen,09.csv,255,45,R,20,,,EAG.F1 ASY. 3 FP,,09,,,,,,
5452000725301,50006780,GOODYEAR,Reifen,09.csv,255,45,R,19,,,EAG.F1 ASY. 3 SUV FP,,09,,,,,,
5452000725417,40002352,FULDA,Reifen,09.csv,215,55,R,18,,,ECOCONTROL SUV XLFP,,09,,,,,,
5452000725448,40002356,FULDA,Reifen,09.csv,235,50,R,18,,,ECOCONTROL SUV FP,,09,,,,,,
5452000725776,21000557,DUNLOP,Reifen,09.csv,235,55,R,19,,,SP.MAXX RT2 SUV XL,,09,,,,,,
5452000725790,50006878,GOODYEAR,Reifen,09.csv,235,60,R,18,,,EAG.F1 ASY. 3 SUV XLFP,,09,,,,,,
5452000726278,50006902,GOODYEAR,Reifen,09.csv,275,35,R,22,,,EAG.F1 ASY. 3 SUV XLFP,,09,,,,,,
5452000726391,50007611,GOODYEAR,Reifen,09.csv,185,60,R,15,,,VECTOR 4S G3 XL 3PMSF,,09,,,,,,
5452000726407,50007620,GOODYEAR,Reifen,09.csv,205,55,R,16,,,VECTOR 4S G3 XL 3PMSF,,09,,,,,,
5452000726421,50007630,GOODYEAR,Reifen,09.csv,225,45,R,17,,,VECTOR 4S G3 XLFP 3PMSF,,09,,,,,,
5452000726438,50007686,GOODYEAR,Reifen,09.csv,195,60,R,15,,,VECTOR 4S G3 XL 3PMSF,,09,,,,,,
5452000726445,50007618,GOODYEAR,Reifen,09.csv,195,65,R,15,,,VECTOR 4S G3 XL 3PMSF,,09,,,,,,
5452000726476,50007830,GOODYEAR,Reifen,09.csv,215,50,R,17,,,VECTOR 4S G3 XLFP 3PMSF,,09,,,,,,
5452000726483,50007732,GOODYEAR,Reifen,09.csv,235,55,R,18,,,VECTOR 4S G3 SUV XL 3PMSF,,09,,,,,,
5452000726506,50007634,GOODYEAR,Reifen,09.csv,225,55,R,17,,,VECTOR 4S G3 XL 3PMSF,,09,,,,,,
5452000726766,50007613,GOODYEAR,Reifen,09.csv,185,65,R,15,,,VECTOR 4S G3 XL 3PMSF,,09,,,,,,
5452000726773,50007610,GOODYEAR,Reifen,09.csv,185,60,R,14,,,VECTOR 4S G3 XL 3PMSF,,09,,,,,,
5452000726803,50007816,GOODYEAR,Reifen,09.csv,185,55,R,15,,,VECTOR 4S G3 XL 3PMSF,,09,,,,,,
5452000726827,50007622,GOODYEAR,Reifen,09.csv,205,60,R,16,,,VECTOR 4S G3 XL 3PMSF,,09,,,,,,
5452000726841,50007627,GOODYEAR,Reifen,09.csv,215,60,R,17,,,VECTOR 4S G3 SUV XL 3PMSF,,09,,,,,,
5452000726858,50007685,GOODYEAR,Reifen,09.csv,195,55,R,16,,,VECTOR 4S G3 XL 3PMSF,,09,,,,,,
5452000726889,50007614,GOODYEAR,Reifen,09.csv,185,65,R,15,,,VECTOR 4S G3 XL 3PMSF,,09,,,,,,
5452000726896,50007617,GOODYEAR,Reifen,09.csv,195,60,R,16,,,VECTOR 4S G3 XL 3PMSF,,09,,,,,,
5452000726902,50007621,GOODYEAR,Reifen,09.csv,205,55,R,16,,,VECTOR 4S G3 3PMSF,,09,,,,,,
5452000726919,50007698,GOODYEAR,Reifen,09.csv,215,50,R,18,,,VECTOR 4S G3 FP 3PMSF,,09,,,,,,
5452000726926,50007709,GOODYEAR,Reifen,09.csv,215,65,R,17,,,VECTOR 4S G3 SUV 3PMSF,,09,,,,,,
5452000726933,50007738,GOODYEAR,Reifen,09.csv,235,65,R,17,,,VECTOR 4S G3 SUV XL 3PMSF,,09,,,,,,
5452000727053,50007824,GOODYEAR,Reifen,09.csv,205,50,R,17,,,VECTOR 4S G3 XL 3PMSF,,09,,,,,,
5452000727060,50007710,GOODYEAR,Reifen,09.csv,225,40,R,18,,,VECTOR 4S G3 XLFP 3PMSF,,09,,,,,,
5452000727084,50007612,GOODYEAR,Reifen,09.csv,185,65,R,14,,,VECTOR 4S G3 3PMSF,,09,,,,,,
5452000727114,50007625,GOODYEAR,Reifen,09.csv,215,55,R,17,,,VECTOR 4S G3 XL 3PMSF,,09,,,,,,
5452000727121,50007637,GOODYEAR,Reifen,09.csv,225,65,R,17,,,VECTOR 4S G3 SUV XL 3PMSF,,09,,,,,,
5452000727138,50007700,GOODYEAR,Reifen,09.csv,215,55,R,16,,,VECTOR 4S G3 XL 3PMSF,,09,,,,,,
5452000727169,50007632,GOODYEAR,Reifen,09.csv,225,55,R,16,,,VECTOR 4S G3 XL 3PMSF,,09,,,,,,
5452000727176,50007695,GOODYEAR,Reifen,09.csv,205,65,R,15,,,VECTOR 4S G3 XL 3PMSF,,09,,,,,,
5452000727183,50007694,GOODYEAR,Reifen,09.csv,205,60,R,15,,,VECTOR 4S G3 XL 3PMSF,,09,,,,,,
5452000727374,40002354,FULDA,Reifen,09.csv,225,60,R,17,,,ECOCONTROL SUV XLFP,,09,,,,,,
5452000727381,40002317,FULDA,Reifen,09.csv,235,60,R,17,,,ECOCONTROL SUV FP,,09,,,,,,
5452000727398,40002453,FULDA,Reifen,09.csv,255,45,R,20,,,ECOCONTROL SUV XLFP,,09,,,,,,
5452000727404,80000652,SAVA,Reifen,09.csv,235,50,R,18,,,INTENSA SUV 2 FP,,09,,,,,,
5452000728685,21000560,DUNLOP,Reifen,09.csv,245,40,R,19,,,SP.MAXX RT 2 XL*MO MFS NST,,09,,,,,,
5452000730268,21000512,DUNLOP,Reifen,09.csv,275,35,R,20,,Z,SP SP.MAXX GT XLJMFS,,09,,,,,,
5452000730947,40002309,FULDA,Reifen,09.csv,225,65,R,17,,,MULTICONTROL SUV FP 3PMSF,,09,,,,,,
5452000731234,21000465,DUNLOP,Reifen,09.csv,225,35,R,18,,,SP.MAXX RT 2 XLMFS,,09,,,,,,
5452000731357,40002318,FULDA,Reifen,09.csv,235,60,R,18,,,MULTICONTROL SUV XL 3PMSF,,09,,,,,,
5452000731487,50006696,GOODYEAR,Reifen,09.csv,215,55,R,18,,,VECTOR 4S SUV G2 3PMSF M+S,,09,,,,,,
5452000732156,50007619,GOODYEAR,Reifen,09.csv,205,45,R,17,,,VECTOR 4S G3 XLFP 3PMSF,,09,,,,,,
5452000732163,50007697,GOODYEAR,Reifen,09.csv,215,40,R,18,,,VECTOR 4S G3 XLFP 3PMSF,,09,,,,,,
5452000732170,50007624,GOODYEAR,Reifen,09.csv,215,45,R,17,,,VECTOR 4S G3 XLFP 3PMSF,,09,,,,,,
5452000732187,50007713,GOODYEAR,Reifen,09.csv,225,45,R,18,,,VECTOR 4S G3 XLFP 3PMSF,,09,,,,,,
5452000732194,50007741,GOODYEAR,Reifen,09.csv,245,40,R,18,,,VECTOR 4S G3 XLFP 3PMSF,,09,,,,,,
5452000732224,40002279,FULDA,Reifen,09.csv,195,65,R,15,,,MULTICONTROL,,09,,,,,,
5452000732644,50006756,GOODYEAR,Reifen,09.csv,235,65,R,17,,,EAG.F1 ASY. SUV AT XLJ LR M+,,09,,,,,,
5452000733658,21000568,DUNLOP,Reifen,09.csv,275,35,R,19,,,SP.MAXX RT 2 XLMO,,09,,,,,,
5452000733870,50007734,GOODYEAR,Reifen,09.csv,235,55,R,19,,,VECTOR 4S G3 SUV XL 3PMSF,,09,,,,,,
5452000734655,21000443,DUNLOP,Reifen,09.csv,225,55,R,17,,,SP W.SP.4D * MO,,09,,,,,,
5452000734853,21000517,DUNLOP,Reifen,09.csv,285,30,R,20,,Z,SP SP.MAXX XLJMFS,,09,,,,,,
5452000734884,50007212,GOODYEAR,Reifen,09.csv,225,45,R,17,,,UG PERF. G1 ROFFP 3PMSF,,09,,,,,,
5452000735300,50006683,GOODYEAR,Reifen,09.csv,205,50,R,17,,,EFFI.GRIP ROF* RSCFP,,09,,,,,,
5452000735546,21000464,DUNLOP,Reifen,09.csv,215,55,R,18,,,WIN.SPORT 5 SUV 3PMSF XL M+S,,09,,,,,,
5452000736895,21000462,DUNLOP,Reifen,09.csv,215,55,R,16,,,SPORT BLU RESPONSE XL,,09,,,,,,
5452000738363,50006667,GOODYEAR,Reifen,09.csv,195,50,R,15,,,EFFI.GRIP PERF. FP,,09,,,,,,
5452000738523,50008944,GOODYEAR,Reifen,09.csv,195,65,R,15,,,UG 8 MS 3PMSF,,09,,,,,,
5452000738547,50008918,GOODYEAR,Reifen,09.csv,195,65,R,15,,,UG 8 MS 3PMSF,,09,,,,,,
5452000738752,50008932,GOODYEAR,Reifen,09.csv,205,60,R,16,,,UG8 MS 3PMSF XL,,09,,,,,,
5452000739322,50007387,GOODYEAR,Reifen,09.csv,215,50,R,18,,,EAG.F1 ASY. 3 FP,,09,,,,,,
5452000739858,50006990,GOODYEAR,Reifen,09.csv,185,60,R,15,,,EFFI.GRIP PERF.,,09,,,,,,
5452000740267,50006700,GOODYEAR,Reifen,09.csv,215,60,R,17C,104,H,CARGO VECT2 MFS M+S (107H),,09,,,,,,
5452000740403,50006771,GOODYEAR,Reifen,09.csv,245,50,R,20,,,EAG.F1 ASY. 3 SUV XLJFP,,09,,,,,,
5452000740427,50007158,GOODYEAR,Reifen,09.csv,195,55,R,16,,,VECTOR 4S G2 3PMSF,,09,,,,,,
5452000742155,50006870,GOODYEAR,Reifen,09.csv,235,40,R,18,,,EAG.F1 ASY. 2 XLFP,,09,,,,,,
5452000742827,50007188,GOODYEAR,Reifen,09.csv,265,35,R,21,,Z,EAG.F1 ASY. 3 XLNF0FP,,09,,,,,,
5452000744258,50007443,GOODYEAR,Reifen,09.csv,245,45,R,20,,,UG PERF. G1 XLNF0FP 3PMSF,,09,,,,,,
5452000744272,50007168,GOODYEAR,Reifen,09.csv,215,65,R,16C,104,,EFFI.GRIP CARGO,,09,,,,,,
5452000744296,50007211,GOODYEAR,Reifen,09.csv,215,60,R,17,,,EFFI.GRIP PERF.,,09,,,,,,
5452000744326,21000513,DUNLOP,Reifen,09.csv,275,40,R,18,,,SP.MAXX RT 2 XLMOMFS,,09,,,,,,
5452000744753,50008973,GOODYEAR,Reifen,09.csv,225,45,R,19,,,F1 ASYM 3 RSC ROF*FP,,09,,,,,,
5452000745651,50006686,GOODYEAR,Reifen,09.csv,205,55,R,16,,,EFFI.GRIP PERF.,,09,,,,,,
5452000746023,40002311,FULDA,Reifen,09.csv,195,45,R,16,,,ECOCONTROL HP 2 XLFP,,09,,,,,,
5452000746030,40002384,FULDA,Reifen,09.csv,205,55,R,17,,,ECOCONTROL HP 2 XL,,09,,,,,,
5452000746047,40002387,FULDA,Reifen,09.csv,205,60,R,16,,,ECOCONTROL HP 2 XL,,09,,,,,,
5452000746849,50007200,GOODYEAR,Reifen,09.csv,305,30,R,21,,Z,EAG.F1 ASY. 3 XLNF0FP,,09,,,,,,
5452000747662,40002403,FULDA,Reifen,09.csv,225,55,R,16,,,ECOCONTROL HP 2 XL,,09,,,,,,
5452000747808,80000682,SAVA,Reifen,09.csv,195,55,R,16,,,INTENSA HP 2,,09,,,,,,
5452000747822,80000688,SAVA,Reifen,09.csv,205,55,R,16,,,INTENSA HP 2 XL,,09,,,,,,
5452000747839,80000691,SAVA,Reifen,09.csv,205,60,R,16,,,INTENSA HP 2 XL,,09,,,,,,
5452000748164,50007205,GOODYEAR,Reifen,09.csv,205,45,R,17,,,EAG.F1 ASY. 3 ROFXL*RSCFP,,09,,,,,,
5452000748188,50007234,GOODYEAR,Reifen,09.csv,205,45,R,17,,,EAG.F1 ASY. 3 XL*FP,,09,,,,,,
5452000748195,50007240,GOODYEAR,Reifen,09.csv,225,45,R,19,,,EAG.F1 ASY. 3 ROFXL*RSCFP,,09,,,,,,
5452000748348,50006881,GOODYEAR,Reifen,09.csv,245,40,R,19,,,EAG.F1 ASY. 3 ROFXL* RSC MOE,,09,,,,,,
5452000749826,21000550,DUNLOP,Reifen,09.csv,225,45,R,17,,,SP W.SP.4D MS 3PMSF ROF* M+S,,09,,,,,,
5452000750853,50004045,GOODYEAR,Reifen,09.csv,245,45,R,19,,,EXCELLENCE ROF *,,09,,,,,,
5452000783059,50006604,GOODYEAR,Reifen,09.csv,225,50,R,17,,,EXCELL. ROFXL,,09,,,,,,
5452000801616,50007545,GOODYEAR,Reifen,09.csv,205,60,R,16,,,EFFI.GRIP PERF. 2 XL,,09,,,,,,
5452000801623,50007556,GOODYEAR,Reifen,09.csv,215,60,R,17,,,EFFI.GRIP PERF. 2 XL,,09,,,,,,
5452000801630,50007555,GOODYEAR,Reifen,09.csv,215,60,R,17,,,EFFI.GRIP PERF. 2,,09,,,,,,
5452000801647,50007557,GOODYEAR,Reifen,09.csv,215,65,R,16,,,EFFI.GRIP PERF. 2,,09,,,,,,
5452000802026,50008984,GOODYEAR,Reifen,09.csv,235,45,R,20,,,F1 ASYM 3 SUV FP,,09,,,,,,
5452000802033,50007527,GOODYEAR,Reifen,09.csv,195,65,R,15,,,EFFI.GRIP PERF. 2 XL,,09,,,,,,
5452000803092,50007046,GOODYEAR,Reifen,09.csv,225,55,R,17,,,EAG.F1 ASY. 3 XLJFP,,09,,,,,,
5452000803108,50007206,GOODYEAR,Reifen,09.csv,205,55,R,16,,,EFFI.GRIP PERF.,,09,,,,,,
5452000803504,50007238,GOODYEAR,Reifen,09.csv,225,45,R,17,,,EAG.F1 ASY. 3 LRR FP,,09,,,,,,
5452000804419,50007213,GOODYEAR,Reifen,09.csv,225,45,R,17,,,EAG.F1 ASY. 3 FP,,09,,,,,,
5452000804495,50007163,GOODYEAR,Reifen,09.csv,205,45,R,18,,,UG PERF. G1 XL* 3PMSF,,09,,,,,,
5452000804518,50007862,GOODYEAR,Reifen,09.csv,235,35,R,19,,,EAG.F1 SUPERSPORT XLAOFP,,09,,,,,,
5452000804532,50007559,GOODYEAR,Reifen,09.csv,225,40,R,18,,,EAG.F1 SUPERSPORT XLAOFP,,09,,,,,,
5452000804556,50007482,GOODYEAR,Reifen,09.csv,225,45,R,17,,,VECTOR 4S G2 XLAOFP 3PMSF,,09,,,,,,
5452000804587,50007605,GOODYEAR,Reifen,09.csv,255,35,R,20,,Z,EAG.F1 SUPERSPORT XLNA,,09,,,,,,
5452000804594,50007421,GOODYEAR,Reifen,09.csv,205,60,R,16,,,EFFI.GRIP PERF.,,09,,,,,,
5452000804600,50007629,GOODYEAR,Reifen,09.csv,225,40,R,19,,,EAG.F1 SUPERSPORT XLFP,,09,,,,,,
5452000804624,50007843,GOODYEAR,Reifen,09.csv,225,45,R,18,,,EAG.F1 SUPERSPORT FP,,09,,,,,,
5452000805546,80000610,SAVA,Reifen,09.csv,155,70,R,13,,,PERFECTA,,09,,,,,,
5452000805560,80000613,SAVA,Reifen,09.csv,165,65,R,14,,,PERFECTA,,09,,,,,,
5452000805577,80000616,SAVA,Reifen,09.csv,165,70,R,14,,,PERFECTA,,09,,,,,,
5452000805607,80000622,SAVA,Reifen,09.csv,175,70,R,13,,,PERFECTA,,09,,,,,,
5452000807076,50007042,GOODYEAR,Reifen,09.csv,225,45,R,18,,Z,EAG.F1 SUPERSPORT XLFP,,09,,,,,,
5452000807090,50007062,GOODYEAR,Reifen,09.csv,235,40,R,18,,Z,EAG.F1 SUPERSPORT XLFP,,09,,,,,,
5452000807229,50007082,GOODYEAR,Reifen,09.csv,245,35,R,19,,Z,EAG.F1 SUPERSPORT XLFP,,09,,,,,,
5452000808288,40002394,FULDA,Reifen,09.csv,215,60,R,17,,,ECOCONTROL HP 2,,09,,,,,,
5452000808295,80000696,SAVA,Reifen,09.csv,215,60,R,17,,,INTENSA HP 2,,09,,,,,,
5452000808837,50007394,GOODYEAR,Reifen,09.csv,225,40,R,20,,,EAG.F1 ASY. 3 ROFXL*FP,,09,,,,,,
5452000808844,50007170,GOODYEAR,Reifen,09.csv,225,40,R,18,,,EAG.F1 ASY. 3 XL*FP,,09,,,,,,
5452000808875,21000544,DUNLOP,Reifen,09.csv,185,60,R,15,,,SP WINTER RESPONSE 3PMSF XLA,,09,,,,,,
5452000809131,50007171,GOODYEAR,Reifen,09.csv,225,45,R,17,,,EAG.F1 ASY. 3 XL*FP,,09,,,,,,
5452000809155,50007459,GOODYEAR,Reifen,09.csv,185,65,R,15,,,EFFI.GRIP PERF.,,09,,,,,,
5452000809179,50007543,GOODYEAR,Reifen,09.csv,205,60,R,16,,,EFFI.GRIP PERF.,,09,,,,,,
5452000809186,50007480,GOODYEAR,Reifen,09.csv,215,65,R,17,,,EFFI.GRIP PERF. VW,,09,,,,,,
5452000811226,21000605,DUNLOP,Reifen,09.csv,275,30,R,21,,Z,SP SP.MAXX GT XLRO1NST,,09,,,,,,
5452000811332,21000618,DUNLOP,Reifen,09.csv,165,80,R,14,,,SPORT CLASSIC,,09,,,,,,
5452000811349,21000619,DUNLOP,Reifen,09.csv,175,80,R,14,,,SPORT CLASSIC,,09,,,,,,
5452000811721,80000697,SAVA,Reifen,09.csv,215,65,R,16,,,INTENSA HP 2,,09,,,,,,
5452000811950,80000627,SAVA,Reifen,09.csv,185,60,R,15,,,INTENSA HP,,09,,,,,,
5452000811981,80000611,SAVA,Reifen,09.csv,165,60,R,14,,,INTENSA HP,,09,,,,,,
5452000812001,80000628,SAVA,Reifen,09.csv,185,60,R,15,,,INTENSA HP XL,,09,,,,,,
5452000812490,80000614,SAVA,Reifen,09.csv,165,70,R,13,,,PERFECTA,,09,,,,,,
5452000812728,50007449,GOODYEAR,Reifen,09.csv,275,35,R,19,,,EAG.F1 ASY. 3 ROFXL*FP,,09,,,,,,
5452000813008,50006943,GOODYEAR,Reifen,09.csv,215,60,R,16,,,VECTOR 4S G2 XL SEAL 3PMSF,,09,,,,,,
5452000813152,50006948,GOODYEAR,Reifen,09.csv,225,45,R,18,,,EAG.F1 ASY. 2 FP,,09,,,,,,
5452000813411,80000618,SAVA,Reifen,09.csv,175,65,R,14,,,INTENSA HP,,09,,,,,,
5452000813428,80000640,SAVA,Reifen,09.csv,195,60,R,15,,,INTENSA HP,,09,,,,,,
5452000813435,80000641,SAVA,Reifen,09.csv,195,60,R,15,,,INTENSA HP,,09,,,,,,
5452000813442,80000624,SAVA,Reifen,09.csv,185,55,R,14,,,INTENSA HP,,09,,,,,,
5452000813459,80000649,SAVA,Reifen,09.csv,205,60,R,15,,,INTENSA HP,,09,,,,,,
5452000813473,80000637,SAVA,Reifen,09.csv,195,55,R,15,,,INTENSA HP,,09,,,,,,
5452000813831,50007733,GOODYEAR,Reifen,09.csv,235,55,R,18,,,VECTOR 4S G3 SUV ST XL 3PMSF,,09,,,,,,
5452000815163,40002305,FULDA,Reifen,09.csv,185,55,R,15,,,MULTICONTROL 3PMSF M+S,,09,,,,,,
5452000815538,80000620,SAVA,Reifen,09.csv,175,65,R,14,,,PERFECTA XL,,09,,,,,,
5452000815989,50007266,GOODYEAR,Reifen,09.csv,185,55,R,15,,,UG 9+ MS 3PMSF,,09,,,,,,
5452000816108,50006928,GOODYEAR,Reifen,09.csv,195,45,R,17,,,EAG.F1 GS-D3 FP,,09,,,,,,
5452000817884,50007494,GOODYEAR,Reifen,09.csv,245,45,R,18,,,EAG.F1 ASY. 3 XLMOFP,,09,,,,,,
5452000817891,50007450,GOODYEAR,Reifen,09.csv,275,40,R,18,,,EAG.F1 ASY. 3 XLMOFP,,09,,,,,,
5452000817907,50007492,GOODYEAR,Reifen,09.csv,245,40,R,19,,,EAG.F1 ASY. 3 XLMOFP,,09,,,,,,
5452000818010,50007509,GOODYEAR,Reifen,09.csv,275,35,R,19,,,EAG.F1 ASY. 3 XLMOFP,,09,,,,,,
5452000818027,50007406,GOODYEAR,Reifen,09.csv,245,45,R,18,,,EAG.F1 ASY. 3 XL*FP,,09,,,,,,
5452000818034,50007440,GOODYEAR,Reifen,09.csv,245,40,R,19,,,EAG.F1 ASY. 3 XL*FP,,09,,,,,,
5452000818041,50007436,GOODYEAR,Reifen,09.csv,225,55,R,17,,,EFFI.GRIP PERF. MO,,09,,,,,,
5452000818614,50006961,GOODYEAR,Reifen,09.csv,245,40,R,20,,,EXCELL. ROFXL*FP,,09,,,,,,
5452000820327,50007249,GOODYEAR,Reifen,09.csv,265,35,R,20,,,EAG.F1 ASY. 5 XLFP,,09,,,,,,
5452000820440,50007035,GOODYEAR,Reifen,09.csv,225,40,R,18,,,EAG.F1 ASY. 5 XLFP,,09,,,,,,
5452000820563,80000644,SAVA,Reifen,09.csv,195,65,R,15,,,PERFECTA XL,,09,,,,,,
5452000823595,50007041,GOODYEAR,Reifen,09.csv,225,45,R,18,,,EAG.F1 ASY. 5 XLFP,,09,,,,,,
5452000824530,50007107,GOODYEAR,Reifen,09.csv,255,40,R,19,,,EAG.F1 ASY. 5 XLFP,,09,,,,,,
5452000824547,50007069,GOODYEAR,Reifen,09.csv,235,50,R,18,,,EAG.F1 ASY. 5 XLFP,,09,,,,,,
5452000824622,50007044,GOODYEAR,Reifen,09.csv,225,50,R,17,,,EAG.F1 ASY. 5 FP,,09,,,,,,
5452000824905,50007090,GOODYEAR,Reifen,09.csv,245,40,R,19,,,EAG.F1 ASY. 5 XLFP,,09,,,,,,
5452000825834,50007112,GOODYEAR,Reifen,09.csv,255,45,R,19,,,EAG.F1 ASY. XLAOFP,,09,,,,,,
5452000826039,21000628,DUNLOP,Reifen,09.csv,235,35,R,19,,Z,SP.MAXX RT XLMOMFS,,09,,,,,,
5452000826541,50007305,GOODYEAR,Reifen,09.csv,215,35,R,18,,,EAG.F1 ASY. XL,,09,,,,,,
5452000827050,50007405,GOODYEAR,Reifen,09.csv,245,40,R,19,,,EAG.F1 ASY. 3 ROFXL*FP,,09,,,,,,
5452000827074,50007122,GOODYEAR,Reifen,09.csv,265,35,R,19,,Z,EAG.F1 ASY. N0FP,,09,,,,,,
5452000827432,21000642,DUNLOP,Reifen,09.csv,255,35,R,20,,,SP SP.MAXX XLJMFS,,09,,,,,,
5452000828187,50007008,GOODYEAR,Reifen,09.csv,205,55,R,17,,,EFFI.GRIP PERF. ROF*RSCFP,,09,,,,,,
5452000828200,50007847,GOODYEAR,Reifen,09.csv,225,50,R,18,,,EFFI.GRIP PERF. 2 XLFP,,09,,,,,,
5452000828514,50007351,GOODYEAR,Reifen,09.csv,245,35,R,19,,Z,EAG.F1 SUPERSPORT R XL,,09,,,,,,
5452000828569,50007199,GOODYEAR,Reifen,09.csv,305,30,R,19,,Z,EAG.F1 SUPERSPORT R X,,09,,,,,,
5452000829092,50007636,GOODYEAR,Reifen,09.csv,225,60,R,18,,,VECTOR 4S G3 SUV XL 3PMSF,,09,,,,,,
5452000829238,50007635,GOODYEAR,Reifen,09.csv,225,55,R,18,,,VECTOR 4S G3 XL 3PMSF,,09,,,,,,
5452000829245,50007398,GOODYEAR,Reifen,09.csv,225,45,R,19,,,VECTOR 4S G2 XLFP 3PMSF,,09,,,,,,
5452000829252,40002331,FULDA,Reifen,09.csv,195,50,R,16,,,MULTICONTROL XL 3PMSF,,09,,,,,,
5452000829283,50007735,GOODYEAR,Reifen,09.csv,235,55,R,20,,,EAG.F1 ASY. 3 SUV XLFP,,09,,,,,,
5452000829696,50007377,GOODYEAR,Reifen,09.csv,155,70,R,19,,,UG PERF. + 3PMSF,,09,,,,,,
5452000829719,50007277,GOODYEAR,Reifen,09.csv,195,55,R,15,,,UG PERF. + 3PMSF,,09,,,,,,
5452000829771,50007276,GOODYEAR,Reifen,09.csv,195,50,R,16,,,UG PERF. + XLFP 3PMSF,,09,,,,,,
5452000829917,50007369,GOODYEAR,Reifen,09.csv,275,40,R,21,,,UG PERF. + XLFP 3PMSF,,09,,,,,,
5452000830012,50007357,GOODYEAR,Reifen,09.csv,245,50,R,18,,,UG PERF. + XLFP 3PMSF,,09,,,,,,
5452000830029,50007356,GOODYEAR,Reifen,09.csv,245,45,R,20,,,UG PERF. + XLFP 3PMSF,,09,,,,,,
5452000830036,50007493,GOODYEAR,Reifen,09.csv,245,45,R,17,,,UG PERF. + XLFP 3PMSF,,09,,,,,,
5452000830067,50007403,GOODYEAR,Reifen,09.csv,245,40,R,18,,,UG PERF. + XLFP 3PMSF,,09,,,,,,
5452000830074,50007574,GOODYEAR,Reifen,09.csv,235,60,R,16,,,UG PERF. + 3PMSF,,09,,,,,,
5452000830104,50007345,GOODYEAR,Reifen,09.csv,235,50,R,18,,,UG PERF. + XLFP 3PMSF,,09,,,,,,
5452000830142,50007490,GOODYEAR,Reifen,09.csv,235,45,R,17,,,UG PERF. + XLFP 3PMSF,,09,,,,,,
5452000830159,50007340,GOODYEAR,Reifen,09.csv,235,40,R,18,,,UG PERF. + XLFP 3PMSF,,09,,,,,,
5452000830210,50007310,GOODYEAR,Reifen,09.csv,215,55,R,16,,,UG PERF. + 3PMSF,,09,,,,,,
5452000830234,50007317,GOODYEAR,Reifen,09.csv,215,65,R,16,,,UG PERF. + 3PMSF,,09,,,,,,
5452000830371,50007486,GOODYEAR,Reifen,09.csv,225,50,R,18,,,UG PERF. + ROFXLFP 3PMSF,,09,,,,,,
5452000830401,50007335,GOODYEAR,Reifen,09.csv,225,55,R,16,,,UG PERF. + XLFP 3PMSF,,09,,,,,,
5452000830425,50007487,GOODYEAR,Reifen,09.csv,225,55,R,17,,,UG PERF. + ROFXLFP 3PMSF,,09,,,,,,
5452000830609,21000629,DUNLOP,Reifen,09.csv,235,55,R,17,,,SP SP.01,,09,,,,,,
5452000831385,50007470,GOODYEAR,Reifen,09.csv,205,60,R,17,,,UG PERF. + 3PMSF,,09,,,,,,
5452000831521,21000755,DUNLOP,Reifen,09.csv,225,55,R,17,,Z,SP.MAXX RT 2 XLMFS,,09,,,,,,
5452000831651,50007877,GOODYEAR,Reifen,09.csv,235,60,R,20,,,UG PERF. + XL* 3PMSF,,09,,,,,,
5452000831699,50007461,GOODYEAR,Reifen,09.csv,205,40,R,18,,,UG PERF. + XLFP 3PMSF,,09,,,,,,
5452000831705,50007293,GOODYEAR,Reifen,09.csv,205,50,R,19,,,UG PERF. + XLFP 3PMSF,,09,,,,,,
5452000831804,21000670,DUNLOP,Reifen,09.csv,195,55,R,15,,,WIN.SPORT 5 3PMSF,,09,,,,,,
5452000831866,50007755,GOODYEAR,Reifen,09.csv,265,40,R,21,,,UG PERF. + XLFP 3PMSF,,09,,,,,,
5452000832269,21000747,DUNLOP,Reifen,09.csv,195,65,R,15,,,WIN.SPORT 5 3PMSF,,09,,,,,,
5452000832306,21000674,DUNLOP,Reifen,09.csv,205,55,R,16,,,WIN.SPORT 5 3PMSF,,09,,,,,,
5452000832603,21000680,DUNLOP,Reifen,09.csv,225,40,R,18,,,WIN.SPORT 5 XLMFS 3PMSF,,09,,,,,,
5452000832719,21000774,DUNLOP,Reifen,09.csv,195,55,R,16,,,WIN.SPORT 5 3PMSF,,09,,,,,,
5452000832832,21000702,DUNLOP,Reifen,09.csv,205,55,R,17,,,WIN.SPORT 5 XL 3PMSF,,09,,,,,,
5452000832849,21000651,DUNLOP,Reifen,09.csv,205,60,R,16,,,WIN.SPORT 5 3PMSF,,09,,,,,,
5452000832856,21000650,DUNLOP,Reifen,09.csv,205,60,R,16,,,WIN.SPORT 5 XL 3PMSF,,09,,,,,,
5452000832917,21000676,DUNLOP,Reifen,09.csv,215,55,R,16,,,WIN.SPORT 5 3PMSF,,09,,,,,,
5452000832924,21000653,DUNLOP,Reifen,09.csv,215,55,R,16,,,WIN.SPORT 5 XL 3PMSF,,09,,,,,,
5452000832948,21000677,DUNLOP,Reifen,09.csv,215,60,R,16,,,WIN.SPORT 5 3PMSF,,09,,,,,,
5452000832962,21000678,DUNLOP,Reifen,09.csv,215,65,R,16,,,WIN.SPORT 5 3PMSF,,09,,,,,,
5452000833013,21000656,DUNLOP,Reifen,09.csv,225,45,R,17,,,WIN.SPORT 5 MFS 3PMSF,,09,,,,,,
5452000833037,21000658,DUNLOP,Reifen,09.csv,225,45,R,17,,,WIN.SPORT 5 XLMFS 3PMSF,,09,,,,,,
5452000833051,21000730,DUNLOP,Reifen,09.csv,225,45,R,18,,,WIN.SPORT 5 XLMFS 3PMSF,,09,,,,,,
5452000833068,21000681,DUNLOP,Reifen,09.csv,225,50,R,17,,,WIN.SPORT 5 MFS 3PMSF,,09,,,,,,
5452000833129,21000705,DUNLOP,Reifen,09.csv,225,55,R,17,,,WIN.SPORT 5 XL 3PMSF,,09,,,,,,
5452000833136,21000706,DUNLOP,Reifen,09.csv,235,40,R,18,,,WIN.SPORT 5 XLMFS 3PMSF,,09,,,,,,
5452000833143,21000733,DUNLOP,Reifen,09.csv,235,45,R,17,,,WIN.SPORT 5 XLMFS 3PMSF,,09,,,,,,
5452000833150,21000685,DUNLOP,Reifen,09.csv,235,45,R,18,,,WIN.SPORT 5 XLMFS 3PMSF,,09,,,,,,
5452000833181,21000707,DUNLOP,Reifen,09.csv,245,40,R,18,,,WIN.SPORT 5 XLMFS 3PMSF,,09,,,,,,
5452000833228,21000659,DUNLOP,Reifen,09.csv,245,45,R,18,,,WIN.SPORT 5 XLMFS 3PMSF,,09,,,,,,
5452000833464,50007193,GOODYEAR,Reifen,09.csv,275,30,R,20,,,EAG.F1 ASY.3 ROFXL* MOEFP,,09,,,,,,
5452000833839,80000666,SAVA,Reifen,09.csv,205,65,R,15,,,INTENSA HP,,09,,,,,,
5452000834379,50008942,GOODYEAR,Reifen,09.csv,215,55,R,17,,,UG8 PERF. XL 3PMSF,,09,,,,,,
5452000834393,50007768,GOODYEAR,Reifen,09.csv,225,45,R,17,,,UG 8 PERF. MS XLFP 3PMSF,,09,,,,,,
5452000834416,50008931,GOODYEAR,Reifen,09.csv,225,55,R,17,,,UG 8 PERF.,,09,,,,,,
5452000835048,21000649,DUNLOP,Reifen,09.csv,195,60,R,15,,,WINTER RESPONSE 2 3PMSF,,09,,,,,,
5452000836250,40002324,FULDA,Reifen,09.csv,215,40,R,17,,,SPORTCONTROL 2 XLFP,,09,,,,,,
5452000836267,50007388,GOODYEAR,Reifen,09.csv,215,50,R,18,,,EAG.F1 ASY. 3 ULRR FP,,09,,,,,,
5452000836700,21000638,DUNLOP,Reifen,09.csv,195,60,R,15,,,SPORT BLU RESPONSE,,09,,,,,,
5452000837202,80000667,SAVA,Reifen,09.csv,235,45,R,17,,,INTENSA UHP 2 FP,,09,,,,,,
5452000837813,21001071,DUNLOP,Reifen,09.csv,165,70,R,14,,,SPORT,,09,,,,,,
5452000837820,21001072,DUNLOP,Reifen,09.csv,175,65,R,14,,,SPORT,,09,,,,,,
5452000858382,50005049,GOODYEAR,Reifen,09.csv,255,45,R,20,,,EXCELLENCE AO,,09,,,,,,
5452000872609,50004010,GOODYEAR,Reifen,09.csv,215,55,R,16,,,VECTOR 4 SEASONS XL,,09,,,,,,
5452000961747,50003304,GOODYEAR,Reifen,09.csv,255,65,R,16,,,WRL HP ALL WEATHER,,09,,,,,,
5452001082830,50008637,GOODYEAR,Reifen,09.csv,195,65,R,15,,,UG 8 MS 3PMSF,,09,,,,,,
5452001089761,50004069,GOODYEAR,Reifen,09.csv,235,55,R,19,,,EXCELLENCE AO,,09,,,,,,
6419440165431,170001456,NOKIAN,Reifen,09.csv,185,70,R,14,,,ILINE,,09,,,,,,
6419440300870,170001628,NOKIAN,Reifen,09.csv,235,65,R,18,,,WR SUV 4 XL,,09,,,,,,
6419440341637,170001649,NOKIAN,Reifen,09.csv,265,40,R,21,,,WR SUV 4 XL,,09,,,,,,
6419440348384,170001680,NOKIAN,Reifen,09.csv,195,55,R,15,,,WETPROOF,,09,,,,,,
6419440387239,170001900,NOKIAN,Reifen,09.csv,255,55,R,18,,Z,POWERPROOF SUV XL,,09,,,,,,
6419440387437,170001893,NOKIAN,Reifen,09.csv,245,45,R,20,,Z,POWERPROOF SUV XL,,09,,,,,,
6419440408774,170001960,NOKIAN,Reifen,09.csv,215,50,R,18,,,WR SNOWPROOF P 3PMSF,,09,,,,,,
6419440408873,170001979,NOKIAN,Reifen,09.csv,235,40,R,18,,,WR SNOWPROOF P XL 3PMSF,,09,,,,,,
6419440408958,170001989,NOKIAN,Reifen,09.csv,245,35,R,20,,,WR SNOWPROOF P XL 3PMSF,,09,,,,,,
6419440408989,170001992,NOKIAN,Reifen,09.csv,245,40,R,18,,,WR SNOWPROOF P XL 3PMSF,,09,,,,,,
6419440408996,170001993,NOKIAN,Reifen,09.csv,245,40,R,19,,,WR SNOWPROOF P XL 3PMSF,,09,,,,,,
6419440409047,170002000,NOKIAN,Reifen,09.csv,245,50,R,18,,,WR SNOWPROOF P XL 3PMSF,,09,,,,,,
6419440409054,170002001,NOKIAN,Reifen,09.csv,255,35,R,19,,,WR SNOWPROOF P XL 3PMSF,,09,,,,,,
6419440409078,170002003,NOKIAN,Reifen,09.csv,255,40,R,18,,,WR SNOWPROOF P XL 3PMSF,,09,,,,,,
6419440409221,170001974,NOKIAN,Reifen,09.csv,225,50,R,18,,,WR SNOWPROOF P XL 3PMSF,,09,,,,,,
6419440486468,170002308,NOKIAN,Reifen,09.csv,235,50,R,20,,,WR SUV 4 XL 3PMSF,,09,,,,,,
6419440505183,170002323,NOKIAN,Reifen,09.csv,225,50,R,17,,,SEASONPROOF XL 3PMSF,,09,,,,,,
6419440567181,170002905,NOKIAN,Reifen,09.csv,275,35,R,21,,,SNOWPROOF 2 SUV XLBSWMFS 3PM,,09,,,,,,
6419440567228,170002828,NOKIAN,Reifen,09.csv,215,65,R,17,,,SNOWPROOF 2 SUV BSW 3PMSF,,09,,,,,,
6419440567358,170002820,NOKIAN,Reifen,09.csv,215,55,R,18,,,SNOWPROOF 2 SUV XLBSW 3PMSF,,09,,,,,,
6419440567365,170002819,NOKIAN,Reifen,09.csv,215,55,R,18,,,SNOWPROOF 2 SUV BSW 3PMSF,,09,,,,,,
6419440567389,170002847,NOKIAN,Reifen,09.csv,225,60,R,18,,,SNOWPROOF 2 SUV XLBSW 3PMSF,,09,,,,,,
6419440567457,170002887,NOKIAN,Reifen,09.csv,255,45,R,19,,,SNOWPROOF 2 SUV XLBSWMFS 3PM,,09,,,,,,
6419440567679,170002864,NOKIAN,Reifen,09.csv,235,55,R,19,,,SNOWPROOF 2 SUV SILENT XLBSW,,09,,,,,,
6419440567686,170002891,NOKIAN,Reifen,09.csv,255,50,R,19,,,SNOWPROOF 2 SUV SILENT XLBSW,,09,,,,,,
6419440567709,170002889,NOKIAN,Reifen,09.csv,255,45,R,20,,,SNOWPROOF 2 SUV SILENT XLBSW,,09,,,,,,
6419440567822,170002800,NOKIAN,Reifen,09.csv,205,55,R,16,,,SNOWPROOF 2 BSW 3PMSF,,09,,,,,,
6419440594316,170003017,NOKIAN,Reifen,09.csv,225,45,R,18,,,SEASONPROOF 1 XLBSWMFS 3PMSF,,09,,,,,,
6419440594330,170002995,NOKIAN,Reifen,09.csv,205,45,R,17,,,SEASONPROOF 1 XLBSWMFS 3PMSF,,09,,,,,,
6419440594354,170003037,NOKIAN,Reifen,09.csv,245,45,R,17,,,SEASONPROOF 1 XLBSWMFS 3PMSF,,09,,,,,,
6419440594361,170003009,NOKIAN,Reifen,09.csv,215,60,R,16,,,SEASONPROOF 1 XLBSW 3PMSF,,09,,,,,,
6419440594385,170002996,NOKIAN,Reifen,09.csv,205,50,R,17,,,SEASONPROOF 1 XLBSW 3PMSF,,09,,,,,,
6419440594408,170003000,NOKIAN,Reifen,09.csv,205,55,R,17,,,SEASONPROOF 1 XLBSW 3PMSF,,09,,,,,,
6419440594415,170002994,NOKIAN,Reifen,09.csv,195,65,R,15,,,SEASONPROOF 1 XLBSW 3PMSF,,09,,,,,,
6419440594422,170003018,NOKIAN,Reifen,09.csv,225,50,R,17,,,SEASONPROOF 1 XLBSW 3PMSF,,09,,,,,,
6419440594439,170003041,NOKIAN,Reifen,09.csv,255,55,R,18,,,SEASONPROOF 1 XLBSW 3PMSF,,09,,,,,,
6419440594453,170003010,NOKIAN,Reifen,09.csv,215,60,R,17,,,SEASONPROOF 1 XLBSW 3PMSF,,09,,,,,,
6419440594460,170002980,NOKIAN,Reifen,09.csv,165,65,R,15,,,SEASONPROOF 1 BSW 3PMSF,,09,,,,,,
6419440594477,170003021,NOKIAN,Reifen,09.csv,225,55,R,18,,,SEASONPROOF 1 XLBSW 3PMSF,,09,,,,,,
6419440594484,170003029,NOKIAN,Reifen,09.csv,235,50,R,19,,,SEASONPROOF 1 XLBSW 3PMSF,,09,,,,,,
6419440594491,170003014,NOKIAN,Reifen,09.csv,225,40,R,18,,,SEASONPROOF 1 XLBSWMFS 3PMSF,,09,,,,,,
6419440594507,170003033,NOKIAN,Reifen,09.csv,235,60,R,17,,,SEASONPROOF 1 BSW 3PMSF,,09,,,,,,
6419440594514,170002984,NOKIAN,Reifen,09.csv,185,60,R,15,,,SEASONPROOF 1 XLBSW 3PMSF,,09,,,,,,
6419440594538,170003003,NOKIAN,Reifen,09.csv,215,45,R,16,,,SEASONPROOF 1 XLBSWMFS 3PMSF,,09,,,,,,
6419440594545,170003022,NOKIAN,Reifen,09.csv,225,60,R,17,,,SEASONPROOF 1 XLBSW 3PMSF,,09,,,,,,
6419440594552,170002990,NOKIAN,Reifen,09.csv,195,55,R,16,,,SEASONPROOF 1 XLBSW 3PMSF,,09,,,,,,
6419440594576,170003036,NOKIAN,Reifen,09.csv,245,40,R,18,,,SEASONPROOF 1 XLBSWMFS 3PMSF,,09,,,,,,
6419440594583,170003020,NOKIAN,Reifen,09.csv,225,55,R,17,,,SEASONPROOF 1 XLBSW 3PMSF,,09,,,,,,
6419440594590,170003002,NOKIAN,Reifen,09.csv,205,60,R,16,,,SEASONPROOF 1 XLBSW 3PMSF,,09,,,,,,
6419440594606,170003015,NOKIAN,Reifen,09.csv,225,45,R,17,,,SEASONPROOF 1 XLBSWMFS 3PMSF,,09,,,,,,
6419440594613,170002982,NOKIAN,Reifen,09.csv,185,55,R,15,,,SEASONPROOF 1 XLBSW 3PMSF,,09,,,,,,
6419440594637,170002988,NOKIAN,Reifen,09.csv,195,55,R,15,,,SEASONPROOF 1 BSW 3PMSF,,09,,,,,,
6419440594644,170003005,NOKIAN,Reifen,09.csv,215,50,R,17,,,SEASONPROOF 1 XLBSW 3PMSF,,09,,,,,,
6419440594668,170003023,NOKIAN,Reifen,09.csv,225,60,R,18,,,SEASONPROOF 1 XLBSW 3PMSF,,09,,,,,,
6419440594705,170003004,NOKIAN,Reifen,09.csv,215,45,R,17,,,SEASONPROOF 1 XLBSWMFS 3PMSF,,09,,,,,,
6419440594712,170003026,NOKIAN,Reifen,09.csv,235,45,R,18,,,SEASONPROOF 1 XLBSWMFS 3PMSF,,09,,,,,,
6419440594729,170002991,NOKIAN,Reifen,09.csv,195,60,R,15,,,SEASONPROOF 1 BSW 3PMSF,,09,,,,,,
6419440594736,170002992,NOKIAN,Reifen,09.csv,195,60,R,16,,,SEASONPROOF 1 XLBSW 3PMSF,,09,,,,,,
6419440594743,170003038,NOKIAN,Reifen,09.csv,245,45,R,18,,,SEASONPROOF 1 XLBSWMFS 3PMSF,,09,,,,,,
6419440594767,170003012,NOKIAN,Reifen,09.csv,215,65,R,17,,,SEASONPROOF 1 XLBSW 3PMSF,,09,,,,,,
6419440594774,170003039,NOKIAN,Reifen,09.csv,255,40,R,19,,,SEASONPROOF 1 XLBSWMFS 3PMSF,,09,,,,,,
6419440594781,170003034,NOKIAN,Reifen,09.csv,235,60,R,18,,,SEASONPROOF 1 XLBSW 3PMSF,,09,,,,,,
6419440594828,170003013,NOKIAN,Reifen,09.csv,215,70,R,16,,,SEASONPROOF 1 BSW 3PMSF,,09,,,,,,
6419440594842,170002985,NOKIAN,Reifen,09.csv,185,65,R,15,,,SEASONPROOF 1 BSW 3PMSF,,09,,,,,,
6419440594859,170003008,NOKIAN,Reifen,09.csv,215,55,R,18,,,SEASONPROOF 1 XLBSW 3PMSF,,09,,,,,,
6419440594866,170002993,NOKIAN,Reifen,09.csv,195,65,R,15,,,SEASONPROOF 1 BSW 3PMSF,,09,,,,,,
6419440594873,170003028,NOKIAN,Reifen,09.csv,235,50,R,18,,,SEASONPROOF 1 XLBSW 3PMSF,,09,,,,,,
6419440594880,170002999,NOKIAN,Reifen,09.csv,205,55,R,16,,,SEASONPROOF 1 XLBSW 3PMSF,,09,,,,,,
6419440594897,170003024,NOKIAN,Reifen,09.csv,225,65,R,17,,,SEASONPROOF 1 XLBSW 3PMSF,,09,,,,,,
6419440594903,170003007,NOKIAN,Reifen,09.csv,215,55,R,17,,,SEASONPROOF 1 XLBSW 3PMSF,,09,,,,,,
6419440598932,170003056,NOKIAN,Reifen,09.csv,195,65,R,15,,,WETPROOF 1 BSW,,09,,,,,,
6419440598949,170003055,NOKIAN,Reifen,09.csv,195,65,R,15,,,WETPROOF 1 XLBSW,,09,,,,,,
6419440598956,170003047,NOKIAN,Reifen,09.csv,195,45,R,16,,,WETPROOF 1 XLBSWMFS,,09,,,,,,
6419440598963,170003050,NOKIAN,Reifen,09.csv,195,55,R,16,,,WETPROOF 1 XLBSWMFS,,09,,,,,,
6419440598987,170003060,NOKIAN,Reifen,09.csv,205,55,R,16,,,WETPROOF 1 BSW,,09,,,,,,
6419440598994,170003061,NOKIAN,Reifen,09.csv,205,55,R,16,,,WETPROOF 1 XLBSW,,09,,,,,,
6419440599069,170003076,NOKIAN,Reifen,09.csv,215,65,R,16,,,WETPROOF 1 XLBSW,,09,,,,,,
6419440599106,170003062,NOKIAN,Reifen,09.csv,205,55,R,17,,,WETPROOF 1 XLBSWMFS,,09,,,,,,
6419440599113,170003068,NOKIAN,Reifen,09.csv,215,50,R,17,,,WETPROOF 1 XLBSWMFS,,09,,,,,,
6419440599120,170003072,NOKIAN,Reifen,09.csv,215,55,R,17,,,WETPROOF 1 XLBSWMFS,,09,,,,,,
6419440599137,170003075,NOKIAN,Reifen,09.csv,215,60,R,17,,,WETPROOF 1 XLBSW,,09,,,,,,
6419440599175,170003095,NOKIAN,Reifen,09.csv,225,65,R,17,,,WETPROOF 1 XLBSW,,09,,,,,,
6419440599182,170003105,NOKIAN,Reifen,09.csv,235,55,R,17,,,WETPROOF 1 XLBSWMFS,,09,,,,,,
6419440599540,170003065,NOKIAN,Reifen,09.csv,215,40,R,17,,Z,POWERPROOF 1 XLBSWMFS,,09,,,,,,
6419440599557,170003084,NOKIAN,Reifen,09.csv,225,45,R,17,,Z,POWERPROOF 1 XLBSWMFS,,09,,,,,,
6419440599564,170003113,NOKIAN,Reifen,09.csv,245,40,R,18,,Z,POWERPROOF 1 XLBSWMFS,,09,,,,,,
6419440599595,170003114,NOKIAN,Reifen,09.csv,245,40,R,19,,Z,POWERPROOF 1 XLBSWMFS,,09,,,,,,
6419440599618,170003090,NOKIAN,Reifen,09.csv,225,55,R,17,,Z,POWERPROOF 1 XLBSWMFS,,09,,,,,,
6419440599632,170003124,NOKIAN,Reifen,09.csv,255,40,R,20,,Z,POWERPROOF 1 XLBSWMFS,,09,,,,,,
6419440599663,170003082,NOKIAN,Reifen,09.csv,225,40,R,19,,Z,POWERPROOF 1 XLBSWMFS,,09,,,,,,
6419440599724,170003121,NOKIAN,Reifen,09.csv,255,35,R,20,,Z,POWERPROOF 1 XLBSWMFS,,09,,,,,,
6419440599731,170003125,NOKIAN,Reifen,09.csv,255,45,R,18,,Z,POWERPROOF 1 XLBSWMFS,,09,,,,,,
6419440599779,170003085,NOKIAN,Reifen,09.csv,225,45,R,18,,Z,POWERPROOF 1 XLBSWMFS,,09,,,,,,
6419440599809,170003087,NOKIAN,Reifen,09.csv,225,50,R,17,,Z,POWERPROOF 1 XLBSWMFS,,09,,,,,,
6419440599823,170003101,NOKIAN,Reifen,09.csv,235,45,R,19,,Z,POWERPROOF 1 XLBSWMFS,,09,,,,,,
6419440599847,170003100,NOKIAN,Reifen,09.csv,235,45,R,18,,Z,POWERPROOF 1 XLBSWMFS,,09,,,,,,
6419440599861,170003096,NOKIAN,Reifen,09.csv,235,35,R,19,,Z,POWERPROOF 1 XLBSWMFS,,09,,,,,,
6419440599908,170003127,NOKIAN,Reifen,09.csv,255,45,R,20,,Z,POWERPROOF 1 XLBSWMFS,,09,,,,,,
6419440599915,170003057,NOKIAN,Reifen,09.csv,205,45,R,17,,Z,POWERPROOF 1 XLBSWMFS,,09,,,,,,
6419440599939,170003097,NOKIAN,Reifen,09.csv,235,40,R,18,,Z,POWERPROOF 1 XLBSWMFS,,09,,,,,,
6419440599953,170003112,NOKIAN,Reifen,09.csv,245,35,R,20,,Z,POWERPROOF 1 XLBSWMFS,,09,,,,,,
6419440599977,170003116,NOKIAN,Reifen,09.csv,245,45,R,18,,Z,POWERPROOF 1 XLBSWMFS,,09,,,,,,
6419440599984,170003120,NOKIAN,Reifen,09.csv,255,35,R,19,,Z,POWERPROOF 1 XLBSWMFS,,09,,,,,,
6419440599991,170003102,NOKIAN,Reifen,09.csv,235,50,R,18,,Z,POWERPROOF 1 XLBSWMFS,,09,,,,,,
6419440600024,170003058,NOKIAN,Reifen,09.csv,205,50,R,17,,Z,POWERPROOF 1 XLBSWMFS,,09,,,,,,
6419440600048,170003106,NOKIAN,Reifen,09.csv,235,55,R,17,,Z,POWERPROOF 1 XLBSWMFS,,09,,,,,,
6419440636641,170003147,NOKIAN,Reifen,09.csv,165,65,R,14,,,SEASONPROOF 1 BSW 3PMSF,,09,,,,,,
6419440636658,170003148,NOKIAN,Reifen,09.csv,165,70,R,14,,,SEASONPROOF 1 BSW 3PMSF,,09,,,,,,
6419440636672,170003150,NOKIAN,Reifen,09.csv,185,60,R,14,,,SEASONPROOF 1 BSW 3PMSF,,09,,,,,,
6921109027009,330000244,DIVERSE,Reifen,09.csv,155,80,R,13,,,MASTERSTEEL CLUBSPORT,,09,,,,,,
6921109063120,170002920,NOKIAN,Reifen,09.csv,165,60,R,15,,,SNOWPROOF 1 BSW 3PMSF,,09,,,,,,
6921109063137,170002922,NOKIAN,Reifen,09.csv,185,55,R,15,,,SNOWPROOF 1 BSW 3PMSF,,09,,,,,,
6921109063236,170002929,NOKIAN,Reifen,09.csv,195,55,R,20,,,SNOWPROOF 1 XLBSW 3PMSF,,09,,,,,,
6921109063250,170002948,NOKIAN,Reifen,09.csv,225,45,R,18,,,SNOWPROOF 1 XLBSWMFS 3PMSF,,09,,,,,,
6921109063267,170002950,NOKIAN,Reifen,09.csv,225,50,R,18,,,SNOWPROOF 1 XLBSW 3PMSF,,09,,,,,,
6921109063304,170002957,NOKIAN,Reifen,09.csv,235,45,R,19,,,SNOWPROOF 1 XLBSWMFS 3PMSF,,09,,,,,,
6921109064011,170002930,NOKIAN,Reifen,09.csv,195,60,R,15,,,SNOWPROOF 1 BSW 3PMSF,,09,,,,,,
6921109064059,170002944,NOKIAN,Reifen,09.csv,215,60,R,16,,,SNOWPROOF 1 XLBSW 3PMSF,,09,,,,,,
6921109065810,170002947,NOKIAN,Reifen,09.csv,225,45,R,17,,,SNOWPROOF 1 BSWMFS 3PMSF,,09,,,,,,
6921109066626,170002958,NOKIAN,Reifen,09.csv,235,50,R,18,,,SNOWPROOF 1 XLBSW 3PMSF,,09,,,,,,
6921109066633,170002954,NOKIAN,Reifen,09.csv,235,35,R,20,,,SNOWPROOF 1 XLBSWMFS 3PMSF,,09,,,,,,
6921109066640,170002959,NOKIAN,Reifen,09.csv,235,55,R,20,,,SNOWPROOF 1 XLBSW 3PMSF,,09,,,,,,
6921109066657,170002927,NOKIAN,Reifen,09.csv,195,55,R,15,,,SNOWPROOF 1 BSW 3PMSF,,09,,,,,,
6921109066664,170002970,NOKIAN,Reifen,09.csv,255,45,R,18,,,SNOWPROOF 1 XLBSWMFS 3PMSF,,09,,,,,,
6921109066756,170002966,NOKIAN,Reifen,09.csv,255,35,R,20,,,SNOWPROOF 1 XLBSW 3PMSF,,09,,,,,,
6933882542013,190001538,MAXXIS,Reifen,09.csv,155,70,R,12C,102,,CST TRAILERMAXX CL31N ECO,,09,,,,,,
6933882542020,190001616,MAXXIS,Reifen,09.csv,185,60,R,12C,102,,CST TRAILERMAXX CL31N ECO,,09,,,,,,
6933882542051,190001233,MAXXIS,Reifen,09.csv,155,,R,13C,89,,CST TRAILERMAXX CL31N ECO,,09,,,,,,
6933882542068,190001580,MAXXIS,Reifen,09.csv,165,,R,13C,92,,CST TRAILERMAXX CL31N ECO,,09,,,,,,
6933882542075,190001255,MAXXIS,Reifen,09.csv,185,,R,14C,102,,CST TRAILERMAXX CL31N ECO,,09,,,,,,
6933882542099,190001661,MAXXIS,Reifen,09.csv,225,70,R,15C,110,,CST TRAILERMAXX CL31N ECO,,09,,,,,,
6933882542822,190001688,MAXXIS,Reifen,09.csv,155,,R,12C,86,,CST CL-02 8PR,,09,,,,,,
6933882547995,190001613,MAXXIS,Reifen,09.csv,195,50,R,13C,101,,CST TRAILERMAXX CL31N ECO,,09,,,,,,
6933882554290,190001617,MAXXIS,Reifen,09.csv,155,70,R,13C,,,CST TRAILERMAXX CL31N ECO,,09,,,,,,
6933882554306,190001618,MAXXIS,Reifen,09.csv,165,70,R,13C,,,CST TRAILERMAXX CL31N ECO,,09,,,,,,
6933882554320,190001619,MAXXIS,Reifen,09.csv,195,65,R,15,,,CST TRAILERMAXX CL31N ECO,,09,,,,,,
6933882555112,190001582,MAXXIS,Reifen,09.csv,155,,R,13C,,,CST TRAILERMAXX CL31N ECO,,09,,,,,,
6933882598195,190000511,MAXXIS,Reifen,09.csv,155,70,R,12C,102,,UE-168N TRAILERMAXX,,09,,,,,,
6945080142568,240002133,NEXEN,Reifen,09.csv,255,45,R,18,,,N FERA SU4 XL,,09,,,,,,
6959613729263,330000252,DIVERSE,Reifen,09.csv,225,50,R,17,,,GREENTRAC WINTER MASTER D1,,09,,,,,,
6959956740925,110003512,LINGLONG,Reifen,09.csv,225,70,R,15C,110,,GREENMAX VAN-4S,,09,,,,,,
6959956747702,330000251,DIVERSE,Reifen,09.csv,235,55,R,17,,,LEAO GREENALLSEASON 3PMSF,,09,,,,,,
6959956752997,110003475,LINGLONG,Reifen,09.csv,195,55,R,16,,,COMFORTMASTER XL,,09,,,,,,
6959956753031,110003831,LINGLONG,Reifen,09.csv,215,55,R,17,,,COMFORTMASTER,,09,,,,,,
6959956754663,110004011,LINGLONG,Reifen,09.csv,245,35,R,19,,,SPORT MASTER XL,,09,,,,,,
6959956758036,110003485,LINGLONG,Reifen,09.csv,225,65,R,17,,,COMFORTMASTER,,09,,,,,,
6959956758210,110003455,LINGLONG,Reifen,09.csv,205,45,R,17,,,SPORTMASTER XL,,09,,,,,,
6959956759477,110003817,LINGLONG,Reifen,09.csv,215,45,R,17,,,SPORT MASTER XL,,09,,,,,,
6959956759484,110003457,LINGLONG,Reifen,09.csv,215,50,R,17,,,SPORTMASTER XL,,09,,,,,,
6959956759545,110003462,LINGLONG,Reifen,09.csv,225,45,R,18,,,SPORTMASTER XL,,09,,,,,,
6959956759668,110003456,LINGLONG,Reifen,09.csv,205,50,R,17,,,SPORTMASTER XL,,09,,,,,,
6959956759675,110003808,LINGLONG,Reifen,09.csv,215,40,R,17,,,SPORT MASTER XL,,09,,,,,,
6959956759699,110003459,LINGLONG,Reifen,09.csv,225,45,R,17,,,SPORTMASTER XL,,09,,,,,,
6959956759705,110003460,LINGLONG,Reifen,09.csv,225,50,R,17,,,SPORTMASTER XL,,09,,,,,,
6959956759712,110003492,LINGLONG,Reifen,09.csv,225,55,R,17,,,SPORTMASTER XL,,09,,,,,,
6959956759767,110003461,LINGLONG,Reifen,09.csv,225,40,R,18,,,SPORTMASTER XL,,09,,,,,,
6959956759774,110003463,LINGLONG,Reifen,09.csv,235,40,R,18,,,SPORTMASTER XL,,09,,,,,,
6959956759781,110003464,LINGLONG,Reifen,09.csv,235,45,R,18,,,SPORTMASTER XL,,09,,,,,,
6959956759798,110003974,LINGLONG,Reifen,09.csv,235,50,R,18,,,SPORT MASTER XL,,09,,,,,,
6959956759811,110003465,LINGLONG,Reifen,09.csv,245,45,R,18,,,SPORTMASTER XL,,09,,,,,,
6959956759835,110003466,LINGLONG,Reifen,09.csv,255,45,R,18,,,SPORTMASTER XL,,09,,,,,,
6959956759859,110003467,LINGLONG,Reifen,09.csv,225,35,R,19,,,SPORTMASTER XL,,09,,,,,,
6959956759866,110003468,LINGLONG,Reifen,09.csv,225,40,R,19,,,SPORTMASTER XL,,09,,,,,,
6959956759897,110003470,LINGLONG,Reifen,09.csv,235,35,R,19,,,SPORTMASTER XL,,09,,,,,,
6959956759903,110003471,LINGLONG,Reifen,09.csv,235,40,R,19,,,SPORTMASTER XL,,09,,,,,,
6959956759910,110003976,LINGLONG,Reifen,09.csv,235,50,R,19,,,SPORT MASTER XL,,09,,,,,,
6959956759927,110003472,LINGLONG,Reifen,09.csv,245,40,R,19,,,SPORTMASTER XL,,09,,,,,,
6959956759934,110003473,LINGLONG,Reifen,09.csv,245,45,R,19,,,SPORTMASTER XL,,09,,,,,,
6959956759958,110003474,LINGLONG,Reifen,09.csv,255,35,R,19,,,SPORTMASTER XL,,09,,,,,,
6959956771271,110003476,LINGLONG,Reifen,09.csv,205,55,R,16,,,COMFORTMASTER XL,,09,,,,,,
6959956771301,110003477,LINGLONG,Reifen,09.csv,205,60,R,16,,,COMFORTMASTER XL,,09,,,,,,
6959956771325,110003478,LINGLONG,Reifen,09.csv,215,55,R,16,,,COMFORTMASTER,,09,,,,,,
6959956771349,110003479,LINGLONG,Reifen,09.csv,215,60,R,16,,,COMFORTMASTER XL,,09,,,,,,
6959956771370,110003480,LINGLONG,Reifen,09.csv,215,65,R,16,,,COMFORTMASTER,,09,,,,,,
6959956771394,110003481,LINGLONG,Reifen,09.csv,225,55,R,16,,,COMFORTMASTER XL,,09,,,,,,
6959956771455,110003482,LINGLONG,Reifen,09.csv,205,55,R,17,,,COMFORTMASTER XL,,09,,,,,,
6959956771486,110003484,LINGLONG,Reifen,09.csv,225,60,R,17,,,COMFORTMASTER,,09,,,,,,
6959956771493,110003486,LINGLONG,Reifen,09.csv,235,55,R,17,,,COMFORTMASTER,,09,,,,,,
6959956772544,110003491,LINGLONG,Reifen,09.csv,235,60,R,18,,,GRIPMASTER XL,,09,,,,,,
6959956778928,110003500,LINGLONG,Reifen,09.csv,235,55,R,18,,,GRIP MASTER 4S,,09,,,,,,
6959956778942,110003502,LINGLONG,Reifen,09.csv,245,45,R,19,,,GRIP MASTER 4S XL,,09,,,,,,
8019227163902,90005307,PIRELLI,Reifen,09.csv,255,35,R,20,,Z,PZERO J  XL,,09,,,,,,
8019227170252,90005014,PIRELLI,Reifen,09.csv,255,35,R,20,,,W240 SOTTOZERO XL,,09,,,,,,
8019227172300,90005444,PIRELLI,Reifen,09.csv,235,40,R,18,,,PZERO MO XL,,09,,,,,,
8019227173789,90005446,PIRELLI,Reifen,09.csv,295,30,R,19,,,PZERO XL N2,,09,,,,,,
8019227176728,90005455,PIRELLI,Reifen,09.csv,255,45,R,19,,,PZERO MO,,09,,,,,,
8019227176735,90005456,PIRELLI,Reifen,09.csv,235,45,R,20,,,PZERO MO XL,,09,,,,,,
8019227182538,90005378,PIRELLI,Reifen,09.csv,255,45,R,20,,,SCORPION ZERO XL,,09,,,,,,
8019227183320,90005644,PIRELLI,Reifen,09.csv,245,35,R,19,,,P ZERO * XL,,09,,,,,,
8019227183337,90005645,PIRELLI,Reifen,09.csv,265,35,R,19,,,P ZERO * XL,,09,,,,,,
8019227183696,90005586,PIRELLI,Reifen,09.csv,225,45,R,18,,,CINTURATO P7 * R/F,,09,,,,,,
8019227187465,90005654,PIRELLI,Reifen,09.csv,235,35,R,20,,,P ZERO,,09,,,,,,
8019227187601,90006694,PIRELLI,Reifen,09.csv,255,30,R,20,,Z,PZERO RO1 XL,,09,,,,,,
8019227190137,90006235,PIRELLI,Reifen,09.csv,235,50,R,18,,,SCORPION VERDE AO,,09,,,,,,
8019227190205,90006065,PIRELLI,Reifen,09.csv,245,40,R,19,,,P ZERO,,09,,,,,,
8019227191660,90006859,PIRELLI,Reifen,09.csv,235,60,R,18,,,SCORPION VERDE AS,,09,,,,,,
8019227192506,90005665,PIRELLI,Reifen,09.csv,255,30,R,19,,,P ZERO R/F* XL,,09,,,,,,
8019227192902,90006319,PIRELLI,Reifen,09.csv,245,35,R,20,,Z,P ZERO N0,,09,,,,,,
8019227194944,90006084,PIRELLI,Reifen,09.csv,245,40,R,18,,,PZERO MO XL,,09,,,,,,
8019227195347,90006323,PIRELLI,Reifen,09.csv,235,50,R,18,,,SCORPION VERDE AS,,09,,,,,,
8019227195408,90006134,PIRELLI,Reifen,09.csv,255,50,R,19,,,SCORPION VERDE MO,,09,,,,,,
8019227195989,90006327,PIRELLI,Reifen,09.csv,235,55,R,19,,,SCORPION VERDE AS LR XL,,09,,,,,,
8019227199574,90006097,PIRELLI,Reifen,09.csv,255,30,R,19,,,PZERO XL,,09,,,,,,
8019227199642,90006098,PIRELLI,Reifen,09.csv,255,40,R,19,,,P ZERO AO XL,,09,,,,,,
8019227199703,90006333,PIRELLI,Reifen,09.csv,245,45,R,18,,,P ZERO AO XL,,09,,,,,,
8019227199710,90006100,PIRELLI,Reifen,09.csv,255,35,R,20,,,PZERO AO XL,,09,,,,,,
8019227199727,90006101,PIRELLI,Reifen,09.csv,255,35,R,19,,Z,PZERO XL,,09,,,,,,
8019227202274,90006252,PIRELLI,Reifen,09.csv,225,35,R,19,,,PZERO R/F* XL,,09,,,,,,
8019227203196,90006111,PIRELLI,Reifen,09.csv,245,35,R,19,,,P ZERO MO XL,,09,,,,,,
8019227203929,90006340,PIRELLI,Reifen,09.csv,265,35,R,20,,Z,P ZERO *  XL,,09,,,,,,
8019227203936,90006341,PIRELLI,Reifen,09.csv,295,30,R,20,,Z,P ZERO * XL,,09,,,,,,
8019227204032,90006256,PIRELLI,Reifen,09.csv,225,45,R,17,,,CINTURATO P7 * R/F,,09,,,,,,
8019227204100,90006344,PIRELLI,Reifen,09.csv,225,45,R,18,,,CINT.P7 * R/F  ECO,,09,,,,,,
8019227205671,90006121,PIRELLI,Reifen,09.csv,255,30,R,21,,Z,PZERO XL,,09,,,,,,
8019227205954,90006351,PIRELLI,Reifen,09.csv,305,30,R,20,,Z,P ZERO N0 XL,,09,,,,,,
8019227206555,90006264,PIRELLI,Reifen,09.csv,235,55,R,18,,,PZERO AO XL,,09,,,,,,
8019227206777,90006356,PIRELLI,Reifen,09.csv,295,30,R,20,,Z,P ZERO N0 XL,,09,,,,,,
8019227207477,90006710,PIRELLI,Reifen,09.csv,275,40,R,18,,,CINTURATO P7 * R/F ECO,,09,,,,,,
8019227207484,90006711,PIRELLI,Reifen,09.csv,245,45,R,18,,,CINTURATO P7 R/F*ECO,,09,,,,,,
8019227212556,90006366,PIRELLI,Reifen,09.csv,255,45,R,19,,,P ZERO AO,,09,,,,,,
8019227212846,90006879,PIRELLI,Reifen,09.csv,255,40,R,20,,,CINTURATO P7 AS N0 XL,,09,,,,,,
8019227214116,90006884,PIRELLI,Reifen,09.csv,255,40,R,19,,,PZERO R/F *,,09,,,,,,
8019227214529,90006885,PIRELLI,Reifen,09.csv,225,50,R,18,,,CINT.P7 AS R/F* XL,,09,,,,,,
8019227215281,90007184,PIRELLI,Reifen,09.csv,205,55,R,16,,,CINTURATO P7 AO,,09,,,,,,
8019227215298,90006722,PIRELLI,Reifen,09.csv,265,30,R,20,,,94Y PZERO RO1  XL,,09,,,,,,
8019227215373,90006890,PIRELLI,Reifen,09.csv,245,40,R,17,,,CINTURATO P7 MO,,09,,,,,,
8019227215403,90007186,PIRELLI,Reifen,09.csv,245,45,R,19,,,PZERO MO XL,,09,,,,,,
8019227218145,90006899,PIRELLI,Reifen,09.csv,255,40,R,21,,,PZERO RO1 XL,,09,,,,,,
8019227220070,90007187,PIRELLI,Reifen,09.csv,275,40,R,19,,,PZERO MO,,09,,,,,,
8019227220483,90008180,PIRELLI,Reifen,09.csv,265,45,R,20,,,SCORPION VERDE AS N0,,09,,,,,,
8019227220575,90008420,PIRELLI,Reifen,09.csv,295,35,R,21,,,P ZERO N0,,09,,,,,,
8019227221893,90007193,PIRELLI,Reifen,09.csv,275,30,R,21,,Z,PZERO RO1 NCS XL,,09,,,,,,
8019227227314,90007348,PIRELLI,Reifen,09.csv,235,60,R,18,,,SCORPION WINTER N0,,09,,,,,,
8019227227383,90007351,PIRELLI,Reifen,09.csv,255,55,R,18,,,SCORPION WINTER N0,,09,,,,,,
8019227227413,90007353,PIRELLI,Reifen,09.csv,255,50,R,19,,,SCORPION WINTER N0,,09,,,,,,
8019227231366,90006519,PIRELLI,Reifen,09.csv,265,35,R,20,,,W240 SOTTOZERO S2 XL,,09,,,,,,
8019227231526,90007205,PIRELLI,Reifen,09.csv,295,35,R,20,,Z,PZERO N1 XL,,09,,,,,,
8019227231533,90007206,PIRELLI,Reifen,09.csv,255,40,R,20,,Z,PZERO N1 XL,,09,,,,,,
8019227231557,90007208,PIRELLI,Reifen,09.csv,255,45,R,19,,Z,PZERO N1,,09,,,,,,
8019227232790,90006561,PIRELLI,Reifen,09.csv,195,55,R,15,,,CINTURATO P1 VERDE,,09,,,,,,
8019227233209,90008881,PIRELLI,Reifen,09.csv,245,50,R,18,,,CINT.P7 R-F*,,09,,,,,,
8019227235371,90007213,PIRELLI,Reifen,09.csv,275,35,R,21,,Z,PZERO B1 XL,,09,,,,,,
8019227236125,90006995,PIRELLI,Reifen,09.csv,265,35,R,20,,Z,PZERO J  XL,,09,,,,,,
8019227237092,90006705,PIRELLI,Reifen,09.csv,275,35,R,21,,Z,PZERO BL XL,,09,,,,,,
8019227237306,90007215,PIRELLI,Reifen,09.csv,225,60,R,18,,,SCORPION VERDE,,09,,,,,,
8019227239010,90007005,PIRELLI,Reifen,09.csv,255,35,R,19,,Z,PZERO MO XL,,09,,,,,,
8019227239027,90007006,PIRELLI,Reifen,09.csv,285,30,R,19,,Z,PZERO MO XL,,09,,,,,,
8019227239034,90008849,PIRELLI,Reifen,09.csv,245,35,R,21,,,P-ZERO PZ4 R-FXL*,,09,,,,,,
8019227239041,90008942,PIRELLI,Reifen,09.csv,275,30,R,21,,,P-ZERO PZ4 R-FXL*,,09,,,,,,
8019227239126,90007951,PIRELLI,Reifen,09.csv,255,40,R,20,,,W240 SOTTOZERO S2 XL N1,,09,,,,,,
8019227239362,90007950,PIRELLI,Reifen,09.csv,225,50,R,18,,,W SOTTOZERO 3  AO XL,,09,,,,,,
8019227240443,90008038,PIRELLI,Reifen,09.csv,265,35,R,20,,,99Y PZERO XL,,09,,,,,,
8019227240467,90007236,PIRELLI,Reifen,09.csv,235,35,R,19,,,91Y PZERO AR XL,,09,,,,,,
8019227241761,90009711,PIRELLI,Reifen,09.csv,245,40,R,18,,,CINTURATO P7 AS XLAOFSL M+S,,09,,,,,,
8019227241921,90008041,PIRELLI,Reifen,09.csv,235,40,R,19,,,CINTURATO P7 XL SEAL,,09,,,,,,
8019227242331,90008085,PIRELLI,Reifen,09.csv,235,60,R,18,,,SCORPION VERDE AS XL,,09,,,,,,
8019227242805,90008205,PIRELLI,Reifen,09.csv,215,55,R,18,,,WINTER SOTTOZ.3 MO XL,,09,,,,,,
8019227244007,90008453,PIRELLI,Reifen,09.csv,235,40,R,19,,,CINTURATO P7 XL,,09,,,,,,
8019227246131,90008222,PIRELLI,Reifen,09.csv,225,55,R,17,,,WINTER SOTTOZERO 3*,,09,,,,,,
8019227246155,90010003,PIRELLI,Reifen,09.csv,225,50,R,18,,,CINTURATO P7 AS *FSL M+S,,09,,,,,,
8019227246254,90008458,PIRELLI,Reifen,09.csv,225,40,R,18,,,CINT.P7 R-FXL*,,09,,,,,,
8019227246759,90008232,PIRELLI,Reifen,09.csv,245,50,R,18,,,WINTER SOTTOZ.3 *,,09,,,,,,
8019227246773,90008463,PIRELLI,Reifen,09.csv,245,50,R,18,,,CINTURATO P7 *,,09,,,,,,
8019227247503,90008059,PIRELLI,Reifen,09.csv,275,35,R,20,,Z,PZERO RO1 XL,,09,,,,,,
8019227247886,90008943,PIRELLI,Reifen,09.csv,275,35,R,19,,,CINT.P7 R-FXL* MOE,,09,,,,,,
8019227247909,90008467,PIRELLI,Reifen,09.csv,275,40,R,18,,,CINT.P7 R-F* MOE,,09,,,,,,
8019227247930,90008470,PIRELLI,Reifen,09.csv,225,55,R,17,,,CINT.P7 R-F* MOE,,09,,,,,,
8019227247992,90008632,PIRELLI,Reifen,09.csv,225,55,R,17,,,SOTTOZ. 3 * MO,,09,,,,,,
8019227249262,90008794,PIRELLI,Reifen,09.csv,225,55,R,17,,,CINTURATO P7 AO,,09,,,,,,
8019227249293,90009228,PIRELLI,Reifen,09.csv,265,40,R,20,,,SOTTOZ. 3 XLAO,,09,,,,,,
8019227249439,90008072,PIRELLI,Reifen,09.csv,235,60,R,18,,,SCORPION VERDE N0,,09,,,,,,
8019227250169,90008912,PIRELLI,Reifen,09.csv,265,35,R,20,,Z,P-ZERO PZ4 N1,,09,,,,,,
8019227250176,90008806,PIRELLI,Reifen,09.csv,235,35,R,20,,Z,P-ZERO PZ4 N1,,09,,,,,,
8019227251623,90009003,PIRELLI,Reifen,09.csv,305,30,R,20,,Z,P-ZERO PZ4 J,,09,,,,,,
8019227252392,90009301,PIRELLI,Reifen,09.csv,265,35,R,21,,,P-ZERO NCS L.S. XLAO,,09,,,,,,
8019227253931,90009895,PIRELLI,Reifen,09.csv,235,55,R,20,,,SCORPION VERDE FSL,,09,,,,,,
8019227254068,90008304,PIRELLI,Reifen,09.csv,265,35,R,18,,Z,PZERO ROSSO AS N4,,09,,,,,,
8019227254426,90008958,PIRELLI,Reifen,09.csv,275,40,R,19,,,P-ZERO PZ4 R-F*,,09,,,,,,
8019227254433,90008875,PIRELLI,Reifen,09.csv,245,45,R,19,,,P-ZERO PZ4 R-F*,,09,,,,,,
8019227254600,90008507,PIRELLI,Reifen,09.csv,245,45,R,19,,,P ZERO XL*,,09,,,,,,
8019227254938,90008909,PIRELLI,Reifen,09.csv,265,30,R,21,,,P-ZERO NCS PZ4 XLRO1,,09,,,,,,
8019227256024,90009002,PIRELLI,Reifen,09.csv,305,30,R,20,,Z,P-ZERO PZ4 XLL,,09,,,,,,
8019227256338,90008517,PIRELLI,Reifen,09.csv,255,35,R,20,,Z,P ZERO XLMO,,09,,,,,,
8019227256345,90008518,PIRELLI,Reifen,09.csv,275,35,R,20,,Z,P ZERO XLMO,,09,,,,,,
8019227259230,90008563,PIRELLI,Reifen,09.csv,255,45,R,20,,,SCORPION VERDE MO,,09,,,,,,
8019227259612,90008760,PIRELLI,Reifen,09.csv,225,35,R,19,,,P-ZERO PZ4 R-FXL*,,09,,,,,,
8019227259629,90008844,PIRELLI,Reifen,09.csv,245,35,R,20,,,P-ZERO PZ4 R-FXL* MOE,,09,,,,,,
8019227261165,90008994,PIRELLI,Reifen,09.csv,295,40,R,20,,,P ZERO XLMGT,,09,,,,,,
8019227261172,90008924,PIRELLI,Reifen,09.csv,265,45,R,20,,,P ZERO XLMGT,,09,,,,,,
8019227261196,90008923,PIRELLI,Reifen,09.csv,265,45,R,20,,,SCORP.VERDE AS XLMGT M+S,,09,,,,,,
8019227261530,90008803,PIRELLI,Reifen,09.csv,235,35,R,19,,,P-ZERO PZ4 XL,,09,,,,,,
8019227261745,90008539,PIRELLI,Reifen,09.csv,245,35,R,20,,Z,P ZERO N1,,09,,,,,,
8019227261752,90008540,PIRELLI,Reifen,09.csv,305,30,R,20,,Z,P ZERO XL N1,,09,,,,,,
8019227261813,90008866,PIRELLI,Reifen,09.csv,245,40,R,21,,,P-ZERO R-FXL*,,09,,,,,,
8019227263244,90008865,PIRELLI,Reifen,09.csv,245,40,R,21,,,P-ZERO NCS XLVOL,,09,,,,,,
8019227263411,90008968,PIRELLI,Reifen,09.csv,275,45,Z,20,,,P ZERO XLN0,,09,,,,,,
8019227263763,90008896,PIRELLI,Reifen,09.csv,255,40,R,21,,,P-ZERO NCS L.S. XLRO1,,09,,,,,,
8019227263787,90009070,PIRELLI,Reifen,09.csv,255,45,R,20,,,SCORP.VERDE AS AO,,09,,,,,,
8019227263862,90009190,PIRELLI,Reifen,09.csv,235,55,R,19,,,SCORP.WI AO,,09,,,,,,
8019227263879,90008832,PIRELLI,Reifen,09.csv,235,65,R,17,,,SCORP.WI AO,,09,,,,,,
8019227263909,90009255,PIRELLI,Reifen,09.csv,285,40,R,20,,,P-ZERO S.C. AR,,09,,,,,,
8019227263916,90009222,PIRELLI,Reifen,09.csv,255,45,R,20,,,P-ZERO S.C. AR,,09,,,,,,
8019227264920,90008548,PIRELLI,Reifen,09.csv,265,45,R,20,,Z,P ZERO XLMO,,09,,,,,,
8019227266412,90008552,PIRELLI,Reifen,09.csv,245,45,R,20,,,SCORP.VERDE AS XLLR M+S,,09,,,,,,
8019227267976,90008676,PIRELLI,Reifen,09.csv,275,40,R,21,,,SCORP.WI XL,,09,,,,,,
8019227268348,90008700,PIRELLI,Reifen,09.csv,235,35,R,19,,,P-ZERO PZ4 XLRO2,,09,,,,,,
8019227268355,90008699,PIRELLI,Reifen,09.csv,255,30,R,19,,,P-ZERO NCS PZ4 XLRO2,,09,,,,,,
8019227269178,90008987,PIRELLI,Reifen,09.csv,295,30,Z,20,,,P-ZERO XLMO1,,09,,,,,,
8019227269185,90008914,PIRELLI,Reifen,09.csv,265,35,Z,20,,Z,P-ZERO S.C. XLMO1,,09,,,,,,
8019227270006,90008781,PIRELLI,Reifen,09.csv,225,45,R,19,,,P-ZERO XL*,,09,,,,,,
8019227271348,90008957,PIRELLI,Reifen,09.csv,275,40,R,19,,Z,P ZERO XLMOLBL,,09,,,,,,
8019227271966,90009060,PIRELLI,Reifen,09.csv,225,45,R,18,,,SOTTOZ. 3 MO,,09,,,,,,
8019227271973,90009051,PIRELLI,Reifen,09.csv,205,60,R,16,,,SOTTOZ. 3 MO,,09,,,,,,
8019227272772,90009242,PIRELLI,Reifen,09.csv,275,35,R,20,,Z,P-ZERO S.C. XL*,,09,,,,,,
8019227272826,90009258,PIRELLI,Reifen,09.csv,285,40,R,21,,,P ZERO S.C. XL,,09,,,,,,
8019227272840,90008982,PIRELLI,Reifen,09.csv,285,45,R,20,,,P-ZERO,,09,,,,,,
8019227272864,90009225,PIRELLI,Reifen,09.csv,255,60,R,18,,,SCORPION VERDE,,09,,,,,,
8019227273427,90009306,PIRELLI,Reifen,09.csv,275,30,R,20,,,P-ZERO XLAO,,09,,,,,,
8019227273755,90009111,PIRELLI,Reifen,09.csv,235,65,R,17,,,SCORPION VERDE XLVOL,,09,,,,,,
8019227273946,90008876,PIRELLI,Reifen,09.csv,245,45,R,20,,,SCORP.ZERO ASIM. XLVOL M+S,,09,,,,,,
8019227274127,90009649,PIRELLI,Reifen,09.csv,295,35,R,20,,Z,P-ZERO NA0,,09,,,,,,
8019227274301,90008872,PIRELLI,Reifen,09.csv,245,45,R,18,,Z,P-ZERO PZ4 XL,,09,,,,,,
8019227274448,90009191,PIRELLI,Reifen,09.csv,235,55,R,19,,,SCORP.VERDE AS XLAR M+S,,09,,,,,,
8019227274660,90009324,PIRELLI,Reifen,09.csv,295,40,R,19,,Z,P ZERO S.C. XLN0,,09,,,,,,
8019227275056,90009282,PIRELLI,Reifen,09.csv,225,40,R,20,,,P-ZERO L.S. R-FXL*,,09,,,,,,
8019227275063,90009441,PIRELLI,Reifen,09.csv,255,30,R,20,,,P-ZERO R-FXL*,,09,,,,,,
8019227275070,90009408,PIRELLI,Reifen,09.csv,225,35,R,20,,,P-ZERO R-FXL*,,09,,,,,,
8019227275087,90009611,PIRELLI,Reifen,09.csv,255,35,R,19,,,P-ZERO R-F XL*,,09,,,,,,
8019227275353,90008823,PIRELLI,Reifen,09.csv,235,55,R,19,,,SCORPION VERDE XLVOL,,09,,,,,,
8019227275421,90009375,PIRELLI,Reifen,09.csv,265,50,R,19,,,P-ZERO L.S. XL*,,09,,,,,,
8019227276107,90008915,PIRELLI,Reifen,09.csv,265,35,R,21,,Z,P-ZERO PZ4 XL,,09,,,,,,
8019227276114,90008850,PIRELLI,Reifen,09.csv,245,35,R,21,,Z,P-ZERO PZ4 XL,,09,,,,,,
8019227276145,90008862,PIRELLI,Reifen,09.csv,245,40,R,20,,,P-ZERO PZ4 XL,,09,,,,,,
8019227276435,90009217,PIRELLI,Reifen,09.csv,255,35,R,21,,,P ZERO NCS XLAO,,09,,,,,,
8019227276473,90009886,PIRELLI,Reifen,09.csv,225,55,R,18,,,CINTURATO P7 XLAOFSL,,09,,,,,,
8019227277470,90009530,PIRELLI,Reifen,09.csv,255,50,R,19,,,P ZERO N1,,09,,,,,,
8019227277487,90009425,PIRELLI,Reifen,09.csv,235,55,R,19,,,P ZERO N1,,09,,,,,,
8019227277555,90008991,PIRELLI,Reifen,09.csv,295,35,R,21,,Z,P ZERO XLMO,,09,,,,,,
8019227277791,90009205,PIRELLI,Reifen,09.csv,245,45,R,20,,,P-ZERO L.S XLVOL,,09,,,,,,
8019227278248,90009127,PIRELLI,Reifen,09.csv,275,35,R,20,,Z,P-ZERO XLF,,09,,,,,,
8019227278774,90009132,PIRELLI,Reifen,09.csv,285,30,R,20,,Z,P-ZERO XLALP,,09,,,,,,
8019227278781,90009133,PIRELLI,Reifen,09.csv,295,30,R,20,,Z,P-ZERO XLALP,,09,,,,,,
8019227281712,90009724,PIRELLI,Reifen,09.csv,255,45,R,19,,Z,P-ZERO S.C. XLMO1FSL,,09,,,,,,
8019227282641,90009293,PIRELLI,Reifen,09.csv,245,45,R,20,,,P-ZERO S.C. XL*,,09,,,,,,
8019227282658,90009311,PIRELLI,Reifen,09.csv,275,40,R,20,,,P-ZERO S.C. XL*,,09,,,,,,
8019227285642,90009164,PIRELLI,Reifen,09.csv,215,45,R,18,,,CINTURATO P7,,09,,,,,,
8019227285710,90009633,PIRELLI,Reifen,09.csv,275,35,R,21,,Z,P-ZERO XLAO,,09,,,,,,
8019227285727,90009641,PIRELLI,Reifen,09.csv,285,30,R,22,,Z,P-ZERO XLAO,,09,,,,,,
8019227286120,90009261,PIRELLI,Reifen,09.csv,295,35,R,21,,Z,P ZERO XLMO1,,09,,,,,,
8019227286137,90009230,PIRELLI,Reifen,09.csv,265,40,R,21,,Z,P ZERO XLMO1,,09,,,,,,
8019227286298,90009828,PIRELLI,Reifen,09.csv,255,40,R,20,,Z,P-ZERO S.C. XLNF0FSL,,09,,,,,,
8019227286304,90009847,PIRELLI,Reifen,09.csv,295,35,R,20,,Z,P-ZERO S.C. XLNF0FSL,,09,,,,,,
8019227286342,90009359,PIRELLI,Reifen,09.csv,235,50,R,20,,,P-ZERO S.C. XLJ LR,,09,,,,,,
8019227288384,90010606,PIRELLI,Reifen,09.csv,195,65,R,15,,,CINTURATO P1 VERDE KS,,09,,,,,,
8019227289749,90009689,PIRELLI,Reifen,09.csv,225,45,R,17,,,P-ZERO S.C. XL*FSL,,09,,,,,,
8019227289756,90009675,PIRELLI,Reifen,09.csv,195,60,R,16,,,CINTURATO WINTER *FSL 3PMSF,,09,,,,,,
8019227290820,90009173,PIRELLI,Reifen,09.csv,225,40,R,19,,,P-ZERO L.S R-FXLMOE,,09,,,,,,
8019227290837,90009215,PIRELLI,Reifen,09.csv,255,35,R,19,,,P-ZERO L.S R-FXLMOE,,09,,,,,,
8019227291407,90009108,PIRELLI,Reifen,09.csv,235,35,R,19,,,P-ZERO XLAO1,,09,,,,,,
8019227291872,90009823,PIRELLI,Reifen,09.csv,245,45,R,20,,,P-ZERO S.C. XL*FSL,,09,,,,,,
8019227291889,90009839,PIRELLI,Reifen,09.csv,275,40,R,20,,,P-ZERO S.C. XL*FSL,,09,,,,,,
8019227292350,90008948,PIRELLI,Reifen,09.csv,275,35,R,21,,,CINTURATO P7 AS XLN0 M+S,,09,,,,,,
8019227292473,90009235,PIRELLI,Reifen,09.csv,265,45,R,21,,,P-ZERO,,09,,,,,,
8019227297973,90009241,PIRELLI,Reifen,09.csv,275,35,R,20,,,P ZERO R-FXL,,09,,,,,,
8019227300178,90009662,PIRELLI,Reifen,09.csv,245,45,R,18,,,CINTURATO P7 XLJ,,09,,,,,,
8019227306507,90009308,PIRELLI,Reifen,09.csv,275,35,R,21,,,CINTURATO P7 AS NCS XLN1 M+S,,09,,,,,,
8019227306521,90008953,PIRELLI,Reifen,09.csv,275,35,Z,21,,Z,P-ZERO NCS XLN1,,09,,,,,,
8019227308013,90009251,PIRELLI,Reifen,09.csv,285,35,R,20,,Z,P-ZERO S.C. XL*,,09,,,,,,
8019227310603,90009729,PIRELLI,Reifen,09.csv,275,30,R,21,,,P-ZERO NCS S.C. XLVOLFSL,,09,,,,,,
8019227310627,90009586,PIRELLI,Reifen,09.csv,235,35,R,19,,Z,P-ZERO XLMO1,,09,,,,,,
8019227310641,90009928,PIRELLI,Reifen,09.csv,275,40,R,20,,Z,P-ZERO S.C. XLN1FSL,,09,,,,,,
8019227312065,90009437,PIRELLI,Reifen,09.csv,245,45,R,18,,,CINTURATO P7 XL*,,09,,,,,,
8019227312072,90009380,PIRELLI,Reifen,09.csv,275,40,R,18,,,CINTURATO P7 XL*,,09,,,,,,
8019227313628,90009252,PIRELLI,Reifen,09.csv,285,35,R,20,,Z,P-ZERO S.C. MGT,,09,,,,,,
8019227314052,90009416,PIRELLI,Reifen,09.csv,235,35,R,19,,,P-ZERO HN S.C. XL,,09,,,,,,
8019227314106,90009793,PIRELLI,Reifen,09.csv,225,50,R,18,,,CINTURATO P7 XL*FSL,,09,,,,,,
8019227314816,90009229,PIRELLI,Reifen,09.csv,265,40,R,21,,,SCORP.WI XLMO1,,09,,,,,,
8019227314953,90009448,PIRELLI,Reifen,09.csv,255,40,R,20,,,P-ZERO XLAO1,,09,,,,,,
8019227315011,90009830,PIRELLI,Reifen,09.csv,255,45,R,19,,,CINTURATO P7 XLMOFSL,,09,,,,,,
8019227318340,90009489,PIRELLI,Reifen,09.csv,285,40,R,20,,Z,P-ZERO S.C. XL,,09,,,,,,
8019227318357,90009367,PIRELLI,Reifen,09.csv,255,45,R,20,,Z,P-ZERO S.C. XL,,09,,,,,,
8019227319507,90009253,PIRELLI,Reifen,09.csv,285,35,R,20,,Z,P-ZERO S.C. XLF03,,09,,,,,,
8019227319514,90009531,PIRELLI,Reifen,09.csv,265,40,R,21,,,SCORP.VERDE AS XLMGTFSL M+S,,09,,,,,,
8019227322064,90009686,PIRELLI,Reifen,09.csv,225,40,R,18,,,P-ZERO S.C. XLAOFSL,,09,,,,,,
8019227322071,90009784,PIRELLI,Reifen,09.csv,225,45,R,17,,,CINTURATO P7 AOFSL,,09,,,,,,
8019227322149,90009874,PIRELLI,Reifen,09.csv,225,40,R,19,,,CINTURATO P7 XLFSL,,09,,,,,,
8019227325331,90009298,PIRELLI,Reifen,09.csv,255,45,R,19,,,CINTURATO P7 NCS XLAO1,,09,,,,,,
8019227325515,90009410,PIRELLI,Reifen,09.csv,225,40,R,19,,,P-ZERO L.S. XLJ,,09,,,,,,
8019227325874,90010107,PIRELLI,Reifen,09.csv,285,30,R,20,,Z,P-ZERO (PZ4) PZ4 S.C.,,09,,,,,,
8019227325911,90009188,PIRELLI,Reifen,09.csv,235,55,R,18,,,P-ZERO S.C. VOL,,09,,,,,,
8019227327854,90009927,PIRELLI,Reifen,09.csv,275,40,R,20,,,P-ZERO S.C. R-FXL*FSL,,09,,,,,,
8019227347104,90009374,PIRELLI,Reifen,09.csv,265,40,R,21,,,P ZERO N0,,09,,,,,,
8019227347302,90009469,PIRELLI,Reifen,09.csv,265,45,R,20,,,P ZERO N0,,09,,,,,,
8019227351828,90009403,PIRELLI,Reifen,09.csv,205,40,R,18,,Z,P ZERO XL,,09,,,,,,
8019227351835,90009440,PIRELLI,Reifen,09.csv,255,30,R,19,,Z,P ZERO XL,,09,,,,,,
8019227351934,90009433,PIRELLI,Reifen,09.csv,245,40,R,19,,,P-ZERO NCS XLJ,,09,,,,,,
8019227352672,90009381,PIRELLI,Reifen,09.csv,275,40,R,19,,Z,P ZERO MGT,,09,,,,,,
8019227353679,90009577,PIRELLI,Reifen,09.csv,225,50,R,17,,,CINTURATO P7 AS R-F 3PMSF,,09,,,,,,
8019227355987,90010055,PIRELLI,Reifen,09.csv,225,45,R,18,,,CINTURATO P7 (P7C2) XLMOFSL,,09,,,,,,
8019227356014,90010085,PIRELLI,Reifen,09.csv,255,35,R,19,,,P-ZERO (PZ4) PZ4 S.C. XLMOFS,,09,,,,,,
8019227356250,90009868,PIRELLI,Reifen,09.csv,205,55,R,17,,,CINTURATO P7 FSL,,09,,,,,,
8019227356342,90009920,PIRELLI,Reifen,09.csv,275,35,R,21,,Z,P-ZERO S.C. XLND0FSL,,09,,,,,,
8019227356724,90009897,PIRELLI,Reifen,09.csv,245,40,R,18,,,WINTER PZERO XLMO1FSL 3PMSF,,09,,,,,,
8019227356953,90009604,PIRELLI,Reifen,09.csv,245,45,R,16,,Z,PZERO ROSSO ASIM. N5FS,,09,,,,,,
8019227356960,90008783,PIRELLI,Reifen,09.csv,225,50,R,16,,Z,PZERO ROSSO ASIM. N5,,09,,,,,,
8019227356977,90009554,PIRELLI,Reifen,09.csv,205,55,R,16,,Z,PZERO ROSSO ASIM. N5FS,,09,,,,,,
8019227356984,90009536,PIRELLI,Reifen,09.csv,215,60,R,15,,,P6000 N3,,09,,,,,,
8019227356991,90009535,PIRELLI,Reifen,09.csv,195,65,R,15,,,P6000 N3,,09,,,,,,
8019227357356,90009922,PIRELLI,Reifen,09.csv,275,40,R,18,,,CINTURATO P7 XLMOFSL,,09,,,,,,
8019227357400,90009837,PIRELLI,Reifen,09.csv,275,35,R,19,,,P-ZERO S.C. XLMOFSL,,09,,,,,,
8019227360790,90010618,PIRELLI,Reifen,09.csv,225,40,R,19,,,P-ZERO S.C. XLAOFSL,,09,,,,,,
8019227361865,90009361,PIRELLI,Reifen,09.csv,235,55,R,19,,,SCORP.VERDE AS XL 3PMSF,,09,,,,,,
8019227361988,90009731,PIRELLI,Reifen,09.csv,275,35,R,19,,,P-ZERO L.S. R-FXL*FSL,,09,,,,,,
8019227361995,90009714,PIRELLI,Reifen,09.csv,245,40,R,19,,,P-ZERO L.S R-FXL*FSL,,09,,,,,,
8019227362015,90010026,PIRELLI,Reifen,09.csv,275,40,R,18,,,P-ZERO L.S. R-FXL*FSL,,09,,,,,,
8019227362022,90010080,PIRELLI,Reifen,09.csv,245,45,R,18,,,P-ZERO (PZ4) R-FXL*FSL,,09,,,,,,
8019227362831,90009918,PIRELLI,Reifen,09.csv,265,35,R,22,,,P-ZERO NCS L.S. XLVOFSL,,09,,,,,,
8019227362855,90009900,PIRELLI,Reifen,09.csv,245,40,R,20,,,P-ZERO L.S. XLVOLFSL,,09,,,,,,
8019227364224,90009421,PIRELLI,Reifen,09.csv,235,50,R,20,,,SCORP.ZERO AS NCS XLJ LR M+S,,09,,,,,,
8019227364309,90009902,PIRELLI,Reifen,09.csv,245,45,R,18,,,P-ZERO L.S. XLVOLFSL,,09,,,,,,
8019227365580,90010285,PIRELLI,Reifen,09.csv,235,55,R,18,,,CINTURATO P7 (P7C2) XLMOFSL,,09,,,,,,
8019227377965,90010611,PIRELLI,Reifen,09.csv,255,45,R,20,,,PZERO WINTER XLMO1FSL 3PMSF,,09,,,,,,
8019227377972,90010610,PIRELLI,Reifen,09.csv,255,45,R,19,,,PZERO WINTER XLMO1AFSL 3PMSF,,09,,,,,,
8019227377989,90010675,PIRELLI,Reifen,09.csv,285,40,R,19,,,PZERO WINTER XLMO1AFSL 3PMSF,,09,,,,,,
8019227378085,90009916,PIRELLI,Reifen,09.csv,255,45,R,19,,,P-ZERO NCS S.C. XLMO-SFSL,,09,,,,,,
8019227378139,90010015,PIRELLI,Reifen,09.csv,255,35,R,21,,,P-ZERO NCS S.C. XLMO-SFSL,,09,,,,,,
8019227378528,90010385,PIRELLI,Reifen,09.csv,295,35,R,21,,,P-ZERO CORSA (PZC4) NE0FSL,,09,,,,,,
8019227378535,90010199,PIRELLI,Reifen,09.csv,265,40,R,21,,,PZERO CORSA NE0FSL,,09,,,,,,
8019227378788,90010112,PIRELLI,Reifen,09.csv,285,35,R,21,,,P-ZERO (PZ4) S.C. XLARFSL,,09,,,,,,
8019227378863,90010087,PIRELLI,Reifen,09.csv,255,40,R,20,,,P-ZERO (PZ4) PZ4 L.S.ELT XLV,,09,,,,,,
8019227378887,90010092,PIRELLI,Reifen,09.csv,255,45,R,19,,,P-ZERO (PZ4) PZ4 L.S. XLVOLF,,09,,,,,,
8019227379105,90010593,PIRELLI,Reifen,09.csv,265,40,R,21,,,P-ZERO (PZ4) NCS XLMO-SFSL,,09,,,,,,
8019227379341,90010306,PIRELLI,Reifen,09.csv,255,45,R,20,,,SCORP.ZERO AS XLARFSL M+S,,09,,,,,,
8019227379358,90010319,PIRELLI,Reifen,09.csv,285,40,R,20,,,SCORP.ZERO AS XLARFSL M+S,,09,,,,,,
8019227379402,90010193,PIRELLI,Reifen,09.csv,255,40,R,19,,,P-ZERO KS XL*FSL,,09,,,,,,
8019227379426,90010183,PIRELLI,Reifen,09.csv,245,40,R,19,,,P-ZERO KS XL*FSL,,09,,,,,,
8019227379433,90010194,PIRELLI,Reifen,09.csv,255,40,R,19,,,P-ZERO XLI*FSL,,09,,,,,,
8019227380316,90010423,PIRELLI,Reifen,09.csv,245,40,R,19,,,P-ZERO (PZ4) KS (PZ4) R-FXL*,,09,,,,,,
8019227380330,90010422,PIRELLI,Reifen,09.csv,245,40,R,19,,,P ZERO WINTER XL*FSL 3PMSF,,09,,,,,,
8019227380583,90011268,PIRELLI,Reifen,09.csv,255,45,R,21,,,P-ZERO (PZ4) ELT S.C. XLR0FS,,09,,,,,,
8019227381658,90011053,PIRELLI,Reifen,09.csv,255,40,R,22,,,P-ZERO (PZ4) ELT S.C. XLNE0F,,09,,,,,,
8019227381931,90010943,PIRELLI,Reifen,09.csv,255,45,R,20,,Z,P-ZERO (PZ4) S.C. XLM,,09,,,,,,
8019227382044,90010069,PIRELLI,Reifen,09.csv,235,55,R,19,,,CINTURATO P7 (P7C2) ELT XLMO,,09,,,,,,
8019227382990,90010657,PIRELLI,Reifen,09.csv,265,40,R,21,,,SCORP.VERDE AS NE0FSL M+S,,09,,,,,,
8019227383003,90010682,PIRELLI,Reifen,09.csv,295,35,R,21,,,SCORP.VERDE AS NE0FSL M+S,,09,,,,,,
8019227383034,90010016,PIRELLI,Reifen,09.csv,255,40,R,20,,,SOTTOZ. 3 NCS XLMOFSL 3PMSF,,09,,,,,,
8019227383102,90009782,PIRELLI,Reifen,09.csv,225,40,R,19,,,P-ZERO S.C. XLMOFSL,,09,,,,,,
8019227383201,90009651,PIRELLI,Reifen,09.csv,305,30,R,21,,Z,P-ZERO S.C. NA1,,09,,,,,,
8019227383218,90009601,PIRELLI,Reifen,09.csv,245,35,R,20,,Z,P-ZERO S.C. NA1FSL,,09,,,,,,
8019227384994,90009716,PIRELLI,Reifen,09.csv,245,40,R,20,,,PZERO XLVOLFSL,,09,,,,,,
8019227385168,90009940,PIRELLI,Reifen,09.csv,315,30,R,21,,Z,P-ZERO S.C. XLNA1FSL,,09,,,,,,
8019227385205,90009987,PIRELLI,Reifen,09.csv,245,35,R,21,,,P-ZERO XLMGTFSL,,09,,,,,,
8019227385212,90009995,PIRELLI,Reifen,09.csv,285,30,R,21,,,P-ZERO XLMGTFSL,,09,,,,,,
8019227385809,90009695,PIRELLI,Reifen,09.csv,235,50,R,19,,,P-ZERO XLVOL,,09,,,,,,
8019227386042,90009715,PIRELLI,Reifen,09.csv,245,40,R,20,,,PZERO XLVOLFSL,,09,,,,,,
8019227386776,90009696,PIRELLI,Reifen,09.csv,235,50,R,19,,,P-ZERO MOFSL,,09,,,,,,
8019227387209,90009905,PIRELLI,Reifen,09.csv,245,45,R,18,,,P-ZERO NCS S.C. XLMO-SFSL,,09,,,,,,
8019227387216,90009924,PIRELLI,Reifen,09.csv,275,40,R,18,,,P-ZERO S.C. XLMOFSL,,09,,,,,,
8019227387940,90010079,PIRELLI,Reifen,09.csv,245,40,R,20,,Z,P-ZERO (PZ4) PZ4 XLMGT,,09,,,,,,
8019227387957,90010110,PIRELLI,Reifen,09.csv,285,35,R,20,,Z,P-ZERO (PZ4) PZ4 XLMG,,09,,,,,,
8019227388114,90010152,PIRELLI,Reifen,09.csv,225,45,R,17,,,POWERGY XLFSL,,09,,,,,,
8019227388145,90010235,PIRELLI,Reifen,09.csv,205,55,R,17,,,POWERGY XL,,09,,,,,,
8019227388152,90010244,PIRELLI,Reifen,09.csv,215,50,R,17,,,POWERGY XL,,09,,,,,,
8019227388169,90010234,PIRELLI,Reifen,09.csv,205,50,R,17,,,POWERGY XL,,09,,,,,,
8019227388213,90010186,PIRELLI,Reifen,09.csv,245,45,R,18,,,POWERGY XLFSL,,09,,,,,,
8019227388220,90010169,PIRELLI,Reifen,09.csv,235,45,R,18,,,POWERGY XL,,09,,,,,,
8019227388237,90010165,PIRELLI,Reifen,09.csv,235,40,R,18,,,POWERGY XL,,09,,,,,,
8019227388244,90010175,PIRELLI,Reifen,09.csv,235,60,R,18,,,POWERGY,,09,,,,,,
8019227388282,90010164,PIRELLI,Reifen,09.csv,235,35,R,19,,,POWERGY XL,,09,,,,,,
8019227388299,90010288,PIRELLI,Reifen,09.csv,235,55,R,19,,,POWERGY XL,,09,,,,,,
8019227388305,90010276,PIRELLI,Reifen,09.csv,235,40,R,19,,,POWERGY XL,,09,,,,,,
8019227388350,90010236,PIRELLI,Reifen,09.csv,205,55,R,19,,,POWERGY XL,,09,,,,,,
8019227388398,90010192,PIRELLI,Reifen,09.csv,255,35,R,20,,,POWERGY XL,,09,,,,,,
8019227388411,90010303,PIRELLI,Reifen,09.csv,255,40,R,20,,,POWERGY XL,,09,,,,,,
8019227388459,90010402,PIRELLI,Reifen,09.csv,215,50,R,17,,,CINTURATO P7 (P7C2) XL,,09,,,,,,
8019227388527,90010405,PIRELLI,Reifen,09.csv,215,55,R,18,,,CINTURATO P7 (P7C2) XL,,09,,,,,,
8019227389661,90010204,PIRELLI,Reifen,09.csv,275,40,R,20,,Z,P-ZERO XLND0FSL,,09,,,,,,
8019227389678,90010211,PIRELLI,Reifen,09.csv,315,35,R,20,,Z,P-ZERO XLND0FSL,,09,,,,,,
8019227389821,90011201,PIRELLI,Reifen,09.csv,235,45,R,20,,,P-ZERO (PZ4) S-I S.C. ELT XL,,09,,,,,,
8019227389852,90011159,PIRELLI,Reifen,09.csv,255,45,R,19,,,CINTURATO P7 (P7C2) S-I ELT,,09,,,,,,
8019227390506,90010197,PIRELLI,Reifen,09.csv,265,30,R,19,,Z,P-ZERO XLAOFSL,,09,,,,,,
8019227390957,90010123,PIRELLI,Reifen,09.csv,175,65,R,15,,,CINTURATO AS SF2 3PMSF,,09,,,,,,
8019227391374,90010137,PIRELLI,Reifen,09.csv,205,55,R,19,,,CINTURATO AS SF2 XLFSL 3PMSF,,09,,,,,,
8019227391404,90010129,PIRELLI,Reifen,09.csv,195,55,R,20,,,CINTURATO AS SF2 XLFSL 3PMSF,,09,,,,,,
8019227392227,90009925,PIRELLI,Reifen,09.csv,275,40,R,19,,Z,PZERO KS XLJFSL,,09,,,,,,
8019227392517,90010268,PIRELLI,Reifen,09.csv,225,55,R,17,,,POWERGY XL,,09,,,,,,
8019227392524,90010284,PIRELLI,Reifen,09.csv,235,55,R,17,,,POWERGY XL,,09,,,,,,
8019227392548,90010247,PIRELLI,Reifen,09.csv,215,55,R,17,,,POWERGY XL,,09,,,,,,
8019227392593,90010144,PIRELLI,Reifen,09.csv,215,55,R,18,,,POWERGY XL,,09,,,,,,
8019227392609,90010287,PIRELLI,Reifen,09.csv,235,55,R,18,,,POWERGY XL,,09,,,,,,
8019227392647,90010305,PIRELLI,Reifen,09.csv,255,45,R,19,,,POWERGY XL,,09,,,,,,
8019227392654,90010154,PIRELLI,Reifen,09.csv,225,45,R,19,,,POWERGY XLFSL,,09,,,,,,
8019227392661,90010172,PIRELLI,Reifen,09.csv,235,50,R,19,,,POWERGY,,09,,,,,,
8019227392678,90010140,PIRELLI,Reifen,09.csv,215,50,R,18,,,POWERGY FSL,,09,,,,,,
8019227392685,90010282,PIRELLI,Reifen,09.csv,235,50,R,18,,,POWERGY XL,,09,,,,,,
8019227392777,90010381,PIRELLI,Reifen,09.csv,285,30,R,21,,Z,P-ZERO (PZ4) XLFSL,,09,,,,,,
8019227392821,90010042,PIRELLI,Reifen,09.csv,275,35,R,19,,,P-ZERO XL*FSL,,09,,,,,,
8019227392838,90010180,PIRELLI,Reifen,09.csv,245,40,R,19,,,PZERO WINTER R-FXL* 3PMSF,,09,,,,,,
8019227393125,90010335,PIRELLI,Reifen,09.csv,205,55,R,16,,,CINTURATO WINTER 2 XLFSL 3PM,,09,,,,,,
8019227393231,90010346,PIRELLI,Reifen,09.csv,215,50,R,17,,,CINTURATO WINTER 2 XL 3PMSF,,09,,,,,,
8019227393262,90010357,PIRELLI,Reifen,09.csv,225,45,R,17,,,CINTURATO WINTER 2 3PMSF,,09,,,,,,
8019227393279,90010358,PIRELLI,Reifen,09.csv,225,45,R,17,,,CINTURATO WINTER 2 XL 3PMSF,,09,,,,,,
8019227393309,90010367,PIRELLI,Reifen,09.csv,225,55,R,17,,,CINTURATO WINTER 2 XLFSL 3PM,,09,,,,,,
8019227393330,90010345,PIRELLI,Reifen,09.csv,215,40,R,18,,,CINTURATO WINTER 2 XL 3PMSF,,09,,,,,,
8019227393422,90010332,PIRELLI,Reifen,09.csv,195,55,R,20,,,CINTURATO WINTER 2 XL 3PMSF,,09,,,,,,
8019227393576,90010612,PIRELLI,Reifen,09.csv,265,35,R,19,,,PZERO WINTER XLMO1FSL 3PMSF,,09,,,,,,
8019227393866,90010097,PIRELLI,Reifen,09.csv,265,30,R,20,,Z,P-ZERO (PZ4) S.C. XLAL,,09,,,,,,
8019227393903,90010521,PIRELLI,Reifen,09.csv,285,40,R,20,,,P-ZERO (PZ4) XL*FSL,,09,,,,,,
8019227393965,90010609,PIRELLI,Reifen,09.csv,245,45,R,19,,,P-ZERO XL* MOFSL,,09,,,,,,
8019227393989,90010795,PIRELLI,Reifen,09.csv,275,35,R,20,,,P-ZERO (PZ4) XL* MOFSL,,09,,,,,,
8019227393996,90010930,PIRELLI,Reifen,09.csv,245,40,R,20,,,P-ZERO (PZ4) NCS S.C. XLI* M,,09,,,,,,
8019227394269,90010375,PIRELLI,Reifen,09.csv,255,40,R,20,,,P-ZERO (PZ4) NCS KS (PZ4) XL,,09,,,,,,
8019227394641,90010108,PIRELLI,Reifen,09.csv,285,30,R,21,,,P-ZERO (PZ4) NCS PZ4 XLMOFSL,,09,,,,,,
8019227395174,90010176,PIRELLI,Reifen,09.csv,245,35,R,19,,,CINTURATO AS SF2 XLFSL 3PMSF,,09,,,,,,
8019227395204,90010189,PIRELLI,Reifen,09.csv,255,35,R,18,,,CINTURATO AS SF2 XLFSL 3PMSF,,09,,,,,,
8019227395266,90010052,PIRELLI,Reifen,09.csv,215,65,R,15C,102,,CARRIER AS 3PMSF,,09,,,,,,
8019227395440,90011017,PIRELLI,Reifen,09.csv,255,35,R,21,,,P-ZERO (PZ4) S.C. (E) XL*FSL,,09,,,,,,
8019227395457,90011021,PIRELLI,Reifen,09.csv,HL285,30,R,21,,,P-ZERO (PZ4) S.C. (E) XL*FSL,,09,,,,,,
8019227395631,90010017,PIRELLI,Reifen,09.csv,255,40,R,20,,,SOTTOZ. 3 NCS ELT XLT0FSL 3P,,09,,,,,,
8019227396010,90010300,PIRELLI,Reifen,09.csv,255,35,R,19,,,P-ZERO (PZ4) R-FXLARFSL,,09,,,,,,
8019227396607,90010293,PIRELLI,Reifen,09.csv,235,65,R,17,,,POWERGY XL,,09,,,,,,
8019227397413,90010081,PIRELLI,Reifen,09.csv,245,45,R,19,,,P-ZERO (PZ4) XLAOFSL,,09,,,,,,
8019227398021,90010100,PIRELLI,Reifen,09.csv,265,35,R,21,,,P-ZERO (PZ4) NCS PZ4 XLMOFSL,,09,,,,,,
8019227398205,90010159,PIRELLI,Reifen,09.csv,225,50,R,18,,,P-ZERO XL*FSL,,09,,,,,,
8019227398342,90010301,PIRELLI,Reifen,09.csv,255,35,R,21,,,P-ZERO (PZ4) NCS PZ4 ELT XLT,,09,,,,,,
8019227399028,90010242,PIRELLI,Reifen,09.csv,215,45,R,20,,,CINTURATO AS S-I ELT XL 3PMS,,09,,,,,,
8019227399035,90010376,PIRELLI,Reifen,09.csv,255,40,R,21,,,P-ZERO (PZ4) XLMGTFSL,,09,,,,,,
8019227399349,90010296,PIRELLI,Reifen,09.csv,245,40,R,19,,,PZERO WINTER R-FXL*FSL 3PMSF,,09,,,,,,
8019227399363,90010467,PIRELLI,Reifen,09.csv,255,35,R,20,,,P-ZERO (PZ4) XL*FSL,,09,,,,,,
8019227399370,90010474,PIRELLI,Reifen,09.csv,285,30,R,20,,,P-ZERO (PZ4) XL*FSL,,09,,,,,,
8019227399684,90010739,PIRELLI,Reifen,09.csv,295,35,R,21,,,P-ZERO (PZ4) XLMGTFSL,,09,,,,,,
8019227400014,90010329,PIRELLI,Reifen,09.csv,235,60,R,18,,,SCORP.ZERO AS SF2 XL 3PMSF,,09,,,,,,
8019227400021,90010570,PIRELLI,Reifen,09.csv,235,60,R,18,,,SCORPION AS SF2 S-I ELT XL 3,,09,,,,,,
8019227400045,90010509,PIRELLI,Reifen,09.csv,245,60,R,18,,,SCORPION AS SF2 XL 3PMSF,,09,,,,,,
8019227400052,90010515,PIRELLI,Reifen,09.csv,255,55,R,18,,,SCORPION AS SF2 XL 3PMSF,,09,,,,,,
8019227400069,90010591,PIRELLI,Reifen,09.csv,255,60,R,18,,,SCORPION AS SF2 XL 3PMSF,,09,,,,,,
8019227400076,90010596,PIRELLI,Reifen,09.csv,265,60,R,18,,,SCORPION AS SF2 XL 3PMSF,,09,,,,,,
8019227400083,90010567,PIRELLI,Reifen,09.csv,235,55,R,19,,,SCORPION AS SF2 XL 3PMSF,,09,,,,,,
8019227400106,90010586,PIRELLI,Reifen,09.csv,255,50,R,19,,,SCORPION AS SF2 XL 3PMSF,,09,,,,,,
8019227400120,90010589,PIRELLI,Reifen,09.csv,255,55,R,19,,,SCORPION AS SF2 XL 3PMSF,,09,,,,,,
8019227400144,90010579,PIRELLI,Reifen,09.csv,245,45,R,20,,,SCORPION AS SF2 XLFSL 3PMSF,,09,,,,,,
8019227400151,90010513,PIRELLI,Reifen,09.csv,255,45,R,20,,,SCORPION AS SF2 XLFSL 3PMSF,,09,,,,,,
8019227400182,90010595,PIRELLI,Reifen,09.csv,265,45,R,20,,,SCORPION AS SF2 XLFSL 3PMSF,,09,,,,,,
8019227400199,90010519,PIRELLI,Reifen,09.csv,275,45,R,20,,,SCORPION AS SF2 XLFSL 3PMSF,,09,,,,,,
8019227400229,90010581,PIRELLI,Reifen,09.csv,245,50,R,18,,,SCORPION AS SF2 R-FXLFSL 3PM,,09,,,,,,
8019227400304,90010279,PIRELLI,Reifen,09.csv,235,45,R,17,,,POWERGY XL,,09,,,,,,
8019227403121,90010292,PIRELLI,Reifen,09.csv,235,60,R,18,,,SCORPION XL,,09,,,,,,
8019227405903,90010594,PIRELLI,Reifen,09.csv,265,40,R,21,,Z,P-ZERO (PZ4) XLMGT1FS,,09,,,,,,
8019227405910,90010603,PIRELLI,Reifen,09.csv,295,35,R,21,,Z,P-ZERO (PZ4) XLMGT1FS,,09,,,,,,
8019227406399,90010501,PIRELLI,Reifen,09.csv,235,45,R,20,,,SCORPION AS SF2 ELT XLVOLFSL,,09,,,,,,
8019227408102,90011251,PIRELLI,Reifen,09.csv,245,40,R,21,,,P-ZERO (PZ4) NCS ELT S.C. XL,,09,,,,,,
8019227408850,90010696,PIRELLI,Reifen,09.csv,255,50,R,20,,,SCORPION S-I ELT XLIFSL,,09,,,,,,
8019227409222,90010379,PIRELLI,Reifen,09.csv,255,60,R,18,,,SCORPION XL,,09,,,,,,
8019227409239,90010564,PIRELLI,Reifen,09.csv,235,45,R,19,,,SCORPION XLFSL,,09,,,,,,
8019227409277,90010380,PIRELLI,Reifen,09.csv,275,45,R,20,,,SCORPION XL,,09,,,,,,
8019227410105,90010434,PIRELLI,Reifen,09.csv,255,45,R,20,,,P-ZERO (PZ4) NCS ELT (PZ4) X,,09,,,,,,
8019227410235,90010468,PIRELLI,Reifen,09.csv,255,40,R,20,,,P-ZERO (PZ4) NCS ELT (PZ4) X,,09,,,,,,
8019227410624,90011135,PIRELLI,Reifen,09.csv,235,55,R,19,,Z,P-ZERO (PZ4) S.C. XLM,,09,,,,,,
8019227411201,90011456,PIRELLI,Reifen,09.csv,255,35,R,20,,Z,PZERO R XLNA2FSL,,09,,,,,,
8019227411829,90010366,PIRELLI,Reifen,09.csv,225,50,R,17,,,CINTURATO P7 (P7C2) XL,,09,,,,,,
8019227411850,90010337,PIRELLI,Reifen,09.csv,205,55,R,16,,,CINTURATO P7 (P7C2),,09,,,,,,
8019227412550,90010464,PIRELLI,Reifen,09.csv,235,40,R,19,,,P-ZERO (PZ4) NCS ELT (PZ4) X,,09,,,,,,
8019227413113,90010583,PIRELLI,Reifen,09.csv,255,45,R,20,,,SCORP.WI XLMGTFSL 3PMSF,,09,,,,,,
8019227413724,90010633,PIRELLI,Reifen,09.csv,235,55,R,19,,,SCORP.WI 2 XL 3PMSF,,09,,,,,,
8019227413779,90010634,PIRELLI,Reifen,09.csv,235,55,R,20,,,SCORP.WI 2 XL 3PMSF,,09,,,,,,
8019227413786,90010641,PIRELLI,Reifen,09.csv,245,45,R,20,,,SCORP.WI 2 XLFSL 3PMSF,,09,,,,,,
8019227415018,90011046,PIRELLI,Reifen,09.csv,305,30,R,21,,,P-ZERO (PZ4) S.C. XLMO1AFSL,,09,,,,,,
8019227415025,90011043,PIRELLI,Reifen,09.csv,275,35,R,21,,,P-ZERO (PZ4) S.C. XLMO1AFSL,,09,,,,,,
8019227415346,90010668,PIRELLI,Reifen,09.csv,275,45,R,21,,,P-ZERO (PZ4) XLFSL,,09,,,,,,
8019227415889,90011223,PIRELLI,Reifen,09.csv,215,40,R,18,,,CINTURATO P7 (P7C2) XL*FSL,,09,,,,,,
8019227415957,90010968,PIRELLI,Reifen,09.csv,295,30,R,21,,Z,P-ZERO (PZ4) NCS ELT,,09,,,,,,
8019227418361,90010705,PIRELLI,Reifen,09.csv,215,45,R,17,,,POWERGY XLFSL,,09,,,,,,
8019227418927,90010693,PIRELLI,Reifen,09.csv,205,40,R,17,,,POWERGY XLFSL,,09,,,,,,
8019227419986,90011127,PIRELLI,Reifen,09.csv,235,50,R,19,,,CINTURATO ALL SEASON SF2 S-I,,09,,,,,,
8019227419993,90011055,PIRELLI,Reifen,09.csv,255,45,R,19,,,CINTURATO ALL SEASON SF2 S-I,,09,,,,,,
8019227420180,90010723,PIRELLI,Reifen,09.csv,265,35,R,21,,,PZERO WINTER NCS ELT XLMO1BF,,09,,,,,,
8019227420296,90011114,PIRELLI,Reifen,09.csv,235,40,R,20,,,SCORPION XLFSL,,09,,,,,,
8019227420579,90010721,PIRELLI,Reifen,09.csv,255,45,R,20,,,P-ZERO (PZ4) NCS XL*FSL,,09,,,,,,
8019227420975,90010807,PIRELLI,Reifen,09.csv,285,40,R,19,,,PZERO WINTER NCS ELT XLT0FSL,,09,,,,,,
8019227421491,90010489,PIRELLI,Reifen,09.csv,215,60,R,17,,,CINTURATO AS+ XL 3PMSF,,09,,,,,,
8019227421521,90010490,PIRELLI,Reifen,09.csv,225,40,R,18,,,CINTURATO AS+ XL 3PMSF,,09,,,,,,
8019227421538,90010493,PIRELLI,Reifen,09.csv,225,45,R,18,,,CINTURATO AS+ XL 3PMSF,,09,,,,,,
8019227421576,90010496,PIRELLI,Reifen,09.csv,225,55,R,19,,,CINTURATO AS+ 3PMSF,,09,,,,,,
8019227422696,90010624,PIRELLI,Reifen,09.csv,235,40,R,20,,,SCORP.WI 2 XLFSL 3PMSF,,09,,,,,,
8019227422702,90010626,PIRELLI,Reifen,09.csv,235,50,R,18,,,SCORP.WI 2 XL 3PMSF,,09,,,,,,
8019227422719,90011542,PIRELLI,Reifen,09.csv,245,40,R,18,,Z,P-ZERO (PZ5) XLFSL,,09,,,,,,
8019227423976,90010785,PIRELLI,Reifen,09.csv,255,50,R,19,,,P-ZERO (PZ4) NCS ELT XL,,09,,,,,,
8019227423983,90011126,PIRELLI,Reifen,09.csv,235,50,R,19,,,SCORPION ALL SEASON SF2 ELT,,09,,,,,,
8019227423990,90011019,PIRELLI,Reifen,09.csv,255,45,R,19,,,SCORPION ALL SEASON SF2 ELT,,09,,,,,,
8019227424003,90011121,PIRELLI,Reifen,09.csv,235,45,R,20,,,SCORPION ALL SEASON SF2 ELT,,09,,,,,,
8019227424010,90011018,PIRELLI,Reifen,09.csv,255,40,R,20,,,SCORPION ALL SEASON SF2 ELT,,09,,,,,,
8019227424133,90010779,PIRELLI,Reifen,09.csv,245,40,R,20,,,P-ZERO (PZ4) NCS XLFSL,,09,,,,,,
8019227424294,90010643,PIRELLI,Reifen,09.csv,255,35,R,19,,,P ZERO WINTER XLFSL 3PMSF,,09,,,,,,
8019227424423,90011518,PIRELLI,Reifen,09.csv,225,40,R,18,,Z,P-ZERO (PZ5) XLFSL,,09,,,,,,
8019227424782,90010934,PIRELLI,Reifen,09.csv,245,45,R,19,,,SCORPION ALL SEASON SF2 XLFS,,09,,,,,,
8019227424812,90011125,PIRELLI,Reifen,09.csv,235,50,R,18,,,SCORPION XLFSL,,09,,,,,,
8019227424850,90010776,PIRELLI,Reifen,09.csv,235,35,R,20,,,SOTTOZ. 3 NCS ELT XLT0FSL 3P,,09,,,,,,
8019227424867,90010782,PIRELLI,Reifen,09.csv,255,35,R,21,,,SOTTOZ. 3 NCS ELT XLT0FSL 3P,,09,,,,,,
8019227425277,90010706,PIRELLI,Reifen,09.csv,215,55,R,18,,,CINTURATO WINTER 2 XLFSL 3PM,,09,,,,,,
8019227425819,90010792,PIRELLI,Reifen,09.csv,265,35,R,22,,,SCORP.ZERO AS NCS XLVOLFSL M,,09,,,,,,
8019227425932,90011144,PIRELLI,Reifen,09.csv,245,40,R,20,,,P ZERO KS XLVOLFSL,,09,,,,,,
8019227426083,90011146,PIRELLI,Reifen,09.csv,245,40,R,21,,,P-ZERO (PZ4) L.S. XLVOLFSL,,09,,,,,,
8019227426588,90010800,PIRELLI,Reifen,09.csv,275,35,R,22,,Z,P-ZERO (PZ4) XLFSL,,09,,,,,,
8019227427189,90010749,PIRELLI,Reifen,09.csv,235,55,R,17,,,CINTURATO WINTER 2 FSL 3PMSF,,09,,,,,,
8019227428636,90010849,PIRELLI,Reifen,09.csv,185,60,R,14,,,CINTURATO ALL SEASON+ 3PMSF,,09,,,,,,
8019227428759,90011140,PIRELLI,Reifen,09.csv,245,35,R,21,,,P ZERO E ELT R-FXLFSL,,09,,,,,,
8019227428889,90010772,PIRELLI,Reifen,09.csv,215,55,R,16,,,CINTURATO WINTER 2 XLFSL 3PM,,09,,,,,,
8019227431063,90011074,PIRELLI,Reifen,09.csv,195,55,R,16,,,CINTURATO ALL SEASON SF3 XL,,09,,,,,,
8019227431070,90011083,PIRELLI,Reifen,09.csv,205,60,R,16,,,CINTURATO ALL SEASON SF3 XL,,09,,,,,,
8019227431087,90011094,PIRELLI,Reifen,09.csv,215,65,R,16,,,CINTURATO ALL SEASON SF3 XL,,09,,,,,,
8019227431094,90011092,PIRELLI,Reifen,09.csv,215,60,R,16,,,CINTURATO ALL SEASON SF3 XL,,09,,,,,,
8019227431100,90011098,PIRELLI,Reifen,09.csv,225,45,R,17,,,CINTURATO ALL SEASON SF3 XL,,09,,,,,,
8019227431124,90011090,PIRELLI,Reifen,09.csv,215,55,R,17,,,CINTURATO ALL SEASON SF3 S-I,,09,,,,,,
8019227431131,90011079,PIRELLI,Reifen,09.csv,205,50,R,17,,,CINTURATO ALL SEASON SF3 XL,,09,,,,,,
8019227431148,90011093,PIRELLI,Reifen,09.csv,215,60,R,17,,,CINTURATO ALL SEASON SF3 XL,,09,,,,,,
8019227431155,90011081,PIRELLI,Reifen,09.csv,205,55,R,17,,,CINTURATO ALL SEASON SF3 XL,,09,,,,,,
8019227431162,90011103,PIRELLI,Reifen,09.csv,225,55,R,17,,,CINTURATO ALL SEASON SF3 XL,,09,,,,,,
8019227431193,90011095,PIRELLI,Reifen,09.csv,215,65,R,17,,,CINTURATO ALL SEASON SF3 XL,,09,,,,,,
8019227431216,90011105,PIRELLI,Reifen,09.csv,225,55,R,18,,,CINTURATO ALL SEASON SF3 XL,,09,,,,,,
8019227431223,90011091,PIRELLI,Reifen,09.csv,215,55,R,18,,,CINTURATO ALL SEASON SF3 XL,,09,,,,,,
8019227431247,90011099,PIRELLI,Reifen,09.csv,225,45,R,18,,,CINTURATO ALL SEASON SF3 XL,,09,,,,,,
8019227431254,90011148,PIRELLI,Reifen,09.csv,245,45,R,18,,,CINTURATO ALL SEASON SF3 XL,,09,,,,,,
8019227431278,90011141,PIRELLI,Reifen,09.csv,245,40,R,18,,,CINTURATO ALL SEASON SF3 XL,,09,,,,,,
8019227431292,90011102,PIRELLI,Reifen,09.csv,225,50,R,18,,,CINTURATO ALL SEASON SF3 XL,,09,,,,,,
8019227431308,90011086,PIRELLI,Reifen,09.csv,215,50,R,18,,,CINTURATO ALL SEASON SF3 3PM,,09,,,,,,
8019227431315,90011106,PIRELLI,Reifen,09.csv,225,55,R,19,,,CINTURATO ALL SEASON SF3 XLF,,09,,,,,,
8019227431322,90011082,PIRELLI,Reifen,09.csv,205,55,R,19,,,CINTURATO ALL SEASON SF3 XLF,,09,,,,,,
8019227431339,90011130,PIRELLI,Reifen,09.csv,235,50,R,19,,,CINTURATO ALL SEASON SF3 S-I,,09,,,,,,
8019227431353,90011113,PIRELLI,Reifen,09.csv,235,40,R,19,,,CINTURATO ALL SEASON SF3 XLF,,09,,,,,,
8019227431360,90011151,PIRELLI,Reifen,09.csv,255,35,R,19,,,CINTURATO ALL SEASON SF3 XLF,,09,,,,,,
8019227431377,90011100,PIRELLI,Reifen,09.csv,225,45,R,19,,,CINTURATO ALL SEASON SF3 XLF,,09,,,,,,
8019227431384,90011075,PIRELLI,Reifen,09.csv,195,55,R,20,,,CINTURATO ALL SEASON SF3 XL,,09,,,,,,
8019227431407,90011273,PIRELLI,Reifen,09.csv,265,35,R,21,,,P-ZERO (PZ4) ELT S.C. XLNF1F,,09,,,,,,
8019227431605,90011540,PIRELLI,Reifen,09.csv,245,35,R,19,,Z,P-ZERO (PZ5) XLFSL,,09,,,,,,
8019227431612,90011543,PIRELLI,Reifen,09.csv,245,40,R,19,,Z,P-ZERO (PZ5) XLFSL,,09,,,,,,
8019227431629,90011545,PIRELLI,Reifen,09.csv,245,45,R,18,,Z,P-ZERO (PZ5) XLFSL,,09,,,,,,
8019227431636,90011547,PIRELLI,Reifen,09.csv,245,45,R,19,,Z,P-ZERO (PZ5) XLFSL,,09,,,,,,
8019227432688,90010856,PIRELLI,Reifen,09.csv,195,55,R,16,,,CINTURATO P1 XL,,09,,,,,,
8019227432794,90010854,PIRELLI,Reifen,09.csv,195,55,R,16,,,CINTURATO P1,,09,,,,,,
8019227432879,90011236,PIRELLI,Reifen,09.csv,225,45,R,17,,,CIN WIN XL 3PMSF,,09,,,,,,
8019227433845,90011073,PIRELLI,Reifen,09.csv,185,65,R,15,,,CINTURATO ALL SEASON SF3 XL,,09,,,,,,
8019227433944,90011078,PIRELLI,Reifen,09.csv,205,45,R,17,,,CINTURATO ALL SEASON SF3 XL,,09,,,,,,
8019227433975,90011077,PIRELLI,Reifen,09.csv,205,40,R,17,,,CINTURATO ALL SEASON SF3 XL,,09,,,,,,
8019227433999,90011109,PIRELLI,Reifen,09.csv,225,65,R,17,,,CINTURATO ALL SEASON SF3 XL,,09,,,,,,
8019227434002,90011124,PIRELLI,Reifen,09.csv,235,50,R,18,,,CINTURATO ALL SEASON SF3 XL,,09,,,,,,
8019227434033,90011150,PIRELLI,Reifen,09.csv,255,35,R,18,,,CINTURATO ALL SEASON SF3 XLF,,09,,,,,,
8019227434040,90011087,PIRELLI,Reifen,09.csv,215,50,R,19,,,CINTURATO ALL SEASON SF3 ELT,,09,,,,,,
8019227434064,90011097,PIRELLI,Reifen,09.csv,225,40,R,19,,,CINTURATO ALL SEASON SF3 XL,,09,,,,,,
8019227434071,90011139,PIRELLI,Reifen,09.csv,245,35,R,19,,,CINTURATO ALL SEASON SF3 XLF,,09,,,,,,
8019227434101,90011153,PIRELLI,Reifen,09.csv,255,40,R,19,,,CINTURATO ALL SEASON SF3 XL,,09,,,,,,
8019227434118,90011084,PIRELLI,Reifen,09.csv,215,45,R,20,,,CINTURATO ALL SEASON SF3 S-I,,09,,,,,,
8019227434866,90010915,PIRELLI,Reifen,09.csv,225,65,R,16C,110,,CARRIER WINTER 3PMSF,,09,,,,,,
8019227435016,90010877,PIRELLI,Reifen,09.csv,205,65,R,16C,105,,CARRIER ALL SEASON 3PMSF,,09,,,,,,
8019227435078,90010867,PIRELLI,Reifen,09.csv,195,75,R,16C,108,,CARRIER ALL SEASON 3PMSF,,09,,,,,,
8019227439625,90010945,PIRELLI,Reifen,09.csv,255,50,R,20,,,SCORPION ALL SEASON SF2 XL 3,,09,,,,,,
8019227439939,90011342,PIRELLI,Reifen,09.csv,225,55,R,19,,,POWERGY,,09,,,,,,
8019227440782,90010997,PIRELLI,Reifen,09.csv,225,45,R,17,,,CINTURATO WINTER 2 KS FSL 3P,,09,,,,,,
8019227441079,90011334,PIRELLI,Reifen,09.csv,HL225,45,R,18,,,WI SOTT 3 ELT R-FXL*FSL 3PMS,,09,,,,,,
8019227441413,90011007,PIRELLI,Reifen,09.csv,215,55,R,18,,,WINTER SOTTOZERO 3 XL 3PMSF,,09,,,,,,
8019227441833,90011249,PIRELLI,Reifen,09.csv,245,35,R,20,,,P-ZERO (PZ4) L.S. R-FXL* MOE,,09,,,,,,
8019227441840,90011458,PIRELLI,Reifen,09.csv,255,40,R,18,,,CINTURATO P7 R-F*FSL,,09,,,,,,
8019227441857,90011049,PIRELLI,Reifen,09.csv,235,35,R,19,,,P-ZERO (PZ4) XLHNFSL,,09,,,,,,
8019227443004,90011391,PIRELLI,Reifen,09.csv,265,35,R,19,,,P ZERO WINTER NCS ELT XLT0FS,,09,,,,,,
8019227443035,90011347,PIRELLI,Reifen,09.csv,235,40,R,19,,,P ZERO WINTER NCS ELT XLT0FS,,09,,,,,,
8019227444292,90011076,PIRELLI,Reifen,09.csv,195,60,R,18,,,CINTURATO ALL SEASON SF3 XL,,09,,,,,,
8019227444339,90011405,PIRELLI,Reifen,09.csv,275,35,R,20,,,P ZERO WINTER 2 XLFSL 3PMSF,,09,,,,,,
8019227447774,90011316,PIRELLI,Reifen,09.csv,205,55,R,16,,,POWERGY WINTER 3PMSF,,09,,,,,,
8019227447781,90011321,PIRELLI,Reifen,09.csv,215,55,R,17,,,POWERGY WINTER XLFSL 3PMSF,,09,,,,,,
8019227447798,90011326,PIRELLI,Reifen,09.csv,215,60,R,17,,,POWERGY WINTER XL 3PMSF,,09,,,,,,
8019227447811,90011332,PIRELLI,Reifen,09.csv,225,45,R,17,,,POWERGY WINTER XLFSL 3PMSF,,09,,,,,,
8019227447835,90011340,PIRELLI,Reifen,09.csv,225,55,R,17,,,POWERGY WINTER XLFSL 3PMSF,,09,,,,,,
8019227447859,90011324,PIRELLI,Reifen,09.csv,215,55,R,18,,,POWERGY WINTER XLFSL 3PMSF,,09,,,,,,
8019227447866,90011329,PIRELLI,Reifen,09.csv,225,40,R,18,,,POWERGY WINTER XLFSL 3PMSF,,09,,,,,,
8019227447873,90011335,PIRELLI,Reifen,09.csv,225,45,R,18,,,POWERGY WINTER XLFSL 3PMSF,,09,,,,,,
8019227447927,90011358,PIRELLI,Reifen,09.csv,235,55,R,19,,,POWERGY WINTER XL 3PMSF,,09,,,,,,
8019227447934,90011327,PIRELLI,Reifen,09.csv,215,65,R,16,,,POWERGY WINTER XL 3PMSF,,09,,,,,,
8019227447941,90011352,PIRELLI,Reifen,09.csv,235,50,R,18,,,POWERGY WINTER XL 3PMSF,,09,,,,,,
8019227447958,90011350,PIRELLI,Reifen,09.csv,235,45,R,18,,,POWERGY WINTER XL 3PMSF,,09,,,,,,
8019227448054,90011319,PIRELLI,Reifen,09.csv,205,60,R,16,,,POWERGY ALL SEASON S XL 3PMS,,09,,,,,,
8019227448061,90011318,PIRELLI,Reifen,09.csv,205,55,R,17,,,POWERGY ALL SEASON S XL 3PMS,,09,,,,,,
8019227448078,90011322,PIRELLI,Reifen,09.csv,215,55,R,17,,,POWERGY ALL SEASON S XL 3PMS,,09,,,,,,
8019227448085,90011325,PIRELLI,Reifen,09.csv,215,60,R,17,,,POWERGY ALL SEASON S XL 3PMS,,09,,,,,,
8019227448092,90011333,PIRELLI,Reifen,09.csv,225,45,R,17,,,POWERGY ALL SEASON S XL 3PMS,,09,,,,,,
8019227448108,90011338,PIRELLI,Reifen,09.csv,225,50,R,17,,,POWERGY ALL SEASON S XL 3PMS,,09,,,,,,
8019227448115,90011330,PIRELLI,Reifen,09.csv,225,40,R,18,,,POWERGY ALL SEASON S XL 3PMS,,09,,,,,,
8019227448122,90011336,PIRELLI,Reifen,09.csv,225,45,R,18,,,POWERGY ALL SEASON S XLFSL 3,,09,,,,,,
8019227448139,90011356,PIRELLI,Reifen,09.csv,235,55,R,18,,,POWERGY ALL SEASON S XL 3PMS,,09,,,,,,
8019227448160,90011317,PIRELLI,Reifen,09.csv,205,55,R,16,,,POWERGY ALL SEASON S XL 3PMS,,09,,,,,,
8019227448177,90011323,PIRELLI,Reifen,09.csv,215,55,R,18,,,POWERGY ALL SEASON S XL 3PMS,,09,,,,,,
8019227448184,90011339,PIRELLI,Reifen,09.csv,225,50,R,18,,,POWERGY ALL SEASON S XLFSL 3,,09,,,,,,
8019227448191,90011343,PIRELLI,Reifen,09.csv,225,55,R,19,,,POWERGY ALL SEASON S XL 3PMS,,09,,,,,,
8019227453287,90011312,PIRELLI,Reifen,09.csv,195,50,R,15,,,POWERGY ALL SEASON S XL 3PMS,,09,,,,,,
8019227453317,90011315,PIRELLI,Reifen,09.csv,195,65,R,15,,,POWERGY ALL SEASON S XL 3PMS,,09,,,,,,
8019227453324,90011310,PIRELLI,Reifen,09.csv,185,60,R,15,,,POWERGY ALL SEASON S XL 3PMS,,09,,,,,,
8019227454062,90011520,PIRELLI,Reifen,09.csv,225,45,R,17,,,CINTURATO C3 XLFSL,,09,,,,,,
8019227454079,90011528,PIRELLI,Reifen,09.csv,225,60,R,17,,,CINTURATO C3 FSL,,09,,,,,,
8019227454116,90011534,PIRELLI,Reifen,09.csv,235,50,R,18,,,CINTURATO C3 XL,,09,,,,,,
8019227454130,90011548,PIRELLI,Reifen,09.csv,245,50,R,18,,,CINTURATO C3,,09,,,,,,
8019227454154,90011535,PIRELLI,Reifen,09.csv,235,50,R,19,,,CINTURATO C3 XL,,09,,,,,,
8019227454178,90011524,PIRELLI,Reifen,09.csv,225,45,R,19,,,CINTURATO C3 XL,,09,,,,,,
8019227454185,90011541,PIRELLI,Reifen,09.csv,245,35,R,20,,,CINTURATO C3 XL,,09,,,,,,
8019227454215,90011527,PIRELLI,Reifen,09.csv,225,55,R,18,,,CINTURATO C3 XLFSL,,09,,,,,,
8019227454291,90011521,PIRELLI,Reifen,09.csv,225,45,R,18,,,CINTURATO C3 XL,,09,,,,,,
8019227454314,90011517,PIRELLI,Reifen,09.csv,215,55,R,18,,,CINTURATO C3 XL,,09,,,,,,
8019227454321,90011515,PIRELLI,Reifen,09.csv,215,50,R,18,,,CINTURATO C3 XLFSL,,09,,,,,,
8019227454338,90011512,PIRELLI,Reifen,09.csv,205,55,R,16,,,CINTURATO C3 XLFSL,,09,,,,,,
8019227454345,90011526,PIRELLI,Reifen,09.csv,225,55,R,17,,,CINTURATO C3 XLFSL,,09,,,,,,
8019227454352,90011546,PIRELLI,Reifen,09.csv,245,45,R,19,,,CINTURATO C3 XLFSL,,09,,,,,,
8019227454369,90011530,PIRELLI,Reifen,09.csv,225,65,R,17,,,CINTURATO C3 XL,,09,,,,,,
8019227454376,90011516,PIRELLI,Reifen,09.csv,215,55,R,17,,,CINTURATO C3 XLFSL,,09,,,,,,
8019227454383,90011532,PIRELLI,Reifen,09.csv,235,40,R,19,,,CINTURATO C3 XL,,09,,,,,,
8019227454390,90011525,PIRELLI,Reifen,09.csv,225,50,R,17,,,CINTURATO C3 XLFSL,,09,,,,,,
8019227454536,90011513,PIRELLI,Reifen,09.csv,205,55,R,17,,,CINTURATO C3 XLFSL,,09,,,,,,
8019227456592,90011314,PIRELLI,Reifen,09.csv,195,65,R,15,,,POWERGY WINTER XL 3PMSF,,09,,,,,,
8019227711257,90011047,PIRELLI,Reifen,09.csv,295,30,R,21,,,PZERO WINTER NCS ELT XL T0,,09,,,,,,
8714692053306,100001791,VREDESTEIN,Reifen,09.csv,155,,R,15,,,SPRINT CLASSIC,,09,,,,,,
8714692053344,100001281,VREDESTEIN,Reifen,09.csv,185,70,R,15,,,SPRINT CLASSIC,,09,,,,,,
8714692107092,100001976,VREDESTEIN,Reifen,09.csv,185,,R,14,,,SPRINT CLASSIC,,09,,,,,,
8714692150326,100003269,VREDESTEIN,Reifen,09.csv,165,,R,15,,,SPRINT CLASSIC,,09,,,,,,
8714692181283,100002162,VREDESTEIN,Reifen,09.csv,175,70,R,15,,,SPRINT CLASSIC,,09,,,,,,
8714692181290,100002189,VREDESTEIN,Reifen,09.csv,175,,R,14,,,SPRINT CLASSIC,,09,,,,,,
8714692181306,100003139,VREDESTEIN,Reifen,09.csv,195,70,R,14,,,SPRINT CLASSIC,,09,,,,,,
8714692197253,100003271,VREDESTEIN,Reifen,09.csv,165,,R,14,,,SPRINT CLASSIC,,09,,,,,,
8714692254482,100003265,VREDESTEIN,Reifen,09.csv,215,70,R,15,,,SPRINT CLASSIC,,09,,,,,,
8714692262333,100002096,VREDESTEIN,Reifen,09.csv,205,70,R,15,,,SPRINT CLASSIC,,09,,,,,,
8714692273261,100002953,VREDESTEIN,Reifen,09.csv,165,60,R,14,,,SPORTRAC 5,,09,,,,,,
8714692277917,100003031,VREDESTEIN,Reifen,09.csv,185,65,R,15,,,T-TRAC 2,,09,,,,,,
8714692277931,100003024,VREDESTEIN,Reifen,09.csv,195,65,R,15,,,T-TRAC 2,,09,,,,,,
8714692290589,100003072,VREDESTEIN,Reifen,09.csv,165,80,R,15,,,T-TRAC 2,,09,,,,,,
8714692290633,100003077,VREDESTEIN,Reifen,09.csv,165,70,R,14,,,T-TRAC 2,,09,,,,,,
8714692290688,100003082,VREDESTEIN,Reifen,09.csv,165,65,R,14,,,T-TRAC 2,,09,,,,,,
8714692313257,100003309,VREDESTEIN,Reifen,09.csv,155,65,R,14,,,SNOWTRAC 5,,09,,,,,,
8714692313615,100003322,VREDESTEIN,Reifen,09.csv,175,65,R,14,,,SNOWTRAC 5 XL,,09,,,,,,
8714692315695,100003352,VREDESTEIN,Reifen,09.csv,185,60,R,14,,,QUATRAC 5,,09,,,,,,
8714692315947,100003354,VREDESTEIN,Reifen,09.csv,175,65,R,14,,,QUATRAC 5,,09,,,,,,
8714692316005,100003476,VREDESTEIN,Reifen,09.csv,165,70,R,13,,,QUATRAC 5,,09,,,,,,
8714692316128,100003363,VREDESTEIN,Reifen,09.csv,185,65,R,14,,,QUATRAC 5,,09,,,,,,
8714692316180,100003481,VREDESTEIN,Reifen,09.csv,205,70,R,15,,,QUATRAC 5,,09,,,,,,
8714692316302,100003372,VREDESTEIN,Reifen,09.csv,165,60,R,14,,,QUATRAC 5 XL,,09,,,,,,
8714692316340,100003374,VREDESTEIN,Reifen,09.csv,205,50,R,15,,,QUATRAC 5,,09,,,,,,
8714692316388,100003376,VREDESTEIN,Reifen,09.csv,175,80,R,14,,,QUATRAC 5,,09,,,,,,
8714692316500,100003478,VREDESTEIN,Reifen,09.csv,175,70,R,14,,,QUATRAC 5 XL,,09,,,,,,
8714692316562,100003385,VREDESTEIN,Reifen,09.csv,185,70,R,13,,,QUATRAC 5,,09,,,,,,
8714692316586,100003386,VREDESTEIN,Reifen,09.csv,195,70,R,14,,,QUATRAC 5,,09,,,,,,
8714692316609,100003387,VREDESTEIN,Reifen,09.csv,195,60,R,14,,,QUATRAC 5,,09,,,,,,
8714692328084,100003554,VREDESTEIN,Reifen,09.csv,215,45,R,18,,Z,ULTRAC SATIN XL,,09,,,,,,
8714692334856,100003629,VREDESTEIN,Reifen,09.csv,245,50,R,19,,Z,ULTRAC SATIN,,09,,,,,,
8714692341496,100003698,VREDESTEIN,Reifen,09.csv,185,70,R,14,,,SPRINT CLASSIC,,09,,,,,,
8714692341519,100003699,VREDESTEIN,Reifen,09.csv,185,70,R,15,,,SPRINT CLASSIC,,09,,,,,,
8714692341670,100003828,VREDESTEIN,Reifen,09.csv,205,65,R,16C,105,,COMTRAC 2,,09,,,,,,
8714692341816,100003840,VREDESTEIN,Reifen,09.csv,215,70,R,15C,107,,COMTRAC 2,,09,,,,,,
8714692341830,100003841,VREDESTEIN,Reifen,09.csv,215,75,R,16C,114,,COMTRAC 2,,09,,,,,,
8714692347320,100004200,VREDESTEIN,Reifen,09.csv,225,45,R,18,,,ULTRAC SATIN MO,,09,,,,,,
8714692347573,100003979,VREDESTEIN,Reifen,09.csv,235,60,R,17,,,QUATRAC PRO 3PMSF,,09,,,,,,
8714692350962,100003753,VREDESTEIN,Reifen,09.csv,215,50,R,15,,,SPRINT+,,09,,,,,,
8714692351013,100003836,VREDESTEIN,Reifen,09.csv,215,60,R,17C,107,,COMTRAC 2,,09,,,,,,
8714692352201,100003869,VREDESTEIN,Reifen,09.csv,245,45,R,21,,,WINTRAC PRO XLFSL 3PMSF,,09,,,,,,
8714692353628,100003907,VREDESTEIN,Reifen,09.csv,195,55,R,16,,,SPORTRAC 5 XLVW,,09,,,,,,
8714692353697,100003921,VREDESTEIN,Reifen,09.csv,205,50,R,17,,Z,SPRINT+ XLFP,,09,,,,,,
8714692353734,100004463,VREDESTEIN,Reifen,09.csv,205,55,R,16,,,SPRINT+ FSL,,09,,,,,,
8714692353796,100004468,VREDESTEIN,Reifen,09.csv,225,50,R,16,,,SPRINT+ FSL,,09,,,,,,
8714692353833,100004579,VREDESTEIN,Reifen,09.csv,245,45,R,16,,Z,SPRINT+ FSL,,09,,,,,,
8714692353857,100003990,VREDESTEIN,Reifen,09.csv,255,40,R,17,,Z,SPRINT+ XLFP,,09,,,,,,
8714692358074,100004032,VREDESTEIN,Reifen,09.csv,205,55,R,16,,,QUATRAC 3PMSF,,09,,,,,,
8714692358081,100004033,VREDESTEIN,Reifen,09.csv,205,55,R,16,,,QUATRAC 3PMSF,,09,,,,,,
8714692358098,100004034,VREDESTEIN,Reifen,09.csv,205,55,R,16,,,QUATRAC XL 3PMSF,,09,,,,,,
8714692358104,100004026,VREDESTEIN,Reifen,09.csv,195,65,R,15,,,QUATRAC 3PMSF,,09,,,,,,
8714692358111,100004027,VREDESTEIN,Reifen,09.csv,195,65,R,15,,,QUATRAC 3PMSF,,09,,,,,,
8714692358128,100004028,VREDESTEIN,Reifen,09.csv,195,65,R,15,,,QUATRAC XL 3PMSF,,09,,,,,,
8714692358135,100004029,VREDESTEIN,Reifen,09.csv,195,65,R,15,,,QUATRAC 3PMSF,,09,,,,,,
8714692358166,100004016,VREDESTEIN,Reifen,09.csv,185,65,R,15,,,QUATRAC XL 3PMSF,,09,,,,,,
8714692358173,100004014,VREDESTEIN,Reifen,09.csv,185,60,R,15,,,QUATRAC XL 3PMSF,,09,,,,,,
8714692358180,100004061,VREDESTEIN,Reifen,09.csv,195,50,R,15,,,QUATRAC FSL 3PMSF,,09,,,,,,
8714692358197,100004062,VREDESTEIN,Reifen,09.csv,195,50,R,15,,,QUATRAC FSL 3PMSF,,09,,,,,,
8714692358203,100004010,VREDESTEIN,Reifen,09.csv,175,65,R,15,,,QUATRAC 3PMSF,,09,,,,,,
8714692358210,100004022,VREDESTEIN,Reifen,09.csv,195,55,R,16,,,QUATRAC 3PMSF,,09,,,,,,
8714692358227,100004023,VREDESTEIN,Reifen,09.csv,195,60,R,15,,,QUATRAC 3PMSF,,09,,,,,,
8714692358234,100004054,VREDESTEIN,Reifen,09.csv,175,55,R,15,,,QUATRAC 3PMSF,,09,,,,,,
8714692358258,100004020,VREDESTEIN,Reifen,09.csv,195,55,R,15,,,QUATRAC 3PMSF,,09,,,,,,
8714692358265,100004035,VREDESTEIN,Reifen,09.csv,205,60,R,16,,,QUATRAC XL 3PMSF,,09,,,,,,
8714692358272,100004036,VREDESTEIN,Reifen,09.csv,205,60,R,16,,,QUATRAC XL 3PMSF,,09,,,,,,
8714692358296,100004041,VREDESTEIN,Reifen,09.csv,215,65,R,16,,,QUATRAC 3PMSF,,09,,,,,,
8714692358319,100004052,VREDESTEIN,Reifen,09.csv,165,65,R,15,,,QUATRAC 3PMSF,,09,,,,,,
8714692358326,100004013,VREDESTEIN,Reifen,09.csv,185,55,R,16,,,QUATRAC XL 3PMSF,,09,,,,,,
8714692358333,100004079,VREDESTEIN,Reifen,09.csv,205,60,R,15,,,QUATRAC 3PMSF,,09,,,,,,
8714692358340,100004080,VREDESTEIN,Reifen,09.csv,205,60,R,15,,,QUATRAC 3PMSF,,09,,,,,,
8714692358357,100004050,VREDESTEIN,Reifen,09.csv,235,60,R,16,,,QUATRAC 3PMSF,,09,,,,,,
8714692358371,100004046,VREDESTEIN,Reifen,09.csv,225,55,R,16,,,QUATRAC XL 3PMSF,,09,,,,,,
8714692358388,100004045,VREDESTEIN,Reifen,09.csv,225,55,R,16,,,QUATRAC 3PMSF,,09,,,,,,
8714692358395,100004051,VREDESTEIN,Reifen,09.csv,165,60,R,15,,,QUATRAC 3PMSF,,09,,,,,,
8714692358401,100004083,VREDESTEIN,Reifen,09.csv,205,65,R,15,,,QUATRAC 3PMSF,,09,,,,,,
8714692358418,100004043,VREDESTEIN,Reifen,09.csv,215,70,R,16,,,QUATRAC 3PMSF,,09,,,,,,
8714692358425,100004011,VREDESTEIN,Reifen,09.csv,185,50,R,16,,,QUATRAC FSL 3PMSF,,09,,,,,,
8714692358432,100004031,VREDESTEIN,Reifen,09.csv,205,50,R,16,,,QUATRAC FSL 3PMSF,,09,,,,,,
8714692358449,100004038,VREDESTEIN,Reifen,09.csv,215,55,R,16,,,QUATRAC 3PMSF,,09,,,,,,
8714692358456,100004039,VREDESTEIN,Reifen,09.csv,215,55,R,16,,,QUATRAC XL 3PMSF,,09,,,,,,
8714692358463,100004047,VREDESTEIN,Reifen,09.csv,225,60,R,16,,,QUATRAC XL 3PMSF,,09,,,,,,
8714692358470,100004037,VREDESTEIN,Reifen,09.csv,215,45,R,16,,,QUATRAC XLFSL 3PMSF,,09,,,,,,
8714692358487,100004048,VREDESTEIN,Reifen,09.csv,225,70,R,16,,,QUATRAC 3PMSF,,09,,,,,,
8714692358494,100004019,VREDESTEIN,Reifen,09.csv,195,50,R,16,,,QUATRAC XLFSL 3PMSF,,09,,,,,,
8714692358500,100004025,VREDESTEIN,Reifen,09.csv,195,60,R,16,,,QUATRAC 3PMSF,,09,,,,,,
8714692359088,100003985,VREDESTEIN,Reifen,09.csv,245,50,R,20,,,WINTRAC PRO XLFSL 3PMSF,,09,,,,,,
8714692361340,100003908,VREDESTEIN,Reifen,09.csv,195,60,R,15,,,WINTRAC 3PMSF,,09,,,,,,
8714692361555,100003950,VREDESTEIN,Reifen,09.csv,215,60,R,16C,101,,COMTRAC 2 ALL SEASON 3PMSF,,09,,,,,,
8714692361579,100003967,VREDESTEIN,Reifen,09.csv,225,65,R,16C,110,,COMTRAC 2 ALL SEASON 3PMSF,,09,,,,,,
8714692361586,100003955,VREDESTEIN,Reifen,09.csv,215,65,R,16C,107,,COMTRAC 2 ALL SEASON 3PMSF,,09,,,,,,
8714692361609,100003915,VREDESTEIN,Reifen,09.csv,195,65,R,16C,102,,COMTRAC 2 ALL SEASON 3PMSF,,09,,,,,,
8714692361654,100003971,VREDESTEIN,Reifen,09.csv,225,70,R,15C,110,,COMTRAC 2 ALL SEASON 3PMSF,,09,,,,,,
8714692361661,100003957,VREDESTEIN,Reifen,09.csv,215,70,R,15C,107,,COMTRAC 2 ALL SEASON 3PMSF,,09,,,,,,
8714692361685,100003917,VREDESTEIN,Reifen,09.csv,195,70,R,15C,102,,COMTRAC 2 ALL SEASON 3PMSF,,09,,,,,,
8714692361715,100003968,VREDESTEIN,Reifen,09.csv,225,65,R,16C,110,,COMTRAC 2 WINTER 3PMSF,,09,,,,,,
8714692361760,100003937,VREDESTEIN,Reifen,09.csv,205,75,R,16C,108,,COMTRAC 2 WINTER 3PMSF,,09,,,,,,
8714692361777,100003920,VREDESTEIN,Reifen,09.csv,195,75,R,16C,105,,COMTRAC 2 WINTER 3PMSF,,09,,,,,,
8714692361784,100003970,VREDESTEIN,Reifen,09.csv,225,70,R,15C,110,,COMTRAC 2 WINTER 3PMSF,,09,,,,,,
8714692361791,100003956,VREDESTEIN,Reifen,09.csv,215,70,R,15C,107,,COMTRAC 2 WINTER 3PMSF,,09,,,,,,
8714692361814,100003918,VREDESTEIN,Reifen,09.csv,195,70,R,15C,102,,COMTRAC 2 WINTER 3PMSF,,09,,,,,,
8714692361951,100004201,VREDESTEIN,Reifen,09.csv,225,55,R,17C,107,,COMTRAC 2 ALL SEASON 3PMSF,,09,,,,,,
8714692361968,100004196,VREDESTEIN,Reifen,09.csv,215,60,R,17C,107,,COMTRAC 2 ALL SEASON 3PMSF,,09,,,,,,
8714692361982,100004198,VREDESTEIN,Reifen,09.csv,215,65,R,15C,102,,COMTRAC 2 ALL SEASON 3PMSF,,09,,,,,,
8714692362033,100004199,VREDESTEIN,Reifen,09.csv,215,65,R,15C,102,,COMTRAC 2 WINTER 3PMSF,,09,,,,,,
8714692502811,100004194,VREDESTEIN,Reifen,09.csv,205,60,R,13,,,SPRINT CLASSIC,,09,,,,,,
8714692502828,100004188,VREDESTEIN,Reifen,09.csv,185,70,R,13,,,SPRINT CLASSIC,,09,,,,,,
8714692504082,100004030,VREDESTEIN,Reifen,09.csv,205,45,R,16,,,QUATRAC FSL 3PMSF,,09,,,,,,
8714692504105,100004024,VREDESTEIN,Reifen,09.csv,195,60,R,15,,,QUATRAC 3PMSF,,09,,,,,,
8714692505089,100004064,VREDESTEIN,Reifen,09.csv,195,50,R,16,,,ULTRAC XLFSL,,09,,,,,,
8714692505188,100004093,VREDESTEIN,Reifen,09.csv,215,60,R,16,,,ULTRAC FSL,,09,,,,,,
8714692505645,100004160,VREDESTEIN,Reifen,09.csv,275,35,R,21,,Z,ULTRAC VORTI XLFSL,,09,,,,,,
8714692505751,100004119,VREDESTEIN,Reifen,09.csv,245,30,R,20,,Z,ULTRAC VORTI XLFSL,,09,,,,,,
8714692505997,100004120,VREDESTEIN,Reifen,09.csv,245,35,R,19,,Z,ULTRAC VORTI+ XLFSL,,09,,,,,,
8714692506093,100004105,VREDESTEIN,Reifen,09.csv,225,45,R,19,,Z,ULTRAC VORTI XLFSL,,09,,,,,,
8714692506161,100004137,VREDESTEIN,Reifen,09.csv,255,40,R,18,,Z,ULTRAC VORTI XLFSL,,09,,,,,,
8714692506185,100004114,VREDESTEIN,Reifen,09.csv,235,40,R,18,,Z,ULTRAC VORTI XLFSL,,09,,,,,,
8714692800757,100004229,VREDESTEIN,Reifen,09.csv,165,65,R,13,,,QUATRAC 5 3PMSF,,09,,,,,,
8714692800818,100004233,VREDESTEIN,Reifen,09.csv,175,70,R,13,,,QUATRAC 5 3PMSF,,09,,,,,,
8714692800825,100004234,VREDESTEIN,Reifen,09.csv,185,55,R,14,,,QUATRAC 5 3PMSF,,09,,,,,,
8714692802447,100004571,VREDESTEIN,Reifen,09.csv,235,55,R,19,,,WINTRAC PRO+ XLFSL 3PMSF,,09,,,,,,
8714692802485,100004576,VREDESTEIN,Reifen,09.csv,245,40,R,18,,,WINTRAC PRO+ XLFSL 3PMSF,,09,,,,,,
8714692802584,100004555,VREDESTEIN,Reifen,09.csv,225,50,R,18,,,WINTRAC PRO+ XLFSL 3PMSF,,09,,,,,,
8714692802799,100004541,VREDESTEIN,Reifen,09.csv,215,50,R,17,,,WINTRAC PRO+ XLFSL 3PMSF,,09,,,,,,
8714692802935,100004547,VREDESTEIN,Reifen,09.csv,215,65,R,17,,,WINTRAC PRO+ FSL 3PMSF,,09,,,,,,
8714692804335,100004476,VREDESTEIN,Reifen,09.csv,245,40,R,18,,Z,ULTRAC PRO XLFSL,,09,,,,,,
8714692804359,100004467,VREDESTEIN,Reifen,09.csv,225,45,R,18,,Z,ULTRAC PRO XLFSL,,09,,,,,,
8714692804380,100004510,VREDESTEIN,Reifen,09.csv,235,35,R,19,,Z,ULTRAC PRO XLFSL,,09,,,,,,
8714692804397,100004513,VREDESTEIN,Reifen,09.csv,255,35,R,19,,Z,ULTRAC PRO XLFSL,,09,,,,,,
8714692804403,100004481,VREDESTEIN,Reifen,09.csv,245,45,R,19,,Z,ULTRAC PRO XLFSL,,09,,,,,,
8714692804410,100004464,VREDESTEIN,Reifen,09.csv,225,35,R,19,,Z,ULTRAC PRO XLFSL,,09,,,,,,
8714692804434,100004514,VREDESTEIN,Reifen,09.csv,255,40,R,19,,Z,ULTRAC PRO XLFSL,,09,,,,,,
8714692804441,100004484,VREDESTEIN,Reifen,09.csv,255,35,R,20,,Z,ULTRAC PRO XLFSL,,09,,,,,,
8714692804472,100004475,VREDESTEIN,Reifen,09.csv,245,35,R,20,,Z,ULTRAC PRO XLFSL,,09,,,,,,
8714692804502,100004512,VREDESTEIN,Reifen,09.csv,245,35,R,19,,Z,ULTRAC PRO XLFSL,,09,,,,,,
8714692804533,100004477,VREDESTEIN,Reifen,09.csv,245,40,R,19,,Z,ULTRAC PRO XLFSL,,09,,,,,,
8714692804540,100004502,VREDESTEIN,Reifen,09.csv,225,40,R,19,,Z,ULTRAC PRO XLFSL,,09,,,,,,
8714692804564,100004491,VREDESTEIN,Reifen,09.csv,275,40,R,20,,Z,ULTRAC PRO XLFSL,,09,,,,,,
8714692804571,100004528,VREDESTEIN,Reifen,09.csv,245,30,R,20,,Z,ULTRAC PRO XLFSL,,09,,,,,,
8714692804588,100004515,VREDESTEIN,Reifen,09.csv,255,50,R,19,,Z,ULTRAC PRO XLFSL,,09,,,,,,
8714692804595,100004735,VREDESTEIN,Reifen,09.csv,255,40,R,20,,Z,ULTRAC PRO XLFSL,,09,,,,,,
8714692804601,100004478,VREDESTEIN,Reifen,09.csv,245,40,R,20,,Z,ULTRAC PRO XLFSL,,09,,,,,,
8714692804625,100004529,VREDESTEIN,Reifen,09.csv,265,30,R,20,,Z,ULTRAC PRO XLFSL,,09,,,,,,
8714692804694,100004516,VREDESTEIN,Reifen,09.csv,235,35,R,20,,Z,ULTRAC PRO XLFSL,,09,,,,,,
8714692804922,100004472,VREDESTEIN,Reifen,09.csv,235,55,R,19,,Z,ULTRAC PRO XLFSL,,09,,,,,,
8714692804946,100004511,VREDESTEIN,Reifen,09.csv,235,45,R,19,,Z,ULTRAC PRO XLFSL,,09,,,,,,
8714692804953,100004507,VREDESTEIN,Reifen,09.csv,215,45,R,18,,Z,ULTRAC PRO XLFSL,,09,,,,,,
8714692804984,100004737,VREDESTEIN,Reifen,09.csv,215,40,R,18,,Z,ULTRAC PRO XLFSL,,09,,,,,,
8714692805028,100004487,VREDESTEIN,Reifen,09.csv,265,35,R,20,,Z,ULTRAC PRO XLFSL,,09,,,,,,
8714692805134,100004731,VREDESTEIN,Reifen,09.csv,265,35,R,21,,Z,ULTRAC PRO XLFSL,,09,,,,,,
8714692805172,100004740,VREDESTEIN,Reifen,09.csv,245,50,R,19,,Z,ULTRAC PRO XLFSL,,09,,,,,,
8714692805226,100004739,VREDESTEIN,Reifen,09.csv,235,45,R,20,,Z,ULTRAC PRO XLFSL,,09,,,,,,
8714692806292,100004308,VREDESTEIN,Reifen,09.csv,215,45,R,20,,,QUATRAC PRO XLFSL 3PMSF,,09,,,,,,
8714692806346,100004304,VREDESTEIN,Reifen,09.csv,195,55,R,20,,,ULTRAC XLFSL,,09,,,,,,
8714692807954,100004291,VREDESTEIN,Reifen,09.csv,235,45,R,18,,,QUATRAC PRO EV XLFSL 3PMSF,,09,,,,,,
8714692807978,100004293,VREDESTEIN,Reifen,09.csv,245,45,R,19,,,QUATRAC PRO EV XLFSL 3PMSF,,09,,,,,,
8714692807985,100004294,VREDESTEIN,Reifen,09.csv,255,50,R,19,,,QUATRAC PRO EV XLFSL 3PMSF,,09,,,,,,
8714692807992,100004295,VREDESTEIN,Reifen,09.csv,255,55,R,19,,,QUATRAC PRO EV XLFSL 3PMSF,,09,,,,,,
8714692808005,100004290,VREDESTEIN,Reifen,09.csv,235,40,R,19,,,QUATRAC PRO EV XLFSL 3PMSF,,09,,,,,,
8714692808012,100004289,VREDESTEIN,Reifen,09.csv,215,55,R,18,,,QUATRAC PRO EV XLFSL 3PMSF,,09,,,,,,
8714692808067,100004298,VREDESTEIN,Reifen,09.csv,225,45,R,17,,,QUATRAC XLFSL 3PMSF,,09,,,,,,
8714692809071,100004296,VREDESTEIN,Reifen,09.csv,195,55,R,16,,,QUATRAC XL 3PMSF,,09,,,,,,
8714692809125,100004309,VREDESTEIN,Reifen,09.csv,215,50,R,19,,,QUATRAC PRO FSL 3PMSF,,09,,,,,,
8714692809637,100004332,VREDESTEIN,Reifen,09.csv,205,55,R,16,,,ULTRAC XL,,09,,,,,,
8714692809675,100004333,VREDESTEIN,Reifen,09.csv,205,55,R,17,,,QUATRAC PRO EV XLFSL 3PMSF,,09,,,,,,
8714692809682,100004391,VREDESTEIN,Reifen,09.csv,215,55,R,17,,,QUATRAC PRO EV XLFSL 3PMSF,,09,,,,,,
8714692809699,100004357,VREDESTEIN,Reifen,09.csv,235,50,R,19,,,QUATRAC PRO EV XLFSL 3PMSF,,09,,,,,,
8714692809705,100004345,VREDESTEIN,Reifen,09.csv,225,45,R,17,,,QUATRAC PRO EV XLFSL 3PMSF,,09,,,,,,
8714692809712,100004346,VREDESTEIN,Reifen,09.csv,225,50,R,17,,,QUATRAC PRO EV XLFSL 3PMSF,,09,,,,,,
8714692809729,100004348,VREDESTEIN,Reifen,09.csv,225,55,R,18,,,QUATRAC PRO EV XLFSL 3PMSF,,09,,,,,,
8714692809736,100004362,VREDESTEIN,Reifen,09.csv,235,60,R,18,,,QUATRAC PRO EV XLFSL 3PMSF,,09,,,,,,
8714692809743,100004374,VREDESTEIN,Reifen,09.csv,255,45,R,19,,,QUATRAC PRO EV XLFSL 3PMSF,,09,,,,,,
8714692809774,100004373,VREDESTEIN,Reifen,09.csv,HL255,40,R,20,,,QUATRAC PRO EV XLFSL 3PMSF,,09,,,,,,
8714692809842,100004305,VREDESTEIN,Reifen,09.csv,195,60,R,16C,97,,COMTRAC 2 ALL SEASON + 3PMSF,,09,,,,,,
8714692810077,100004504,VREDESTEIN,Reifen,09.csv,255,35,R,21,,,QUATRAC PRO+ XLFSL 3PMSF,,09,,,,,,
8714692810084,100004412,VREDESTEIN,Reifen,09.csv,245,35,R,21,,,QUATRAC PRO+ XLFSL 3PMSF,,09,,,,,,
8714692810169,100004521,VREDESTEIN,Reifen,09.csv,235,45,R,21,,,QUATRAC PRO+ XLFSL 3PMSF,,09,,,,,,
8714692810176,100004445,VREDESTEIN,Reifen,09.csv,275,30,R,20,,,QUATRAC PRO+ XLFSL 3PMSF,,09,,,,,,
8714692810190,100004372,VREDESTEIN,Reifen,09.csv,255,35,R,20,,,QUATRAC PRO+ XLFSL 3PMSF,,09,,,,,,
8714692810206,100004446,VREDESTEIN,Reifen,09.csv,245,35,R,20,,,QUATRAC PRO+ XLFSL 3PMSF,,09,,,,,,
8714692810237,100004407,VREDESTEIN,Reifen,09.csv,245,40,R,20,,,QUATRAC PRO+ XLFSL 3PMSF,,09,,,,,,
8714692810275,100004401,VREDESTEIN,Reifen,09.csv,255,45,R,20,,,QUATRAC PRO+ XLFSL 3PMSF,,09,,,,,,
8714692810282,100004416,VREDESTEIN,Reifen,09.csv,245,45,R,20,,,QUATRAC PRO+ XLFSL 3PMSF,,09,,,,,,
8714692810305,100004519,VREDESTEIN,Reifen,09.csv,215,45,R,20,,,QUATRAC PRO+ XLFSL 3PMSF,,09,,,,,,
8714692810336,100004448,VREDESTEIN,Reifen,09.csv,235,50,R,20,,,QUATRAC PRO+ XLFSL 3PMSF,,09,,,,,,
8714692810350,100004403,VREDESTEIN,Reifen,09.csv,195,55,R,20,,,QUATRAC PRO+ XLFSL 3PMSF,,09,,,,,,
8714692810367,100004449,VREDESTEIN,Reifen,09.csv,275,35,R,19,,,QUATRAC PRO+ XLFSL 3PMSF,,09,,,,,,
8714692810381,100004450,VREDESTEIN,Reifen,09.csv,245,35,R,19,,,QUATRAC PRO+ XLFSL 3PMSF,,09,,,,,,
8714692810398,100004352,VREDESTEIN,Reifen,09.csv,235,35,R,19,,,QUATRAC PRO+ XLFSL 3PMSF,,09,,,,,,
8714692810404,100004503,VREDESTEIN,Reifen,09.csv,225,35,R,19,,,QUATRAC PRO+ XLFSL 3PMSF,,09,,,,,,
8714692810411,100004419,VREDESTEIN,Reifen,09.csv,255,40,R,19,,,QUATRAC PRO+ XLFSL 3PMSF,,09,,,,,,
8714692810428,100004367,VREDESTEIN,Reifen,09.csv,245,40,R,19,,,QUATRAC PRO+ XLFSL 3PMSF,,09,,,,,,
8714692810435,100004405,VREDESTEIN,Reifen,09.csv,235,40,R,19,,,QUATRAC PRO+ XLFSL 3PMSF,,09,,,,,,
8714692810442,100004501,VREDESTEIN,Reifen,09.csv,225,40,R,19,,,QUATRAC PRO+ XLFSL 3PMSF,,09,,,,,,
8714692810466,100004369,VREDESTEIN,Reifen,09.csv,245,45,R,19,,,QUATRAC PRO+ XLFSL 3PMSF,,09,,,,,,
8714692810480,100004393,VREDESTEIN,Reifen,09.csv,225,45,R,19,,,QUATRAC PRO+ XLFSL 3PMSF,,09,,,,,,
8714692810503,100004453,VREDESTEIN,Reifen,09.csv,255,50,R,19,,,QUATRAC PRO+ XLFSL 3PMSF,,09,,,,,,
8714692810510,100004420,VREDESTEIN,Reifen,09.csv,245,50,R,19,,,QUATRAC PRO+ XLFSL 3PMSF,,09,,,,,,
8714692810527,100004421,VREDESTEIN,Reifen,09.csv,235,50,R,19,,,QUATRAC PRO+ XLFSL 3PMSF,,09,,,,,,
8714692810558,100004422,VREDESTEIN,Reifen,09.csv,235,55,R,19,,,QUATRAC PRO+ XLFSL 3PMSF,,09,,,,,,
8714692810572,100004457,VREDESTEIN,Reifen,09.csv,205,55,R,19,,,QUATRAC PRO+ XLFSL 3PMSF,,09,,,,,,
8714692810589,100004458,VREDESTEIN,Reifen,09.csv,255,35,R,18,,,QUATRAC PRO+ XLFSL 3PMSF,,09,,,,,,
8714692810633,100004344,VREDESTEIN,Reifen,09.csv,225,40,R,18,,,QUATRAC PRO+ XLFSL 3PMSF,,09,,,,,,
8714692810640,100004336,VREDESTEIN,Reifen,09.csv,215,40,R,18,,,QUATRAC PRO+ XLFSL 3PMSF,,09,,,,,,
8714692810657,100004500,VREDESTEIN,Reifen,09.csv,255,45,R,18,,,QUATRAC PRO+ XLFSL 3PMSF,,09,,,,,,
8714692810664,100004368,VREDESTEIN,Reifen,09.csv,245,45,R,18,,,QUATRAC PRO+ XLFSL 3PMSF,,09,,,,,,
8714692810718,100004429,VREDESTEIN,Reifen,09.csv,225,50,R,18,,,QUATRAC PRO+ XLFSL 3PMSF,,09,,,,,,
8714692810725,100004340,VREDESTEIN,Reifen,09.csv,215,50,R,18,,,QUATRAC PRO+ FSL 3PMSF,,09,,,,,,
8714692810749,100004361,VREDESTEIN,Reifen,09.csv,235,55,R,18,,,QUATRAC PRO+ XLFSL 3PMSF,,09,,,,,,
8714692810756,100004430,VREDESTEIN,Reifen,09.csv,225,55,R,18,,,QUATRAC PRO+ XLFSL 3PMSF,,09,,,,,,
8714692810794,100004451,VREDESTEIN,Reifen,09.csv,235,60,R,18,,,QUATRAC PRO+ XLFSL 3PMSF,,09,,,,,,
8714692810817,100004431,VREDESTEIN,Reifen,09.csv,235,65,R,18,,,QUATRAC PRO+ XLFSL 3PMSF,,09,,,,,,
8714692810848,100004434,VREDESTEIN,Reifen,09.csv,245,45,R,17,,,QUATRAC PRO+ XLFSL 3PMSF,,09,,,,,,
8714692810886,100004330,VREDESTEIN,Reifen,09.csv,205,45,R,17,,,QUATRAC PRO+ XLFSL 3PMSF,,09,,,,,,
8714692810909,100004394,VREDESTEIN,Reifen,09.csv,225,50,R,17,,,QUATRAC PRO+ XLFSL 3PMSF,,09,,,,,,
8714692810916,100004392,VREDESTEIN,Reifen,09.csv,215,50,R,17,,,QUATRAC PRO+ XLFSL 3PMSF,,09,,,,,,
8714692810923,100004331,VREDESTEIN,Reifen,09.csv,205,50,R,17,,,QUATRAC PRO+ XLFSL 3PMSF,,09,,,,,,
8714692810930,100004406,VREDESTEIN,Reifen,09.csv,205,50,R,17,,,QUATRAC PRO+ XLFSL 3PMSF,,09,,,,,,
8714692810961,100004452,VREDESTEIN,Reifen,09.csv,235,55,R,17,,,QUATRAC PRO+ FSL 3PMSF XL,,09,,,,,,
8714692810978,100004347,VREDESTEIN,Reifen,09.csv,225,55,R,17,,,QUATRAC PRO+ XLFSL 3PMSF,,09,,,,,,
8714692810992,100004400,VREDESTEIN,Reifen,09.csv,205,55,R,17,,,QUATRAC PRO+ XLFSL 3PMSF,,09,,,,,,
8714692811005,100004454,VREDESTEIN,Reifen,09.csv,255,60,R,17,,,QUATRAC PRO+ 3PMSF,,09,,,,,,
8714692811012,100004436,VREDESTEIN,Reifen,09.csv,235,60,R,17,,,QUATRAC PRO+ XLFSL 3PMSF,,09,,,,,,
8714692811029,100004437,VREDESTEIN,Reifen,09.csv,225,60,R,17,,,QUATRAC PRO+ XLFSL 3PMSF,,09,,,,,,
8714692811036,100004438,VREDESTEIN,Reifen,09.csv,215,60,R,17,,,QUATRAC PRO+ XLFSL 3PMSF,,09,,,,,,
8714692811043,100004404,VREDESTEIN,Reifen,09.csv,215,60,R,17,,,QUATRAC PRO+ FSL 3PMSF,,09,,,,,,
8714692811067,100004371,VREDESTEIN,Reifen,09.csv,245,65,R,17,,,QUATRAC PRO+ XLFSL 3PMSF,,09,,,,,,
8714692811074,100004439,VREDESTEIN,Reifen,09.csv,235,65,R,17,,,QUATRAC PRO+ XLFSL 3PMSF,,09,,,,,,
8714692811081,100004440,VREDESTEIN,Reifen,09.csv,225,65,R,17,,,QUATRAC PRO+ XLFSL 3PMSF,,09,,,,,,
8714692811098,100004441,VREDESTEIN,Reifen,09.csv,215,65,R,17,,,QUATRAC PRO+ XLFSL 3PMSF,,09,,,,,,
8714692811203,100004328,VREDESTEIN,Reifen,09.csv,195,75,R,16C,108,,COMTRAC 2 WINTER + 3PMSF,,09,,,,,,
8714692811210,100004335,VREDESTEIN,Reifen,09.csv,205,75,R,16C,111,,COMTRAC 2 WINTER + 3PMSF,,09,,,,,,
8714692813115,100004520,VREDESTEIN,Reifen,09.csv,215,50,R,19,,,QUATRAC PRO+ FSL 3PMSF,,09,,,,,,
8714692813191,100004312,VREDESTEIN,Reifen,09.csv,225,45,R,17,,Z,SPRINT+ FSL,,09,,,,,,
8714692988141,100004179,VREDESTEIN,Reifen,09.csv,165,65,R,14,,,QUATRAC 5 3PMSF,,09,,,,,,
8714692994944,100004653,VREDESTEIN,Reifen,09.csv,185,60,R,15,,,ULTRAC+ XL,,09,,,,,,
8714692994951,100004655,VREDESTEIN,Reifen,09.csv,185,65,R,15,,,ULTRAC+,,09,,,,,,
8714692994968,100004657,VREDESTEIN,Reifen,09.csv,195,45,R,16,,,ULTRAC+ XLFSL,,09,,,,,,
8714692994999,100004736,VREDESTEIN,Reifen,09.csv,195,55,R,15,,,ULTRAC+,,09,,,,,,
8714692995002,100004658,VREDESTEIN,Reifen,09.csv,195,55,R,16,,,ULTRAC+,,09,,,,,,
8714692995019,100004659,VREDESTEIN,Reifen,09.csv,195,55,R,20,,,ULTRAC+ XLFSL,,09,,,,,,
8714692995057,100004733,VREDESTEIN,Reifen,09.csv,195,65,R,15,,,ULTRAC+,,09,,,,,,
8714692995064,100004662,VREDESTEIN,Reifen,09.csv,205,40,R,17,,,ULTRAC+ XLFSL,,09,,,,,,
8714692995132,100004669,VREDESTEIN,Reifen,09.csv,205,55,R,16,,,ULTRAC+,,09,,,,,,
8714692995149,100004670,VREDESTEIN,Reifen,09.csv,205,55,R,16,,,ULTRAC+ XL,,09,,,,,,
8714692995156,100004671,VREDESTEIN,Reifen,09.csv,205,55,R,17,,,ULTRAC+ XLFSL,,09,,,,,,
8714692995170,100004673,VREDESTEIN,Reifen,09.csv,205,60,R,16,,,ULTRAC+,,09,,,,,,
8714692995187,100004674,VREDESTEIN,Reifen,09.csv,205,60,R,16,,,ULTRAC+ XL,,09,,,,,,
8714692995200,100004677,VREDESTEIN,Reifen,09.csv,215,40,R,17,,,ULTRAC+ XLFSL,,09,,,,,,
8714692995224,100004679,VREDESTEIN,Reifen,09.csv,215,45,R,17,,,ULTRAC+ XLFSL,,09,,,,,,
8714692995231,100004680,VREDESTEIN,Reifen,09.csv,215,50,R,17,,,ULTRAC+ XLFSL,,09,,,,,,
8714692995248,100004681,VREDESTEIN,Reifen,09.csv,215,50,R,18,,,ULTRAC+ FSL,,09,,,,,,
8714692995255,100004682,VREDESTEIN,Reifen,09.csv,215,55,R,16,,,ULTRAC+,,09,,,,,,
8714692995279,100004684,VREDESTEIN,Reifen,09.csv,215,55,R,17,,,ULTRAC+ FSL,,09,,,,,,
8714692995286,100004685,VREDESTEIN,Reifen,09.csv,215,55,R,17,,,ULTRAC+ XLFSL,,09,,,,,,
8714692995293,100004686,VREDESTEIN,Reifen,09.csv,215,55,R,18,,,ULTRAC+ XLFSL,,09,,,,,,
8714692995316,100004688,VREDESTEIN,Reifen,09.csv,215,60,R,16,,,ULTRAC+,,09,,,,,,
8714692995330,100004690,VREDESTEIN,Reifen,09.csv,215,65,R,16,,,ULTRAC+,,09,,,,,,
8714692995347,100004691,VREDESTEIN,Reifen,09.csv,215,65,R,17,,,ULTRAC+ FSL,,09,,,,,,
8714692995361,100004695,VREDESTEIN,Reifen,09.csv,225,45,R,17,,,ULTRAC+ FSL,,09,,,,,,
8714692995378,100004694,VREDESTEIN,Reifen,09.csv,225,45,R,17,,,ULTRAC+ XLFSL,,09,,,,,,
8714692995385,100004696,VREDESTEIN,Reifen,09.csv,225,50,R,17,,,ULTRAC+ XLFSL,,09,,,,,,
8714692995408,100004698,VREDESTEIN,Reifen,09.csv,225,55,R,17,,,ULTRAC+ XLFSL,,09,,,,,,
8714692995439,100004700,VREDESTEIN,Reifen,09.csv,225,55,R,19,,,ULTRAC+ FSL,,09,,,,,,
8714692995446,100004701,VREDESTEIN,Reifen,09.csv,225,60,R,17,,,ULTRAC+ FSL,,09,,,,,,
8714692995460,100004703,VREDESTEIN,Reifen,09.csv,225,65,R,17,,,ULTRAC+ FSL,,09,,,,,,
8714692995491,100004708,VREDESTEIN,Reifen,09.csv,235,50,R,18,,,ULTRAC+ XLFSL,,09,,,,,,
8714692995507,100004709,VREDESTEIN,Reifen,09.csv,235,50,R,19,,,ULTRAC+ FSL,,09,,,,,,
8714692995569,100004713,VREDESTEIN,Reifen,09.csv,235,65,R,17,,,ULTRAC+ XLFSL,,09,,,,,,
8714692995583,100004716,VREDESTEIN,Reifen,09.csv,245,45,R,17,,,ULTRAC+ XLFSL,,09,,,,,,
8714692995590,100004719,VREDESTEIN,Reifen,09.csv,255,55,R,18,,,ULTRAC+ XLFSL,,09,,,,,,
8714692996764,100004656,VREDESTEIN,Reifen,09.csv,185,65,R,15,,,QUATRAC XL 3PMSF,,09,,,,,,
8714692996771,100004661,VREDESTEIN,Reifen,09.csv,195,65,R,15,,,QUATRAC XL 3PMSF,,09,,,,,,
8714692996788,100004672,VREDESTEIN,Reifen,09.csv,205,60,R,16,,,QUATRAC 3PMSF,,09,,,,,,
8714692996795,100004654,VREDESTEIN,Reifen,09.csv,185,60,R,15,,,QUATRAC XL 3PMSF,,09,,,,,,
8714692998812,100004460,VREDESTEIN,Reifen,09.csv,205,40,R,17,,,QUATRAC PRO+ XLFSL 3PMSF,,09,,,,,,
8807622100260,240001032,NEXEN,Reifen,09.csv,195,65,R,15,,,N BLUE 4SEASON XL 3PMSF,,09,,,,,,
8807622100277,240001029,NEXEN,Reifen,09.csv,195,65,R,15,,,N BLUE 4SEASON 3PMSF,,09,,,,,,
8807622100284,240001017,NEXEN,Reifen,09.csv,195,65,R,15,,,N BLUE 4SEASON 3PMSF,,09,,,,,,
8807622100291,240001327,NEXEN,Reifen,09.csv,225,55,R,16,,,N BLUE 4SEASON 3PMSF,,09,,,,,,
8807622100321,240001312,NEXEN,Reifen,09.csv,225,50,R,17,,,N BLUE 4SEASON 3PMSF,,09,,,,,,
8807622100345,240001313,NEXEN,Reifen,09.csv,225,50,R,17,,,N BLUE 4SEASON XL 3PMSF,,09,,,,,,
8807622100369,240001238,NEXEN,Reifen,09.csv,215,60,R,17,,,N BLUE 4SEASON 3PMSF,,09,,,,,,
8807622100376,240001195,NEXEN,Reifen,09.csv,215,55,R,16,,,N BLUE 4SEASON XL 3PMSF,,09,,,,,,
8807622100383,240001248,NEXEN,Reifen,09.csv,215,65,R,16,,,N BLUE 4SEASON 3PMSF,,09,,,,,,
8807622100390,240001124,NEXEN,Reifen,09.csv,205,60,R,16,,,N BLUE 4SEASON XL 3PMSF,,09,,,,,,
8807622100444,240001292,NEXEN,Reifen,09.csv,225,45,R,17,,,N BLUE 4SEASON XL 3PMSF,,09,,,,,,
8807622100451,240001092,NEXEN,Reifen,09.csv,205,55,R,16,,,N BLUE 4SEASON XL 3PMSF,,09,,,,,,
8807622101069,240000815,NEXEN,Reifen,09.csv,165,60,R,15,,,N BLUE HD PLUS,,09,,,,,,
8807622101120,240001234,NEXEN,Reifen,09.csv,215,60,R,16,,,N BLUE HD PLUS,,09,,,,,,
8807622101182,240000850,NEXEN,Reifen,09.csv,175,60,R,15,,,N BLUE HD PLUS,,09,,,,,,
8807622101229,240001186,NEXEN,Reifen,09.csv,215,50,R,17,,,N BLUE HD PLUS XL,,09,,,,,,
8807622101342,240001008,NEXEN,Reifen,09.csv,195,60,R,16,,,N BLUE HD PLUS,,09,,,,,,
8807622101441,240000926,NEXEN,Reifen,09.csv,185,60,R,15,,,N BLUE HD PLUS,,09,,,,,,
8807622101526,240000949,NEXEN,Reifen,09.csv,185,65,R,15,,,N BLUE HD PLUS XL,,09,,,,,,
8807622101533,240000843,NEXEN,Reifen,09.csv,165,70,R,14,,,N BLUE HD PLUS,,09,,,,,,
8807622101557,240001035,NEXEN,Reifen,09.csv,195,65,R,15,,,N BLUE HD PLUS,,09,,,,,,
8807622101595,240001034,NEXEN,Reifen,09.csv,195,65,R,15,,,N BLUE HD PLUS XL,,09,,,,,,
8807622101618,240000848,NEXEN,Reifen,09.csv,175,55,R,15,,,N BLUE HD PLUS,,09,,,,,,
8807622101632,240000858,NEXEN,Reifen,09.csv,175,65,R,14,,,N BLUE HD PLUS,,09,,,,,,
8807622101731,240001139,NEXEN,Reifen,09.csv,205,65,R,15,,,N BLUE HD PLUS,,09,,,,,,
8807622101762,240000873,NEXEN,Reifen,09.csv,175,65,R,15,,,N BLUE HD PLUS,,09,,,,,,
8807622101823,240001249,NEXEN,Reifen,09.csv,215,65,R,16,,,N BLUE HD PLUS,,09,,,,,,
8807622101847,240001042,NEXEN,Reifen,09.csv,195,65,R,15,,,N BLUE HD PLUS,,09,,,,,,
8807622101861,240000913,NEXEN,Reifen,09.csv,185,60,R,14,,,N BLUE HD PLUS,,09,,,,,,
8807622101878,240000909,NEXEN,Reifen,09.csv,185,55,R,15,,,N BLUE HD PLUS,,09,,,,,,
8807622101922,240001126,NEXEN,Reifen,09.csv,205,60,R,16,,,N BLUE HD PLUS,,09,,,,,,
8807622101953,240000985,NEXEN,Reifen,09.csv,195,55,R,15,,,N BLUE HD PLUS,,09,,,,,,
8807622101960,240001001,NEXEN,Reifen,09.csv,195,60,R,15,,,N BLUE HD PLUS,,09,,,,,,
8807622101984,240000974,NEXEN,Reifen,09.csv,195,50,R,15,,,N BLUE HD PLUS,,09,,,,,,
8807622102028,240000864,NEXEN,Reifen,09.csv,175,65,R,14,,,N BLUE HD PLUS,,09,,,,,,
8807622102189,240001181,NEXEN,Reifen,09.csv,215,45,R,17,,Z,N BLUE 4SEASON XL 3PMS,,09,,,,,,
8807622102196,240001279,NEXEN,Reifen,09.csv,225,40,R,18,,,N BLUE 4SEASON XL 3PMSF,,09,,,,,,
8807622102547,240001975,NEXEN,Reifen,09.csv,235,50,R,19,,,N PRIZ RH7 M+S,,09,,,,,,
8807622102653,240000972,NEXEN,Reifen,09.csv,195,50,R,15,,,WINGUARD SNOW G 3 WH21 3PMSF,,09,,,,,,
8807622102684,240000906,NEXEN,Reifen,09.csv,185,55,R,15,,,WINGUARD SNOW G 3 WH21 3PMSF,,09,,,,,,
8807622102844,240001101,NEXEN,Reifen,09.csv,205,55,R,16,,,WINGUARD SNOW G 3 WH21 3PMSF,,09,,,,,,
8807622102936,240001396,NEXEN,Reifen,09.csv,235,40,R,17,,Z,N FERA PRIMUS XL,,09,,,,,,
8807622102967,240001288,NEXEN,Reifen,09.csv,225,45,R,16,,Z,N FERA PRIMUS XL,,09,,,,,,
8807622102974,240001206,NEXEN,Reifen,09.csv,215,55,R,17,,,N FERA PRIMUS,,09,,,,,,
8807622103049,240001068,NEXEN,Reifen,09.csv,205,40,R,17,,Z,N FERA PRIMUS XL,,09,,,,,,
8807622103131,240001335,NEXEN,Reifen,09.csv,225,55,R,16,,Z,N FERA PRIMUS XL,,09,,,,,,
8807622103148,240001117,NEXEN,Reifen,09.csv,205,55,R,17,,Z,N FERA PRIMUS XL,,09,,,,,,
8807622103155,240001315,NEXEN,Reifen,09.csv,225,50,R,17,,,N FERA PRIMUS XL,,09,,,,,,
8807622103162,240001071,NEXEN,Reifen,09.csv,205,45,R,17,,,N FERA PRIMUS XL,,09,,,,,,
8807622103186,240001408,NEXEN,Reifen,09.csv,235,45,R,17,,Z,N FERA PRIMUS XL,,09,,,,,,
8807622103193,240001191,NEXEN,Reifen,09.csv,215,50,R,17,,Z,N FERA PRIMUS XL,,09,,,,,,
8807622103223,240000899,NEXEN,Reifen,09.csv,185,50,R,16,,,N FERA PRIMUS,,09,,,,,,
8807622103230,240001088,NEXEN,Reifen,09.csv,205,50,R,17,,Z,N FERA PRIMUS XL,,09,,,,,,
8807622103261,240001113,NEXEN,Reifen,09.csv,205,55,R,16,,Z,N FERA PRIMUS,,09,,,,,,
8807622103292,240001215,NEXEN,Reifen,09.csv,215,55,R,17,,Z,N FERA PRIMUS XL,,09,,,,,,
8807622103322,240001426,NEXEN,Reifen,09.csv,235,55,R,17,,Z,N FERA PRIMUS XL,,09,,,,,,
8807622103339,240001286,NEXEN,Reifen,09.csv,225,40,R,18,,Z,N FERA PRIMUS XL,,09,,,,,,
8807622103360,240000970,NEXEN,Reifen,09.csv,195,45,R,16,,Z,N FERA PRIMUS XL,,09,,,,,,
8807622103384,240000995,NEXEN,Reifen,09.csv,195,55,R,16,,,N FERA PRIMUS XL,,09,,,,,,
8807622103421,240001114,NEXEN,Reifen,09.csv,205,55,R,16,,Z,N FERA PRIMUS XL,,09,,,,,,
8807622103438,240001201,NEXEN,Reifen,09.csv,215,55,R,16,,Z,N FERA PRIMUS XL,,09,,,,,,
8807622103445,240001298,NEXEN,Reifen,09.csv,225,45,R,17,,Z,N FERA PRIMUS XL,,09,,,,,,
8807622103452,240001526,NEXEN,Reifen,09.csv,255,35,R,19,,Z,N FERA SPORT XL,,09,,,,,,
8807622103469,240001485,NEXEN,Reifen,09.csv,245,35,R,20,,Z,N FERA SPORT XL,,09,,,,,,
8807622103483,240001528,NEXEN,Reifen,09.csv,255,40,R,18,,Z,N FERA SPORT XL,,09,,,,,,
8807622103490,240001484,NEXEN,Reifen,09.csv,245,35,R,18,,Z,N FERA SPORT XL,,09,,,,,,
8807622103537,240001523,NEXEN,Reifen,09.csv,255,35,R,18,,Z,N FERA SPORT XL,,09,,,,,,
8807622103544,240001533,NEXEN,Reifen,09.csv,255,45,R,18,,Z,N FERA SPORT XL,,09,,,,,,
8807622103551,240001395,NEXEN,Reifen,09.csv,235,35,R,19,,Z,N FERA SPORT XL,,09,,,,,,
8807622103568,240001494,NEXEN,Reifen,09.csv,245,40,R,19,,Z,N FERA SPORT XL,,09,,,,,,
8807622103575,240001278,NEXEN,Reifen,09.csv,225,35,R,19,,Z,N FERA SPORT XL,,09,,,,,,
8807622103582,240001421,NEXEN,Reifen,09.csv,235,50,R,18,,Z,N FERA SPORT XL,,09,,,,,,
8807622103599,240001507,NEXEN,Reifen,09.csv,245,45,R,19,,Z,N FERA SPORT XL,,09,,,,,,
8807622103629,240001324,NEXEN,Reifen,09.csv,225,50,R,17,,Z,N FERA SPORT XL,,09,,,,,,
8807622103636,240001504,NEXEN,Reifen,09.csv,245,45,R,18,,Z,N FERA SPORT XL,,09,,,,,,
8807622103643,240001400,NEXEN,Reifen,09.csv,235,40,R,18,,Z,N FERA SPORT XL,,09,,,,,,
8807622103667,240001491,NEXEN,Reifen,09.csv,245,40,R,18,,Z,N FERA SPORT XL,,09,,,,,,
8807622108754,240002104,NEXEN,Reifen,09.csv,225,45,R,17,,,N FERA SPORT,,09,,,,,,
8807622110993,240001130,NEXEN,Reifen,09.csv,205,60,R,16,,,N BLUE HD PLUS,,09,,,,,,
8807622111341,240001259,NEXEN,Reifen,09.csv,215,65,R,17,,,N FERA RU1,,09,,,,,,
8807622111358,240001342,NEXEN,Reifen,09.csv,225,55,R,17,,,N FERA SU1,,09,,,,,,
8807622113338,240001532,NEXEN,Reifen,09.csv,255,45,R,18,,,WINGUARD SPORT 2 WU7 XL 3PMS,,09,,,,,,
8807622136801,240000443,NEXEN,Reifen,09.csv,205,55,R,16,,,ROADIAN 581,,09,,,,,,
8807622147197,240001136,NEXEN,Reifen,09.csv,205,65,R,15C,100,,ROADIAN CT8,,09,,,,,,
8807622148545,240001030,NEXEN,Reifen,09.csv,195,65,R,15,,,N BLUE 4SEASON 3PMSF,,09,,,,,,
8807622148552,240001041,NEXEN,Reifen,09.csv,195,65,R,15,,,N BLUE 4SEASON 3PMSF,,09,,,,,,
8807622148583,240000902,NEXEN,Reifen,09.csv,185,55,R,15,,,N BLUE 4SEASON 3PMSF,,09,,,,,,
8807622148620,240001000,NEXEN,Reifen,09.csv,195,60,R,15,,,N BLUE 4SEASON 3PMSF,,09,,,,,,
8807622148637,240001118,NEXEN,Reifen,09.csv,205,60,R,15,,,N BLUE 4SEASON 3PMSF,,09,,,,,,
8807622149856,240001110,NEXEN,Reifen,09.csv,205,55,R,16,,,N FERA SU1 XL,,09,,,,,,
8807622149870,240001332,NEXEN,Reifen,09.csv,225,55,R,16,,,N FERA SU1,,09,,,,,,
8807622181276,240001267,NEXEN,Reifen,09.csv,215,70,R,16C,106,,WINGUARD WT1 3PMSF,,09,,,,,,
8807622182792,240001153,NEXEN,Reifen,09.csv,205,70,R,15C,104,,WINGUARD WT1 3PMSF,,09,,,,,,
8807622185892,240001094,NEXEN,Reifen,09.csv,205,55,R,16,,,N BLUE 4SEASON XL 3PMSF,,09,,,,,,
8807622185922,240001031,NEXEN,Reifen,09.csv,195,65,R,15,,,N BLUE 4SEASON XL 3PMSF,,09,,,,,,
8807622186066,240001291,NEXEN,Reifen,09.csv,225,45,R,17,,,N BLUE 4SEASON XL 3PMSF,,09,,,,,,
8807622186073,240000971,NEXEN,Reifen,09.csv,195,50,R,15,,,N BLUE 4SEASON 3PMSF,,09,,,,,,
8807622186097,240001311,NEXEN,Reifen,09.csv,225,50,R,17,,,N BLUE 4SEASON XL 3PMSF,,09,,,,,,
8807622186134,240001196,NEXEN,Reifen,09.csv,215,55,R,16,,,N BLUE 4SEASON XL 3PMSF,,09,,,,,,
8807622186141,240001326,NEXEN,Reifen,09.csv,225,55,R,16,,,N BLUE 4SEASON 3PMSF,,09,,,,,,
8807622186158,240000812,NEXEN,Reifen,09.csv,165,60,R,14,,,N BLUE 4SEASON 3PMSF,,09,,,,,,
8807622186189,240000921,NEXEN,Reifen,09.csv,185,60,R,15,,,N BLUE 4SEASON XL 3PMSF,,09,,,,,,
8807622186226,240001125,NEXEN,Reifen,09.csv,205,60,R,16,,,N BLUE 4SEASON XL 3PMSF,,09,,,,,,
8807622186240,240001237,NEXEN,Reifen,09.csv,215,60,R,17,,,N BLUE 4SEASON 3PMSF,,09,,,,,,
8807622186257,240000800,NEXEN,Reifen,09.csv,155,65,R,14,,,N BLUE 4SEASON 3PMSF,,09,,,,,,
8807622186264,240000824,NEXEN,Reifen,09.csv,165,65,R,14,,,N BLUE 4SEASON 3PMSF,,09,,,,,,
8807622186288,240000860,NEXEN,Reifen,09.csv,175,65,R,14,,,N BLUE 4SEASON 3PMSF,,09,,,,,,
8807622186295,240000874,NEXEN,Reifen,09.csv,175,65,R,15,,,N BLUE 4SEASON 3PMSF,,09,,,,,,
8807622186325,240000940,NEXEN,Reifen,09.csv,185,65,R,15,,,N BLUE 4SEASON 3PMSF,,09,,,,,,
8807622186332,240001247,NEXEN,Reifen,09.csv,215,65,R,16,,,N BLUE 4SEASON 3PMSF,,09,,,,,,
8807622186349,240000805,NEXEN,Reifen,09.csv,155,70,R,13,,,N BLUE 4SEASON 3PMSF,,09,,,,,,
8807622193675,240001417,NEXEN,Reifen,09.csv,235,50,R,18,,,N BLUE 4SEASON XL 3PMSF,,09,,,,,,
8807622193682,240001823,NEXEN,Reifen,09.csv,255,55,R,18,,,N BLUE 4SEASON XL 3PMSF,,09,,,,,,
8807622193699,240001422,NEXEN,Reifen,09.csv,235,55,R,17,,,N BLUE 4SEASON XL 3PMSF,,09,,,,,,
8807622193705,240001804,NEXEN,Reifen,09.csv,235,60,R,18,,,N BLUE 4SEASON XL 3PMSF,,09,,,,,,
8807622193712,240001461,NEXEN,Reifen,09.csv,235,65,R,17,,,N BLUE 4SEASON XL 3PMSF,,09,,,,,,
8807622193729,240001368,NEXEN,Reifen,09.csv,225,65,R,17,,,N BLUE 4SEASON 3PMSF,,09,,,,,,
8807622193736,240001265,NEXEN,Reifen,09.csv,215,70,R,16,,,N BLUE 4SEASON 3PMSF,,09,,,,,,
8807622198991,240002070,NEXEN,Reifen,09.csv,245,35,R,19,,Z,WINGUARD SPORT 2 XL 3P,,09,,,,,,
8807622199066,240002092,NEXEN,Reifen,09.csv,275,40,R,18,,,WINGUARD SPORT 2 XL 3PMSF,,09,,,,,,
8807622199080,240002087,NEXEN,Reifen,09.csv,265,35,R,20,,,WINGUARD SPORT 2 XL 3PMSF,,09,,,,,,
8807622199097,240002079,NEXEN,Reifen,09.csv,255,45,R,19,,,WINGUARD SPORT 2 XL 3PMSF,,09,,,,,,
8807622199233,240002080,NEXEN,Reifen,09.csv,255,50,R,20,,,WINGUARD SPORT 2 SUV XL 3PMS,,09,,,,,,
8807622199530,240001986,NEXEN,Reifen,09.csv,235,60,R,16,,,WINGUARD SNOW G 3 3PMSF,,09,,,,,,
8807622199547,240002049,NEXEN,Reifen,09.csv,155,65,R,14,,,WINGUARD SNOW G 3 XL 3PMSF,,09,,,,,,
8807622199554,240001859,NEXEN,Reifen,09.csv,165,65,R,14,,,WINGUARD SNOW G 3 3PMSF,,09,,,,,,
8807622199639,240002253,NEXEN,Reifen,09.csv,195,65,R,15,,,WINGUARD SNOW G 3 XLBS 3PMSF,,09,,,,,,
8807622199660,240002050,NEXEN,Reifen,09.csv,165,70,R,14,,,WINGUARD SNOW G 3 XL 3PMSF,,09,,,,,,
8807622199707,240002008,NEXEN,Reifen,09.csv,255,35,R,19,,,WINGUARD SPORT 2 XL 3PMSF,,09,,,,,,
8807622199721,240001917,NEXEN,Reifen,09.csv,215,40,R,18,,,WINGUARD SPORT 2 XL 3PMSF,,09,,,,,,
8807622199738,240002064,NEXEN,Reifen,09.csv,235,40,R,18,,Z,WINGUARD SPORT 2 XL 3P,,09,,,,,,
8807622199745,240001968,NEXEN,Reifen,09.csv,235,40,R,18,,,WINGUARD SPORT 2 XL 3PMSF,,09,,,,,,
8807622199783,240002010,NEXEN,Reifen,09.csv,255,40,R,19,,,WINGUARD SPORT 2 XL 3PMSF,,09,,,,,,
8807622199806,240002094,NEXEN,Reifen,09.csv,275,40,R,20,,Z,WINGUARD SPORT 2 XL 3,,09,,,,,,
8807622199851,240002078,NEXEN,Reifen,09.csv,255,45,R,18,,,WINGUARD SPORT 2 XL 3PMSF,,09,,,,,,
8807622199868,240001943,NEXEN,Reifen,09.csv,225,50,R,18,,,WINGUARD SPORT 2 XL 3PMSF,,09,,,,,,
8807622199950,240002084,NEXEN,Reifen,09.csv,255,65,R,16,,,WINGUARD SPORT 2 SUV BSW 3PM,,09,,,,,,
8807622200052,240002066,NEXEN,Reifen,09.csv,235,60,R,18,,,WINGUARD SPORT 2 SUV BSW 3PM,,09,,,,,,
8807622200830,240001994,NEXEN,Reifen,09.csv,235,65,R,16C,113,,N BLUE 4SEASON VAN BSW 3PMSF,,09,,,,,,
8807622200854,240001959,NEXEN,Reifen,09.csv,225,65,R,16C,110,,N BLUE 4SEASON VAN BSW 3PMSF,,09,,,,,,
8807622200861,240001931,NEXEN,Reifen,09.csv,215,65,R,16C,107,,N BLUE 4SEASON VAN BSW 3PMSF,,09,,,,,,
8807622200892,240001913,NEXEN,Reifen,09.csv,205,75,R,16C,108,,N BLUE 4SEASON VAN BSW 3PMSF,,09,,,,,,
8807622200939,240001885,NEXEN,Reifen,09.csv,195,70,R,15C,102,,N BLUE 4SEASON VAN BSW 3PMSF,,09,,,,,,
8807622201349,240001879,NEXEN,Reifen,09.csv,195,60,R,16,,,N BLUE HD PLUS,,09,,,,,,
8807622201363,240001903,NEXEN,Reifen,09.csv,205,60,R,16,,,N BLUE HD PLUS BSW,,09,,,,,,
8807622201394,240001892,NEXEN,Reifen,09.csv,205,50,R,16,,,N BLUE HD PLUS BSW,,09,,,,,,
8807622201462,240001862,NEXEN,Reifen,09.csv,175,70,R,14,,,N BLUE HD PLUS BSW,,09,,,,,,
8807622201486,240001881,NEXEN,Reifen,09.csv,195,65,R,15,,,N BLUE HD PLUS,,09,,,,,,
8807622202582,240001998,NEXEN,Reifen,09.csv,245,35,R,19,,,N FERA SPORT XL,,09,,,,,,
8807622202902,240002025,NEXEN,Reifen,09.csv,275,30,R,19,,,N FERA SPORT XLBSW,,09,,,,,,
8807622202919,240002042,NEXEN,Reifen,09.csv,215,65,R,17,,,N FERA PRIMUS XL,,09,,,,,,
8807622202926,240002048,NEXEN,Reifen,09.csv,235,55,R,18,,,N FERA PRIMUS XL,,09,,,,,,
8807622202933,240002047,NEXEN,Reifen,09.csv,235,50,R,19,,,N FERA PRIMUS XL,,09,,,,,,
8807622202940,240002007,NEXEN,Reifen,09.csv,255,30,R,19,,Z,N FERA SPORT BSW,,09,,,,,,
8807622202957,240002028,NEXEN,Reifen,09.csv,275,35,R,20,,Z,N FERA SPORT BSW,,09,,,,,,
8807622202964,240002009,NEXEN,Reifen,09.csv,255,35,R,20,,Z,N FERA SPORT BSW,,09,,,,,,
8807622202995,240001938,NEXEN,Reifen,09.csv,225,35,R,18,,Z,N FERA SPORT BSW,,09,,,,,,
8807622203008,240001914,NEXEN,Reifen,09.csv,215,35,R,18,,Z,N FERA SPORT,,09,,,,,,
8807622203022,240002001,NEXEN,Reifen,09.csv,245,40,R,20,,Z,N FERA SPORT XLBSW,,09,,,,,,
8807622203039,240002030,NEXEN,Reifen,09.csv,275,40,R,19,,Z,N FERA SPORT BSW,,09,,,,,,
8807622203046,240002011,NEXEN,Reifen,09.csv,255,40,R,19,,Z,N FERA SPORT BSW,,09,,,,,,
8807622203053,240001969,NEXEN,Reifen,09.csv,235,40,R,19,,Z,N FERA SPORT BSW,,09,,,,,,
8807622203084,240001999,NEXEN,Reifen,09.csv,245,40,R,18,,Z,N FERA SPORT,,09,,,,,,
8807622203114,240002004,NEXEN,Reifen,09.csv,245,45,R,20,,Z,N FERA SPORT BSW,,09,,,,,,
8807622203121,240002012,NEXEN,Reifen,09.csv,255,45,R,19,,Z,N FERA SPORT BSW,,09,,,,,,
8807622203152,240001919,NEXEN,Reifen,09.csv,215,45,R,17,,Z,N FERA SPORT BSW,,09,,,,,,
8807622203183,240002024,NEXEN,Reifen,09.csv,265,45,R,20,,,N FERA SPORT SUV BSW,,09,,,,,,
8807622203190,240002013,NEXEN,Reifen,09.csv,255,45,R,20,,Z,N FERA SPORT SUV BSW,,09,,,,,,
8807622203206,240001972,NEXEN,Reifen,09.csv,235,45,R,19,,Z,N FERA SPORT SUV BSW,,09,,,,,,
8807622203213,240002015,NEXEN,Reifen,09.csv,255,50,R,19,,Z,N FERA SPORT SUV BSW,,09,,,,,,
8807622203220,240001976,NEXEN,Reifen,09.csv,235,50,R,19,,,N FERA SPORT SUV BSW,,09,,,,,,
8807622203251,240001984,NEXEN,Reifen,09.csv,235,55,R,19,,,N FERA SPORT SUV BSW,,09,,,,,,
8807622203268,240001952,NEXEN,Reifen,09.csv,225,55,R,19,,,N FERA SPORT SUV BSW,,09,,,,,,
8807622203282,240001970,NEXEN,Reifen,09.csv,235,45,R,18,,Z,N FERA SPORT SUV BSW,,09,,,,,,
8807622203299,240001973,NEXEN,Reifen,09.csv,235,50,R,18,,,N FERA SPORT SUV BSW,,09,,,,,,
8807622203305,240001944,NEXEN,Reifen,09.csv,225,50,R,18,,,N FERA SPORT SUV BSW,,09,,,,,,
8807622203329,240002016,NEXEN,Reifen,09.csv,255,55,R,18,,Z,N FERA SPORT SUV BSW,,09,,,,,,
8807622203336,240001982,NEXEN,Reifen,09.csv,235,55,R,18,,Z,N FERA SPORT SUV BSW,,09,,,,,,
8807622203343,240001949,NEXEN,Reifen,09.csv,225,55,R,18,,,N FERA SPORT SUV BSW,,09,,,,,,
8807622203350,240001922,NEXEN,Reifen,09.csv,215,55,R,18,,,N FERA SPORT SUV XLBSW,,09,,,,,,
8807622203381,240001992,NEXEN,Reifen,09.csv,235,60,R,18,,,N FERA SPORT SUV BSW,,09,,,,,,
8807622203398,240001989,NEXEN,Reifen,09.csv,235,60,R,18,,,N FERA SPORT SUV BSW,,09,,,,,,
8807622203404,240001958,NEXEN,Reifen,09.csv,225,60,R,18,,Z,N FERA SPORT SUV BSW,,09,,,,,,
8807622203503,240001996,NEXEN,Reifen,09.csv,235,65,R,17,,,N FERA SPORT SUV BSW,,09,,,,,,
8807622203510,240001961,NEXEN,Reifen,09.csv,225,65,R,17,,,N FERA SPORT SUV BSW,,09,,,,,,
8807622203527,240001933,NEXEN,Reifen,09.csv,215,65,R,16,,,N FERA SPORT SUV BSW,,09,,,,,,
8807622204340,240002396,NEXEN,Reifen,09.csv,255,60,R,18,,,N PRIZ RH7 M+S,,09,,,,,,
8807622204852,240002036,NEXEN,Reifen,09.csv,195,65,R,16C,102,,WINGUARD WT1 3PMSF,,09,,,,,,
8807622210747,240002139,NEXEN,Reifen,09.csv,215,65,R,17,,,ROADIAN CTX XL,,09,,,,,,
8807622210754,240002142,NEXEN,Reifen,09.csv,235,55,R,18C,102,,ROADIAN CTX M+S,,09,,,,,,
8807622210785,240002136,NEXEN,Reifen,09.csv,205,65,R,16,,,N FERA SPORT *,,09,,,,,,
8807622211010,240002143,NEXEN,Reifen,09.csv,235,55,R,18,,,ROADIAN CTX XL M+S,,09,,,,,,
8807622211362,240002124,NEXEN,Reifen,09.csv,225,60,R,18,,,N BLUE 4SEASON 3PMSF,,09,,,,,,
8807622211379,240002120,NEXEN,Reifen,09.csv,225,50,R,18,,,N BLUE 4SEASON XL 3PMSF,,09,,,,,,
8807622211386,240002123,NEXEN,Reifen,09.csv,225,60,R,17,,,N BLUE 4SEASON 3PMSF,,09,,,,,,
8807622211393,240002116,NEXEN,Reifen,09.csv,215,55,R,18,,,N BLUE 4SEASON XL 3PMSF,,09,,,,,,
8807622211416,240002126,NEXEN,Reifen,09.csv,235,55,R,18,,,N BLUE 4SEASON 3PMSF,,09,,,,,,
8807622212109,240002128,NEXEN,Reifen,09.csv,245,40,R,17,,Z,N FERA PRIMUS,,09,,,,,,
8807622212116,240002117,NEXEN,Reifen,09.csv,215,60,R,16,,,N BLUE 4SEASON XL 3PMSF,,09,,,,,,
8807622212123,240002114,NEXEN,Reifen,09.csv,195,65,R,15,,,N FERA PRIMUS,,09,,,,,,
8807622212154,240002129,NEXEN,Reifen,09.csv,245,45,R,18,,Z,N FERA SPORT,,09,,,,,,
8807622212734,240002113,NEXEN,Reifen,09.csv,185,65,R,15,,,N FERA PRIMUS,,09,,,,,,
8807622215193,240002268,NEXEN,Reifen,09.csv,215,55,R,18,,,WINGUARD SPORT 2 XLBS 3PMSF,,09,,,,,,
8807622215667,240002162,NEXEN,Reifen,09.csv,195,75,R,16C,108,,N BLUE 4SEASON VAN BS 3PMSF,,09,,,,,,
8807622215674,240002214,NEXEN,Reifen,09.csv,235,60,R,18,,Z,N BLUE 4SEASON XLBS 3,,09,,,,,,
8807622215698,240002199,NEXEN,Reifen,09.csv,225,65,R,17,,,N BLUE 4SEASON XLBS 3PMSF,,09,,,,,,
8807622215728,240002205,NEXEN,Reifen,09.csv,235,50,R,18,,,N FERA PRIMUS BS,,09,,,,,,
8807622215773,240002255,NEXEN,Reifen,09.csv,205,45,R,16,,,WINGUARD SPORT 2 XLBS 3PMSF,,09,,,,,,
8807622215780,240002263,NEXEN,Reifen,09.csv,215,45,R,16,,,WINGUARD SPORT 2 XLBS 3PMSF,,09,,,,,,
8807622215889,240002160,NEXEN,Reifen,09.csv,195,60,R,16C,97,,N BLUE 4SEASON VAN BS 3PMSF,,09,,,,,,
8807622215926,240002204,NEXEN,Reifen,09.csv,235,45,R,18,,Z,N BLUE 4SEASON 2 XLBS,,09,,,,,,
8807622215964,240002222,NEXEN,Reifen,09.csv,245,45,R,19,,Z,N BLUE 4SEASON 2 XLBS,,09,,,,,,
8807622215988,240002186,NEXEN,Reifen,09.csv,225,40,R,18,,Z,N BLUE 4SEASON 2 XLBS,,09,,,,,,
8807622216039,240002208,NEXEN,Reifen,09.csv,235,55,R,17,,Z,N BLUE 4SEASON 2 XLBS,,09,,,,,,
8807622216060,240002202,NEXEN,Reifen,09.csv,235,40,R,18,,Z,N BLUE 4SEASON 2 XLBS,,09,,,,,,
8807622216077,240002206,NEXEN,Reifen,09.csv,235,50,R,18,,Z,N BLUE 4SEASON 2 XLBS,,09,,,,,,
8807622216138,240002177,NEXEN,Reifen,09.csv,215,55,R,17,,Z,N BLUE 4SEASON 2 XLBS,,09,,,,,,
8807622216145,240002195,NEXEN,Reifen,09.csv,225,55,R,17,,Z,N BLUE 4SEASON 2 XLBS,,09,,,,,,
8807622216169,240002163,NEXEN,Reifen,09.csv,205,45,R,17,,Z,N BLUE 4SEASON 2 XLBS,,09,,,,,,
8807622216190,240002224,NEXEN,Reifen,09.csv,255,45,R,18,,Z,N BLUE 4SEASON 2 XLBS,,09,,,,,,
8807622216220,240002174,NEXEN,Reifen,09.csv,215,50,R,17,,Z,N BLUE 4SEASON 2 XLBS,,09,,,,,,
8807622216237,240002169,NEXEN,Reifen,09.csv,205,55,R,17,,,N BLUE 4SEASON 2 XLBS 3PMSF,,09,,,,,,
8807622216244,240002192,NEXEN,Reifen,09.csv,225,50,R,17,,Z,N BLUE 4SEASON 2 XLBS,,09,,,,,,
8807622216268,240002305,NEXEN,Reifen,09.csv,255,45,R,20,,,WINGUARD SPORT 2 SUV XLBS 3P,,09,,,,,,
8807622216275,240002152,NEXEN,Reifen,09.csv,165,55,R,15,,,N BLUE 4SEASON BS 3PMSF,,09,,,,,,
8807622216282,240002172,NEXEN,Reifen,09.csv,205,70,R,15C,104,,N BLUE 4SEASON VAN BS 3PMSF,,09,,,,,,
8807622216381,240002153,NEXEN,Reifen,09.csv,165,70,R,14,,,N BLUE 4SEASON XLBS 3PMSF,,09,,,,,,
8807622216398,240002151,NEXEN,Reifen,09.csv,155,60,R,15,,,N BLUE 4SEASON BS 3PMSF,,09,,,,,,
8807622216435,240002154,NEXEN,Reifen,09.csv,185,70,R,14,,,N BLUE 4SEASON BS 3PMSF,,09,,,,,,
8807622216473,240002197,NEXEN,Reifen,09.csv,225,60,R,17,,,N FERA PRIMUS BS,,09,,,,,,
8807622216480,240002155,NEXEN,Reifen,09.csv,195,45,R,16,,,N FERA PRIMUS XLBS,,09,,,,,,
8807622216497,240002209,NEXEN,Reifen,09.csv,235,55,R,17,,Z,N FERA PRIMUS XLBS,,09,,,,,,
8807622216541,240002194,NEXEN,Reifen,09.csv,225,55,R,16,,,N FERA PRIMUS XLBS,,09,,,,,,
8807622216565,240002158,NEXEN,Reifen,09.csv,195,55,R,16,,,N FERA PRIMUS BS,,09,,,,,,
8807622216572,240002193,NEXEN,Reifen,09.csv,225,50,R,17,,Z,N FERA PRIMUS BS,,09,,,,,,
8807622216596,240002167,NEXEN,Reifen,09.csv,205,55,R,15,,,N FERA PRIMUS BS,,09,,,,,,
8807622216626,240002165,NEXEN,Reifen,09.csv,205,50,R,16,,,N FERA PRIMUS BS,,09,,,,,,
8807622216671,240002156,NEXEN,Reifen,09.csv,195,50,R,16,,,N FERA PRIMUS XLBS,,09,,,,,,
8807622216688,240002166,NEXEN,Reifen,09.csv,205,50,R,17,,,N FERA PRIMUS XLBS,,09,,,,,,
8807622216695,240002170,NEXEN,Reifen,09.csv,205,55,R,17,,,N FERA PRIMUS XLBS,,09,,,,,,
8807622216732,240002198,NEXEN,Reifen,09.csv,225,60,R,17,,,N FERA PRIMUS BS,,09,,,,,,
8807622216749,240002220,NEXEN,Reifen,09.csv,245,45,R,18,,Z,N FERA SPORT XLBS,,09,,,,,,
8807622216756,240002212,NEXEN,Reifen,09.csv,235,55,R,19,,Z,N BLUE 4SEASON XLBS 3,,09,,,,,,
8807622216770,240002227,NEXEN,Reifen,09.csv,255,60,R,18,,,N BLUE 4SEASON XLBS 3PMSF,,09,,,,,,
8807622217449,240002313,NEXEN,Reifen,09.csv,215,60,R,17,,,N FERA PRIMUS BS,,09,,,,,,
8807622218279,240002399,NEXEN,Reifen,09.csv,275,35,R,19,,Z,N FERA SU1 XL,,09,,,,,,
8807622219962,240002446,NEXEN,Reifen,09.csv,215,55,R,18,,,N FERA PRIMUS XL,,09,,,,,,
8807622220685,240002365,NEXEN,Reifen,09.csv,225,65,R,17,,,N BLUE 4SEASON 2 XL 3PMSF,,09,,,,,,
8807622220692,240002383,NEXEN,Reifen,09.csv,245,40,R,20,,Z,N BLUE 4SEASON 2 XL 3P,,09,,,,,,
8807622220722,240002400,NEXEN,Reifen,09.csv,275,45,R,20,,Z,N BLUE 4SEASON 2 XL 3,,09,,,,,,
8807622220739,240002366,NEXEN,Reifen,09.csv,235,40,R,19,,Z,N BLUE 4SEASON 2 XL 3P,,09,,,,,,
8807622220746,240002378,NEXEN,Reifen,09.csv,235,60,R,18,,,N BLUE 4SEASON 2 XL 3PMSF,,09,,,,,,
8807622220753,240002379,NEXEN,Reifen,09.csv,235,65,R,17,,Z,N BLUE 4SEASON 2 XL 3,,09,,,,,,
8807622220760,240002326,NEXEN,Reifen,09.csv,205,55,R,16,,,N BLUE 4SEASON 2 XL 3PMSF,,09,,,,,,
8807622220777,240002394,NEXEN,Reifen,09.csv,255,55,R,18,,Z,N BLUE 4SEASON 2 XL 3,,09,,,,,,
8807622220791,240002320,NEXEN,Reifen,09.csv,195,50,R,16,,,N BLUE 4SEASON 2 XL 3PMSF,,09,,,,,,
8807622220821,240002324,NEXEN,Reifen,09.csv,195,65,R,15,,,N BLUE 4SEASON 2 XL 3PMSF,,09,,,,,,
8807622220838,240002322,NEXEN,Reifen,09.csv,195,60,R,15,,,N BLUE 4SEASON 2 XL 3PMSF,,09,,,,,,
8807622220845,240002319,NEXEN,Reifen,09.csv,195,50,R,15,,,N BLUE 4SEASON 2 3PMSF,,09,,,,,,
8807622220869,240002330,NEXEN,Reifen,09.csv,205,60,R,16,,,N BLUE 4SEASON 2 XL 3PMSF,,09,,,,,,
8807622220876,240002335,NEXEN,Reifen,09.csv,215,45,R,16,,,N BLUE 4SEASON 2 XL 3PMSF,,09,,,,,,
8807622220890,240002364,NEXEN,Reifen,09.csv,225,60,R,18,,Z,N BLUE 4SEASON 2 XL 3,,09,,,,,,
8807622220920,240002349,NEXEN,Reifen,09.csv,215,65,R,17,,,N BLUE 4SEASON 2 XL 3PMSF,,09,,,,,,
8807622220944,240002386,NEXEN,Reifen,09.csv,245,45,R,20,,Z,N BLUE 4SEASON 2 XL 3,,09,,,,,,
8807622220951,240002382,NEXEN,Reifen,09.csv,245,40,R,19,,Z,N BLUE 4SEASON 2 XL 3P,,09,,,,,,
8807622220975,240002388,NEXEN,Reifen,09.csv,255,35,R,20,,Z,N BLUE 4SEASON 2 XL 3P,,09,,,,,,
8807622220999,240002337,NEXEN,Reifen,09.csv,215,50,R,18,,Z,N BLUE 4SEASON 2 3PMSF,,09,,,,,,
8807622221019,240002375,NEXEN,Reifen,09.csv,235,55,R,19,,Z,N BLUE 4SEASON 2 XL 3,,09,,,,,,
8807622221026,240002373,NEXEN,Reifen,09.csv,235,55,R,18,,,N BLUE 4SEASON 2 XL 3PMSF,,09,,,,,,
8807622221033,240002343,NEXEN,Reifen,09.csv,215,60,R,16,,,N BLUE 4SEASON 2 XL 3PMSF,,09,,,,,,
8807622221040,240002387,NEXEN,Reifen,09.csv,255,35,R,19,,Z,N BLUE 4SEASON 2 XL 3P,,09,,,,,,
8807622221071,240002389,NEXEN,Reifen,09.csv,255,40,R,18,,Z,N BLUE 4SEASON 2 XL 3P,,09,,,,,,
8807622221088,240002362,NEXEN,Reifen,09.csv,225,60,R,17,,,N BLUE 4SEASON 2 XL 3PMSF,,09,,,,,,
8807622221095,240002345,NEXEN,Reifen,09.csv,215,60,R,17,,,N BLUE 4SEASON 2 XL 3PMSF,,09,,,,,,
8807622221125,240002350,NEXEN,Reifen,09.csv,215,70,R,16,,,N BLUE 4SEASON 2 3PMSF,,09,,,,,,
8807622221132,240002336,NEXEN,Reifen,09.csv,215,45,R,18,,Z,N BLUE 4SEASON 2 XL 3P,,09,,,,,,
8807622221156,240002355,NEXEN,Reifen,09.csv,225,50,R,18,,Z,N BLUE 4SEASON 2 XL 3P,,09,,,,,,
8807622221170,240002325,NEXEN,Reifen,09.csv,205,50,R,17,,Z,N BLUE 4SEASON 2 XL 3P,,09,,,,,,
8807622221187,240002369,NEXEN,Reifen,09.csv,235,45,R,19,,Z,N BLUE 4SEASON 2 XL 3P,,09,,,,,,
8807622221200,240002356,NEXEN,Reifen,09.csv,225,55,R,16,,Z,N BLUE 4SEASON 2 XL 3P,,09,,,,,,
8807622221217,240002392,NEXEN,Reifen,09.csv,255,50,R,19,,Z,N BLUE 4SEASON 2 XL 3,,09,,,,,,
8807622221569,240002381,NEXEN,Reifen,09.csv,245,35,R,20,,Z,N BLUE 4SEASON 2 XL 3P,,09,,,,,,
8807622221590,240002347,NEXEN,Reifen,09.csv,215,65,R,16,,,N BLUE 4SEASON 2 3PMSF,,09,,,,,,
8807622221606,240002339,NEXEN,Reifen,09.csv,215,55,R,16,,,N BLUE 4SEASON 2 XL 3PMSF,,09,,,,,,
8807622221613,240002409,NEXEN,Reifen,09.csv,195,55,R,20,,,N BLUE 4SEASON 2 XLBS 3PMSF,,09,,,,,,
8807622221620,240002404,NEXEN,Reifen,09.csv,255,45,R,19,,Z,N BLUE 4SEASON 2 XL 3,,09,,,,,,
8807622221651,240002403,NEXEN,Reifen,09.csv,255,45,R,20,,Z,N BLUE 4SEASON 2 XL 3,,09,,,,,,
8807622222221,240002415,NEXEN,Reifen,09.csv,225,35,R,19,,Z,N BLUE 4SEASON 2 XLBS,,09,,,,,,
8807622222245,240002414,NEXEN,Reifen,09.csv,215,55,R,18,,,N BLUE 4SEASON 2 XLBS 3PMSF,,09,,,,,,
8807622222252,240002423,NEXEN,Reifen,09.csv,245,35,R,19,,Z,N BLUE 4SEASON 2 XLBS,,09,,,,,,
8807622222764,240002434,NEXEN,Reifen,09.csv,275,30,R,20,,Z,N BLUE 4SEASON 2 XLBS,,09,,,,,,
8807622223563,240002461,NEXEN,Reifen,09.csv,275,30,R,20,,Z,N FERA SPORT XL,,09,,,,,,
8807622223730,240002412,NEXEN,Reifen,09.csv,215,45,R,18,,Z,N FERA SPORT XLBS,,09,,,,,,
8807622223754,240002432,NEXEN,Reifen,09.csv,265,40,R,21,,Z,N FERA SPORT XLBS,,09,,,,,,
8807622223778,240002454,NEXEN,Reifen,09.csv,255,30,R,20,,Z,N FERA SPORT XL,,09,,,,,,
8807622223853,240002447,NEXEN,Reifen,09.csv,205,40,R,18,,Z,N FERA SPORT XL,,09,,,,,,
8807622223921,240002418,NEXEN,Reifen,09.csv,225,45,R,19,,Z,N FERA SPORT XLBS,,09,,,,,,
8807622223969,240002453,NEXEN,Reifen,09.csv,245,40,R,21,,Z,N FERA SPORT XL,,09,,,,,,
8807622224027,240002410,NEXEN,Reifen,09.csv,195,55,R,20,,,N FERA SPORT XLBS,,09,,,,,,
8807622224034,240002422,NEXEN,Reifen,09.csv,245,30,R,20,,Z,N FERA SPORT XLBS,,09,,,,,,
8807622225062,240002705,NEXEN,Reifen,09.csv,225,65,R,17,,,N BLUE 4SEASON 2 XLBS 3PMSF,,09,,,,,,
8807622225178,240002672,NEXEN,Reifen,09.csv,205,50,R,17,,,N BLUE 4SEASON 2 XLBSRPB 3PM,,09,,,,,,
8807622225482,240002692,NEXEN,Reifen,09.csv,215,60,R,17,,,N BLUE 4SEASON 2 BS 3PMSF,,09,,,,,,
8807622225499,240002687,NEXEN,Reifen,09.csv,215,55,R,17,,,N BLUE 4SEASON 2 XLBSRPB 3PM,,09,,,,,,
8807622225536,240002676,NEXEN,Reifen,09.csv,205,55,R,17,,Z,N BLUE 4SEASON 2 XLBSR,,09,,,,,,
8807622225574,240002707,NEXEN,Reifen,09.csv,235,45,R,17,,,N BLUE 4SEASON 2 XLBSRPB 3PM,,09,,,,,,
8807622225581,240002710,NEXEN,Reifen,09.csv,235,55,R,17,,,N BLUE 4SEASON 2 XLBSRPB 3PM,,09,,,,,,
8807622225598,240002699,NEXEN,Reifen,09.csv,225,45,R,17,,Z,N BLUE 4SEASON 2 XLBSR,,09,,,,,,
8807622225611,240002701,NEXEN,Reifen,09.csv,225,50,R,17,,,N BLUE 4SEASON 2 XLBSRPB 3PM,,09,,,,,,
8807622225635,240002703,NEXEN,Reifen,09.csv,225,55,R,17,,,N BLUE 4SEASON 2 XLBSRPB 3PM,,09,,,,,,
8807622225642,240002686,NEXEN,Reifen,09.csv,215,50,R,17,,,N BLUE 4SEASON 2 XLBSRPB 3PM,,09,,,,,,
8807622230509,240000689,NEXEN,Reifen,09.csv,255,45,R,19,,,N'FERA RU1 RPB,,09,,,,,,
8807622231506,240000593,NEXEN,Reifen,09.csv,235,35,R,19,,Z,N'FERA SU1 XLRPB,,09,,,,,,
8807622258404,240000663,NEXEN,Reifen,09.csv,245,45,R,19,,Z,N'FERA SU1 XLRPB,,09,,,,,,
8807622273100,240000685,NEXEN,Reifen,09.csv,255,40,R,17,,,N'FERA SU1 XLRPB,,09,,,,,,
8807622335501,240000525,NEXEN,Reifen,09.csv,215,70,R,16C,106,,CP521 M+S,,09,,,,,,
8807622343001,240000404,NEXEN,Reifen,09.csv,195,65,R,15,,,N'BLUE PREMIUM,,09,,,,,,
8807622351402,240000652,NEXEN,Reifen,09.csv,245,35,R,19,,,N'FERA SU1 XLRPB,,09,,,,,,
8807622360909,240000563,NEXEN,Reifen,09.csv,225,55,R,17,,,N'FERA RU1 RPB,,09,,,,,,
8807622384103,240000292,NEXEN,Reifen,09.csv,165,60,R,14,,,N'BLUE HD PLUS,,09,,,,,,
8807622384400,240000313,NEXEN,Reifen,09.csv,175,60,R,16,,,N'BLUE HD PLUS,,09,,,,,,
8807622384707,240000339,NEXEN,Reifen,09.csv,185,55,R,15,,,N'BLUE HD PLUS,,09,,,,,,
8807622385704,240000380,NEXEN,Reifen,09.csv,195,55,R,16,,,N'BLUE HD PLUS,,09,,,,,,
8807622386107,240000391,NEXEN,Reifen,09.csv,195,60,R,16,,,N'BLUE HD PLUS,,09,,,,,,
8807622388309,240000514,NEXEN,Reifen,09.csv,215,60,R,17,,,N'BLUE HD PLUS,,09,,,,,,
8807622396106,240000965,NEXEN,Reifen,09.csv,195,,R,15C,104,,WINGUARD WT1 3PMSF,,09,,,,,,
8807622408304,240000428,NEXEN,Reifen,09.csv,205,45,R,17,,,N'FERA SU1 XLRPB,,09,,,,,,
8807622409509,240000851,NEXEN,Reifen,09.csv,175,60,R,15,,,N BLUE HD PLUS,,09,,,,,,
8807622409707,240000954,NEXEN,Reifen,09.csv,185,65,R,15,,,WINGUARD SNOW G WH2 3PMSF,,09,,,,,,
8807622410307,240000512,NEXEN,Reifen,09.csv,215,60,R,16,,,N'BLUE HD PLUS XL,,09,,,,,,
8807622410406,240000665,NEXEN,Reifen,09.csv,245,55,R,17,,,N'FERA SU1 XLRPB,,09,,,,,,
8807622415500,240000346,NEXEN,Reifen,09.csv,185,60,R,15,,,N'BLUE HD,,09,,,,,,
8807622430404,240001499,NEXEN,Reifen,09.csv,245,45,R,18,,,N FERA SU1,,09,,,,,,
8807622458408,240001122,NEXEN,Reifen,09.csv,205,60,R,15,,,WINGUARD SNOW G WH2 3PMSF,,09,,,,,,
8807622459207,240001006,NEXEN,Reifen,09.csv,195,60,R,15,,,WINGUARD SNOW G WH2 3PMSF,,09,,,,,,
8807622473609,240001341,NEXEN,Reifen,09.csv,225,55,R,17,,,N FERA SU1,,09,,,,,,
8807622478802,240000342,NEXEN,Reifen,09.csv,185,60,R,14,,,N'BLUE HD PLUS,,09,,,,,,
8807622488504,240000360,NEXEN,Reifen,09.csv,185,65,R,15,,,N'BLUE HD PLUS XL,,09,,,,,,
8807622498305,240001039,NEXEN,Reifen,09.csv,195,65,R,15,,,WINGUARD SNOW G WH2 XL 3PMSF,,09,,,,,,
8807622502200,240000804,NEXEN,Reifen,09.csv,155,65,R,14,,,WINGUARD SNOW G WH2 XL 3PMSF,,09,,,,,,
8807622509902,240000801,NEXEN,Reifen,09.csv,155,65,R,14,,,N BLUE HD PLUS,,09,,,,,,
8807622510007,240000825,NEXEN,Reifen,09.csv,165,65,R,14,,,N BLUE HD PLUS,,09,,,,,,
8807622510205,240000840,NEXEN,Reifen,09.csv,165,70,R,14,,,N BLUE HD PLUS,,09,,,,,,
8807622510304,240000885,NEXEN,Reifen,09.csv,175,70,R,14,,,N BLUE HD PLUS,,09,,,,,,
8807622510601,240000828,NEXEN,Reifen,09.csv,165,65,R,15,,,N BLUE HD PLUS,,09,,,,,,
8807622510700,240000872,NEXEN,Reifen,09.csv,175,65,R,15,,,N BLUE HD PLUS,,09,,,,,,
8807622510809,240000875,NEXEN,Reifen,09.csv,175,65,R,15,,,N BLUE HD PLUS,,09,,,,,,
8807622517600,240000980,NEXEN,Reifen,09.csv,195,55,R,15,,,N BLUE HD PLUS,,09,,,,,,
8807622517709,240001138,NEXEN,Reifen,09.csv,205,65,R,15,,,N BLUE HD PLUS,,09,,,,,,
8807622542800,240000789,NEXEN,Reifen,09.csv,145,65,R,15,,,N BLUE HD PLUS,,09,,,,,,
8807622544309,240001399,NEXEN,Reifen,09.csv,235,40,R,18,,Z,WINGUARD SPORT 2 WU7 X,,09,,,,,,
8807622545009,240001296,NEXEN,Reifen,09.csv,225,45,R,17,,,WINGUARD SPORT 2 WU7 XL 3PMS,,09,,,,,,
8807622547805,240001415,NEXEN,Reifen,09.csv,235,45,R,19,,,WINGUARD SPORT 2 WU7 XL 3PMS,,09,,,,,,
8807622548505,240001510,NEXEN,Reifen,09.csv,245,50,R,18,,,WINGUARD SPORT 2 WU7 XL 3PMS,,09,,,,,,
8807622550201,240000816,NEXEN,Reifen,09.csv,165,60,R,15,,,N BLUE HD PLUS,,09,,,,,,
8807622570704,240000882,NEXEN,Reifen,09.csv,175,70,R,13,,,WINGUARD SNOW G WH2 3PMSF,,09,,,,,,
8807622575303,240000989,NEXEN,Reifen,09.csv,195,55,R,16,,,N BLUE HD PLUS,,09,,,,,,
8808563135519,220002596,HANKOOK,Reifen,09.csv,165,,R,13C,92,,RA08 SBL,,09,,,,,,
8808563220093,220000704,HANKOOK,Reifen,09.csv,205,60,R,16C,98,,RA14 6PR,,09,,,,,,
8808563225890,250000228,HANKOOK,Reifen,09.csv,175,,R,13C,95,,RA08 8PR,,09,,,,,,
8808563225920,220002680,HANKOOK,Reifen,09.csv,215,75,R,14C,110,,RA08 SBL,,09,,,,,,
8808563225937,220002643,HANKOOK,Reifen,09.csv,195,75,R,14C,104,,RA08 SBL,,09,,,,,,
8808563228631,220000624,HANKOOK,Reifen,09.csv,195,40,R,17,,,K107 S1 EVO XL,,09,,,,,,
8808563231501,250001023,HANKOOK,Reifen,09.csv,165,70,R,13C,86,,RA08,,09,,,,,,
8808563240633,250000439,HANKOOK,Reifen,09.csv,225,60,R,16C,103,,RA14 6PR,,09,,,,,,
8808563283111,220002591,HANKOOK,Reifen,09.csv,145,70,R,13,,,K715 SBL,,09,,,,,,
8808563284019,220000975,HANKOOK,Reifen,09.csv,215,70,R,16C,106,,RA08 6PR,,09,,,,,,
8808563284231,220001558,HANKOOK,Reifen,09.csv,185,80,R,14,,,K715,,09,,,,,,
8808563285351,220001044,HANKOOK,Reifen,09.csv,215,50,R,17,,,K115,,09,,,,,,
8808563285481,220002097,HANKOOK,Reifen,09.csv,225,65,R,16,,,RA23 XL M+S,,09,,,,,,
8808563293479,220002126,HANKOOK,Reifen,09.csv,235,70,R,17,,,RA23 XL M+S,,09,,,,,,
8808563296890,220001124,HANKOOK,Reifen,09.csv,175,70,R,13,,,W442,,09,,,,,,
8808563296951,220001123,HANKOOK,Reifen,09.csv,165,70,R,13,,,W442,,09,,,,,,
8808563297033,220001127,HANKOOK,Reifen,09.csv,175,65,R,13,,,W442,,09,,,,,,
8808563297453,220001576,HANKOOK,Reifen,09.csv,205,65,R,16C,105,,RA28 VW 8PR,,09,,,,,,
8808563298986,220001043,HANKOOK,Reifen,09.csv,195,45,R,15,,,K115,,09,,,,,,
8808563301372,220001259,HANKOOK,Reifen,09.csv,175,50,R,15,,,K425,,09,,,,,,
8808563301938,220001125,HANKOOK,Reifen,09.csv,155,65,R,13,,,W442,,09,,,,,,
8808563304311,220001103,HANKOOK,Reifen,09.csv,165,70,R,14,,,K425 VW,,09,,,,,,
8808563307855,220001735,HANKOOK,Reifen,09.csv,195,55,R,16,,,K115 *,,09,,,,,,
8808563313122,250000307,HANKOOK,Reifen,09.csv,135,80,R,13,,,K715,,09,,,,,,
8808563313719,220001091,HANKOOK,Reifen,09.csv,195,65,R,15,,,K425 VW,,09,,,,,,
8808563317502,220001257,HANKOOK,Reifen,09.csv,195,55,R,16,,,K425,,09,,,,,,
8808563318141,250000990,HANKOOK,Reifen,09.csv,205,60,R,16,,,K117* S1 EVO2,,09,,,,,,
8808563319353,220002021,HANKOOK,Reifen,09.csv,205,60,R,16,,,K425,,09,,,,,,
8808563325071,220001988,HANKOOK,Reifen,09.csv,195,70,R,15C,102,,RA08,,09,,,,,,
8808563328355,250001550,HANKOOK,Reifen,09.csv,205,50,R,17,,,K117 S1 EVO2 RUN-FLAT,,09,,,,,,
8808563328416,220001699,HANKOOK,Reifen,09.csv,255,40,R,17,,,K117 S1 EVO2 RUN-FLAT,,09,,,,,,
8808563330341,220002132,HANKOOK,Reifen,09.csv,245,35,R,19,,Z,K117 S1 EVO2 AO XL,,09,,,,,,
8808563330365,220001667,HANKOOK,Reifen,09.csv,225,50,R,17,,,K117 S1 EVO2 AO,,09,,,,,,
8808563330761,250001586,HANKOOK,Reifen,09.csv,195,75,R,16C,108,,RA18 10PR,,09,,,,,,
8808563330785,220002624,HANKOOK,Reifen,09.csv,195,,R,14C,105,,RA18 SBL M+S,,09,,,,,,
8808563330808,220001956,HANKOOK,Reifen,09.csv,195,,R,15C,104,,RA18 M+S,,09,,,,,,
8808563330822,220002028,HANKOOK,Reifen,09.csv,205,65,R,16C,105,,RA18 M+S,,09,,,,,,
8808563330846,220002032,HANKOOK,Reifen,09.csv,205,75,R,14C,107,,RA18 M+S,,09,,,,,,
8808563330853,220003285,HANKOOK,Reifen,09.csv,205,75,R,16C,108,,RA18 M+S,,09,,,,,,
8808563331119,250001024,HANKOOK,Reifen,09.csv,155,,R,13C,88,,RA18,,09,,,,,,
8808563331140,220001230,HANKOOK,Reifen,09.csv,175,65,R,14C,88,,RA18 6PR,,09,,,,,,
8808563331164,220001922,HANKOOK,Reifen,09.csv,175,75,R,16C,99,,RA18 M+S,,09,,,,,,
8808563331201,220000284,HANKOOK,Reifen,09.csv,185,,R,14C,100,,RA18 8PR,,09,,,,,,
8808563331256,250001736,HANKOOK,Reifen,09.csv,195,70,R,15C,98,,RA18 6PR,,09,,,,,,
8808563331287,220000525,HANKOOK,Reifen,09.csv,205,65,R,15C,100,,RA18 6PR,,09,,,,,,
8808563331317,220001228,HANKOOK,Reifen,09.csv,205,70,R,15C,104,,RA18 8PR,,09,,,,,,
8808563331379,250001540,HANKOOK,Reifen,09.csv,215,65,R,16C,104,,RA18 6PR,,09,,,,,,
8808563331416,220000303,HANKOOK,Reifen,09.csv,215,,R,14C,110,,RA18 8PR,,09,,,,,,
8808563331461,250000283,HANKOOK,Reifen,09.csv,185,,R,15C,102,,RA18 8PR,,09,,,,,,
8808563331560,220001727,HANKOOK,Reifen,09.csv,205,65,R,16C,101,,RA18 MO,,09,,,,,,
8808563332789,220001826,HANKOOK,Reifen,09.csv,215,65,R,16C,107,,RA18 8PR FORD,,09,,,,,,
8808563332796,220001992,HANKOOK,Reifen,09.csv,195,75,R,16C,105,,RA18 FORD 8PR,,09,,,,,,
8808563334202,250001010,HANKOOK,Reifen,09.csv,235,75,R,15,,,DYNAPRO HP2/RA33,,09,,,,,,
8808563334257,250001013,HANKOOK,Reifen,09.csv,255,65,R,16,,,DYNAPRO HP2/RA33,,09,,,,,,
8808563335780,250001743,HANKOOK,Reifen,09.csv,225,50,R,17,,,K117B S1 EVO2 MOE RUN-FLAT,,09,,,,,,
8808563337708,250001717,HANKOOK,Reifen,09.csv,245,45,R,19,,,K117B* S1 EVO2 RUN-FLAT,,09,,,,,,
8808563338118,220002007,HANKOOK,Reifen,09.csv,205,55,R,16,,,K115 VENTUS PRIME2,,09,,,,,,
8808563340371,220002082,HANKOOK,Reifen,09.csv,225,50,R,17,,,K117 S1 EVO2 AO,,09,,,,,,
8808563343471,220001652,HANKOOK,Reifen,09.csv,295,30,R,19,,Z,K117 S1 EVO2 XL,,09,,,,,,
8808563347523,220002088,HANKOOK,Reifen,09.csv,225,55,R,17,,,V.PRIME2 K115,,09,,,,,,
8808563347530,220001640,HANKOOK,Reifen,09.csv,245,45,R,18,,,K115,,09,,,,,,
8808563349718,250001746,HANKOOK,Reifen,09.csv,235,60,R,18,,,K115,,09,,,,,,
8808563350448,220001650,HANKOOK,Reifen,09.csv,225,55,R,17,,,K117B S1 EVO2 RUN-FLAT,,09,,,,,,
8808563350455,220001649,HANKOOK,Reifen,09.csv,245,45,R,18,,,K117B S1 EVO2 RUN-FLAT XL,,09,,,,,,
8808563352671,250001598,HANKOOK,Reifen,09.csv,195,45,R,17,,,K120 V12 EVO2  XL,,09,,,,,,
8808563352725,220002671,HANKOOK,Reifen,09.csv,215,50,R,17,,Z,V.V12 EVO2 K120 XLSBL,,09,,,,,,
8808563352893,250001623,HANKOOK,Reifen,09.csv,255,60,R,17,,,K117A S1 EVO2,,09,,,,,,
8808563353173,220003111,HANKOOK,Reifen,09.csv,255,30,R,20,,Z,V12 EVO2 K120 XL,,09,,,,,,
8808563356600,250001549,HANKOOK,Reifen,09.csv,225,50,R,17,,,K120 V12 EVO2  XL,,09,,,,,,
8808563357980,220002219,HANKOOK,Reifen,09.csv,245,50,R,18,,,K117 S1 EVO2,,09,,,,,,
8808563358130,220002155,HANKOOK,Reifen,09.csv,255,45,R,18,,,K115 VENTUS PRIME2 XL,,09,,,,,,
8808563359366,220002195,HANKOOK,Reifen,09.csv,225,45,R,17,,,K117B S1 EVO2 RUNFLAT,,09,,,,,,
8808563359526,250001612,HANKOOK,Reifen,09.csv,215,60,R,16,,,K425,,09,,,,,,
8808563360621,220002146,HANKOOK,Reifen,09.csv,245,45,R,18,,,K117B S1 EVO2 HRS XL*,,09,,,,,,
8808563363455,220003328,HANKOOK,Reifen,09.csv,215,70,R,15C,107,,RA18 M+S,,09,,,,,,
8808563367286,220002142,HANKOOK,Reifen,09.csv,245,45,R,18,,,K125 HMCY,,09,,,,,,
8808563367293,220002136,HANKOOK,Reifen,09.csv,245,40,R,19,,,K125 HYUNDAI,,09,,,,,,
8808563367439,220001901,HANKOOK,Reifen,09.csv,165,70,R,14,,,K425 VW,,09,,,,,,
8808563367446,250001742,HANKOOK,Reifen,09.csv,165,70,R,14,,,H740,,09,,,,,,
8808563367460,220001731,HANKOOK,Reifen,09.csv,195,65,R,15,,,K425 VW,,09,,,,,,
8808563367484,220001662,HANKOOK,Reifen,09.csv,225,45,R,17,,,K117 S1 EVO2 VW,,09,,,,,,
8808563367958,220001723,HANKOOK,Reifen,09.csv,225,50,R,18,,,K117B S1 EVO2 RUN-FLAT,,09,,,,,,
8808563372136,220002727,HANKOOK,Reifen,09.csv,235,60,R,16,,,W320 SBL 3PMSF,,09,,,,,,
8808563372877,220002144,HANKOOK,Reifen,09.csv,245,45,R,18,,,V.S1 EVO2 K117 GMY,,09,,,,,,
8808563375014,220002216,HANKOOK,Reifen,09.csv,225,60,R,18,,,W320* XL,,09,,,,,,
8808563375168,220001968,HANKOOK,Reifen,09.csv,195,60,R,16,,,H740,,09,,,,,,
8808563375175,220002018,HANKOOK,Reifen,09.csv,205,60,R,16,,,K125 OPEL,,09,,,,,,
8808563375274,220001711,HANKOOK,Reifen,09.csv,215,55,R,17,,,K125 VENTUS PRIME3,,09,,,,,,
8808563375878,220001938,HANKOOK,Reifen,09.csv,185,65,R,15,,,2 K435,,09,,,,,,
8808563376660,220001736,HANKOOK,Reifen,09.csv,205,55,R,16,,,K115 *,,09,,,,,,
8808563377933,220002020,HANKOOK,Reifen,09.csv,205,60,R,16,,,K425,,09,,,,,,
8808563377940,220001973,HANKOOK,Reifen,09.csv,195,65,R,15,,,K435,,09,,,,,,
8808563377964,220002001,HANKOOK,Reifen,09.csv,205,55,R,16,,,K435,,09,,,,,,
8808563378039,220002208,HANKOOK,Reifen,09.csv,225,45,R,18,,,K117B S1 EVO2 XL MOE RUN-FLA,,09,,,,,,
8808563378220,250001644,HANKOOK,Reifen,09.csv,215,45,R,16,,,W320 XL,,09,,,,,,
8808563378268,250001667,HANKOOK,Reifen,09.csv,225,60,R,16,,,W320 XL,,09,,,,,,
8808563378442,250001695,HANKOOK,Reifen,09.csv,245,70,R,16,,,W320A,,09,,,,,,
8808563379807,220002291,HANKOOK,Reifen,09.csv,235,60,R,17,,,K125 VENTUS PRIME XL AO,,09,,,,,,
8808563381541,220002153,HANKOOK,Reifen,09.csv,255,40,R,17,,Z,K117 S1 EVO2 XL,,09,,,,,,
8808563382845,220002623,HANKOOK,Reifen,09.csv,185,75,R,16C,102,,RA18 SBL M+S,,09,,,,,,
8808563382852,220002641,HANKOOK,Reifen,09.csv,195,65,R,16C,102,,RA18 SBL M+S,,09,,,,,,
8808563382920,220001984,HANKOOK,Reifen,09.csv,195,65,R,16C,98,,RA18 M+S,,09,,,,,,
8808563382982,220002683,HANKOOK,Reifen,09.csv,215,75,R,16C,111,,RA18 SBL M+S,,09,,,,,,
8808563385587,220003200,HANKOOK,Reifen,09.csv,185,70,R,14,,,2 K435,,09,,,,,,
8808563386515,220002436,HANKOOK,Reifen,09.csv,225,70,R,15,,,RF10 FR M+S,,09,,,,,,
8808563386553,220000998,HANKOOK,Reifen,09.csv,205,80,R,16,,,RF10 XL,,09,,,,,,
8808563386928,220002706,HANKOOK,Reifen,09.csv,225,70,R,15C,110,,RA18 SBL M+S,,09,,,,,,
8808563387383,220000996,HANKOOK,Reifen,09.csv,195,80,R,15,,,RF10,,09,,,,,,
8808563387390,250001569,HANKOOK,Reifen,09.csv,205,70,R,15,,,RF10 M+S,,09,,,,,,
8808563387659,250001596,HANKOOK,Reifen,09.csv,205,65,R,16C,105,,RA28E VW 8PR,,09,,,,,,
8808563388250,220002272,HANKOOK,Reifen,09.csv,205,60,R,16,,,K117B S1 EVO2 RUN-FLAT,,09,,,,,,
8808563388359,220003319,HANKOOK,Reifen,09.csv,185,55,R,15,,,K120 V12 EVO2,,09,,,,,,
8808563390475,220001997,HANKOOK,Reifen,09.csv,205,50,R,15,,Z,K120 V12 EVO2,,09,,,,,,
8808563390499,250001741,HANKOOK,Reifen,09.csv,215,40,R,18,,,K117B S1 EVO2 RUN-FLAT,,09,,,,,,
8808563390505,220001648,HANKOOK,Reifen,09.csv,225,35,R,19,,,K117B S1 EVO2 RUN-FLAT XL,,09,,,,,,
8808563390512,220001724,HANKOOK,Reifen,09.csv,255,30,R,19,,,K117B S1 EVO2 RUN-FLAT XL,,09,,,,,,
8808563390628,220001673,HANKOOK,Reifen,09.csv,215,65,R,15C,102,,RA18,,09,,,,,,
8808563390659,220002415,HANKOOK,Reifen,09.csv,195,75,R,16C,105,,RA18 MO-V,,09,,,,,,
8808563393575,220002657,HANKOOK,Reifen,09.csv,205,55,R,16,,,K125B HRS*SBL,,09,,,,,,
8808563393766,220002583,HANKOOK,Reifen,09.csv,225,45,R,18,,,V.S1 EVO3 K127B HRSXL*SBL,,09,,,,,,
8808563393773,220002991,HANKOOK,Reifen,09.csv,255,40,R,18,,,V.S1 EVO3 K127B HRSXL*SBL,,09,,,,,,
8808563393957,220002269,HANKOOK,Reifen,09.csv,205,60,R,16,,,K435,,09,,,,,,
8808563396057,220001678,HANKOOK,Reifen,09.csv,235,45,R,18,,,K115 SEALGUARD,,09,,,,,,
8808563401652,220001546,HANKOOK,Reifen,09.csv,195,55,R,15,,,K125 VENTUS PRIME3,,09,,,,,,
8808563401911,220001539,HANKOOK,Reifen,09.csv,215,55,R,16,,,K125 VENTUS PRIME3 XL,,09,,,,,,
8808563402406,220002692,HANKOOK,Reifen,09.csv,225,45,R,18,,,V.S1 EVO3 K127 SBL,,09,,,,,,
8808563403106,220003224,HANKOOK,Reifen,09.csv,225,50,R,17,,,K117 S1 EVO2 AO XL FR,,09,,,,,,
8808563404608,220003209,HANKOOK,Reifen,09.csv,205,60,R,16,,,K125,,09,,,,,,
8808563405124,220001608,HANKOOK,Reifen,09.csv,195,70,R,16,,,W452,,09,,,,,,
8808563405162,220001596,HANKOOK,Reifen,09.csv,165,60,R,14,,,W452 XL,,09,,,,,,
8808563405179,220001622,HANKOOK,Reifen,09.csv,205,60,R,15,,,W452,,09,,,,,,
8808563405285,220001625,HANKOOK,Reifen,09.csv,145,65,R,15,,,W452,,09,,,,,,
8808563405407,220001590,HANKOOK,Reifen,09.csv,175,55,R,15,,,W452,,09,,,,,,
8808563405452,220001642,HANKOOK,Reifen,09.csv,245,35,R,19,,Z,K117 S1 EVO2 RO1 XL,,09,,,,,,
8808563406176,220002731,HANKOOK,Reifen,09.csv,235,65,R,16C,119,,RA18 SBL,,09,,,,,,
8808563406244,220003334,HANKOOK,Reifen,09.csv,235,40,R,19,,Z,V.S1 EVO3 K127 N0,,09,,,,,,
8808563406251,220003360,HANKOOK,Reifen,09.csv,265,40,R,19,,Z,V.S1 EVO3 K127 N0,,09,,,,,,
8808563406466,220002265,HANKOOK,Reifen,09.csv,205,55,R,17,,,K117 S1 EVO2 MO,,09,,,,,,
8808563406503,220002157,HANKOOK,Reifen,09.csv,255,50,R,19,,,K117A S1 EVO2 MO,,09,,,,,,
8808563407517,220001860,HANKOOK,Reifen,09.csv,245,40,R,19,,,W320B 3PMSF HRS XL,,09,,,,,,
8808563407685,220001583,HANKOOK,Reifen,09.csv,225,50,R,16,,,W320 XL,,09,,,,,,
8808563407739,220001614,HANKOOK,Reifen,09.csv,215,40,R,17,,,W320 XL,,09,,,,,,
8808563407760,220001618,HANKOOK,Reifen,09.csv,215,55,R,16,,,W320 XL,,09,,,,,,
8808563407807,220002000,HANKOOK,Reifen,09.csv,205,50,R,17,,,W320B 3PMSF HRS M+S,,09,,,,,,
8808563407852,220002417,HANKOOK,Reifen,09.csv,205,55,R,16,,,K125B HRSFR,,09,,,,,,
8808563408477,220002280,HANKOOK,Reifen,09.csv,225,45,R,18,,,K117 S1 EVO2 MO,,09,,,,,,
8808563410067,250001728,HANKOOK,Reifen,09.csv,225,60,R,17,,,K115,,09,,,,,,
8808563410616,220002125,HANKOOK,Reifen,09.csv,235,70,R,16,,,W320A SUV 3PMSF XL M+S,,09,,,,,,
8808563411330,220002593,HANKOOK,Reifen,09.csv,155,65,R,14,,,2 K435 SBL,,09,,,,,,
8808563411378,220002599,HANKOOK,Reifen,09.csv,165,65,R,14,,,2 K435 SBL,,09,,,,,,
8808563411392,220002251,HANKOOK,Reifen,09.csv,175,65,R,14,,,K435,,09,,,,,,
8808563411415,220002611,HANKOOK,Reifen,09.csv,175,65,R,15,,,2 K435 SBL,,09,,,,,,
8808563411446,220001919,HANKOOK,Reifen,09.csv,175,70,R,14,,,K435,,09,,,,,,
8808563411477,220002617,HANKOOK,Reifen,09.csv,185,60,R,14,,,2 K435 SBL,,09,,,,,,
8808563411521,220001933,HANKOOK,Reifen,09.csv,185,65,R,14,,,K435,,09,,,,,,
8808563411767,220002626,HANKOOK,Reifen,09.csv,195,50,R,15,,,K125 SBL,,09,,,,,,
8808563411811,220002629,HANKOOK,Reifen,09.csv,195,55,R,15,,,K125 XLSBL,,09,,,,,,
8808563411866,220001715,HANKOOK,Reifen,09.csv,205,50,R,16,,,K125 VENTUS PRIME3 XL,,09,,,,,,
8808563411903,220001695,HANKOOK,Reifen,09.csv,205,60,R,15,,,K125 VENTUS PRIME3,,09,,,,,,
8808563411910,220002662,HANKOOK,Reifen,09.csv,205,65,R,15,,,K125 SBL,,09,,,,,,
8808563411941,220001717,HANKOOK,Reifen,09.csv,215,50,R,17,,,K125 VENTUS PRIME3 XL,,09,,,,,,
8808563412078,220002693,HANKOOK,Reifen,09.csv,225,50,R,17,,,K125 SBL,,09,,,,,,
8808563412177,220001751,HANKOOK,Reifen,09.csv,135,70,R,15,,,W452,,09,,,,,,
8808563412184,220001750,HANKOOK,Reifen,09.csv,135,80,R,13,,,W452,,09,,,,,,
8808563412191,220001623,HANKOOK,Reifen,09.csv,145,60,R,13,,,W452,,09,,,,,,
8808563412214,220001764,HANKOOK,Reifen,09.csv,155,70,R,13,,,H740,,09,,,,,,
8808563412320,220001771,HANKOOK,Reifen,09.csv,165,70,R,13,,,H740 XL,,09,,,,,,
8808563412870,220002107,HANKOOK,Reifen,09.csv,235,45,R,18,,,K115 SKODA,,09,,,,,,
8808563413341,220002108,HANKOOK,Reifen,09.csv,235,45,R,18,,,K125 XL,,09,,,,,,
8808563413655,220001888,HANKOOK,Reifen,09.csv,155,80,R,13,,,K435,,09,,,,,,
8808563413662,220002612,HANKOOK,Reifen,09.csv,175,70,R,13,,,2 K435 SBL,,09,,,,,,
8808563413686,220002198,HANKOOK,Reifen,09.csv,165,70,R,14,,,K435,,09,,,,,,
8808563413693,220002607,HANKOOK,Reifen,09.csv,175,65,R,14,,,2 K435 SBL,,09,,,,,,
8808563413709,220002613,HANKOOK,Reifen,09.csv,175,70,R,14,,,2 K435 XLSBL,,09,,,,,,
8808563413723,220002615,HANKOOK,Reifen,09.csv,185,55,R,14,,,2 K435 SBL,,09,,,,,,
8808563413761,220002622,HANKOOK,Reifen,09.csv,185,70,R,14,,,2 K435 SBL,,09,,,,,,
8808563413778,220001965,HANKOOK,Reifen,09.csv,195,60,R,14,,,K435,,09,,,,,,
8808563413785,220001986,HANKOOK,Reifen,09.csv,195,70,R,14,,,K435,,09,,,,,,
8808563413792,220001879,HANKOOK,Reifen,09.csv,145,65,R,15,,,K435,,09,,,,,,
8808563413808,220002600,HANKOOK,Reifen,09.csv,165,65,R,15,,,2 K435 SBL,,09,,,,,,
8808563413815,220001905,HANKOOK,Reifen,09.csv,175,55,R,15,,,K435,,09,,,,,,
8808563413822,220002605,HANKOOK,Reifen,09.csv,175,60,R,15,,,2 K435 SBL,,09,,,,,,
8808563413877,220002024,HANKOOK,Reifen,09.csv,205,65,R,15,,,K435 XL,,09,,,,,,
8808563413921,220001680,HANKOOK,Reifen,09.csv,185,55,R,15,,,K125 VENTUS PRIME3,,09,,,,,,
8808563413938,220001681,HANKOOK,Reifen,09.csv,185,55,R,15,,,K125 VENTUS PRIME3 XL,,09,,,,,,
8808563413976,220001692,HANKOOK,Reifen,09.csv,195,60,R,15,,,K125 VENTUS PRIME3,,09,,,,,,
8808563413983,220001713,HANKOOK,Reifen,09.csv,205,50,R,15,,,K125 VENTUS PRIME3,,09,,,,,,
8808563413990,220001698,HANKOOK,Reifen,09.csv,205,55,R,15,,,K125 VENTUS PRIME3,,09,,,,,,
8808563415376,220002309,HANKOOK,Reifen,09.csv,195,55,R,16,,,K125 VENTUS PRIME3 XL AO,,09,,,,,,
8808563419138,220002289,HANKOOK,Reifen,09.csv,235,50,R,19,,,K117A S1 EVO2 SUV AO,,09,,,,,,
8808563420943,220002407,HANKOOK,Reifen,09.csv,165,70,R,14,,,2 K435,,09,,,,,,
8808563422626,220002419,HANKOOK,Reifen,09.csv,205,60,R,16,,,K125,,09,,,,,,
8808563422640,220002422,HANKOOK,Reifen,09.csv,215,45,R,18,,,K125,,09,,,,,,
8808563422657,220002267,HANKOOK,Reifen,09.csv,205,60,R,16,,,H740 3PMSF,,09,,,,,,
8808563423616,220002310,HANKOOK,Reifen,09.csv,215,50,R,18,,,K125,,09,,,,,,
8808563423869,220003694,HANKOOK,Reifen,09.csv,225,45,R,18,,,V.S1 EVO3 K127B HRSXL*SBL,,09,,,,,,
8808563425771,220001766,HANKOOK,Reifen,09.csv,155,80,R,13,,,H740,,09,,,,,,
8808563425887,220001760,HANKOOK,Reifen,09.csv,145,70,R,13,,,H740,,09,,,,,,
8808563425894,220001762,HANKOOK,Reifen,09.csv,145,80,R,13,,,H740,,09,,,,,,
8808563427348,220002479,HANKOOK,Reifen,09.csv,255,55,R,18,,,V.S1 EVO2 K117A N1,,09,,,,,,
8808563427737,220003204,HANKOOK,Reifen,09.csv,195,65,R,15,,,2 K435,,09,,,,,,
8808563429205,220001833,HANKOOK,Reifen,09.csv,235,75,R,15,,,W320A SUV 3PMSF,,09,,,,,,
8808563429212,220001834,HANKOOK,Reifen,09.csv,255,65,R,16,,,W320A SUV 3PMSF,,09,,,,,,
8808563429618,220002426,HANKOOK,Reifen,09.csv,215,65,R,17C,,,RA18 XL M+S,,09,,,,,,
8808563431567,220002929,HANKOOK,Reifen,09.csv,175,65,R,15,,,2 K435 XL*SBL,,09,,,,,,
8808563431574,220002632,HANKOOK,Reifen,09.csv,195,55,R,16,,,K125 *,,09,,,,,,
8808563431598,220002936,HANKOOK,Reifen,09.csv,205,45,R,17,,,V.S1 EVO3 K127B XL* R-F SBL,,09,,,,,,
8808563431635,220002938,HANKOOK,Reifen,09.csv,205,55,R,17,,,V.S1 EVO3 K127 XL*SBL,,09,,,,,,
8808563432540,220002592,HANKOOK,Reifen,09.csv,155,65,R,13,,,2 K435 SBL,,09,,,,,,
8808563432557,220002603,HANKOOK,Reifen,09.csv,165,80,R,13,,,2 K435 SBL,,09,,,,,,
8808563432601,220002601,HANKOOK,Reifen,09.csv,165,70,R,14,,,2 K435 XLSBL,,09,,,,,,
8808563432731,220002720,HANKOOK,Reifen,09.csv,235,55,R,18,,,2 RA33 SBL M+S,,09,,,,,,
8808563432861,220002604,HANKOOK,Reifen,09.csv,175,60,R,14,,,2 K435 SBL,,09,,,,,,
8808563433257,220002666,HANKOOK,Reifen,09.csv,205,70,R,15,,,2 K435 SBL,,09,,,,,,
8808563433264,220002658,HANKOOK,Reifen,09.csv,205,60,R,15,,,2 K435 SBL,,09,,,,,,
8808563433462,220002196,HANKOOK,Reifen,09.csv,175,70,R,13,,,K435,,09,,,,,,
8808563433486,220001948,HANKOOK,Reifen,09.csv,185,70,R,13,,,K435,,09,,,,,,
8808563433493,220001887,HANKOOK,Reifen,09.csv,155,70,R,14,,,K435,,09,,,,,,
8808563433523,220001949,HANKOOK,Reifen,09.csv,185,70,R,14,,,K435,,09,,,,,,
8808563433530,220001971,HANKOOK,Reifen,09.csv,195,65,R,14,,,K435,,09,,,,,,
8808563433554,220001903,HANKOOK,Reifen,09.csv,165,80,R,15,,,K435,,09,,,,,,
8808563433561,220001892,HANKOOK,Reifen,09.csv,165,60,R,15,,,K435,,09,,,,,,
8808563433578,220001990,HANKOOK,Reifen,09.csv,195,70,R,15,,,K435 XL,,09,,,,,,
8808563433622,220002043,HANKOOK,Reifen,09.csv,215,65,R,15,,,K435,,09,,,,,,
8808563434612,220002722,HANKOOK,Reifen,09.csv,235,55,R,18,,,V.S1 EVO2 K117A SBL,,09,,,,,,
8808563437828,220002408,HANKOOK,Reifen,09.csv,185,55,R,15,,,2 K435,,09,,,,,,
8808563437835,220003203,HANKOOK,Reifen,09.csv,195,50,R,16,,,2 K435,,09,,,,,,
8808563438696,220002937,HANKOOK,Reifen,09.csv,205,55,R,17,,,H740 VWSBL 3PMSF,,09,,,,,,
8808563438870,220003628,HANKOOK,Reifen,09.csv,195,65,R,15,,,2 K435 VW,,09,,,,,,
8808563438931,220003131,HANKOOK,Reifen,09.csv,235,35,R,19,,,V.S1 EVO3 K127 XLVWSBLFR,,09,,,,,,
8808563440613,220001998,HANKOOK,Reifen,09.csv,205,50,R,16,,,W452 3PMSF XL M+S,,09,,,,,,
8808563441115,220002455,HANKOOK,Reifen,09.csv,235,75,R,15,,,DYNAPRO AT2 RF11 XLOWL 3PMSF,,09,,,,,,
8808563441122,220002437,HANKOOK,Reifen,09.csv,225,70,R,16,,,DYNAPRO AT2 RF11 OWL 3PMSF,,09,,,,,,
8808563441139,220002442,HANKOOK,Reifen,09.csv,225,75,R,16,,,DYNAPRO AT2 RF11 XLOWL 3PMSF,,09,,,,,,
8808563441146,220002451,HANKOOK,Reifen,09.csv,235,70,R,16,,,DYNAPRO AT2 RF11 XLOWL 3PMSF,,09,,,,,,
8808563441740,220002477,HANKOOK,Reifen,09.csv,255,45,R,19,,,V.S1 EVO2 K117A SUV XL,,09,,,,,,
8808563442006,220002087,HANKOOK,Reifen,09.csv,225,55,R,17,,,K115 XL MO,,09,,,,,,
8808563446486,220002636,HANKOOK,Reifen,09.csv,195,65,R,15,,,2 K435 SBL,,09,,,,,,
8808563446493,220002414,HANKOOK,Reifen,09.csv,195,65,R,15,,,2 K435 XL,,09,,,,,,
8808563446509,220002652,HANKOOK,Reifen,09.csv,205,55,R,16,,,K125 XLSBL,,09,,,,,,
8808563447049,220003125,HANKOOK,Reifen,09.csv,215,60,R,16,,,2 K435 SBL,,09,,,,,,
8808563447384,220002567,HANKOOK,Reifen,09.csv,195,70,R,15C,102,,VANTRA ST AS2 RA30 3PMSF,,09,,,,,,
8808563448824,220003140,HANKOOK,Reifen,09.csv,235,60,R,18,,,VENTUS PRIME3X K125A XLSBL,,09,,,,,,
8808563448909,220002542,HANKOOK,Reifen,09.csv,195,70,R,15C,102,,LV RW12 3PMSF,,09,,,,,,
8808563448954,220002544,HANKOOK,Reifen,09.csv,195,75,R,16C,105,,LV RW12 3PMSF,,09,,,,,,
8808563448961,220002543,HANKOOK,Reifen,09.csv,195,75,R,16C,108,,LV RW12 3PMSF,,09,,,,,,
8808563448978,220002579,HANKOOK,Reifen,09.csv,225,70,R,15C,110,,LV RW12 3PMSF,,09,,,,,,
8808563449005,220002575,HANKOOK,Reifen,09.csv,215,75,R,16C,111,,LV RW12 3PMSF,,09,,,,,,
8808563449050,220002546,HANKOOK,Reifen,09.csv,215,60,R,16C,101,,LV RW12 3PMSF,,09,,,,,,
8808563449074,220002933,HANKOOK,Reifen,09.csv,185,,R,14C,100,,LV RW12 SBL 3PMSF,,09,,,,,,
8808563449098,220003038,HANKOOK,Reifen,09.csv,195,,R,14C,104,,LV RW12,,09,,,,,,
8808563449104,220002949,HANKOOK,Reifen,09.csv,215,65,R,15C,102,,LV RW12 SBL 3PMSF,,09,,,,,,
8808563449142,220002663,HANKOOK,Reifen,09.csv,205,65,R,15C,100,,LV RW12 SBL 3PMSF,,09,,,,,,
8808563449166,220003035,HANKOOK,Reifen,09.csv,165,70,R,14C,87,,LV RW12 SBL 3PMSF,,09,,,,,,
8808563449203,220002540,HANKOOK,Reifen,09.csv,175,75,R,16C,99,,LV RW12 3PMSF,,09,,,,,,
8808563449210,220003039,HANKOOK,Reifen,09.csv,195,80,R,15C,106,,LV RW12,,09,,,,,,
8808563449234,220002927,HANKOOK,Reifen,09.csv,165,70,R,13C,86,,LV RW12 SBL 3PMSF,,09,,,,,,
8808563449326,220003410,HANKOOK,Reifen,09.csv,165,,R,14C,95,,RA18 SBL,,09,,,,,,
8808563450490,220003119,HANKOOK,Reifen,09.csv,205,55,R,16,,,2 K435 SBL,,09,,,,,,
8808563450520,220003208,HANKOOK,Reifen,09.csv,205,60,R,16,,,2 K435,,09,,,,,,
8808563450858,220002241,HANKOOK,Reifen,09.csv,205,55,R,16,,,H750 XL 3PMSF,,09,,,,,,
8808563450865,220002259,HANKOOK,Reifen,09.csv,195,65,R,15,,,H750 3PMSF,,09,,,,,,
8808563450896,220002230,HANKOOK,Reifen,09.csv,185,60,R,15,,,H750 3PMSF XL M+S,,09,,,,,,
8808563450933,220002231,HANKOOK,Reifen,09.csv,225,50,R,17,,,H750 3PMSF XL,,09,,,,,,
8808563450940,220002238,HANKOOK,Reifen,09.csv,195,65,R,15,,,H750 3PMSF,,09,,,,,,
8808563451084,220002276,HANKOOK,Reifen,09.csv,215,65,R,16,,,H750 XL 3PMSF,,09,,,,,,
8808563451763,220002721,HANKOOK,Reifen,09.csv,235,55,R,18,,,K125 SBL,,09,,,,,,
8808563451800,220002262,HANKOOK,Reifen,09.csv,205,55,R,16,,,H750 XL 3PMSF,,09,,,,,,
8808563451817,220002232,HANKOOK,Reifen,09.csv,185,65,R,15,,,H750 XL 3PMSF,,09,,,,,,
8808563451824,220002249,HANKOOK,Reifen,09.csv,175,65,R,14,,,H750 XL 3PMSF,,09,,,,,,
8808563451831,220002233,HANKOOK,Reifen,09.csv,225,45,R,17,,,H750 XL 3PMSF,,09,,,,,,
8808563451848,220002266,HANKOOK,Reifen,09.csv,205,60,R,16,,,H750 XL 3PMSF,,09,,,,,,
8808563451855,220002275,HANKOOK,Reifen,09.csv,215,60,R,16,,,H750 XL 3PMSF,,09,,,,,,
8808563452609,220003115,HANKOOK,Reifen,09.csv,185,65,R,15,,,2 K435 SBL,,09,,,,,,
8808563452623,220003118,HANKOOK,Reifen,09.csv,195,55,R,16,,,2 K435 SBL,,09,,,,,,
8808563453507,220003703,HANKOOK,Reifen,09.csv,235,55,R,17,,,VENTUS PRIME3 X K125A XLSBLF,,09,,,,,,
8808563453514,220003747,HANKOOK,Reifen,09.csv,235,50,R,18,,,V.S1 EVO3 K127A SUV XLSBL,,09,,,,,,
8808563453545,220002476,HANKOOK,Reifen,09.csv,255,30,R,22,,Z,V.S1 EVO3 K127 XL,,09,,,,,,
8808563453552,220002490,HANKOOK,Reifen,09.csv,265,30,R,22,,Z,V.S1 EVO3 K127 XL,,09,,,,,,
8808563453576,220002462,HANKOOK,Reifen,09.csv,245,35,R,21,,Z,V.S1 EVO3 K127 XL,,09,,,,,,
8808563453583,220002494,HANKOOK,Reifen,09.csv,265,35,R,21,,Z,V.S1 EVO3 K127 XL,,09,,,,,,
8808563453590,220002514,HANKOOK,Reifen,09.csv,275,35,R,21,,Z,V.S1 EVO3 K127 XL,,09,,,,,,
8808563453606,220002511,HANKOOK,Reifen,09.csv,275,30,R,21,,Z,V.S1 EVO3 K127 XL,,09,,,,,,
8808563453613,220002518,HANKOOK,Reifen,09.csv,285,30,R,21,,Z,V.S1 EVO3 K127 XL,,09,,,,,,
8808563453637,220002495,HANKOOK,Reifen,09.csv,265,40,R,20,,Z,V.S1 EVO3 K127 XL,,09,,,,,,
8808563453644,220002431,HANKOOK,Reifen,09.csv,225,35,R,20,,Z,V.S1 EVO3 K127 XL,,09,,,,,,
8808563453651,220002330,HANKOOK,Reifen,09.csv,235,35,R,20,,Z,V.S1 EVO3 K127 XL,,09,,,,,,
8808563453668,220002332,HANKOOK,Reifen,09.csv,245,35,R,20,,Z,V.S1 EVO3 K127 XL,,09,,,,,,
8808563453682,220002399,HANKOOK,Reifen,09.csv,265,35,R,20,,Z,V.S1 EVO3 K127 XL,,09,,,,,,
8808563453712,220002320,HANKOOK,Reifen,09.csv,245,30,R,20,,Z,V.S1 EVO3 K127 XL,,09,,,,,,
8808563453729,220002315,HANKOOK,Reifen,09.csv,255,30,R,20,,Z,V.S1 EVO3 K127 XL,,09,,,,,,
8808563453736,220002489,HANKOOK,Reifen,09.csv,265,30,R,20,,Z,V.S1 EVO3 K127 XL,,09,,,,,,
8808563453750,220002525,HANKOOK,Reifen,09.csv,295,30,R,20,,Z,V.S1 EVO3 K127 XL,,09,,,,,,
8808563453767,220002528,HANKOOK,Reifen,09.csv,305,30,R,20,,Z,V.S1 EVO3 K127 XL,,09,,,,,,
8808563453774,220002751,HANKOOK,Reifen,09.csv,265,25,R,20,,Z,V.S1 EVO3 K127 XLSBLFS,,09,,,,,,
8808563453781,220002434,HANKOOK,Reifen,09.csv,225,45,R,19,,Z,V.S1 EVO3 K127 XL,,09,,,,,,
8808563453798,220002325,HANKOOK,Reifen,09.csv,245,45,R,19,,Z,K127 XL,,09,,,,,,
8808563453828,220002463,HANKOOK,Reifen,09.csv,245,40,R,19,,Z,V.S1 EVO3 K127 XL,,09,,,,,,
8808563453842,220002515,HANKOOK,Reifen,09.csv,275,40,R,19,,Z,V.S1 EVO3 K127 XL,,09,,,,,,
8808563453873,220002321,HANKOOK,Reifen,09.csv,235,35,R,19,,Z,V.S1 EVO3 K127 XL,,09,,,,,,
8808563453996,220002391,HANKOOK,Reifen,09.csv,215,45,R,18,,Z,V.S1 EVO3 K127 XL,,09,,,,,,
8808563454023,220002318,HANKOOK,Reifen,09.csv,255,45,R,18,,Z,V.S1 EVO3 K127 XL,,09,,,,,,
8808563454078,220002338,HANKOOK,Reifen,09.csv,235,40,R,18,,Z,V.S1 EVO3 K127 XL,,09,,,,,,
8808563454085,220002329,HANKOOK,Reifen,09.csv,255,40,R,18,,Z,V.S1 EVO3 K127 XL,,09,,,,,,
8808563454115,220002322,HANKOOK,Reifen,09.csv,245,35,R,18,,Z,V.S1 EVO3 K127 XL,,09,,,,,,
8808563454122,220002324,HANKOOK,Reifen,09.csv,255,35,R,18,,Z,V.S1 EVO3 K127 XL,,09,,,,,,
8808563454139,220002491,HANKOOK,Reifen,09.csv,265,35,R,18,,Z,V.S1 EVO3 K127 XL,,09,,,,,,
8808563454146,220002398,HANKOOK,Reifen,09.csv,275,35,R,18,,Z,V.S1 EVO3 K127 XL,,09,,,,,,
8808563454160,220002389,HANKOOK,Reifen,09.csv,225,50,R,17,,Z,V.S1 EVO3 K127 XL,,09,,,,,,
8808563455259,220003116,HANKOOK,Reifen,09.csv,185,65,R,15,,,2 K435 VWSBL,,09,,,,,,
8808563455273,220002950,HANKOOK,Reifen,09.csv,215,65,R,17,,,VENTUS PRIME3 X K125A VWSBL,,09,,,,,,
8808563455280,220002978,HANKOOK,Reifen,09.csv,235,55,R,18,,,VENTUS PRIME3 X K125A SEALGU,,09,,,,,,
8808563455334,220002944,HANKOOK,Reifen,09.csv,215,55,R,17,,,K125 SEALGUARD VWSBL,,09,,,,,,
8808563455341,220002945,HANKOOK,Reifen,09.csv,215,55,R,17,,,K125 VWSBL,,09,,,,,,
8808563455471,220002346,HANKOOK,Reifen,09.csv,225,45,R,17,,Z,V.S1 EVO3 K127 XL,,09,,,,,,
8808563456171,220002943,HANKOOK,Reifen,09.csv,215,45,R,18,,,V.S1 EVO3 K127 XLAOSBLFSL,,09,,,,,,
8808563456256,220002427,HANKOOK,Reifen,09.csv,215,70,R,16,,,V.PRIME2 K115,,09,,,,,,
8808563456263,220002295,HANKOOK,Reifen,09.csv,245,45,R,19,,,K117A S1 EVO2,,09,,,,,,
8808563457727,220002393,HANKOOK,Reifen,09.csv,235,45,R,19,,Z,V.S1 EVO3 K127 XL,,09,,,,,,
8808563457741,220002519,HANKOOK,Reifen,09.csv,285,35,R,20,,Z,V.S1 EVO3 K127 XL,,09,,,,,,
8808563457772,220003143,HANKOOK,Reifen,09.csv,245,45,R,18,,,V.S1 EVO3 K127B HRSXL*SBL,,09,,,,,,
8808563457888,220002526,HANKOOK,Reifen,09.csv,295,35,R,20,,Z,V.S1 EVO3 K127 XL,,09,,,,,,
8808563458458,220003049,HANKOOK,Reifen,09.csv,225,45,R,18,,,W320B HRSXL*SBL 3PMSF,,09,,,,,,
8808563458656,220002958,HANKOOK,Reifen,09.csv,225,45,R,19,,,V.S1 EVO3 K127 XLSBLFSL,,09,,,,,,
8808563458700,220002449,HANKOOK,Reifen,09.csv,235,65,R,17,,,VENTUS PRIME3X K125 A,,09,,,,,,
8808563460000,220003139,HANKOOK,Reifen,09.csv,235,60,R,18,,,V.S1 EVO3 K127E EV VWSBL,,09,,,,,,
8808563460017,220003137,HANKOOK,Reifen,09.csv,235,55,R,19,,,V.S1 EVO3 K127E EV VWSBL,,09,,,,,,
8808563460895,220003146,HANKOOK,Reifen,09.csv,255,40,R,21,,Z,V.S1 EVO Z K129 XL*SB,,09,,,,,,
8808563461342,220003322,HANKOOK,Reifen,09.csv,195,45,R,18,,,W320 XL* 3PMSF,,09,,,,,,
8808563461366,220002953,HANKOOK,Reifen,09.csv,225,35,R,18,,,V.S1 EVO Z K129 XL*SBL,,09,,,,,,
8808563462585,220002368,HANKOOK,Reifen,09.csv,165,60,R,14,,,H750 3PMSF,,09,,,,,,
8808563462592,220002376,HANKOOK,Reifen,09.csv,175,70,R,14,,,H750 XL 3PMSF,,09,,,,,,
8808563462608,220002374,HANKOOK,Reifen,09.csv,185,65,R,14,,,H750 3PMSF,,09,,,,,,
8808563462615,220002369,HANKOOK,Reifen,09.csv,185,60,R,14,,,H750 3PMSF,,09,,,,,,
8808563462622,220002365,HANKOOK,Reifen,09.csv,185,55,R,14,,,H750 FR 3PMSF,,09,,,,,,
8808563462653,220002364,HANKOOK,Reifen,09.csv,175,55,R,15,,,H750 FR 3PMSF,,09,,,,,,
8808563462677,220002367,HANKOOK,Reifen,09.csv,195,60,R,15,,,H750 3PMSF,,09,,,,,,
8808563462684,220002362,HANKOOK,Reifen,09.csv,195,55,R,15,,,H750 FR 3PMSF,,09,,,,,,
8808563462707,220002371,HANKOOK,Reifen,09.csv,205,65,R,15,,,H750 3PMSF,,09,,,,,,
8808563462745,220002359,HANKOOK,Reifen,09.csv,215,55,R,16,,,H750 XLFR 3PMSF,,09,,,,,,
8808563462752,220002423,HANKOOK,Reifen,09.csv,215,55,R,16,,,H750 XLFR 3PMSF,,09,,,,,,
8808563462769,220002358,HANKOOK,Reifen,09.csv,225,55,R,16,,,H750 XLFR 3PMSF,,09,,,,,,
8808563462806,220002350,HANKOOK,Reifen,09.csv,215,50,R,17,,,H750 XLFR 3PMSF,,09,,,,,,
8808563462844,220002356,HANKOOK,Reifen,09.csv,225,55,R,17,,,H750 XL 3PMSF,,09,,,,,,
8808563462868,220002355,HANKOOK,Reifen,09.csv,235,55,R,17,,,H750 XLFR 3PMSF,,09,,,,,,
8808563462875,220002345,HANKOOK,Reifen,09.csv,235,45,R,17,,,H750 XLFR 3PMSF,,09,,,,,,
8808563462905,220002379,HANKOOK,Reifen,09.csv,235,50,R,18,,,H750 XLFR 3PMSF,,09,,,,,,
8808563462929,220002370,HANKOOK,Reifen,09.csv,165,60,R,15,,,H750 3PMSF,,09,,,,,,
8808563462936,220002349,HANKOOK,Reifen,09.csv,195,45,R,16,,,H750 XLFR 3PMSF,,09,,,,,,
8808563462943,220002352,HANKOOK,Reifen,09.csv,195,50,R,16,,,H750 XLFR 3PMSF,,09,,,,,,
8808563462950,220002348,HANKOOK,Reifen,09.csv,205,45,R,17,,,H750 XLFR 3PMSF,,09,,,,,,
8808563462967,220002344,HANKOOK,Reifen,09.csv,225,45,R,18,,,H750 XLFR 3PMSF,,09,,,,,,
8808563462998,220002336,HANKOOK,Reifen,09.csv,245,40,R,18,,,H750 XLFR 3PMSF,,09,,,,,,
8808563463001,220002341,HANKOOK,Reifen,09.csv,245,45,R,18,,,H750 XL 3PMSF,,09,,,,,,
8808563463025,220002333,HANKOOK,Reifen,09.csv,255,35,R,19,,,H750 XLFR 3PMSF,,09,,,,,,
8808563463032,220002334,HANKOOK,Reifen,09.csv,255,40,R,19,,,H750 XLFR 3PMSF,,09,,,,,,
8808563464626,220002961,HANKOOK,Reifen,09.csv,225,55,R,19,,,V.S1 EVO3 K127E XLNF0SBLFSL,,09,,,,,,
8808563464633,220003007,HANKOOK,Reifen,09.csv,275,45,R,19,,,V.S1 EVO3 K127E XLNF0SBLFSL,,09,,,,,,
8808563464992,220003728,HANKOOK,Reifen,09.csv,205,60,R,17,,,K125 XL*SBL,,09,,,,,,
8808563465081,220003122,HANKOOK,Reifen,09.csv,205,60,R,16,,,K125 XLVWSBL,,09,,,,,,
8808563465814,220003043,HANKOOK,Reifen,09.csv,215,50,R,17,,,H740 HP SBL 3PMSF,,09,,,,,,
8808563465838,220003323,HANKOOK,Reifen,09.csv,205,55,R,17,,,V.S1 EVO3 K127 XLAOFSL,,09,,,,,,
8808563465890,220003301,HANKOOK,Reifen,09.csv,205,60,R,16,,,K125 SBL,,09,,,,,,
8808563466378,220003117,HANKOOK,Reifen,09.csv,195,45,R,16,,,K125 XLSBLFSL,,09,,,,,,
8808563466606,220002608,HANKOOK,Reifen,09.csv,175,65,R,14,,,2 K435 XLSBL,,09,,,,,,
8808563467313,220002572,HANKOOK,Reifen,09.csv,195,,R,14C,104,,VANTRA ST AS2 RA30 3PMSF,,09,,,,,,
8808563467351,220003649,HANKOOK,Reifen,09.csv,215,70,R,15C,107,,VANTRA ST AS2 RA30 3PMSF,,09,,,,,,
8808563467368,220002570,HANKOOK,Reifen,09.csv,225,70,R,15C,110,,VANTRA ST AS2 RA30 3PMSF,,09,,,,,,
8808563467382,220002565,HANKOOK,Reifen,09.csv,195,60,R,16C,97,,VANTRA ST AS2 RA30 FSL 3PMSF,,09,,,,,,
8808563467399,220002558,HANKOOK,Reifen,09.csv,195,65,R,16C,102,,VANTRA ST AS2 RA30 3PMSF,,09,,,,,,
8808563467405,220002563,HANKOOK,Reifen,09.csv,195,75,R,16C,105,,VANTRA ST AS2 RA30 3PMSF,,09,,,,,,
8808563467412,220002559,HANKOOK,Reifen,09.csv,205,65,R,16C,105,,VANTRA ST AS2 RA30 3PMSF,,09,,,,,,
8808563467429,220002571,HANKOOK,Reifen,09.csv,205,75,R,16C,108,,VANTRA ST AS2 RA30 3PMSF,,09,,,,,,
8808563467436,220002560,HANKOOK,Reifen,09.csv,215,65,R,16C,104,,VANTRA ST AS2 RA30 3PMSF,,09,,,,,,
8808563467443,220002561,HANKOOK,Reifen,09.csv,215,65,R,16C,107,,VANTRA ST AS2 RA30 3PMSF,,09,,,,,,
8808563467450,220002564,HANKOOK,Reifen,09.csv,215,75,R,16C,111,,VANTRA ST AS2 RA30 3PMSF,,09,,,,,,
8808563467474,220002569,HANKOOK,Reifen,09.csv,225,65,R,16C,110,,VANTRA ST AS2 RA30 3PMSF,,09,,,,,,
8808563468624,220002347,HANKOOK,Reifen,09.csv,215,45,R,17,,,H750 XL 3PMSF,,09,,,,,,
8808563468631,220002339,HANKOOK,Reifen,09.csv,225,40,R,18,,,H750 XLFR 3PMSF,,09,,,,,,
8808563468655,220002387,HANKOOK,Reifen,09.csv,225,65,R,17,,,H750A XL 3PMSF,,09,,,,,,
8808563468662,220002384,HANKOOK,Reifen,09.csv,225,60,R,17,,,H750A 3PMSF,,09,,,,,,
8808563468686,220002383,HANKOOK,Reifen,09.csv,235,60,R,18,,,H750A XL 3PMSF,,09,,,,,,
8808563468693,220002381,HANKOOK,Reifen,09.csv,255,55,R,18,,,H750A XLFR 3PMSF,,09,,,,,,
8808563468716,220002380,HANKOOK,Reifen,09.csv,235,55,R,19,,,H750A XL 3PMSF,,09,,,,,,
8808563468723,220002378,HANKOOK,Reifen,09.csv,255,50,R,19,,,H750A XLFR 3PMSF,,09,,,,,,
8808563469423,220003214,HANKOOK,Reifen,09.csv,215,45,R,17,,,K125 XLFR,,09,,,,,,
8808563470030,220003326,HANKOOK,Reifen,09.csv,215,60,R,16,,,2 K435,,09,,,,,,
8808563470702,220003150,HANKOOK,Reifen,09.csv,255,45,R,20,,,V.S1 EVO3 K127E EV SEALGUARD,,09,,,,,,
8808563470726,220003149,HANKOOK,Reifen,09.csv,255,45,R,20,,,V.S1 EVO3 K127E EV VWSBLFSL,,09,,,,,,
8808563470757,220002926,HANKOOK,Reifen,09.csv,145,,R,13C,,,RA08 SBL (86),,09,,,,,,
8808563471792,220003835,HANKOOK,Reifen,09.csv,235,65,R,17,,,VENTUS PRIME 3 X K125A XL,,09,,,,,,
8808563472010,220003130,HANKOOK,Reifen,09.csv,225,50,R,18,,,V.S1 EVO3 K127B HRS*SBL,,09,,,,,,
8808563472027,220003129,HANKOOK,Reifen,09.csv,225,45,R,19,,,V.S1 EVO3 K127B HRS*SBL,,09,,,,,,
8808563472393,220002650,HANKOOK,Reifen,09.csv,205,55,R,15,,,K125 XLSBLFSL,,09,,,,,,
8808563472713,220002754,HANKOOK,Reifen,09.csv,265,40,R,22,,Z,V.S1 EVO3 K127A SUV X,,09,,,,,,
8808563472737,220002770,HANKOOK,Reifen,09.csv,285,35,R,22,,Z,V.S1 EVO3 K127A SUV X,,09,,,,,,
8808563472812,220002753,HANKOOK,Reifen,09.csv,265,40,R,21,,Z,V.S1 EVO3 K127A SUV X,,09,,,,,,
8808563472829,220002808,HANKOOK,Reifen,09.csv,275,40,R,21,,Z,V.S1 EVO3 K127A SUV X,,09,,,,,,
8808563472867,220002809,HANKOOK,Reifen,09.csv,285,35,R,21,,,V.S1 EVO3 K127A SUV XLFSL,,09,,,,,,
8808563472928,220002745,HANKOOK,Reifen,09.csv,255,50,R,20,,Z,V.S1 EVO3 K127A SUV X,,09,,,,,,
8808563472966,220002742,HANKOOK,Reifen,09.csv,255,45,R,20,,Z,V.S1 EVO3 K127A SUV X,,09,,,,,,
8808563472973,220002755,HANKOOK,Reifen,09.csv,265,45,R,20,,Z,V.S1 EVO3 K127A SUV X,,09,,,,,,
8808563472980,220002767,HANKOOK,Reifen,09.csv,275,45,R,20,,Z,V.S1 EVO3 K127A SUV X,,09,,,,,,
8808563473031,220003015,HANKOOK,Reifen,09.csv,285,40,R,20,,Z,V.S1 EVO3 K127A SUV,,09,,,,,,
8808563473086,220002750,HANKOOK,Reifen,09.csv,255,55,R,19,,Z,V.S1 EVO3 K127A SUV X,,09,,,,,,
8808563473123,220002744,HANKOOK,Reifen,09.csv,255,50,R,19,,Z,V.S1 EVO3 K127A SUV X,,09,,,,,,
8808563473130,220002997,HANKOOK,Reifen,09.csv,265,50,R,19,,Z,V.S1 EVO3 K127A SUV,,09,,,,,,
8808563473154,220002766,HANKOOK,Reifen,09.csv,275,45,R,19,,Z,V.S1 EVO3 K127A SUV X,,09,,,,,,
8808563473192,220002724,HANKOOK,Reifen,09.csv,235,55,R,18,,Z,V.S1 EVO3 K127A SUV X,,09,,,,,,
8808563473734,220002752,HANKOOK,Reifen,09.csv,265,35,R,22,,Z,V.S1 EVO3 K127A SUV X,,09,,,,,,
8808563473765,220003133,HANKOOK,Reifen,09.csv,235,45,R,20,,Z,V.S1 EVO3 K127A SUV X,,09,,,,,,
8808563473789,220003402,HANKOOK,Reifen,09.csv,205,60,R,17,,,W320* XLSBL 3PMSF,,09,,,,,,
8808563473826,220003431,HANKOOK,Reifen,09.csv,255,40,R,19,,,V.S1 EVO3 K127 XL*,,09,,,,,,
8808563475073,220002940,HANKOOK,Reifen,09.csv,205,60,R,16,,,K125 HP AOSBL,,09,,,,,,
8808563476797,220002684,HANKOOK,Reifen,09.csv,215,80,R,15,,,DYNAPRO AT2 RF11 SBLFSL 3PMS,,09,,,,,,
8808563476803,220002728,HANKOOK,Reifen,09.csv,235,60,R,16,,,DYNAPRO AT2 RF11 SBLFSL 3PMS,,09,,,,,,
8808563476988,220003857,HANKOOK,Reifen,09.csv,295,25,R,22,,,VENTUS S1 EVO3 K127 XLSBLFSL,,09,,,,,,
8808563477022,220003013,HANKOOK,Reifen,09.csv,285,35,R,18,,Z,V.S1 EVO3 K127 XLSBL,,09,,,,,,
8808563477053,220003021,HANKOOK,Reifen,09.csv,305,30,R,19,,Z,V.S1 EVO3 K127 XLSBL,,09,,,,,,
8808563477060,220002968,HANKOOK,Reifen,09.csv,235,30,R,20,,Z,V.S1 EVO3 K127 XLSBLF,,09,,,,,,
8808563477084,220002803,HANKOOK,Reifen,09.csv,245,50,R,18,,Z,V.S1 EVO3 K127 XLFSL,,09,,,,,,
8808563477091,220003164,HANKOOK,Reifen,09.csv,275,45,R,18,,Z,V.S1 EVO3 K127 XLSBLF,,09,,,,,,
8808563477107,220003156,HANKOOK,Reifen,09.csv,265,40,R,18,,Z,V.S1 EVO3 K127 XLSBLF,,09,,,,,,
8808563477114,220002952,HANKOOK,Reifen,09.csv,225,30,R,20,,Z,V.S1 EVO3 K127 XLSBLF,,09,,,,,,
8808563478364,220002989,HANKOOK,Reifen,09.csv,245,50,R,19,,Z,V.S1 EVO3 K127 XLSBL,,09,,,,,,
8808563478388,220003187,HANKOOK,Reifen,09.csv,315,30,R,21,,Z,V.S1 EVO3 K127 XLSBLF,,09,,,,,,
8808563478395,220003004,HANKOOK,Reifen,09.csv,275,35,R,22,,Z,V.S1 EVO3 K127A SUV,,09,,,,,,
8808563478456,220003003,HANKOOK,Reifen,09.csv,275,35,R,21,,Z,V.S1 EVO3 K127 SOUNDA,,09,,,,,,
8808563478630,220003348,HANKOOK,Reifen,09.csv,255,40,R,22,,,3 W330 XLFSL 3PMSF,,09,,,,,,
8808563478678,220003086,HANKOOK,Reifen,09.csv,265,40,R,19,,,3 W330 XLSBLFSL 3PMSF,,09,,,,,,
8808563478692,220003018,HANKOOK,Reifen,09.csv,295,30,R,21,,,3 W330 XLSBLFSL 3PMSF,,09,,,,,,
8808563478814,220002964,HANKOOK,Reifen,09.csv,225,60,R,17,,,3 W330 XLSBL 3PMSF,,09,,,,,,
8808563478838,220002946,HANKOOK,Reifen,09.csv,215,55,R,18,,,3 W330 XLSBLFSL 3PMSF,,09,,,,,,
8808563478852,220002959,HANKOOK,Reifen,09.csv,225,50,R,18,,,3 W330 XLSBLFSL 3PMSF,,09,,,,,,
8808563478883,220002990,HANKOOK,Reifen,09.csv,255,35,R,19,,,3 W330 XLSBLFSL 3PMSF,,09,,,,,,
8808563478906,220002970,HANKOOK,Reifen,09.csv,235,40,R,18,,,3 W330 XLSBLFSL 3PMSF,,09,,,,,,
8808563478937,220003066,HANKOOK,Reifen,09.csv,245,45,R,17,,,3 W330 XLSBLFSL 3PMSF,,09,,,,,,
8808563478968,220003061,HANKOOK,Reifen,09.csv,245,35,R,19,,,3 W330 XLSBLFSL 3PMSF,,09,,,,,,
8808563478999,220002957,HANKOOK,Reifen,09.csv,225,45,R,19,,,3 W330 XLSBLFSL 3PMSF,,09,,,,,,
8808563479019,220003069,HANKOOK,Reifen,09.csv,245,50,R,18,,,3 W330 XLSBLFSL 3PMSF,,09,,,,,,
8808563479026,220003056,HANKOOK,Reifen,09.csv,235,45,R,17,,,3 W330 XLSBLFSL 3PMSF,,09,,,,,,
8808563479033,220003002,HANKOOK,Reifen,09.csv,275,35,R,19,,,3 W330 XLSBLFSL 3PMSF,,09,,,,,,
8808563479057,220003062,HANKOOK,Reifen,09.csv,245,40,R,17,,,3 W330 XLSBLFSL 3PMSF,,09,,,,,,
8808563479088,220003067,HANKOOK,Reifen,09.csv,245,45,R,20,,,3 W330 XLSBLFSL 3PMSF,,09,,,,,,
8808563479095,220003305,HANKOOK,Reifen,09.csv,235,45,R,17,,,3 W330 XLFSL 3PMSF,,09,,,,,,
8808563479101,220003072,HANKOOK,Reifen,09.csv,255,40,R,18,,,3 W330 XLSBLFSL 3PMSF,,09,,,,,,
8808563479118,220003346,HANKOOK,Reifen,09.csv,255,35,R,20,,,3 W330 XLFSL 3PMSF,,09,,,,,,
8808563479132,220003044,HANKOOK,Reifen,09.csv,215,50,R,18,,,3 W330 SBLFSL 3PMSF,,09,,,,,,
8808563479149,220003341,HANKOOK,Reifen,09.csv,245,35,R,20,,,3 W330 XLFSL 3PMSF,,09,,,,,,
8808563479156,220003314,HANKOOK,Reifen,09.csv,285,30,R,21,,,3 W330 XLFSL 3PMSF,,09,,,,,,
8808563479170,220003313,HANKOOK,Reifen,09.csv,285,30,R,19,,,3 W330 XLFSL 3PMSF,,09,,,,,,
8808563479187,220002972,HANKOOK,Reifen,09.csv,235,50,R,17,,,3 W330 XLSBLFSL 3PMSF,,09,,,,,,
8808563479194,220003070,HANKOOK,Reifen,09.csv,245,55,R,17,,,3 W330 SBLFSL 3PMSF,,09,,,,,,
8808563479200,220003373,HANKOOK,Reifen,09.csv,275,30,R,20,,,3 W330 XLFSL 3PMSF,,09,,,,,,
8808563479224,220003097,HANKOOK,Reifen,09.csv,295,30,R,20,,,3 W330 XLSBLFSL 3PMSF,,09,,,,,,
8808563479231,220003375,HANKOOK,Reifen,09.csv,275,40,R,18,,,3 W330 XLFSL 3PMSF,,09,,,,,,
8808563479248,220003355,HANKOOK,Reifen,09.csv,265,35,R,18,,,3 W330 XLFSL 3PMSF,,09,,,,,,
8808563479309,220002969,HANKOOK,Reifen,09.csv,235,35,R,20,,,3 W330 XLSBLFSL 3PMSF,,09,,,,,,
8808563479361,220003361,HANKOOK,Reifen,09.csv,265,40,R,20,,,3 W330 XLFSL 3PMSF,,09,,,,,,
8808563479415,220003094,HANKOOK,Reifen,09.csv,275,40,R,21,,,W330A SUV XLSBLFSL 3PMSF,,09,,,,,,
8808563479460,220002974,HANKOOK,Reifen,09.csv,235,50,R,20,,,3 X W330A SUV XLSBLFSL 3PMS,,09,,,,,,
8808563479514,220002995,HANKOOK,Reifen,09.csv,265,35,R,22,,,3 X W330A SUV XLSBLFSL 3PMS,,09,,,,,,
8808563479637,220002975,HANKOOK,Reifen,09.csv,235,55,R,17,,,3 X W330A SUV HP SBLFSL 3PMS,,09,,,,,,
8808563479651,220002973,HANKOOK,Reifen,09.csv,235,50,R,18,,,3 X W330A SUV XLSBLFSL 3PMS,,09,,,,,,
8808563479712,220002992,HANKOOK,Reifen,09.csv,255,50,R,19,,,3 X W330A SUV XLSBLFSL 3PMS,,09,,,,,,
8808563479729,220003082,HANKOOK,Reifen,09.csv,255,55,R,18,,,3 X W330A SUV XLSBLFSL 3PMS,,09,,,,,,
8808563479774,220003085,HANKOOK,Reifen,09.csv,255,60,R,18,,,3 X W330A SUV XLSBL 3PMSF,,09,,,,,,
8808563479804,220002994,HANKOOK,Reifen,09.csv,255,65,R,17,,,3 X W330A SUV HP XLSBL 3PMSF,,09,,,,,,
8808563479880,220003084,HANKOOK,Reifen,09.csv,255,60,R,17,,,3 X W330A SUV HP SBL 3PMSF,,09,,,,,,
8808563479897,220003362,HANKOOK,Reifen,09.csv,265,40,R,21,,,3 X W330A XLFSL 3PMSF,,09,,,,,,
8808563479941,220003366,HANKOOK,Reifen,09.csv,265,45,R,20,,,3 X W330A XLFSL 3PMSF,,09,,,,,,
8808563479958,220003378,HANKOOK,Reifen,09.csv,275,45,R,19,,,3 X W330A XLFSL 3PMSF,,09,,,,,,
8808563479965,220002988,HANKOOK,Reifen,09.csv,245,50,R,19,,,3 X W330A SUV XLSBLFSL 3PMS,,09,,,,,,
8808563480008,220003171,HANKOOK,Reifen,09.csv,285,30,R,20,,Z,V.S1 EVO3 K127 XLSBLFS,,09,,,,,,
8808563507194,220003674,HANKOOK,Reifen,09.csv,225,55,R,18,,,V.S1 EVO3 K127 XL* MOSBL,,09,,,,,,
8808563507200,220003676,HANKOOK,Reifen,09.csv,245,45,R,19,,,V.S1 EVO3 K127 XL* MOSBL,,09,,,,,,
8808563507217,220003936,HANKOOK,Reifen,09.csv,275,40,R,19,,,VENTUS S1 EVO3 K127 XL* MOSB,,09,,,,,,
8808563508375,220003087,HANKOOK,Reifen,09.csv,265,40,R,22,,,3 X W330A SUV XLSBLFSL 3PMS,,09,,,,,,
8808563508542,220003211,HANKOOK,Reifen,09.csv,205,65,R,16,,,H750 3PMSF,,09,,,,,,
8808563508627,220003424,HANKOOK,Reifen,09.csv,225,60,R,18,,,H750 3PMSF,,09,,,,,,
8808563508771,220003911,HANKOOK,Reifen,09.csv,235,60,R,18,,,VENTUS S1 EVO3 K127E EV (+)S,,09,,,,,,
8808563508788,220003924,HANKOOK,Reifen,09.csv,255,55,R,18,,,VENTUS S1 EVO3 K127E EV (+)S,,09,,,,,,
8808563508818,220004084,HANKOOK,Reifen,09.csv,255,45,R,19,,,VENTUS S1 EVO3 K127E EV SEAL,,09,,,,,,
8808563508887,220003702,HANKOOK,Reifen,09.csv,HL235,45,R,21,,,V.S1 EVO3 K127E EV SEALGUARD,,09,,,,,,
8808563508931,220004083,HANKOOK,Reifen,09.csv,255,45,R,19,,,VENTUS S1 EVO3 K127E EV EV S,,09,,,,,,
8808563508955,220003121,HANKOOK,Reifen,09.csv,205,60,R,16,,,2 K435 SBL,,09,,,,,,
8808563515236,220003267,HANKOOK,Reifen,09.csv,295,30,R,18,,Z,V.S1 EVO3 K127 XLFSL,,09,,,,,,
8808563515243,220003439,HANKOOK,Reifen,09.csv,315,30,R,18,,,V.S1 EVO3 K127 FSL,,09,,,,,,
8808563515267,220003120,HANKOOK,Reifen,09.csv,205,55,R,19,,,V.S1 EVO3 K127 XLSBLFSL,,09,,,,,,
8808563515281,220003180,HANKOOK,Reifen,09.csv,295,35,R,19,,Z,V.S1 EVO3 K127 XLSBLF,,09,,,,,,
8808563515311,220003828,HANKOOK,Reifen,09.csv,325,25,R,20,,Z,V.S1 EVO3 K127 XLSBLF,,09,,,,,,
8808563515328,220003123,HANKOOK,Reifen,09.csv,215,45,R,20,,Z,V.S1 EVO3 K127 XLSBLFS,,09,,,,,,
8808563515335,220003236,HANKOOK,Reifen,09.csv,235,50,R,20,,Z,V.S1 EVO3 K127A SUV X,,09,,,,,,
8808563515373,220003414,HANKOOK,Reifen,09.csv,255,30,R,21,,Z,V.S1 EVO3 K127 XLSBLFS,,09,,,,,,
8808563515380,220003293,HANKOOK,Reifen,09.csv,265,30,R,21,,Z,V.S1 EVO3 K127 FSL,,09,,,,,,
8808563515397,220003856,HANKOOK,Reifen,09.csv,295,25,R,21,,Z,VENTUS S1 EVO3 K127 XL,,09,,,,,,
8808563515403,220003437,HANKOOK,Reifen,09.csv,305,25,R,21,,,V.S1 EVO3 K127 XLFSL,,09,,,,,,
8808563515410,220003440,HANKOOK,Reifen,09.csv,325,25,R,21,,Z,V.S1 EVO3 K127 XLFSL,,09,,,,,,
8808563515427,220003144,HANKOOK,Reifen,09.csv,245,45,R,21,,Z,V.S1 EVO3 K127A SUV X,,09,,,,,,
8808563515434,220003268,HANKOOK,Reifen,09.csv,295,30,R,21,,Z,V.S1 EVO3 K127 XLFSL,,09,,,,,,
8808563515458,220003438,HANKOOK,Reifen,09.csv,305,25,R,22,,,V.S1 EVO3 K127 XLFSL,,09,,,,,,
8808563515519,220003312,HANKOOK,Reifen,09.csv,245,60,R,18,,,3 X W330A 3PMSF,,09,,,,,,
8808563515557,220003340,HANKOOK,Reifen,09.csv,235,65,R,19,,,3 X W330A SUV XL 3PMSF,,09,,,,,,
8808563515588,220003300,HANKOOK,Reifen,09.csv,195,55,R,20,,,3 W330 XLFSL 3PMSF,,09,,,,,,
8808563515649,220003397,HANKOOK,Reifen,09.csv,305,30,R,20,,,3 W330 XLFSL 3PMSF,,09,,,,,,
8808563515656,220003367,HANKOOK,Reifen,09.csv,265,45,R,21,,,3 X W330A SUV XLFSL 3PMSF,,09,,,,,,
8808563515823,220003141,HANKOOK,Reifen,09.csv,235,65,R,18,,,V.S1 EVO3 K127A SUV XLSBLFSL,,09,,,,,,
8808563515854,220003132,HANKOOK,Reifen,09.csv,235,40,R,19,,,V.S1 EVO2 K117 XLAOSBLFSL,,09,,,,,,
8808563516493,220003727,HANKOOK,Reifen,09.csv,205,60,R,16,,,K125 SBL,,09,,,,,,
8808563520964,220003161,HANKOOK,Reifen,09.csv,275,35,R,21,,Z,V.S1 EVO3 K127 XLAOSB,,09,,,,,,
8808563524719,280000515,LAUFENN,Reifen,09.csv,225,55,R,17,,,G FIT 4S LH71 XLSBLFSL 3PMSF,,09,,,,,,
8808563525983,280000504,LAUFENN,Reifen,09.csv,225,45,R,18,,Z,Z FIT EQ LK03 XLSBLFSL,,09,,,,,,
8808563526300,280000586,LAUFENN,Reifen,09.csv,245,45,R,19,,Z,Z FIT EQ LK03 XLSBLFS,,09,,,,,,
8808563526492,220003321,HANKOOK,Reifen,09.csv,155,65,R,14,,,H750 3PMSF,,09,,,,,,
8808563526508,220003194,HANKOOK,Reifen,09.csv,165,70,R,14,,,H750 XL 3PMSF,,09,,,,,,
8808563526577,220003195,HANKOOK,Reifen,09.csv,175,80,R,14,,,H750 3PMSF,,09,,,,,,
8808563526591,220003205,HANKOOK,Reifen,09.csv,195,70,R,14,,,H750 3PMSF,,09,,,,,,
8808563526621,220003227,HANKOOK,Reifen,09.csv,225,60,R,16,,Z,H750 XL 3PMSF,,09,,,,,,
8808563526645,220003219,HANKOOK,Reifen,09.csv,215,55,R,18,,,H750A XLFSL 3PMSF,,09,,,,,,
8808563526652,220003221,HANKOOK,Reifen,09.csv,215,70,R,16,,,H750A 3PMSF,,09,,,,,,
8808563526669,220003237,HANKOOK,Reifen,09.csv,235,60,R,16,,,H750A XLFSL 3PMSF,,09,,,,,,
8808563526713,220003231,HANKOOK,Reifen,09.csv,235,40,R,18,,Z,H750 XLFSL 3PMSF,,09,,,,,,
8808563526812,220003252,HANKOOK,Reifen,09.csv,265,45,R,20,,Z,H750A XLFSL 3PMSF,,09,,,,,,
8808563526836,220003257,HANKOOK,Reifen,09.csv,275,40,R,20,,Z,H750A XLFSL 3PMSF,,09,,,,,,
8808563526843,220003196,HANKOOK,Reifen,09.csv,185,50,R,16,,,H750 FSL 3PMSF,,09,,,,,,
8808563526850,220003197,HANKOOK,Reifen,09.csv,185,55,R,16,,,H750 XL 3PMSF,,09,,,,,,
8808563527147,220003153,HANKOOK,Reifen,09.csv,255,50,R,19,,,V.S1 EVO3 K127E EV VWSBL,,09,,,,,,
8808563527277,220003199,HANKOOK,Reifen,09.csv,185,70,R,14,,,H750 3PMSF,,09,,,,,,
8808563527291,220003241,HANKOOK,Reifen,09.csv,245,45,R,17,,Z,H750 XLFSL 3PMSF,,09,,,,,,
8808563527307,220003206,HANKOOK,Reifen,09.csv,205,40,R,17,,Z,H750 XLFSL 3PMSF,,09,,,,,,
8808563527314,220003250,HANKOOK,Reifen,09.csv,255,60,R,18,,,H750A XL 3PMSF,,09,,,,,,
8808563527321,220003232,HANKOOK,Reifen,09.csv,235,45,R,19,,Z,H750 XLFSL 3PMSF,,09,,,,,,
8808563527338,220003235,HANKOOK,Reifen,09.csv,235,50,R,19,,Z,H750A XLFSL 3PMSF,,09,,,,,,
8808563527345,220003253,HANKOOK,Reifen,09.csv,265,50,R,19,,,H750A XLFSL 3PMSF,,09,,,,,,
8808563527352,220003247,HANKOOK,Reifen,09.csv,255,45,R,20,,Z,H750A XLFSL 3PMSF,,09,,,,,,
8808563529066,220003508,HANKOOK,Reifen,09.csv,205,55,R,16,,,VENTUS PRIME4 K135 FR,,09,,,,,,
8808563529073,220003490,HANKOOK,Reifen,09.csv,245,45,R,18,,,VENTUS PRIME4 K135 XLFSL,,09,,,,,,
8808563530246,220003502,HANKOOK,Reifen,09.csv,205,40,R,18,,,V.S1 EVO3 K127B HRSXLFSL,,09,,,,,,
8808563530260,220003522,HANKOOK,Reifen,09.csv,225,40,R,19,,,V.S1 EVO3 K127B HRSXLFSL,,09,,,,,,
8808563530291,220003542,HANKOOK,Reifen,09.csv,245,45,R,19,,,V.S1 EVO3 K127B HRSFSL,,09,,,,,,
8808563530338,220003789,HANKOOK,Reifen,09.csv,275,35,R,19,,,V.S1 EVO3 K127B HRSXLSBLFSL,,09,,,,,,
8808563530352,220003540,HANKOOK,Reifen,09.csv,245,40,R,20,,,V.S1 EVO3 K127B HRSXLFSL,,09,,,,,,
8808563530413,220003537,HANKOOK,Reifen,09.csv,245,35,R,21,,,V.S1 EVO3 K127B HRSXLFSL,,09,,,,,,
8808563530420,220003589,HANKOOK,Reifen,09.csv,245,40,R,21,,,V.S1 EVO3 K127B HRSXLFSL,,09,,,,,,
8808563530437,220003547,HANKOOK,Reifen,09.csv,275,30,R,21,,,V.S1 EVO3 K127B HRSXLFSL,,09,,,,,,
8808563530543,220004046,HANKOOK,Reifen,09.csv,225,45,R,18,,,VENTUS S1 EVO3 K127 XLR0SBLF,,09,,,,,,
8808563531465,220004203,HANKOOK,Reifen,09.csv,245,45,R,20,,,VENTUS S2 AS X RH17 SBLFSL M,,09,,,,,,
8808563531830,220003311,HANKOOK,Reifen,09.csv,245,50,R,20,,,V.S1 EVO3 K127A SUV XLFSL,,09,,,,,,
8808563531861,220003306,HANKOOK,Reifen,09.csv,235,50,R,18,,,V.S1 EVO3 K127A SUV FSL,,09,,,,,,
8808563531878,220003308,HANKOOK,Reifen,09.csv,235,55,R,17,,,V.S1 EVO3 K127A SUV FSL,,09,,,,,,
8808563531885,220003307,HANKOOK,Reifen,09.csv,235,50,R,18,,Z,V.S1 EVO3 K127 XLFSL,,09,,,,,,
8808563532363,220003309,HANKOOK,Reifen,09.csv,235,60,R,17,,,H750A XL 3PMSF,,09,,,,,,
8808563533360,220003453,HANKOOK,Reifen,09.csv,205,55,R,16,,Z,H750B HRSXLFSL 3PMSF,,09,,,,,,
8808563533377,220003473,HANKOOK,Reifen,09.csv,225,50,R,17,,Z,H750B HRSXLFSL 3PMSF,,09,,,,,,
8808563535722,220003642,HANKOOK,Reifen,09.csv,215,55,R,16,,,3 W462 SBLFSL 3PMSF,,09,,,,,,
8808563535777,220003643,HANKOOK,Reifen,09.csv,215,55,R,16,,,3 W462 XLSBLFSL 3PMSF,,09,,,,,,
8808563535784,220003641,HANKOOK,Reifen,09.csv,215,50,R,17,,,3 W462 XLSBLFSL 3PMSF,,09,,,,,,
8808563535807,220003621,HANKOOK,Reifen,09.csv,195,55,R,15,,,3 W462 SBL 3PMSF,,09,,,,,,
8808563535944,220003618,HANKOOK,Reifen,09.csv,195,45,R,16,,,3 W462 XLSBLFSL 3PMSF,,09,,,,,,
8808563535951,220003605,HANKOOK,Reifen,09.csv,185,50,R,16,,,3 W462 SBL 3PMSF,,09,,,,,,
8808563536064,220003619,HANKOOK,Reifen,09.csv,195,45,R,17,,,3 W462 SBLFSL 3PMSF,,09,,,,,,
8808563536644,220003523,HANKOOK,Reifen,09.csv,225,45,R,17,,,VENTUS PRIME4 K135 XLFR,,09,,,,,,
8808563536651,220003580,HANKOOK,Reifen,09.csv,225,40,R,18,,,VENTUS PRIME4 K135 XLFR,,09,,,,,,
8808563537894,220003329,HANKOOK,Reifen,09.csv,215,70,R,16C,108,,RA18 M+S,,09,,,,,,
8808563537900,220003434,HANKOOK,Reifen,09.csv,275,35,R,21,,,V.S1 EVO Z K129 XLFSL,,09,,,,,,
8808563538266,220003299,HANKOOK,Reifen,09.csv,135,70,R,15,,,H750 3PMSF,,09,,,,,,
8808563538389,220004063,HANKOOK,Reifen,09.csv,225,45,R,18,,,VENTUS S1 EVO3 K127E EV XL*S,,09,,,,,,
8808563538884,220003810,HANKOOK,Reifen,09.csv,205,60,R,16,,,VENTUS PRIME4 K135 SBL,,09,,,,,,
8808563538952,220003474,HANKOOK,Reifen,09.csv,225,50,R,17,,,VENTUS PRIME4 K135 FSL,,09,,,,,,
8808563541235,220003814,HANKOOK,Reifen,09.csv,225,55,R,18,,,V.S1 EVO3 K127E EV SBLFR,,09,,,,,,
8808563542720,220004087,HANKOOK,Reifen,09.csv,255,45,R,20,,,VENTUS S1 EVO3 K127E EV EV A,,09,,,,,,
8808563542737,220003704,HANKOOK,Reifen,09.csv,235,55,R,19,,,V.S1 EVO3 K127E EV SBL,,09,,,,,,
8808563543390,220003422,HANKOOK,Reifen,09.csv,215,55,R,17,,,K125,,09,,,,,,
8808563544199,220003886,HANKOOK,Reifen,09.csv,215,55,R,17,,,VENTUS PRIME4 K135 SBL,,09,,,,,,
8808563544854,220003515,HANKOOK,Reifen,09.csv,215,45,R,20,,,VENTUS PRIME4 K135 XLFSL,,09,,,,,,
8808563544861,220003500,HANKOOK,Reifen,09.csv,195,55,R,20,,,VENTUS PRIME4 K135 XLFSL,,09,,,,,,
8808563544908,220003545,HANKOOK,Reifen,09.csv,255,40,R,18,,Z,VENTUS PRIME4 K135 XLF,,09,,,,,,
8808563544915,220003539,HANKOOK,Reifen,09.csv,245,40,R,18,,,VENTUS PRIME4 K135 XLFSL,,09,,,,,,
8808563544922,220003528,HANKOOK,Reifen,09.csv,235,40,R,18,,,VENTUS PRIME4 K135 XLFSL,,09,,,,,,
8808563544946,220003485,HANKOOK,Reifen,09.csv,235,45,R,18,,,VENTUS PRIME4 K135 XLFR,,09,,,,,,
8808563544977,220003525,HANKOOK,Reifen,09.csv,225,50,R,18,,,VENTUS PRIME4 K135 XLFSL,,09,,,,,,
8808563545035,220003458,HANKOOK,Reifen,09.csv,215,40,R,17,,Z,VENTUS PRIME4 K135 XLF,,09,,,,,,
8808563545042,220003448,HANKOOK,Reifen,09.csv,205,40,R,17,,Z,VENTUS PRIME4 K135 XLF,,09,,,,,,
8808563545059,220003541,HANKOOK,Reifen,09.csv,245,45,R,17,,Z,VENTUS PRIME4 K135 XLF,,09,,,,,,
8808563545066,220003483,HANKOOK,Reifen,09.csv,235,45,R,17,,,VENTUS PRIME4 K135 XLFR,,09,,,,,,
8808563545073,220003530,HANKOOK,Reifen,09.csv,235,45,R,17,,,VENTUS PRIME4 K135 XLFR,,09,,,,,,
8808563545080,220003581,HANKOOK,Reifen,09.csv,225,45,R,17,,,VENTUS PRIME4 K135 FR,,09,,,,,,
8808563545103,220003459,HANKOOK,Reifen,09.csv,215,45,R,17,,Z,VENTUS PRIME4 K135 XLF,,09,,,,,,
8808563545141,220003516,HANKOOK,Reifen,09.csv,215,50,R,17,,,VENTUS PRIME4 K135 XLFR,,09,,,,,,
8808563545158,220003506,HANKOOK,Reifen,09.csv,205,50,R,17,,,VENTUS PRIME4 K135 FSL,,09,,,,,,
8808563545189,220003534,HANKOOK,Reifen,09.csv,235,55,R,17,,,VENTUS PRIME4 K135 XLFSL,,09,,,,,,
8808563545219,220003576,HANKOOK,Reifen,09.csv,215,55,R,17,,,VENTUS PRIME4 K135 XLFR,,09,,,,,,
8808563545271,220003514,HANKOOK,Reifen,09.csv,215,45,R,16,,,VENTUS PRIME4 K135 XLFSL,,09,,,,,,
8808563545295,220003558,HANKOOK,Reifen,09.csv,195,45,R,16,,,VENTUS PRIME4 K135 XLFR,,09,,,,,,
8808563545301,220003505,HANKOOK,Reifen,09.csv,205,50,R,16,,,VENTUS PRIME4 K135 FSL,,09,,,,,,
8808563545318,220003559,HANKOOK,Reifen,09.csv,195,50,R,16,,,VENTUS PRIME4 K135 XLFR,,09,,,,,,
8808563545325,220003583,HANKOOK,Reifen,09.csv,225,55,R,16,,,VENTUS PRIME4 K135 FSL,,09,,,,,,
8808563545349,220003572,HANKOOK,Reifen,09.csv,215,55,R,16,,,VENTUS PRIME4 K135 FR,,09,,,,,,
8808563545356,220003573,HANKOOK,Reifen,09.csv,215,55,R,16,,,VENTUS PRIME4 K135 XLFR,,09,,,,,,
8808563545387,220003564,HANKOOK,Reifen,09.csv,205,55,R,16,,,VENTUS PRIME4 K135 FR,,09,,,,,,
8808563545394,220003563,HANKOOK,Reifen,09.csv,205,55,R,16,,,VENTUS PRIME4 K135 XLFR,,09,,,,,,
8808563545400,220003565,HANKOOK,Reifen,09.csv,205,55,R,16,,,VENTUS PRIME4 K135 XLFR,,09,,,,,,
8808563545417,220003560,HANKOOK,Reifen,09.csv,195,55,R,16,,,VENTUS PRIME4 K135 FR,,09,,,,,,
8808563545424,220003561,HANKOOK,Reifen,09.csv,195,55,R,16,,,VENTUS PRIME4 K135 FR,,09,,,,,,
8808563545431,220003740,HANKOOK,Reifen,09.csv,225,60,R,16,,,VENTUS PRIME4 K135 XLSBL,,09,,,,,,
8808563545448,220003577,HANKOOK,Reifen,09.csv,215,60,R,16,,,VENTUS PRIME4 K135 XL,,09,,,,,,
8808563546896,220003708,HANKOOK,Reifen,09.csv,245,45,R,18,,,K125 SBL FSL,,09,,,,,,
8808563549323,220003890,HANKOOK,Reifen,09.csv,215,70,R,16,,,KINERGY 4S 2 H750 SBL 3PMSF,,09,,,,,,
8808563550251,220003885,HANKOOK,Reifen,09.csv,205,65,R,16,,,VENTUS PRIME4 K135 XLSBL,,09,,,,,,
8808563550404,220003372,HANKOOK,Reifen,09.csv,275,30,R,20,,,3 W330 XLFSL 3PMSF,,09,,,,,,
8808563550800,220003660,HANKOOK,Reifen,09.csv,235,35,R,19,,,V.S1 EVO3 K127 XLFR,,09,,,,,,
8808563550985,220003529,HANKOOK,Reifen,09.csv,235,40,R,19,,,V.S1 EVO3 K127 XLT0FSL SOUND,,09,,,,,,
8808563550992,220004325,HANKOOK,Reifen,09.csv,235,40,R,19,,,V.S1 EVO3 K127 XLT0FSL,,09,,,,,,
8808563555362,220004092,HANKOOK,Reifen,09.csv,HL295,35,R,21,,Z,VENTUS S1 EVO Z K129,,09,,,,,,
8808563556697,220004045,HANKOOK,Reifen,09.csv,215,70,R,16,,,VENTUS PRIME4 K135A RSMSBL,,09,,,,,,
8808563556703,220004043,HANKOOK,Reifen,09.csv,215,65,R,17,,,VENTUS PRIME4 K135A RSMSBL,,09,,,,,,
8808563556727,220003587,HANKOOK,Reifen,09.csv,235,50,R,19,,,VENTUS PRIME4 K135A XLFSL,,09,,,,,,
8808563556772,220003585,HANKOOK,Reifen,09.csv,225,60,R,18,,,VENTUS PRIME4 K135A XL,,09,,,,,,
8808563556789,220003588,HANKOOK,Reifen,09.csv,235,55,R,17,,,VENTUS PRIME4 K135 FR,,09,,,,,,
8808563556819,220003815,HANKOOK,Reifen,09.csv,225,65,R,17,,,VENTUS PRIME4 K135A SBL,,09,,,,,,
8808563556826,220003579,HANKOOK,Reifen,09.csv,215,65,R,16,,,VENTUS PRIME4 K135A XL,,09,,,,,,
8808563564630,220004076,HANKOOK,Reifen,09.csv,235,55,R,17,,,VENTUS PRIME4 K135A EV XL(+),,09,,,,,,
8808563564708,220004130,HANKOOK,Reifen,09.csv,215,45,R,17,,,VENTUS PRIME4 K135 XL*SBLFR,,09,,,,,,
8808563564746,220003889,HANKOOK,Reifen,09.csv,215,70,R,16,,,DYNAPRO HPX RA43 SBL M+S,,09,,,,,,
8808563564852,220003925,HANKOOK,Reifen,09.csv,255,55,R,18,,,DYNAPRO HPX RA43 XLSBL M+S,,09,,,,,,
8808563564944,220003926,HANKOOK,Reifen,09.csv,255,55,R,19,,,DYNAPRO HPX RA43 XLSBL M+S,,09,,,,,,
8808563565798,220003707,HANKOOK,Reifen,09.csv,245,40,R,19,,,V.S1 EVO3 K127B HRSXLSBLFSL,,09,,,,,,
8808563565873,220003846,HANKOOK,Reifen,09.csv,225,50,R,18,,,WINTER I*CEPT EVO3 W330B HRS,,09,,,,,,
8808563565965,220003693,HANKOOK,Reifen,09.csv,225,45,R,18,,,H750B HRSXLSBLFSL 3PMSF,,09,,,,,,
8808563565972,220003865,HANKOOK,Reifen,09.csv,245,45,R,18,,,H750B HRS XL SBLF,,09,,,,,,
8808563570594,220003765,HANKOOK,Reifen,09.csv,245,45,R,19,,Z,VENTUS ION S IK01 XLS,,09,,,,,,
8808563570839,220003738,HANKOOK,Reifen,09.csv,225,55,R,18,,Z,VENTUS ION S IK01 XLS,,09,,,,,,
8808563570846,220003742,HANKOOK,Reifen,09.csv,235,35,R,20,,Z,VENTUS ION S IK01 XLSB,,09,,,,,,
8808563570860,220003761,HANKOOK,Reifen,09.csv,245,35,R,21,,Z,VENTUS ION S IK01 XLSB,,09,,,,,,
8808563570877,220003767,HANKOOK,Reifen,09.csv,245,45,R,20,,Z,VENTUS ION S IK01 XLS,,09,,,,,,
8808563570891,220003797,HANKOOK,Reifen,09.csv,285,40,R,20,,Z,VENTUS ION SI K01 XLS,,09,,,,,,
8808563570921,220003756,HANKOOK,Reifen,09.csv,235,60,R,19,,,VENTUS ION S X IK01A XLSBL,,09,,,,,,
8808563571027,220003795,HANKOOK,Reifen,09.csv,285,35,R,22,,Z,VENTUS ION S X IK01 X,,09,,,,,,
8808563571126,220003762,HANKOOK,Reifen,09.csv,245,40,R,19,,,3 W330 XLSBLFSL SOUND 3PMSF,,09,,,,,,
8808563574387,220003741,HANKOOK,Reifen,09.csv,235,35,R,20,,,IW01 ION XLSBLFR 3PMSF,,09,,,,,,
8808563574394,220003743,HANKOOK,Reifen,09.csv,235,40,R,19,,,IW01 ION XLSBLFR 3PMSF,,09,,,,,,
8808563574417,220003760,HANKOOK,Reifen,09.csv,245,35,R,21,,,IW01 ION XLSBLFR 3PMSF,,09,,,,,,
8808563574424,220003764,HANKOOK,Reifen,09.csv,245,45,R,19,,,IW01 ION SBLFSL 3PMSF,,09,,,,,,
8808563574431,220003766,HANKOOK,Reifen,09.csv,245,45,R,20,,,IW01 ION XLSBLFSL 3PMSF,,09,,,,,,
8808563574448,220003785,HANKOOK,Reifen,09.csv,265,35,R,21,,,IW01 ION XLSBLFSL 3PMSF,,09,,,,,,
8808563574455,220003793,HANKOOK,Reifen,09.csv,275,45,R,19,,,IW01 ION XLSBLFR 3PMSF,,09,,,,,,
8808563574479,220003804,HANKOOK,Reifen,09.csv,305,30,R,21,,,IW01 ION XLSBLFSL 3PMSF,,09,,,,,,
8808563574509,220003755,HANKOOK,Reifen,09.csv,235,55,R,20,,,ION X SUV XLSBLFSL 3PMSF,,09,,,,,,
8808563574516,220003818,HANKOOK,Reifen,09.csv,235,60,R,18,,,IW01A ION SBL 3PMSF,,09,,,,,,
8808563574523,220003757,HANKOOK,Reifen,09.csv,235,60,R,19,,,ION X SUV XLSBL 3PMSF,,09,,,,,,
8808563574547,220003769,HANKOOK,Reifen,09.csv,245,50,R,20,,,ION X SUV IW01A XLSBLFSL 3P,,09,,,,,,
8808563574554,220003772,HANKOOK,Reifen,09.csv,255,40,R,20,,,ION X SUV XLSBLFSL 3PMSF,,09,,,,,,
8808563574561,220003774,HANKOOK,Reifen,09.csv,255,40,R,21,,,ION X SUV XLSBLFSL 3PMSF,,09,,,,,,
8808563574615,220003782,HANKOOK,Reifen,09.csv,255,50,R,19,,,ION X SUV XLSBLFR 3PMSF,,09,,,,,,
8808563574639,220003787,HANKOOK,Reifen,09.csv,265,40,R,22,,,ION X SUV XLSBLFSL 3PMSF,,09,,,,,,
8808563574653,220003790,HANKOOK,Reifen,09.csv,275,35,R,21,,,ION X SUV XLSBLFSL 3PMSF,,09,,,,,,
8808563574691,220003732,HANKOOK,Reifen,09.csv,215,50,R,19,,,IW01 ION SBLFSL 3PMSF,,09,,,,,,
8808563574707,220003733,HANKOOK,Reifen,09.csv,215,55,R,18,,,IW01 ION SBLFR 3PMSF,,09,,,,,,
8808563574738,220003746,HANKOOK,Reifen,09.csv,235,45,R,21,,,ION X SUV XLSBLFSL 3PMSF,,09,,,,,,
8808563574745,220003770,HANKOOK,Reifen,09.csv,255,35,R,21,,,ION X SUV XLSBLFSL 3PMSF,,09,,,,,,
8808563574752,220003783,HANKOOK,Reifen,09.csv,255,50,R,20,,,ION X SUV XLSBLFSL 3PMSF,,09,,,,,,
8808563574769,220003750,HANKOOK,Reifen,09.csv,235,50,R,20,,,ION X SUV IW01A SBLFSL 3PMS,,09,,,,,,
8808563575285,220003850,HANKOOK,Reifen,09.csv,245,40,R,19,,Z,H750 XLSBL 3PMSF,,09,,,,,,
8808563575315,220003830,HANKOOK,Reifen,09.csv,215,45,R,18,,Z,H750 XLFSL 3PMSF,,09,,,,,,
8808563575322,220003698,HANKOOK,Reifen,09.csv,225,60,R,18,,,H750 XLSBL 3PMSF,,09,,,,,,
8808563575339,220003841,HANKOOK,Reifen,09.csv,195,60,R,16,,,H750 XLSBL 3PMSF,,09,,,,,,
8808563575346,220003684,HANKOOK,Reifen,09.csv,195,55,R,20,,,H750 XLSBLFSL 3PMSF,,09,,,,,,
8808563575353,220003845,HANKOOK,Reifen,09.csv,215,45,R,16,,,H750 XLSBLFSL 3PMSF,,09,,,,,,
8808563575360,220003692,HANKOOK,Reifen,09.csv,225,40,R,19,,Z,H750 XLSBLFSL 3PMSF,,09,,,,,,
8808563575377,220003689,HANKOOK,Reifen,09.csv,205,55,R,19,,,H750 XLSBLFSL 3PMSF,,09,,,,,,
8808563575384,220003844,HANKOOK,Reifen,09.csv,215,40,R,18,,,H750 XLSBLFSL 3PMSF,,09,,,,,,
8808563575391,220003843,HANKOOK,Reifen,09.csv,205,45,R,16,,,H750 SBLFSL 3PMSF,,09,,,,,,
8808563575452,220003690,HANKOOK,Reifen,09.csv,215,50,R,18,,,H750A SBLFSL 3PMSF,,09,,,,,,
8808563575469,220003697,HANKOOK,Reifen,09.csv,225,60,R,17,,,H750A XLSBL 3PMSF,,09,,,,,,
8808563575483,220003695,HANKOOK,Reifen,09.csv,225,45,R,19,,,H750A XLSBLFSL 3PMSF,,09,,,,,,
8808563575506,220003847,HANKOOK,Reifen,09.csv,225,50,R,18,,,H750A XLSBLFSL 3PMSF,,09,,,,,,
8808563576930,220004057,HANKOOK,Reifen,09.csv,215,55,R,17,,,VENTUS PRIME4 K135 EV XL(+)S,,09,,,,,,
8808563576954,220004079,HANKOOK,Reifen,09.csv,245,45,R,19,,,VENTUS S1 EVO4 X K137A SUV X,,09,,,,,,
8808563577524,220003817,HANKOOK,Reifen,09.csv,235,55,R,18,,,2 RA33 SBLFR M+S,,09,,,,,,
8808563578361,220003940,HANKOOK,Reifen,09.csv,285,35,R,21,,,VENTUS ION S IK01 XLNF0SBLFS,,09,,,,,,
8808563578378,220003915,HANKOOK,Reifen,09.csv,245,40,R,21,,,VENTUS ION S IK01 XLNF0SBLFS,,09,,,,,,
8808563578460,220003913,HANKOOK,Reifen,09.csv,245,30,R,20,,Z,VENTUS S1 EVO Z K129 X,,09,,,,,,
8808563578484,220003942,HANKOOK,Reifen,09.csv,295,30,R,20,,Z,VENTUS S1 EVO Z K129,,09,,,,,,
8808563579139,220004304,HANKOOK,Reifen,09.csv,195,55,R,15,,,KINERGY 4S 2 H750 XL 3PMSF,,09,,,,,,
8808563580661,220003881,HANKOOK,Reifen,09.csv,195,65,R,15,,,KINERGY ECO K425 XLSBL,,09,,,,,,
8808563580708,220004178,HANKOOK,Reifen,09.csv,235,55,R,18,,,VENTUS EVO SUV K137A (+)SBL,,09,,,,,,
8808563580739,220004073,HANKOOK,Reifen,09.csv,235,50,R,19,,,VENTUS EVO SUV K137A (+)SBL,,09,,,,,,
8808563580883,220004151,HANKOOK,Reifen,09.csv,225,40,R,18,,,ION EVO R IK31 XL*SBLFSL,,09,,,,,,
8808563584638,220003824,HANKOOK,Reifen,09.csv,285,35,R,21,,,3 X W330A XLSBLFR 3PMSF,,09,,,,,,
8808563584669,220003914,HANKOOK,Reifen,09.csv,245,40,R,20,,Z,VENTUS S1 EVO Z K129 X,,09,,,,,,
8808563584676,220003935,HANKOOK,Reifen,09.csv,275,35,R,20,,Z,VENTUS S1 EVO Z K129,,09,,,,,,
8808563584690,220003939,HANKOOK,Reifen,09.csv,285,35,R,20,,Z,VENTUS S1 EVO Z K129,,09,,,,,,
8808563590417,220003681,HANKOOK,Reifen,09.csv,185,60,R,15,,,K125 XLSBL,,09,,,,,,
8808563590479,220003671,HANKOOK,Reifen,09.csv,185,60,R,15,,,K125 SBL,,09,,,,,,
8808563590509,220003687,HANKOOK,Reifen,09.csv,195,65,R,15,,,K125 SBL,,09,,,,,,
8808563590677,220003686,HANKOOK,Reifen,09.csv,195,65,R,15,,,2 K435 SBL,,09,,,,,,
8808563590691,220003672,HANKOOK,Reifen,09.csv,185,65,R,15,,,2 K435 SBL,,09,,,,,,
8808563590721,220004336,HANKOOK,Reifen,09.csv,185,65,R,15,,,2 K435 SBL,,09,,,,,,
8808563590790,220004064,HANKOOK,Reifen,09.csv,225,45,R,19,,,VENTUS PRIME4 K135A (+)SBL,,09,,,,,,
8808563591100,220004197,HANKOOK,Reifen,09.csv,245,40,R,19,,Z,VENTUS EVO K137 XLSBLF,,09,,,,,,
8808563598093,220003921,HANKOOK,Reifen,09.csv,255,45,R,20,,,VENTUS S1 EVO3 K127E EV (+)S,,09,,,,,,
8808563600796,220003883,HANKOOK,Reifen,09.csv,205,55,R,16,,,ION ST AS IH61 XLSBL,,09,,,,,,
8808563600819,220004048,HANKOOK,Reifen,09.csv,215,50,R,17,,,ION ST AS IH61 SBL,,09,,,,,,
8808563600840,220004065,HANKOOK,Reifen,09.csv,225,50,R,17,,,ION ST AS IH61 EV XLSBL M+S,,09,,,,,,
8808563600857,220003892,HANKOOK,Reifen,09.csv,225,55,R,17,,,ION ST AS IH61 SBL,,09,,,,,,
8808563600901,220003901,HANKOOK,Reifen,09.csv,235,50,R,18,,,ION ST AS IH61 SBL,,09,,,,,,
8808563600918,220003904,HANKOOK,Reifen,09.csv,235,55,R,18,,,ION ST AS IH61A SUV SBL M+S,,09,,,,,,
8808563600925,220003912,HANKOOK,Reifen,09.csv,235,60,R,18,,,ION ST AS IH61A SUV SBL M+S,,09,,,,,,
8808563600932,220003884,HANKOOK,Reifen,09.csv,205,60,R,16,,,ION ST AS IH61 SBL,,09,,,,,,
8808563601502,220003898,HANKOOK,Reifen,09.csv,235,45,R,18,,,ION ST AS IH61 XLSBLFSL,,09,,,,,,
8808563601670,220004226,HANKOOK,Reifen,09.csv,255,45,R,20,,,ION EVO SUV IK01A EV (+)SBLF,,09,,,,,,
8808563602127,220003962,HANKOOK,Reifen,09.csv,245,40,R,20,,Z,VENTUS ION S IK01 XLSB,,09,,,,,,
8808563602189,220003959,HANKOOK,Reifen,09.csv,215,55,R,17,,Z,ION EVO SUV IK01A XLSB,,09,,,,,,
8808563602202,220003960,HANKOOK,Reifen,09.csv,225,45,R,18,,Z,ION EVO SUV IK01A XLSB,,09,,,,,,
8808563602271,220003961,HANKOOK,Reifen,09.csv,235,50,R,19,,Z,VENTUS ION S IK01 XLS,,09,,,,,,
8808563602707,220003991,HANKOOK,Reifen,09.csv,245,35,R,20,,,ION I*CEPT IW01 EV SA XLSBLF,,09,,,,,,
8808563602714,220004005,HANKOOK,Reifen,09.csv,255,35,R,20,,,ION I*CEPT IW01 XLFSL 3PMSF,,09,,,,,,
8808563602752,220004012,HANKOOK,Reifen,09.csv,275,40,R,20,,,ION I*CEPT SUV IW01A XLFSL 3,,09,,,,,,
8808563602776,220003987,HANKOOK,Reifen,09.csv,215,55,R,17,,,ION I*CEPT SUV IW01A EV SA X,,09,,,,,,
8808563602783,220003997,HANKOOK,Reifen,09.csv,215,50,R,18,,,ION I*CEPT SUV IW01A XLFSL 3,,09,,,,,,
8808563602813,220003990,HANKOOK,Reifen,09.csv,235,55,R,18,,,ION I*CEPT SUV IW01A EV SA X,,09,,,,,,
8808563602875,220004010,HANKOOK,Reifen,09.csv,265,40,R,21,,,ION I*CEPT IW01 XLFSL 3PMSF,,09,,,,,,
8808563602929,220004001,HANKOOK,Reifen,09.csv,245,40,R,19,,,ION I*CEPT IW01 XLFSL 3PMSF,,09,,,,,,
8808563605517,220004054,HANKOOK,Reifen,09.csv,205,50,R,17,,,VENTUS S1 EVO3 K127E EV XLSB,,09,,,,,,
8808563606354,220003964,HANKOOK,Reifen,09.csv,295,35,R,20,,Z,VENTUS S1 EVO Z K129,,09,,,,,,
8808563607672,220003899,HANKOOK,Reifen,09.csv,235,45,R,18,,Z,ION FLEXCLIMATE IL01 X,,09,,,,,,
8808563607696,220003895,HANKOOK,Reifen,09.csv,235,40,R,19,,Z,ION FLEXCLIMATE IL01 X,,09,,,,,,
8808563607757,220003923,HANKOOK,Reifen,09.csv,255,50,R,19,,Z,ION FLEXCLIMATE IL01A,,09,,,,,,
8808563608839,220004307,HANKOOK,Reifen,09.csv,205,60,R,15,,,KINERGY 4S 2 H750 3PMSF,,09,,,,,,
8808563610245,220004038,HANKOOK,Reifen,09.csv,235,55,R,18,,,ION FLEXCLIMATE IL01A SUV XL,,09,,,,,,
8808563610252,220004039,HANKOOK,Reifen,09.csv,235,60,R,18,,,ION FLEXCLIMATE IL01A SUV XL,,09,,,,,,
8808563610283,220004025,HANKOOK,Reifen,09.csv,235,50,R,19,,,ION FLEXCLIMATE IL01 XLSBLFS,,09,,,,,,
8808563610306,220004033,HANKOOK,Reifen,09.csv,255,40,R,19,,Z,ION FLEXCLIMATE IL01,,09,,,,,,
8808563610399,220004041,HANKOOK,Reifen,09.csv,265,45,R,20,,Z,ION FLEXCLIMATE IL01A,,09,,,,,,
8808563610429,220004028,HANKOOK,Reifen,09.csv,205,40,R,18,,,ION FLEXCLIMATE IL01 XLSBLFS,,09,,,,,,
8808563610870,220004075,HANKOOK,Reifen,09.csv,235,50,R,20,,,VENTUS S1 EVO3 K127E EV AO (,,09,,,,,,
8808563611600,220004183,HANKOOK,Reifen,09.csv,235,60,R,18,,,DYNAPRO HPX RA43 XLSBL M+S,,09,,,,,,
8808563611617,220004191,HANKOOK,Reifen,09.csv,235,70,R,17,,,DYNAPRO HPX RA43 XLSBL M+S,,09,,,,,,
8808563611655,220004235,HANKOOK,Reifen,09.csv,255,65,R,17,,,DYNAPRO HPX RA43 SBL M+S,,09,,,,,,
8808563611686,220004142,HANKOOK,Reifen,09.csv,215,65,R,16,,,DYNAPRO HPX RA43 SBL M+S,,09,,,,,,
8808563611754,220004164,HANKOOK,Reifen,09.csv,225,75,R,16,,,DYNAPRO HPX RA43 SBL M+S,,09,,,,,,
8808563614007,220004174,HANKOOK,Reifen,09.csv,235,45,R,21,,,VENTUS S1 EVO3 K127E EV XLSB,,09,,,,,,
8808563614151,220004066,HANKOOK,Reifen,09.csv,225,60,R,17,,,DYNAPRO HPX RA43 SBL M+S,,09,,,,,,
8808563615080,220004198,HANKOOK,Reifen,09.csv,245,40,R,20,,Z,VENTUS EVO K137 XLSBLF,,09,,,,,,
8808563615103,220004262,HANKOOK,Reifen,09.csv,275,30,R,19,,Z,VENTUS EVO K137 XLSBLF,,09,,,,,,
8808563615110,220004216,HANKOOK,Reifen,09.csv,255,30,R,19,,Z,VENTUS EVO K137 XLSBLF,,09,,,,,,
8808563615127,220004267,HANKOOK,Reifen,09.csv,275,35,R,19,,Z,VENTUS EVO K137 XLSBL,,09,,,,,,
8808563615134,220004219,HANKOOK,Reifen,09.csv,255,35,R,19,,Z,VENTUS EVO K137 XLSBLF,,09,,,,,,
8808563615158,220004168,HANKOOK,Reifen,09.csv,235,35,R,19,,Z,VENTUS EVO K137 XLSBLF,,09,,,,,,
8808563615165,220004315,HANKOOK,Reifen,09.csv,225,35,R,19,,Z,VENTUS EVO K137 XLSBLF,,09,,,,,,
8808563615189,220004270,HANKOOK,Reifen,09.csv,275,40,R,19,,Z,VENTUS EVO K137 XLSBL,,09,,,,,,
8808563615202,220004220,HANKOOK,Reifen,09.csv,255,40,R,19,,Z,VENTUS EVO K137 XLSBL,,09,,,,,,
8808563615219,220004171,HANKOOK,Reifen,09.csv,235,40,R,19,,Z,VENTUS EVO K137 XLSBLF,,09,,,,,,
8808563615226,220004154,HANKOOK,Reifen,09.csv,225,40,R,19,,Z,VENTUS EVO K137 XLSBLF,,09,,,,,,
8808563615233,220004280,HANKOOK,Reifen,09.csv,285,35,R,18,,Z,VENTUS EVO K137 XLSBL,,09,,,,,,
8808563615257,220004218,HANKOOK,Reifen,09.csv,255,35,R,18,,Z,VENTUS EVO K137 XLSBLF,,09,,,,,,
8808563615271,220004269,HANKOOK,Reifen,09.csv,275,40,R,18,,Z,VENTUS EVO K137 XLSBL,,09,,,,,,
8808563615295,220004170,HANKOOK,Reifen,09.csv,235,40,R,18,,Z,VENTUS EVO K137 XLSBLF,,09,,,,,,
8808563615301,220004129,HANKOOK,Reifen,09.csv,215,40,R,18,,Z,VENTUS EVO K137 XLSBLF,,09,,,,,,
8808563615325,220004225,HANKOOK,Reifen,09.csv,255,45,R,18,,Z,VENTUS EVO K137 XLSBL,,09,,,,,,
8808563615349,220004238,HANKOOK,Reifen,09.csv,265,30,R,22,,Z,VENTUS EVO K137 XLSBLF,,09,,,,,,
8808563615363,220004128,HANKOOK,Reifen,09.csv,215,35,R,19,,Z,VENTUS EVO K137 XLSBLF,,09,,,,,,
8808563615370,220004172,HANKOOK,Reifen,09.csv,235,45,R,19,,Z,VENTUS EVO K137 XLSBLF,,09,,,,,,
8808563615387,220004266,HANKOOK,Reifen,09.csv,275,35,R,18,,Z,VENTUS EVO K137 XLSBLF,,09,,,,,,
8808563615400,220004132,HANKOOK,Reifen,09.csv,215,45,R,18,,Z,VENTUS EVO K137 XLSBLF,,09,,,,,,
8808563615417,220004205,HANKOOK,Reifen,09.csv,245,50,R,18,,Z,VENTUS EVO K137 XLSBL,,09,,,,,,
8808563615424,220004201,HANKOOK,Reifen,09.csv,245,45,R,17,,Z,VENTUS EVO K137 XLSBLF,,09,,,,,,
8808563615431,220004117,HANKOOK,Reifen,09.csv,205,45,R,17,,,VENTUS EVO K137 XLSBLFSL,,09,,,,,,
8808563615462,220004299,HANKOOK,Reifen,09.csv,325,35,R,22,,Z,VENTUS EVO SUV K137A,,09,,,,,,
8808563615486,220004283,HANKOOK,Reifen,09.csv,285,35,R,22,,Z,VENTUS EVO SUV K137A,,09,,,,,,
8808563615516,220004286,HANKOOK,Reifen,09.csv,285,40,R,21,,Z,VENTUS EVO SUV K137A,,09,,,,,,
8808563615530,220004224,HANKOOK,Reifen,09.csv,255,40,R,21,,Z,VENTUS EVO SUV K137A,,09,,,,,,
8808563615561,220004271,HANKOOK,Reifen,09.csv,275,40,R,20,,Z,VENTUS EVO SUV K137A,,09,,,,,,
8808563615608,220004177,HANKOOK,Reifen,09.csv,235,50,R,20,,Z,VENTUS EVO SUV K137A,,09,,,,,,
8808563615622,220004230,HANKOOK,Reifen,09.csv,255,50,R,19,,Z,VENTUS EVO SUV K137A,,09,,,,,,
8808563615691,220004180,HANKOOK,Reifen,09.csv,235,55,R,20,,Z,VENTUS EVO SUV K137A,,09,,,,,,
8808563615721,220004118,HANKOOK,Reifen,09.csv,205,55,R,19,,,VENTUS EVO SUV K137A XLSBLFS,,09,,,,,,
8808563615752,220004232,HANKOOK,Reifen,09.csv,255,55,R,18,,Z,VENTUS EVO SUV K137A,,09,,,,,,
8808563615806,220004209,HANKOOK,Reifen,09.csv,245,50,R,19,,Z,VENTUS EVO SUV K137A,,09,,,,,,
8808563615851,220004237,HANKOOK,Reifen,09.csv,265,30,R,20,,Z,VENTUS EVO K137 XLSBLF,,09,,,,,,
8808563615868,220004217,HANKOOK,Reifen,09.csv,255,30,R,20,,Z,VENTUS EVO K137 XLSBLF,,09,,,,,,
8808563615882,220004169,HANKOOK,Reifen,09.csv,235,35,R,20,,Z,VENTUS EVO K137 XLSBLF,,09,,,,,,
8808563615905,220004152,HANKOOK,Reifen,09.csv,225,40,R,18,,Z,VENTUS EVO K137 XLSBLF,,09,,,,,,
8808563615929,220004293,HANKOOK,Reifen,09.csv,295,30,R,22,,Z,VENTUS EVO SUV K137A,,09,,,,,,
8808563615936,220004167,HANKOOK,Reifen,09.csv,235,30,R,20,,Z,VENTUS EVO K137 XLSBLF,,09,,,,,,
8808563615950,220004240,HANKOOK,Reifen,09.csv,265,35,R,19,,Z,VENTUS EVO K137 XLSBLF,,09,,,,,,
8808563615967,220004155,HANKOOK,Reifen,09.csv,225,45,R,17,,Z,VENTUS EVO K137 XLSBLF,,09,,,,,,
8808563615974,220004264,HANKOOK,Reifen,09.csv,275,30,R,20,,Z,VENTUS EVO K137 XLSBLF,,09,,,,,,
8808563615981,220004156,HANKOOK,Reifen,09.csv,225,50,R,18,,Z,VENTUS EVO SUV K137A X,,09,,,,,,
8808563615998,220004236,HANKOOK,Reifen,09.csv,265,30,R,19,,Z,VENTUS EVO K137 XLSBLF,,09,,,,,,
8808563616247,220004055,HANKOOK,Reifen,09.csv,215,40,R,18,,,VENTUS S1 EVO3 K127 XL*SBL,,09,,,,,,
8808956238216,180001040,KUMHO,Reifen,09.csv,165,70,R,14,,,ECOWING ES31,,09,,,,,,
8904288100037,300001223,CEAT,Reifen,09.csv,175,70,R,14,,,ECODRIVE XL,,09,,,,,,
8904288100044,300001224,CEAT,Reifen,09.csv,185,55,R,15,,,ECODRIVE,,09,,,,,,
8904288100051,300001225,CEAT,Reifen,09.csv,185,60,R,14,,,ECODRIVE,,09,,,,,,
8904288100099,300001229,CEAT,Reifen,09.csv,195,55,R,15,,,ECODRIVE,,09,,,,,,
8904288100129,300001232,CEAT,Reifen,09.csv,205,60,R,16,,,ECODRIVE,,09,,,,,,
8904288100136,300001233,CEAT,Reifen,09.csv,195,45,R,16,,,SECURADRIVE XL,,09,,,,,,
8904288100174,300001237,CEAT,Reifen,09.csv,205,55,R,16,,,SECURADRIVE,,09,,,,,,
8904288100204,300001240,CEAT,Reifen,09.csv,215,55,R,16,,,SECURADRIVE XL,,09,,,,,,
8904288100211,300001241,CEAT,Reifen,09.csv,215,55,R,17,,,SECURADRIVE,,09,,,,,,
8904288100228,300001242,CEAT,Reifen,09.csv,215,60,R,16,,,SECURADRIVE XL,,09,,,,,,
8904288100372,300001355,CEAT,Reifen,09.csv,185,55,R,15,,,WINTERDRIVE XL,,09,,,,,,
8904288100440,300001244,CEAT,Reifen,09.csv,155,70,R,13,,,ECODRIVE,,09,,,,,,
8904288100464,300001246,CEAT,Reifen,09.csv,155,65,R,13,,,ECODRIVE,,09,,,,,,
8904288100501,300001250,CEAT,Reifen,09.csv,175,65,R,15,,,ECODRIVE,,09,,,,,,
8904288100518,300001251,CEAT,Reifen,09.csv,165,60,R,14,,,ECODRIVE,,09,,,,,,
8904288100549,300001254,CEAT,Reifen,09.csv,195,60,R,16,,,SECURADRIVE,,09,,,,,,
8904288100587,300001258,CEAT,Reifen,09.csv,205,65,R,15,,,SECURADRIVE,,09,,,,,,
8904288100594,300001259,CEAT,Reifen,09.csv,215,65,R,16,,,SECURADRIVE,,09,,,,,,
8904288100617,300001260,CEAT,Reifen,09.csv,205,50,R,17,,,SPORTDRIVE XL,,09,,,,,,
8904288100624,300001261,CEAT,Reifen,09.csv,215,50,R,17,,,SPORTDRIVE XL,,09,,,,,,
8904288100631,300001262,CEAT,Reifen,09.csv,225,50,R,17,,,SPORTDRIVE XL,,09,,,,,,
8904288100655,300001264,CEAT,Reifen,09.csv,215,45,R,17,,,SPORTDRIVE XL,,09,,,,,,
8904288100662,300001265,CEAT,Reifen,09.csv,225,45,R,17,,,SPORTDRIVE XL,,09,,,,,,
8904288100679,300001266,CEAT,Reifen,09.csv,235,45,R,17,,,SPORTDRIVE XL,,09,,,,,,
8904288100709,300001269,CEAT,Reifen,09.csv,245,45,R,18,,,SPORTDRIVE XL,,09,,,,,,
8904288100716,300001270,CEAT,Reifen,09.csv,195,75,R,16C,105,,ENDURADRIVE,,09,,,,,,
8904288100723,300001271,CEAT,Reifen,09.csv,225,65,R,16C,110,,ENDURADRIVE,,09,,,,,,
8904288100730,300001272,CEAT,Reifen,09.csv,195,65,R,16C,102,,ENDURADRIVE,,09,,,,,,
8904288100747,300001273,CEAT,Reifen,09.csv,215,70,R,15C,107,,ENDURADRIVE,,09,,,,,,
8904288100754,300001274,CEAT,Reifen,09.csv,195,70,R,15C,102,,ENDURADRIVE,,09,,,,,,
8904288100860,300001351,CEAT,Reifen,09.csv,195,55,R,15,,,WINTERDRIVE XL,,09,,,,,,
8904288100877,300001383,CEAT,Reifen,09.csv,195,50,R,15,,,WINTERDRIVE,,09,,,,,,
8904288101119,300001276,CEAT,Reifen,09.csv,205,55,R,16,,,ECODRIVE,,09,,,,,,
8904288101133,300001278,CEAT,Reifen,09.csv,205,65,R,15,,,ECODRIVE,,09,,,,,,
8904288101140,300001279,CEAT,Reifen,09.csv,185,65,R,15,,,ECODRIVE XL,,09,,,,,,
8904288101171,300001282,CEAT,Reifen,09.csv,185,70,R,14,,,ECODRIVE,,09,,,,,,
8904288101195,300001284,CEAT,Reifen,09.csv,195,60,R,15,,,SECURADRIVE,,09,,,,,,
8904288101201,300001285,CEAT,Reifen,09.csv,195,65,R,15,,,SECURADRIVE XL,,09,,,,,,
8904288101218,300001286,CEAT,Reifen,09.csv,235,55,R,17,,,SECURADRIVE,,09,,,,,,
8904288101232,300001288,CEAT,Reifen,09.csv,195,55,R,16,,,SECURADRIVE XL,,09,,,,,,
8904288101249,300001289,CEAT,Reifen,09.csv,215,55,R,18,,,SECURADRIVE XL,,09,,,,,,
8904288101256,300001290,CEAT,Reifen,09.csv,205,55,R,16,,,SECURADRIVE XL,,09,,,,,,
8904288101270,300001292,CEAT,Reifen,09.csv,235,55,R,17,,,SECURADRIVE XL,,09,,,,,,
8904288101416,300001293,CEAT,Reifen,09.csv,225,55,R,18,,,SPORTDRIVE XL,,09,,,,,,
8904288101423,300001294,CEAT,Reifen,09.csv,235,55,R,18,,,SPORTDRIVE XL,,09,,,,,,
8904288101430,300001295,CEAT,Reifen,09.csv,235,45,R,18,,,SPORTDRIVE XL,,09,,,,,,
8904288101577,300001359,CEAT,Reifen,09.csv,215,50,R,17,,,WINTERDRIVE XL,,09,,,,,,
8904288101614,300001300,CEAT,Reifen,09.csv,205,55,R,17,,,SECURADRIVE XL,,09,,,,,,
8904288101676,300001306,CEAT,Reifen,09.csv,205,65,R,16C,103,,ENDURADRIVE,,09,,,,,,
8904288101683,300001307,CEAT,Reifen,09.csv,215,65,R,16C,105,,ENDURADRIVE,,09,,,,,,
8904288101690,300001308,CEAT,Reifen,09.csv,215,65,R,16,,,SPORTDRIVE SUV,,09,,,,,,
8904288101706,300001309,CEAT,Reifen,09.csv,215,65,R,17,,,SPORTDRIVE SUV XL,,09,,,,,,
8904288101713,300001310,CEAT,Reifen,09.csv,225,55,R,16,,,SPORTDRIVE XL,,09,,,,,,
8904288101720,300001311,CEAT,Reifen,09.csv,225,55,R,17,,,SPORTDRIVE XL,,09,,,,,,
8904288101737,300001312,CEAT,Reifen,09.csv,225,60,R,17,,,SPORTDRIVE SUV XL,,09,,,,,,
8904288101744,300001313,CEAT,Reifen,09.csv,225,65,R,17,,,SPORTDRIVE SUV XL,,09,,,,,,
8904288101751,300001314,CEAT,Reifen,09.csv,235,40,R,18,,,SPORTDRIVE XL,,09,,,,,,
8904288101812,300001320,CEAT,Reifen,09.csv,235,65,R,17,,,SPORTDRIVE SUV XL,,09,,,,,,
8904288101829,300001321,CEAT,Reifen,09.csv,245,45,R,17,,,SPORTDRIVE XL,,09,,,,,,
8904288101836,300001322,CEAT,Reifen,09.csv,255,55,R,18,,,SPORTDRIVE SUV XL,,09,,,,,,
8904288102727,300001330,CEAT,Reifen,09.csv,225,70,R,15C,110,,ENDURADRIVE,,09,,,,,,
8904288102741,300001332,CEAT,Reifen,09.csv,205,75,R,16C,111,,ENDURADRIVE,,09,,,,,,
8904288102857,300001336,CEAT,Reifen,09.csv,245,45,R,20,,,SPORTDRIVE SUV XL,,09,,,,,,
8904288102888,300001337,CEAT,Reifen,09.csv,215,70,R,16,,,SPORTDRIVE SUV XL,,09,,,,,,
8904288102895,300001338,CEAT,Reifen,09.csv,215,50,R,18,,,SPORTDRIVE,,09,,,,,,
8904288102925,300001340,CEAT,Reifen,09.csv,225,60,R,18,,,SPORTDRIVE SUV XL,,09,,,,,,
8904288102949,300001341,CEAT,Reifen,09.csv,235,50,R,19,,,SPORTDRIVE SUV XL,,09,,,,,,
8904288103328,300001369,CEAT,Reifen,09.csv,235,50,R,18,,,WINTERDRIVE SUV XL,,09,,,,,,
8904288104035,300001378,CEAT,Reifen,09.csv,245,45,R,18,,,WINTERDRIVE SPORT XL,,09,,,,,,
8904288104127,300001385,CEAT,Reifen,09.csv,255,35,R,19,,,SPORTDRIVE XL,,09,,,,,,
8904288104561,300001394,CEAT,Reifen,09.csv,245,40,R,19,,,SPORTDRIVE XL,,09,,,,,,
8904288104868,300001205,CEAT,Reifen,09.csv,205,55,R,16,,,4SEASONDRIVE XL,,09,,,,,,
8904288104875,300001207,CEAT,Reifen,09.csv,225,45,R,17,,,4SEASONDRIVE XL,,09,,,,,,
8904288104882,300001203,CEAT,Reifen,09.csv,195,65,R,15,,,4SEASONDRIVE,,09,,,,,,
8904288104905,300001297,CEAT,Reifen,09.csv,175,65,R,15,,,4SEASONDRIVE XL,,09,,,,,,
8904288104929,300001195,CEAT,Reifen,09.csv,155,70,R,13,,,4SEASONDRIVE,,09,,,,,,
8904288104936,300001196,CEAT,Reifen,09.csv,155,80,R,13,,,4SEASONDRIVE,,09,,,,,,
8904288104943,300001198,CEAT,Reifen,09.csv,165,70,R,14,,,4SEASONDRIVE,,09,,,,,,
8904288104967,300001302,CEAT,Reifen,09.csv,215,65,R,16,,,4SEASONDRIVE XL,,09,,,,,,
8904288104974,300001197,CEAT,Reifen,09.csv,165,65,R,14,,,4SEASONDRIVE,,09,,,,,,
8904288104981,300001199,CEAT,Reifen,09.csv,175,65,R,14,,,4SEASONDRIVE,,09,,,,,,
8904288105018,300001393,CEAT,Reifen,09.csv,155,65,R,14,,,4SEASONDRIVE,,09,,,,,,
8904288105025,300001200,CEAT,Reifen,09.csv,175,70,R,14,,,4SEASONDRIVE XL,,09,,,,,,
8904288105070,300001324,CEAT,Reifen,09.csv,195,50,R,15,,,4SEASONDRIVE XL,,09,,,,,,
8904288105087,300001325,CEAT,Reifen,09.csv,195,55,R,15,,,4SEASONDRIVE XL,,09,,,,,,
8904288105094,300001204,CEAT,Reifen,09.csv,195,55,R,16,,,4SEASONDRIVE XL,,09,,,,,,
8904288105148,300001327,CEAT,Reifen,09.csv,215,45,R,17,,,4SEASONDRIVE XL,,09,,,,,,
8904288105155,300001392,CEAT,Reifen,09.csv,215,50,R,17,,,4SEASONDRIVE XL,,09,,,,,,
8904288105162,300001328,CEAT,Reifen,09.csv,215,55,R,16,,,4SEASONDRIVE XL,,09,,,,,,
8904288105193,300001389,CEAT,Reifen,09.csv,215,65,R,17,,,4SEASONDRIVE XL,,09,,,,,,
8904288107432,300001395,CEAT,Reifen,09.csv,215,65,R,16C,105,,ENDURADRIVE A/S 3PMSF,,09,,,,,,
8904288107456,300001397,CEAT,Reifen,09.csv,205,65,R,16C,105,,ENDURADRIVE A/S 3PMSF,,09,,,,,,
8904288107470,300001399,CEAT,Reifen,09.csv,225,65,R,16C,110,,ENDURADRIVE A/S 3PMSF,,09,,,,,,
8904288111835,300001412,CEAT,Reifen,09.csv,235,50,R,19,,,4SEASONDRIVE SUV XL,,09,,,,,,
8904288111859,300001410,CEAT,Reifen,09.csv,235,55,R,18,,,4SEASONDRIVE SUV XL,,09,,,,,,
8904288111873,300001411,CEAT,Reifen,09.csv,235,60,R,18,,,4SEASONDRIVE SUV XL,,09,,,,,,
8904288111880,300001406,CEAT,Reifen,09.csv,225,65,R,17,,,4SEASONDRIVE SUV XL,,09,,,,,,
8904288111910,300001408,CEAT,Reifen,09.csv,215,50,R,18,,,4SEASONDRIVE SUV,,09,,,,,,
8904288111958,300001403,CEAT,Reifen,09.csv,235,50,R,19,,,WINTERDRIVE SUV XL,,09,,,,,,
8904288111972,300001400,CEAT,Reifen,09.csv,215,50,R,18,,,WINTERDRIVE SUV,,09,,,,,,
8904288111996,300001402,CEAT,Reifen,09.csv,225,50,R,18,,,WINTERDRIVE SUV XL,,09,,,,,,
8904288113006,300001413,CEAT,Reifen,09.csv,205,40,R,17,,,SPORTDRIVE XL,,09,,,,,,
8904288113044,300001414,CEAT,Reifen,09.csv,215,40,R,17,,,SPORTDRIVE XL,,09,,,,,,
8904288113082,300001416,CEAT,Reifen,09.csv,225,40,R,19,,,SPORTDRIVE XL,,09,,,,,,
8904288113099,300001417,CEAT,Reifen,09.csv,225,45,R,19,,,SPORTDRIVE XL,,09,,,,,,
4250996331664,320000129,Mitsubishi,Felgen,09.csv,,,,,,,,,09,8.5,20,40,,,
4250996331671,320000128,Mitsubishi,Felgen,09.csv,,,,,,,,,09,8.5,20,40,schwarz front-poliert,,
