ean,product_id,manufacturer,article_type,source_file,rim_width,rim_diameter,rim_offset,rim_color,rim_load_index,rim_speed_index
4026569014100,ALE1N9BA40,AEZ,FELGEN,12.csv,,,,black,,
4026569019976,TTZZHSA45E16,Dezent,FELGEN,12.csv,,,,silver,,
4026569021177,TTRF8SA38,Dezent,FELGEN,12.csv,,,,silver,,
4026569021269,TTRF8BA38,Dezent,FELGEN,12.csv,,,,black,,
4026569021283,TYRE-R06A0AFF367B8,DEZENT,FELGEN,13.csv,,,,black,,
4026569021283,TTRF8BA48E,Dezent,FELGEN,12.csv,,,,black,,
4026569021337,TTRF0BA50,Dezent,FELGEN,12.csv,,,,black,,
4026569022112,TTNJ2SA41E,Dezent,FELGEN,12.csv,,,,silver,,
4026569022440,TTN93SA32E,Dezent,FELGEN,12.csv,,,,silver,,
4026569022853,TTNZ3BP32E,Dezent,FELGEN,12.csv,,,,black polished,,
4026569024413,TTUZ8BA46E,Dezent,FELGEN,12.csv,,,,black,,
4026569024482,TTUZ0BA50E,Dezent,FELGEN,12.csv,,,,black,,
4026569024598,TTUY8BA38,Dezent,FELGEN,12.csv,,,,black,,
4026569025281,TTUY8SA47E,Dezent,FELGEN,12.csv,,,,silver,,
4026569025434,TTUFHSA48,Dezent,FELGEN,12.csv,,,,silver,,
4026569025441,TTUFHSA49E,Dezent,FELGEN,12.csv,,,,silver,,
4026569026301,OKASDKA35,DOTZ,FELGEN,12.csv,,,,black matt,,
4026569029029,TTNK3BA32E,Dezent,FELGEN,12.csv,,,,black,,
4026569043667,AAT78GP40,AEZ,FELGEN,12.csv,,,,graphite matt polished,,
4026569044183,AAT0N0GP45E,AEZ,FELGEN,12.csv,,,,graphite matt polished,,
4026569044619,AAT9N0BA45E,AEZ,FELGEN,12.csv,,,,black,,
4026569044732,AAT0N0BA45E,AEZ,FELGEN,12.csv,,,,black,,
4026569045388,APR9M8KA48,AEZ,FELGEN,12.csv,,,,black matt,,
4026569045418,APR0K8KA30E,AEZ,FELGEN,12.csv,,,,black matt,,
4026569045548,APR1L8KA40E,AEZ,FELGEN,12.csv,,,,black matt,,
4026569046477,TTNO1SA41E,Dezent,FELGEN,12.csv,,,,silver,,
4026569047511,ABE9L8BL565E,AEZ,FELGEN,12.csv,,,,black polish lip,,
4026569047825,TTOY6BA51E,Dezent,FELGEN,12.csv,,,,black,,
4026569049409,TTV9M8BP50M,Dezent,FELGEN,12.csv,,,,black polished,,
4026569049478,TTV0KHBP525E,Dezent,FELGEN,12.csv,,,,black polished,,
4026569052218,TTV9J8BA53E,Dezent,FELGEN,12.csv,,,,black,,
4026569053086,TTV9K8BA34ME,Dezent,FELGEN,12.csv,,,,black,,
4026569053840,TTV0KHBA525E,Dezent,FELGEN,12.csv,,,,black,,
4026569054212,TTZY8SA445E,Dezent,FELGEN,12.csv,,,,silver,,
4026569056285,TAO9J8BA50E,Dezent,FELGEN,12.csv,,,,black,,
4026569056575,TAO0K8BP45E,Dezent,FELGEN,12.csv,,,,black polished,,
4026569056629,TAO0M0BP34E,Dezent,FELGEN,12.csv,,,,black polished,,
4026569068318,TTV0L8BA505E,Dezent,FELGEN,12.csv,,,,black,,
4026569068325,TTV0L0BA545E,Dezent,FELGEN,12.csv,,,,black,,
4026569071288,OFU9J0FA50,DOTZ,FELGEN,12.csv,,,,gunmetal,,
4026569072353,OFU0M8FA40,DOTZ,FELGEN,12.csv,,,,gunmetal,,
4026569073978,TTU80SA40E,Dezent,FELGEN,12.csv,,,,silver,,
4026569075026,AAT9L8BA35E,AEZ,FELGEN,12.csv,,,,black,,
4026569077280,TTRF8SA40MBE,Dezent,FELGEN,12.csv,,,,silver,,
4026569077310,TTRA8SA58MBE,Dezent,FELGEN,12.csv,,,,silver,,
4026569077624,TTAY0SA52E,Dezent,FELGEN,12.csv,,,,silver,,
4026569077891,TKBYHSA405E,Dezent,FELGEN,12.csv,,,,silver,,
4026569078355,TKB9JHSA505E,Dezent,FELGEN,12.csv,,,,silver,,
4026569078416,TKB9K8SA30E,Dezent,FELGEN,12.csv,,,,silver,,
4026569081300,OFU0M8DA40,DOTZ,FELGEN,12.csv,,,,gold,,
4026569082673,TAR0M0BA34E,Dezent,FELGEN,12.csv,,,,black,,
4026569082673,TYRE-RD08E1FE02EC1,DEZENT,FELGEN,13.csv,,,,black,,
4026569083342,TYRE-RDA4854604C72,DEZENT,FELGEN,13.csv,,,,black polished,,
4026569083342,TAR0M0BP34E,Dezent,FELGEN,12.csv,,,,black polished,,
4026569085568,TAR0P0BP40,Dezent,FELGEN,12.csv,,,,black polished,,
4026569085568,TYRE-R1BCE5449DAAF,DEZENT,FELGEN,13.csv,,,,black polished,,
4026569085940,APR0K8KA46E,AEZ,FELGEN,12.csv,,,,black matt,,
4026569086350,TTV9M8BA30E,Dezent,FELGEN,12.csv,,,,black,,
4026569089535,AHA9M8FA38E,AEZ,FELGEN,12.csv,,,,gunmetal,,
4026569090746,TAR9N0BA45E,Dezent,FELGEN,12.csv,,,,black,,
4026569091729,TKFZHSA45E16,Dezent,FELGEN,12.csv,,,,silver,,
4026569091781,TKFZ0SA32E,Dezent,FELGEN,12.csv,,,,silver,,
4026569092153,TKFY8SA46E,Dezent,FELGEN,12.csv,,,,silver,,
4026569092498,TKFF8SA48E,Dezent,FELGEN,12.csv,,,,silver,,
4026569092887,TKFZHBP45E16,Dezent,FELGEN,12.csv,,,,black polished,,
4026569094768,TKG9L8BA38E,Dezent,FELGEN,12.csv,,,,black,,
4026569095628,PDETAR9N0GA45E,Dezent,FELGEN,12.csv,,,,graphite matt,,
4026569095628,TYRE-R6FA46C7CE7F7,DEZENT,FELGEN,13.csv,,,,graphite matt,,
4026569098179,AHA9L8FA29E,AEZ,FELGEN,12.csv,,,,gunmetal,,
4026569098230,TKBO0BP45E,Dezent,FELGEN,12.csv,,,,black polished,,
4026569098742,TKG9L8BA355E,Dezent,FELGEN,12.csv,,,,black,,
4026569098766,TKG9N8BA51E,Dezent,FELGEN,12.csv,,,,black,,
4026569131050,ASM9L0FP40E,AEZ,FELGEN,12.csv,,,,gunmetal polished,,
4026569131050,TYRE-R6D77D9324AEE,AEZ,FELGEN,13.csv,,,,gunmetal polished,,
4026569133443,TTV9K8BA30E,Dezent,FELGEN,12.csv,,,,black,,
4026569134686,TARFHBA46E,Dezent,FELGEN,12.csv,,,,black,,
4026569134990,TKBP8SA43E,Dezent,FELGEN,12.csv,,,,silver,,
4026569134990,TYRE-RF81CD2F1FB48,DEZENT,FELGEN,13.csv,,,,silver,,
4026569135300,TKG9M8BA41E,Dezent,FELGEN,12.csv,,,,black,,
4026569136222,TYRE-R530B563CD144,DEZENT,FELGEN,13.csv,,,,black polished,,
4026569136222,TKGR0BP38E,Dezent,FELGEN,12.csv,,,,black polished,,
4026569136260,TKGR0BA38E,Dezent,FELGEN,12.csv,,,,black,,
4026569136260,TYRE-R1C28A0968A2D,DEZENT,FELGEN,13.csv,,,,black,,
4026569143893,TKG9KLBA40E,Dezent,FELGEN,12.csv,,,,black,,
4026569143893,TYRE-R44FB5C0B2E82,DEZENT,FELGEN,13.csv,,,,black,,
4026569143916,TKG9MLBA45E,Dezent,FELGEN,12.csv,,,,black,,
4026569143916,TYRE-R5EABD818DB26,DEZENT,FELGEN,13.csv,,,,black,,
4026569143947,TKG9L8BA40VE,Dezent,FELGEN,12.csv,,,,black,,
4026569272616,TTXJ2SA40E,Dezent,FELGEN,12.csv,,,,silver,,
4026569274535,TVAZQSA50,Dezent,FELGEN,12.csv,,,,silber,,
4026569279707,TTYZ0SA35,Dezent,FELGEN,12.csv,,,,silber,,
4026569281298,TTYG0SA34,Dezent,FELGEN,12.csv,,,,silber,,
4026569281434,TTYG8GA35,Dezent,FELGEN,12.csv,,,,graphite matt,,
4026569284091,TTZZ7SA40E,Dezent,FELGEN,12.csv,,,,silver,,
4026569284381,TTZP8SA35E,Dezent,FELGEN,12.csv,,,,silver,,
4026569285081,TTZF8SA42V,Dezent,FELGEN,12.csv,,,,silver,,
4026569285197,TTZG7SA33E,Dezent,FELGEN,12.csv,,,,silver,,
4026569285852,TTZFHBP505E,Dezent,FELGEN,12.csv,,,,black polished,,
4026569286064,TTZF8GA51VE,Dezent,FELGEN,12.csv,,,,graphite matt,,
4026569287948,TTZY0GA50E,Dezent,FELGEN,12.csv,,,,graphite matt,,
4026569288112,TTZZ3GA15,Dezent,FELGEN,12.csv,,,,graphite matt,,
4026569296827,TTZ9K8SA35,Dezent,FELGEN,12.csv,,,,silver,,
4026569296995,TTZ9K8GA45E,Dezent,FELGEN,12.csv,,,,graphite matt,,
4026569313784,O1RPDB30,DOTZ,FELGEN,12.csv,,,,BLACK,,
4026569441524,TTA9K8SA38,Dezent,FELGEN,12.csv,,,,silver,,
4026569442996,TTAY6SA45,Dezent,FELGEN,12.csv,,,,silver,,
4026569449889,TTAZ8SA22E,Dezent,FELGEN,12.csv,,,,silver,,
4026569449889,TYRE-RC3BA9367A0D9,DEZENT,FELGEN,13.csv,,,,silver,,
4026569453251,TTY98GA38E,Dezent,FELGEN,12.csv,,,,graphite matt,,
4026569455156,TTAF0SA45KE,Dezent,FELGEN,12.csv,,,,silver,,
4026569455446,TTRY0SA40,Dezent,FELGEN,12.csv,,,,silver,,
4026569455507,TTR78SA40,Dezent,FELGEN,12.csv,,,,silver,,
4026569455521,TTR78SA51E,Dezent,FELGEN,12.csv,,,,silver,,
4026569455705,TTRZ0BP48,Dezent,FELGEN,12.csv,,,,black polished,,
4026569455880,TTR78BP40,Dezent,FELGEN,12.csv,,,,black polished,,
4026569455941,TTRG8BP35,Dezent,FELGEN,12.csv,,,,black polished,,
4026569455996,TTRG8BP48,Dezent,FELGEN,12.csv,,,,black polished,,
4026569456009,TTZ96SA40E,Dezent,FELGEN,12.csv,,,,silver,,
4026569456085,TTRZ8BA46E,Dezent,FELGEN,12.csv,,,,black,,
4026569456092,TTRZ8BA48,Dezent,FELGEN,12.csv,,,,black,,
4046003016798,GR65650U22-7,Alutec,FELGEN,12.csv,,,,graphit,,
4046003017085,GR70638B71-0,Alutec,FELGEN,12.csv,,,,polar-silber,,
4046003017412,GR55440V71-0,Alutec,FELGEN,12.csv,,,,polar-silber,,
4046003019669,GR75747B51-0,Alutec,FELGEN,12.csv,,,,polar-silber,,
4046004072052,X10-70640W31-0,Rial,FELGEN,12.csv,,,,polar-silber,,
4046004073257,X10-80843W34-5,Rial,FELGEN,12.csv,,,,racing-schwarz,,
4046004073486,MN65745V24-5,Alutec,FELGEN,12.csv,,,,racing-schwarz,,
4046004084796,X10-70740W31-0,Rial,FELGEN,12.csv,,,,polar-silber,,
4046004084833,X10-70747V21-0,Rial,FELGEN,12.csv,,,,polar-silber,,
4046004085267,AT70749V21,ATS,FELGEN,12.csv,,,,polar-silber,,
4046004087414,KK70635B61-0,Rial,FELGEN,12.csv,,,,polar-silber,,
4046004092333,AT80840B61,ATS,FELGEN,12.csv,,,,polar-silber,,
4046004097024,EVO80857W67-6,ATS,FELGEN,12.csv,,,,dark grey,,
4051665016079,BOR8101592,BORBET,FELGEN,12.csv,,,,black glossy,,
4051665016284,BOR8100910,BORBET,FELGEN,12.csv,,,,black glossy,,
4051665027846,BOR8138553,BORBET,FELGEN,12.csv,,,,black glossy,,
4051665031034,BOR8132721,BORBET,FELGEN,12.csv,,,,titan matt,,
4051665034639,BOR495926,BORBET,FELGEN,12.csv,,,,black glossy,,
4051665035520,BOR8130060,BORBET,FELGEN,12.csv,,,,crystal silver,,
4051665036046,BOR222528,BORBET,FELGEN,12.csv,,,,black glossy,,
4051665037456,BOR496132,BORBET,FELGEN,12.csv,,,,crystal silver,,
4051665038682,BOR8131053,BORBET,FELGEN,12.csv,,,,black glossy,,
4051665041866,BOR496439,BORBET,FELGEN,12.csv,,,,mistral anthracite glossy,,
4051665042320,BOR496465,BORBET,FELGEN,12.csv,,,,crystal silver,,
4051665043785,BOR496477,BORBET,FELGEN,12.csv,,,,crystal silver,,
4051665049374,BOR496998,BORBET,FELGEN,12.csv,,,,crystal silver,,
4051665049428,BOR497003,BORBET,FELGEN,12.csv,,,,mistral anthracite glossy,,
4051665049435,BOR497004,BORBET,FELGEN,12.csv,,,,crystal silver,,
4051665050387,BOR497092,BORBET,FELGEN,12.csv,,,,gold rim polished,,
4051665051834,BOR497222,BORBET,FELGEN,12.csv,,,,black glossy rim red,,
4051665052695,BOR497267,BORBET,FELGEN,12.csv,,,,crystal silver,,
4051665052718,BOR497269,BORBET,FELGEN,12.csv,,,,black glossy,,
4051665054415,BOR497441,BORBET,FELGEN,12.csv,,,,mistral anthracite glossy,,
4051665054422,BOR497442,BORBET,FELGEN,12.csv,,,,black polished glossy,,
4051665054705,BOR497466,BORBET,FELGEN,12.csv,,,,mistral anthracite glossy,,
4051665055528,BOR497521,BORBET,FELGEN,12.csv,,,,black glossy,,
4051665055702,BOR497538,BORBET,FELGEN,12.csv,,,,mistral anthracite glossy,,
4051665056662,BOR497628,BORBET,FELGEN,12.csv,,,,bronze matt,,
4051665056952,BOR497657,BORBET,FELGEN,12.csv,,,,black matt,,
4051665057409,BOR497693,BORBET,FELGEN,12.csv,,,,black glossy,,
4051665057850,BOR497738,BORBET,FELGEN,12.csv,,,,titan matt,,
4051665058024,TYRE-RAB649055DA90,BORBET,FELGEN,13.csv,,,,crystal silver,,
4051665058024,BOR497749,BORBET,FELGEN,12.csv,,,,crystal silver,,
4051665058260,BOR497773,BORBET,FELGEN,12.csv,,,,crystal silver,,
4051665059854,BOR497890,BORBET,FELGEN,12.csv,,,,black matt rim copper,,
4051665060638,BOR497954,BORBET,FELGEN,12.csv,,,,e-grey,,
4051665061277,BOR497981,BORBET,FELGEN,12.csv,,,,mistral anthracite glossy,,
4051665061475,BOR498001,BORBET,FELGEN,12.csv,,,,black glossy,,
4051665061666,BOR498017,BORBET,FELGEN,12.csv,,,,black glossy,,
4051665062359,BOR222712,BORBET,FELGEN,12.csv,,,,black glossy red ring,,
4051665065947,498256BOR,BORBET,FELGEN,12.csv,,,,black glossy,,
4051665065978,498259BOR,BORBET,FELGEN,12.csv,,,,crystal silver,,
4052894114758,TYRE-R3779AFCF2F5B,WHEELWORLD-2DRV,FELGEN,13.csv,,,,schwarz hochglanzpoliert,,
4052894114758,11475,2DRV,FELGEN,12.csv,,,,schwarz hochglanzpoliert,,
4052894115212,11521,AXXION,FELGEN,12.csv,,,,daytona grau hochglanzpoliert,,
4052894116738,11673,2DRV,FELGEN,12.csv,,,,schwarz hochglanzpoliert,,
4052894116738,TYRE-RFC6824F1B5A6,WHEELWORLD-2DRV,FELGEN,13.csv,,,,schwarz hochglanzpoliert,,
4052894116820,11682,2DRV,FELGEN,12.csv,,,,schwarz hochglanzpoliert,,
4052894133506,13350,2DRV,FELGEN,12.csv,,,,race silber lackiert,,
4052894140238,14023,2DRV,FELGEN,12.csv,,,,dark gunmetal lackiert,,
4052894140238,TYRE-R2B8584880834,WHEELWORLD-2DRV,FELGEN,13.csv,,,,dark gunmetal lackiert,,
4052894140719,14071,2DRV,FELGEN,12.csv,,,,schwarz hochglanzpoliert,,
4052894142188,14218,2DRV,FELGEN,12.csv,,,,schwarz glänzend lackiert,,
4052894142843,14284,2DRV,FELGEN,12.csv,,,,dark gunmetal lackiert,,
4052894146728,TYRE-RE8FD907F2CE8,WHEELWORLD-2DRV,FELGEN,13.csv,,,,daytona grau lackiert,,
4052894146728,14672,2DRV,FELGEN,12.csv,,,,daytona grau lackiert,,
4052894156147,15614,2DRV,FELGEN,12.csv,,,,schwarz glanz lackiert,,
4052894160816,16081,2DRV,FELGEN,12.csv,,,,schwarz glänzend lackiert,,
4052894168867,16886,2DRV,FELGEN,12.csv,,,,schwarz glänzend lackiert,,
4052894188742,18874,2DRV,FELGEN,12.csv,,,,arktic silber lackiert,,
4052894188742,TYRE-RFFB7D2BF2F47,WHEELWORLD-2DRV,FELGEN,13.csv,,,,arktic silber lackiert,,
4052894192336,TYRE-R38C8EC08661E,WHEELWORLD-2DRV,FELGEN,13.csv,,,,schwarz hochglanzpoliert,,
4052894192336,19233,2DRV,FELGEN,12.csv,,,,schwarz hochglanzpoliert,,
4053881102482,RON012.1348.003,Ronal,FELGEN,12.csv,,,,KRISTALLSILBER,,
4053881102543,RON012.1348.010,Ronal,FELGEN,12.csv,,,,KRISTALLSILBER,,
4053881120295,RON012.3252.008,Ronal,FELGEN,12.csv,,,,KRISTALLSILBER,,
4053881120295,TYRE-R74E628CB80E0,RONAL,FELGEN,13.csv,,,,KRISTALLSILBER,,
4053881128734,RON012.1432.007,Ronal,FELGEN,12.csv,,,,KRISTALLSILBER,,
4053881136906,RON012.3577.003,Ronal,FELGEN,12.csv,,,,KRISTALLSILBER,,
4053881137132,TYRE-R57C460DF7C44,RONAL,FELGEN,13.csv,,,,MATTSCHWARZ,,
4053881137132,RON012.3577.028,Ronal,FELGEN,12.csv,,,,MATTSCHWARZ,,
4053881232899,RON012.4500.027,Ronal,FELGEN,12.csv,,,,SILBER,,
4053881232899,TYRE-R59D7D2DEB48F,RONAL,FELGEN,13.csv,,,,SILBER,,
4053881254716,RON012.4786.014,Ronal,FELGEN,12.csv,,,,ORBIT GREY,,
4053881266818,RON012.5221.005,Ronal,FELGEN,12.csv,,,,JETBLACK,,
4059771000081,FRE65650F51-0,Alutec,FELGEN,12.csv,,,,polar-silber,,
4059771001538,MN65640A24-5,Alutec,FELGEN,12.csv,,,,racing-schwarz,,
4059771008636,GR75845V22-7,Alutec,FELGEN,12.csv,,,,graphit,,
4059771015092,EVO75855FO17-6,ATS,FELGEN,12.csv,,,,dark grey,,
4059771016587,IKE80940B72-6,Alutec,FELGEN,12.csv,,,,diamant-schwarz,,
4059771016709,IKE852045V22-6,Alutec,FELGEN,12.csv,,,,diamant-schwarz,,
4059771017010,AST70734B62-6,Rial,FELGEN,12.csv,,,,diamant-schwarz,,
4059771017355,AST65650FO12-6,Rial,FELGEN,12.csv,,,,diamant-schwarz,,
4059771017652,AST75729B61-0,Rial,FELGEN,12.csv,,,,polar-silber,,
4059771018079,ADX1-85940B86-51,Alutec,FELGEN,12.csv,,,,metallic-bronze frontpoliert,,
4059771021987,MN65750W66-5,Alutec,FELGEN,12.csv,,,,metallic-bronze,,
4059771023301,AST70745V22-7,Rial,FELGEN,12.csv,,,,graphit,,
4059771023981,MN852145FO14-5,Alutec,FELGEN,12.csv,,,,racing-schwarz,,
4059771024094,M12-80950FO11-0,Rial,FELGEN,12.csv,,,,polar-silber,,
4059771024117,M12-90953FO11-0,Rial,FELGEN,12.csv,,,,polar-silber,,
4059771024544,X12-80945V21-0,Rial,FELGEN,12.csv,,,,polar-silber,,
4059771024599,X12-80945V22-6,Rial,FELGEN,12.csv,,,,diamant-schwarz,,
4059771025930,AST75949L12-6,Rial,FELGEN,12.csv,,,,diamant-schwarz,,
4059771030514,ADX1-75832CP16-51,Alutec,FELGEN,12.csv,,,,metallic-bronze frontpoliert,,
4059771032792,ADX2-802045V23-1,Alutec,FELGEN,12.csv,,,,diamant schwarz frontpoliert,,
4059771032860,ADX2-902042V22-6,Alutec,FELGEN,12.csv,,,,diamant-schwarz,,
4061766131007,13100,Meisterwerk,FELGEN,12.csv,,,,BLACK GLOSSY,,
4250084600962,KT208519511245BPBI,Keskin,FELGEN,12.csv,,,,BLACK PAINTED BLUE INSIDE,,
4250084648858,MAMA47016511238SL,MAM Felgen,FELGEN,12.csv,,,,SILVER PAINTED,,
4250084648872,MAMA47016511248SL,MAM Felgen,FELGEN,12.csv,,,,SILVER PAINTED,,
4250084656518,MAMRS47517510845PP,MAM Felgen,FELGEN,12.csv,,,,PALLADIUM PAINTED,,
4250145415054,BRB34801840O6SKMV,Brock,FELGEN,12.csv,,,,schwarz klar matt,,
4250145473931,RC25T65660C3SKMV,RC Design,FELGEN,12.csv,,,,schwarz klar matt,,
4250145477021,620070472,RC-DESIGN,Felgen,16.csv,7.5,17,50,,,
4250314119899,C20 809 45 91S GG,CMS,FELGEN,12.csv,,,,titan,,
4250314122721,C22 656 45 53S CBG,CMS,FELGEN,12.csv,,,,schwarz glänzend,,
4250314122721,TYRE-RA475DD1EC1FC,CMS,FELGEN,13.csv,,,,schwarz glänzend,,
4250314123407,C27 767 36 91S CBG,CMS,FELGEN,12.csv,,,,complete black gloss,,
4250314123513,C27 818 26 91S SR,CMS,FELGEN,12.csv,,,,racing silber,,
4250314123575,C27 818 39 91S SR,CMS,FELGEN,12.csv,,,,racing silver,,
4250314124503,C30 656 47 53S SR,CMS,FELGEN,12.csv,,,,racing silver,,
4250314124541,C30 656 40 59 CBG,CMS,FELGEN,12.csv,,,,complete black gloss,,
4250314124572,TYRE-RBEF42BA9DBF4,CMS,FELGEN,13.csv,,,,complete black gloss,,
4250314124572,C30 656 42 60S CBG,CMS,FELGEN,12.csv,,,,complete black gloss,,
4250314124626,C30 656 46 60S SR,CMS,FELGEN,12.csv,,,,racing silver,,
4250314124787,TYRE-R0E0865963401,CMS,FELGEN,13.csv,,,,complete black gloss,,
4250314124787,C30 707 40 59 CBG,CMS,FELGEN,12.csv,,,,complete black gloss,,
4250314124794,C30 707 40 59 DB,CMS,FELGEN,12.csv,,,,diamond black,,
4250314124992,C30 808 39 91S CBG,CMS,FELGEN,12.csv,,,,complete black gloss,,
4250314125128,C22 656 40 53S GG,CMS,FELGEN,12.csv,,,,titan,,
4250314125135,C22 656 40 53S SR,CMS,FELGEN,12.csv,,,,racing silber,,
4250314125272,C22 656 40 59 CBG,CMS,FELGEN,12.csv,,,,schwarz glänzend,,
4250314125319,C22 656 46 60S GG,CMS,FELGEN,12.csv,,,,titan,,
4250314125869,C28 758 48 60S SR,CMS,FELGEN,12.csv,,,,racing silver,,
4250314125913,C28 758 47 10 DB,CMS,FELGEN,12.csv,,,,diamond black,,
4250314126033,C28 759 50 60S DB,CMS,FELGEN,12.csv,,,,diamond black,,
4250314126033,TYRE-RF9F35264A341,CMS,FELGEN,13.csv,,,,diamond black,,
4250314126040,C28 759 50 60S SR,CMS,FELGEN,12.csv,,,,racing silver,,
4250314126545,C29 808 31 91S DB,CMS,FELGEN,12.csv,,,,diamond black gloss,,
4250314127382,C22 605 45 52S SR,CMS,FELGEN,12.csv,,,,racing silber,,
4250314127528,C22 706 46 13 GG,CMS,FELGEN,12.csv,,,,titan,,
4250314127740,C23 605 46 26 DRB,CMS,FELGEN,12.csv,,,,diamond rim black,,
4250314127740,TYRE-R70D941121DE6,CMS,FELGEN,13.csv,,,,diamond rim black,,
4250314127818,C23 656 37 31 DRB,CMS,FELGEN,12.csv,,,,diamond rim black,,
4250314128556,C27 707 45 60S SR,CMS,FELGEN,12.csv,,,,racing silver,,
4250314128600,C27 707 48 62S CBG,CMS,FELGEN,12.csv,,,,complete black gloss,,
4250314128655,C27 707 35 63S SR,CMS,FELGEN,12.csv,,,,racing silver,,
4250314129263,C27 708 45 63 SR,CMS,FELGEN,12.csv,,,,racing silber,,
4250314129294,C27 708 39 53S CBG,CMS,FELGEN,12.csv,,,,complete black gloss,,
4250314129447,C27 759 49 10 SR,CMS,FELGEN,12.csv,,,,racing silver,,
4250314129522,C27 759 50 10 SR,CMS,FELGEN,12.csv,,,,racing silver,,
4250314131112,C27 656 45 56 CBG,CMS,FELGEN,12.csv,,,,complete black gloss,,
4250314131303,C27 758 39 91S SR,CMS,FELGEN,12.csv,,,,racing silver,,
4250314131341,C27 758 45 10 CBG,CMS,FELGEN,12.csv,,,,complete black gloss,,
4250314131341,TYRE-R8A2D4BC50DB9,CMS,FELGEN,13.csv,,,,complete black gloss,,
4250314131518,C27 758 50 60S SR,CMS,FELGEN,12.csv,,,,racing silver,,
4250314132324,C30 656 32 65 CBG,CMS,FELGEN,12.csv,,,,complete black gloss,,
4250314132331,C30 656 32 65 DB,CMS,FELGEN,12.csv,,,,diamond black,,
4250314132331,TYRE-R54B930E5B20A,CMS,FELGEN,13.csv,,,,diamond black,,
4250314132355,C30 656 40 53S CBG,CMS,FELGEN,12.csv,,,,complete black gloss,,
4250314132386,C30 656 45 56 CBG,CMS,FELGEN,12.csv,,,,complete black gloss,,
4250314132416,C30 707 35 65 CBG,CMS,FELGEN,12.csv,,,,complete black gloss,,
4250314132706,C30 707 45 10 CBG,CMS,FELGEN,12.csv,,,,complete black gloss,,
4250314132805,C27 707 46 13 CBG,CMS,FELGEN,12.csv,,,,complete black gloss,,
4250314132881,C27 758 51 10 CBG,CMS,FELGEN,12.csv,,,,complete black gloss,,
4250314132911,C27 767 40 63S CBG,CMS,FELGEN,12.csv,,,,complete black gloss,,
4250314132911,TYRE-R1F2800507914,CMS,FELGEN,13.csv,,,,complete black gloss,,
4250314133789,C30 808 45 10 DBC,CMS,FELGEN,12.csv,,,,diamond black copper,,
4250314133826,C27 758 40 62S CBG,CMS,FELGEN,12.csv,,,,complete black gloss,,
4250314135370,C23 757 38 10 SR,CMS,FELGEN,12.csv,,,,racing silber,,
4250314137022,C27 818 35 63S SR,CMS,FELGEN,12.csv,,,,racing silver,,
4250314137183,C27 708 51 52S CBG,CMS,FELGEN,12.csv,,,,complete black gloss,,
4250314142613,C27 809 42 56 CBG,CMS,FELGEN,12.csv,,,,complete black gloss,,
4250314143368,C32 708 45 10 CBG,CMS,FELGEN,12.csv,,,,complete black gloss,,
4250314147441,C22 706 43 60S CBG,CMS,FELGEN,12.csv,,,,schwarz glänzend,,
4250325717589,TYRE-R36ECCB64F3BE,AUTEC,FELGEN,13.csv,,,,schwarz matt lackiert,,
4250325717589,X7017445052122,Autec,FELGEN,12.csv,,,,schwarz matt lackiert,,
4250325719293,S6516404031118,Autec,FELGEN,12.csv,,,,brilliantsilber-lackiert,,
4250325719293,TYRE-R3612E0352C3C,AUTEC,FELGEN,13.csv,,,,brilliantsilber-lackiert,,
4250325720145,S7518495072118,Autec,FELGEN,12.csv,,,,brilliantsilber-lackiert,,
4250325720145,TYRE-R5A4D9876D4FC,AUTEC,FELGEN,13.csv,,,,brilliantsilber-lackiert,,
4250325720831,D8018425072130,Autec,FELGEN,12.csv,,,,hyper silber,,
4250325727878,U8519455075123,Autec,FELGEN,12.csv,,,,titansilber,,
4250325728806,TYRE-R0A9ABB84748C,AUTEC,FELGEN,13.csv,,,,schwarz,,
4250325728806,U9021355073133,Autec,FELGEN,12.csv,,,,schwarz,,
4250325728936,TYRE-R9C91CEE1FD9E,AUTEC,FELGEN,13.csv,,,,schwarz poliert,,
4250325728936,U9021345075111,Autec,FELGEN,12.csv,,,,schwarz poliert,,
4250325729209,U7517435052133,Autec,FELGEN,12.csv,,,,schwarz,,
4250325729216,TYRE-RD841B71E1B56,AUTEC,FELGEN,13.csv,,,,schwarz,,
4250325729216,U7517475072133,Autec,FELGEN,12.csv,,,,schwarz,,
4250325729292,U7517405092111,Autec,FELGEN,12.csv,,,,schwarz poliert,,
4250325733190,AS8019455073111,Autec,FELGEN,12.csv,,,,schwarz poliert,,
4250325733190,TYRE-R6B59259B5DF8,AUTEC,FELGEN,13.csv,,,,schwarz poliert,,
4250325735651,BV7016475074618,Autec,FELGEN,12.csv,,,,brillantsilber lackiert,,
4250325735651,TYRE-R7835F0288691,AUTEC,FELGEN,13.csv,,,,brillantsilber lackiert,,
4250325735712,BV7016475074611,Autec,FELGEN,12.csv,,,,schwarz poliert,,
4250325735712,TYRE-R326FB630D3D1,AUTEC,FELGEN,13.csv,,,,schwarz poliert,,
4250325736023,MC6516445075118,Autec,FELGEN,12.csv,,,,brillantsilber lackiert,,
4250325736023,TYRE-RD29649D1D60C,AUTEC,FELGEN,13.csv,,,,brillantsilber lackiert,,
4250325736122,MC6517445075133,Autec,FELGEN,12.csv,,,,schwarz,,
4250325736122,TYRE-R3EBBC29CF602,AUTEC,FELGEN,13.csv,,,,schwarz,,
4250325736221,MC7517425075133,Autec,FELGEN,12.csv,,,,schwarz,,
4250325736634,CR8518465072133,Autec,FELGEN,12.csv,,,,schwarz,,
4250325737402,TE7017505098133,Autec,FELGEN,12.csv,,,,schwarz,,
4250325738010,BV7017475074633,Autec,FELGEN,12.csv,,,,schwarz,,
4250325738010,TYRE-R0C9EE096CB8C,AUTEC,FELGEN,13.csv,,,,schwarz,,
4250325738065,BV7017545074611,Autec,FELGEN,12.csv,,,,schwarz poliert,,
4250325738065,TYRE-RDB6E24EFDD6B,AUTEC,FELGEN,13.csv,,,,schwarz poliert,,
4250325739413,L8520485092130,Autec,FELGEN,12.csv,,,,hyper silber,,
4250325740051,TYRE-R7623AC5EC186,AUTEC,FELGEN,13.csv,,,,schwarz,,
4250325740051,VD6016455033133,Autec,FELGEN,12.csv,,,,schwarz,,
4250325741515,KS6516665153911,Autec,FELGEN,12.csv,,,,schwarz poliert,,
4250325741515,TYRE-RF3027777AFEC,AUTEC,FELGEN,13.csv,,,,schwarz poliert,,
4250325741850,TYRE-R26DCE93F717A,AUTEC,FELGEN,13.csv,,,,schwarz,,
4250325741850,KS7518585103633,Autec,FELGEN,12.csv,,,,schwarz,,
4250325742123,TYRE-R2073F644C4B2,AUTEC,FELGEN,13.csv,,,,brilliantsilber,,
4250325742123,VL6516455052118,Autec,FELGEN,12.csv,,,,brilliantsilber,,
4250325742451,TYRE-R363422D9632A,AUTEC,FELGEN,13.csv,,,,brilliantsilber,,
4250325742451,VL7518325092118,Autec,FELGEN,12.csv,,,,brilliantsilber,,
4250325742741,TYRE-RCD13A5A01A55,AUTEC,FELGEN,13.csv,,,,schwarz,,
4250325742741,U9519455095533,Autec,FELGEN,12.csv,,,,schwarz,,
4250390908028,KH10-701743-K3-06,HYUNDAI,FELGEN,12.csv,,,,HB,,
4250390911264,RG14-501435-V6-07,OXXO,FELGEN,12.csv,,,,silver,,
4250390911271,RG14-601538-V6-07,OXXO,FELGEN,12.csv,,,,silver,,
4250390911660,RG18-501520-MC-07,OXXO,FELGEN,12.csv,,,,silver,,
4250390911677,RG18-601525-MC-07,OXXO,FELGEN,12.csv,,,,silver,,
4250390911707,RG18-501520-MC-83,OXXO,FELGEN,12.csv,,,,matt black polished,,
4250390911714,RG18-601525-MC-83,OXXO,FELGEN,12.csv,,,,matt black polished,,
4250390914746,"KH21-651631,5-M4-07",KIA,FELGEN,12.csv,,,,silber,,
4250390916603,OX08-651638-O5-07,OXXO,FELGEN,12.csv,,,,silver,,
4250390916610,OX08-651650-X4-07,OXXO,FELGEN,12.csv,,,,silver,,
4250390916641,OX08-651645-T4-07,OXXO,FELGEN,12.csv,,,,silver,,
4250390916665,OX08-651650-M4-07,OXXO,FELGEN,12.csv,,,,silver,,
4250390916696,OX08-701644-PC-07,OXXO,FELGEN,12.csv,,,,silver,,
4250390916733,OX08-701750-M4-07,OXXO,FELGEN,12.csv,,,,silver,,
4250390917372,"OX07-601537,5-X3-07",OXXO,FELGEN,12.csv,,,,silver,,
4250390917396,OX07-651520-PC1-07,OXXO,FELGEN,12.csv,,,,silver,,
4250390917402,OX07-651527-PC1-07,OXXO,FELGEN,12.csv,,,,silver,,
4250390917464,OX07-701720-PC1-07,OXXO,FELGEN,12.csv,,,,silver,,
4250390917488,OX07-751729-PC1-07,OXXO,FELGEN,12.csv,,,,silver,,
4250390917563,RG14-501435-V6-03,OXXO,FELGEN,12.csv,,,,black,,
4250390917570,RG14-601538-V6-03,OXXO,FELGEN,12.csv,,,,black,,
4250390917846,ADV10-701640-O2-07,ADV,FELGEN,12.csv,,,,silver (SI),,
4250390919185,OX08-701750-X4-07,OXXO,FELGEN,12.csv,,,,silver,,
4250390919239,OX08-701747-M4-07,OXXO,FELGEN,12.csv,,,,silver,,
4250390919253,OX07-451435-T5-07,OXXO,FELGEN,12.csv,,,,silver,,
4250390919260,OX07-551447-M1-07,OXXO,FELGEN,12.csv,,,,silver,,
4250390919277,OX07-551439-O1-07,OXXO,FELGEN,12.csv,,,,silver,,
4250390919291,"OX07-551437,5-X3-07",OXXO,FELGEN,12.csv,,,,silver,,
4250390919307,OX07-451535-T5-07,OXXO,FELGEN,12.csv,,,,silver,,
4250390919314,OX07-551540-M1-07,OXXO,FELGEN,12.csv,,,,silver,,
4250390919321,OX07-601547-M1-07,OXXO,FELGEN,12.csv,,,,silver,,
4250390919338,OX07-601539-O1-07,OXXO,FELGEN,12.csv,,,,silver,,
4250390919352,OX10-501532-R1-07,OXXO,FELGEN,12.csv,,,,silver,,
4250390919369,OX10-501538-R1-07,OXXO,FELGEN,12.csv,,,,silver,,
4250390919376,OX10-551536-R1-07,OXXO,FELGEN,12.csv,,,,silver,,
4250390919383,OX10-551542-R1-07,OXXO,FELGEN,12.csv,,,,silver,,
4250390919604,OX08-751744-PC-07,OXXO,FELGEN,12.csv,,,,silver,,
4250390919659,OX10-501532-R1-03,OXXO,FELGEN,12.csv,,,,black,,
4250390919666,OX10-501538-R1-03,OXXO,FELGEN,12.csv,,,,black,,
4250390919680,OX10-551542-R1-03,OXXO,FELGEN,12.csv,,,,black,,
4250390919703,OX07-451435-T5-03,OXXO,FELGEN,12.csv,,,,black,,
4250390919710,OX07-551447-M1-03,OXXO,FELGEN,12.csv,,,,black,,
4250390919727,OX07-551439-O1-03,OXXO,FELGEN,12.csv,,,,black,,
4250390919741,"OX07-551437,5-X3-03",OXXO,FELGEN,12.csv,,,,black,,
4250390919758,OX07-451535-T5-03,OXXO,FELGEN,12.csv,,,,black,,
4250390919765,OX07-551540-M1-03,OXXO,FELGEN,12.csv,,,,black,,
4250390919772,OX07-601539-O1-03,OXXO,FELGEN,12.csv,,,,black,,
4250390919789,OX07-601547-M1-03,OXXO,FELGEN,12.csv,,,,black,,
4250390919802,"OX07-601537,5-X3-03",OXXO,FELGEN,12.csv,,,,black,,
4250390919826,OX07-651520-PC1-03,OXXO,FELGEN,12.csv,,,,black,,
4250390919833,OX07-651527-PC1-03,OXXO,FELGEN,12.csv,,,,black,,
4250390919895,OX07-701720-PC1-03,OXXO,FELGEN,12.csv,,,,black,,
4250390919918,OX07-751729-PC1-03,OXXO,FELGEN,12.csv,,,,black,,
4250390919956,OX08-651650-X4-03,OXXO,FELGEN,12.csv,,,,black,,
4250390919994,OX08-651650-M4-03,OXXO,FELGEN,12.csv,,,,black,,
4250390920020,OX08-701644-PC-03,OXXO,FELGEN,12.csv,,,,black,,
4250390920068,OX08-701750-X4-03,OXXO,FELGEN,12.csv,,,,black,,
4250390920129,OX08-701750-M4-03,OXXO,FELGEN,12.csv,,,,black,,
4250390920143,OX08-751744-PC-03,OXXO,FELGEN,12.csv,,,,black,,
4250390920174,RG14-601640-V6-07,OXXO,FELGEN,12.csv,,,,silver,,
4250390920181,RG14-601640-V6-03,OXXO,FELGEN,12.csv,,,,black,,
4250390920303,OX11-701751-DBT-07,OXXO,FELGEN,12.csv,,,,silver,,
4250390920310,OX11-701756-V4-07,OXXO,FELGEN,12.csv,,,,silver,,
4250390920334,OX11-801851-V4-07,OXXO,FELGEN,12.csv,,,,silver,,
4250390920358,OX11-701751-DBT-03,OXXO,FELGEN,12.csv,,,,black,,
4250390920365,OX11-701756-V4-03,OXXO,FELGEN,12.csv,,,,black,,
4250390920372,OX11-801851-DBT-03,OXXO,FELGEN,12.csv,,,,black,,
4250390920389,OX11-801851-V4-03,OXXO,FELGEN,12.csv,,,,black,,
4250390920402,OX11-701751-DBT-33,OXXO,FELGEN,12.csv,,,,black polished,,
4250390920419,OX11-701756-V4-33,OXXO,FELGEN,12.csv,,,,black polished,,
4250390922277,OX08-651650-T3-07,OXXO,FELGEN,12.csv,,,,silver,,
4250390922284,OX08-651650-T3-03,OXXO,FELGEN,12.csv,,,,black,,
4250390922666,OX08-651645-M4-07,OXXO,FELGEN,12.csv,,,,silver,,
4250390922796,OX08-651645-M4-03,OXXO,FELGEN,12.csv,,,,black,,
4250390923502,OX07-651640-R1-07,OXXO,FELGEN,12.csv,,,,silver,,
4250390923588,OX07-651640-R1-03,OXXO,FELGEN,12.csv,,,,black,,
4250390923717,"KH22-651648,5-M4-03",KIA,FELGEN,12.csv,,,,black,,
4250390923816,"KH22-651648,5-M4-04",KIA,FELGEN,12.csv,,,,anthracite,,
4250390923939,OX07-601637-R1-07-N,OXXO,FELGEN,12.csv,,,,silver,,
4250390923953,OX07-651620-PC1-07-N,OXXO,FELGEN,12.csv,,,,silver,,
4250390923960,OX07-601637-R1-03-N,OXXO,FELGEN,12.csv,,,,black,,
4250390923984,OX07-651620-PC1-03-N,OXXO,FELGEN,12.csv,,,,black,,
4250390924455,OX13-701645-N2-07,OXXO,FELGEN,12.csv,,,,silver,,
4250390924486,OX13-701655-F7-07,OXXO,FELGEN,12.csv,,,,silver,,
4250390924509,OX13-751738-N2-07,OXXO,FELGEN,12.csv,,,,silver,,
4250390924523,OX13-751725-T7-07,OXXO,FELGEN,12.csv,,,,silver,,
4250390924530,OX13-751730-T7-07,OXXO,FELGEN,12.csv,,,,silver,,
4250390924547,OX13-751755-F7-07,OXXO,FELGEN,12.csv,,,,silver,,
4250390924561,OX13-751845-N2-07,OXXO,FELGEN,12.csv,,,,silver,,
4250390924585,OX13-751825-T7-07,OXXO,FELGEN,12.csv,,,,silver,,
4250390924592,OX13-751830-T7-07,OXXO,FELGEN,12.csv,,,,silver,,
4250390924608,OX13-751846-F7-07,OXXO,FELGEN,12.csv,,,,silver,,
4250390924653,OX13-701655-F7-53,OXXO,FELGEN,12.csv,,,,matt black,,
4250390924677,OX13-751738-N2-53,OXXO,FELGEN,12.csv,,,,matt black,,
4250390924691,OX13-751725-T7-53,OXXO,FELGEN,12.csv,,,,matt black,,
4250390924707,OX13-751730-T7-53,OXXO,FELGEN,12.csv,,,,matt black,,
4250390924714,OX13-751755-F7-53,OXXO,FELGEN,12.csv,,,,matt black,,
4250390924738,OX13-751845-N2-53,OXXO,FELGEN,12.csv,,,,matt black,,
4250390924752,OX13-751825-T7-53,OXXO,FELGEN,12.csv,,,,matt black,,
4250390924769,OX13-751830-T7-53,OXXO,FELGEN,12.csv,,,,matt black,,
4250390924776,OX13-751846-F7-53,OXXO,FELGEN,12.csv,,,,matt black,,
4250390924783,ADV15-751740-X5-54,OXXO,FELGEN,12.csv,,,,matt gunmetal,,
4250390924806,TYRE-R4436D01BE165,OXXO WHEELS,FELGEN,13.csv,,,,matt gunmetal,,
4250390924806,ADV15-751745-Y1-54,OXXO,FELGEN,12.csv,,,,matt gunmetal,,
4250390924813,TYRE-RA01D85223001,OXXO WHEELS,FELGEN,13.csv,,,,matt gunmetal,,
4250390924813,ADV15-751730-D3-54,OXXO,FELGEN,12.csv,,,,matt gunmetal,,
4250390924820,ADV15-751745-D3-54,OXXO,FELGEN,12.csv,,,,matt gunmetal,,
4250390924820,TYRE-RA2D0AA5B838A,OXXO WHEELS,FELGEN,13.csv,,,,matt gunmetal,,
4250390924837,ADV15-751730-W4-54,OXXO,FELGEN,12.csv,,,,matt gunmetal,,
4250390924837,TYRE-R240F1556A964,OXXO WHEELS,FELGEN,13.csv,,,,matt gunmetal,,
4250390924851,ADV15-751745-B1-54,OXXO,FELGEN,12.csv,,,,matt gunmetal,,
4250390924851,TYRE-RC9D793834539,OXXO WHEELS,FELGEN,13.csv,,,,matt gunmetal,,
4250390924868,ADV15-801840-X5-54,OXXO,FELGEN,12.csv,,,,matt gunmetal,,
4250390924868,TYRE-RC95DFE2AAD0E,OXXO WHEELS,FELGEN,13.csv,,,,matt gunmetal,,
4250390924882,ADV15-801845-Y1-54,OXXO,FELGEN,12.csv,,,,matt gunmetal,,
4250390924882,TYRE-RA0B7549C8450,OXXO WHEELS,FELGEN,13.csv,,,,matt gunmetal,,
4250390924899,ADV15-801830-D3-54,OXXO,FELGEN,12.csv,,,,matt gunmetal,,
4250390924899,TYRE-R07ED24C304AE,OXXO WHEELS,FELGEN,13.csv,,,,matt gunmetal,,
4250390924905,ADV15-801840-D3-54,OXXO,FELGEN,12.csv,,,,matt gunmetal,,
4250390924905,TYRE-R01740EBA4402,OXXO WHEELS,FELGEN,13.csv,,,,matt gunmetal,,
4250390924912,ADV15-801850-D3-54,OXXO,FELGEN,12.csv,,,,matt gunmetal,,
4250390924912,TYRE-R633DF378CDA1,OXXO WHEELS,FELGEN,13.csv,,,,matt gunmetal,,
4250390924929,TYRE-R31C7C7BFF611,OXXO WHEELS,FELGEN,13.csv,,,,matt gunmetal,,
4250390924929,ADV15-801840-W4-54,OXXO,FELGEN,12.csv,,,,matt gunmetal,,
4250390924936,ADV15-801850-W4-54,OXXO,FELGEN,12.csv,,,,matt gunmetal,,
4250390924936,TYRE-R5D4C73F66334,OXXO WHEELS,FELGEN,13.csv,,,,matt gunmetal,,
4250390924943,ADV15-801830-B1-54,OXXO,FELGEN,12.csv,,,,matt gunmetal,,
4250390924943,TYRE-R574E2BDC324B,OXXO WHEELS,FELGEN,13.csv,,,,matt gunmetal,,
4250390924950,ADV15-851945-Y1-54,OXXO,FELGEN,12.csv,,,,matt gunmetal,,
4250390924950,TYRE-R661636C59B1B,OXXO WHEELS,FELGEN,13.csv,,,,matt gunmetal,,
4250390924967,TYRE-R5234F09E6BC8,OXXO WHEELS,FELGEN,13.csv,,,,matt gunmetal,,
4250390924967,ADV15-851930-D3-54,OXXO,FELGEN,12.csv,,,,matt gunmetal,,
4250390924974,ADV15-851940-D3-54,OXXO,FELGEN,12.csv,,,,matt gunmetal,,
4250390924974,TYRE-R9A08DA9678DB,OXXO WHEELS,FELGEN,13.csv,,,,matt gunmetal,,
4250390924981,ADV15-851948-D3-54,OXXO,FELGEN,12.csv,,,,matt gunmetal,,
4250390924981,TYRE-R60A1E3A3F69D,OXXO WHEELS,FELGEN,13.csv,,,,matt gunmetal,,
4250390924998,ADV15-851940-W4-54,OXXO,FELGEN,12.csv,,,,matt gunmetal,,
4250390924998,TYRE-R6A09AEA726D2,OXXO WHEELS,FELGEN,13.csv,,,,matt gunmetal,,
4250390925001,TYRE-RC603EEA17DD0,OXXO WHEELS,FELGEN,13.csv,,,,matt gunmetal,,
4250390925001,ADV15-851945-W4-54,OXXO,FELGEN,12.csv,,,,matt gunmetal,,
4250390925056,OX11-701746-PC-07,OXXO,FELGEN,12.csv,,,,silver,,
4250390925063,OX11-701746-PC-03,OXXO,FELGEN,12.csv,,,,black,,
4250390925070,OX11-701646-PC-07,OXXO,FELGEN,12.csv,,,,silver,,
4250390925100,OX11-701646-PC-03,OXXO,FELGEN,12.csv,,,,black,,
4250390925506,RG14-601643-V7-07,OXXO,FELGEN,12.csv,,,,silver,,
4250390925513,RG14-601643-V7-03,OXXO,FELGEN,12.csv,,,,black,,
4250390925520,OX08-701738-O5-07,OXXO,FELGEN,12.csv,,,,silver,,
4250390925537,OX08-701742-PC-07,OXXO,FELGEN,12.csv,,,,silver,,
4250390925568,OX14-651638-DB-07,OXXO,FELGEN,12.csv,,,,silver,,
4250390925650,OX14-751740-D6-07,OXXO,FELGEN,12.csv,,,,silver,,
4250390925698,OX14-801843-D6-07,OXXO,FELGEN,12.csv,,,,silver,,
4250390925704,"OX14-851834,5-DB-07",OXXO,FELGEN,12.csv,,,,silver,,
4250390925728,OX14-801943-D6-07,OXXO,FELGEN,12.csv,,,,silver,,
4250390926176,OX11-651652-DBT-07,OXXO,FELGEN,12.csv,,,,silver,,
4250390926183,OX11-651652-V4-07,OXXO,FELGEN,12.csv,,,,silver,,
4250390926190,OX11-651660-F5-07,OXXO,FELGEN,12.csv,,,,silver,,
4250390926206,OX11-651652-DBT-03,OXXO,FELGEN,12.csv,,,,black,,
4250390926213,OX11-651652-V4-03,OXXO,FELGEN,12.csv,,,,black,,
4250390926350,"OX08-751752,5-X7-07",OXXO,FELGEN,12.csv,,,,silver,,
4250390926367,"OX08-751752,5-X7-03",OXXO,FELGEN,12.csv,,,,black,,
4250390926466,OX14-751740-D6-03,OXXO,FELGEN,12.csv,,,,black,,
4250390926503,OX14-801843-D6-03,OXXO,FELGEN,12.csv,,,,black,,
4250390926510,"OX14-851834,5-DB-03",OXXO,FELGEN,12.csv,,,,black,,
4250390926534,OX14-801943-D6-03,OXXO,FELGEN,12.csv,,,,black,,
4250390926589,RG14-551540-V6-07,OXXO,FELGEN,12.csv,,,,silver,,
4250390926596,RG14-601645-V6-07,OXXO,FELGEN,12.csv,,,,silver,,
4250390926602,RG14-551540-V6-03,OXXO,FELGEN,12.csv,,,,black,,
4250390926619,RG14-601645-V6-03,OXXO,FELGEN,12.csv,,,,black,,
4250390926725,OX08-751745-C2-03,OXXO,FELGEN,12.csv,,,,black,,
4250390927609,MW01-851932-D4-34,Meisterwerk,FELGEN,12.csv,,,,GUNMETAL / POLISHED,,
4250390927753,MW02-851945-D4-53,Meisterwerk,FELGEN,12.csv,,,,MATT BLACK,,
4250390927852,MW02-902142-A1-53,Meisterwerk,FELGEN,12.csv,,,,MATT BLACK,,
4250390927852,TYRE-RB8286DECE735,MEISTERWERK,FELGEN,13.csv,,,,MATT BLACK,,
4250390927876,MW02-1052135-A1-53,Meisterwerk,FELGEN,12.csv,,,,MATT BLACK,,
4250390927876,TYRE-R20EB7AE1720E,MEISTERWERK,FELGEN,13.csv,,,,MATT BLACK,,
4250390927883,MW02-1052135-B1-53,Meisterwerk,FELGEN,12.csv,,,,MATT BLACK,,
4250390928095,MW03-851935-B1-34,Meisterwerk,FELGEN,12.csv,,,,GUNMETAL / POLISHED,,
4250390928156,MW03-102032-D4-34,Meisterwerk,FELGEN,12.csv,,,,GUNMETAL / POLISHED,,
4250390928903,EN04-751745-D3-55,Enkei,FELGEN,12.csv,,,,matt bronze (MR),,
4250390929122,OX07-601550-R1-07,OXXO,FELGEN,12.csv,,,,silver,,
4250390929139,OX07-601545-X3-07,OXXO,FELGEN,12.csv,,,,silver,,
4250390929146,OX07-601650-R1-07,OXXO,FELGEN,12.csv,,,,silver,,
4250390929153,OX07-601550-R1-03,OXXO,FELGEN,12.csv,,,,black,,
4250390929160,OX07-601545-X3-03,OXXO,FELGEN,12.csv,,,,black,,
4250390929184,KH24-601546-M4-07,KIA,FELGEN,12.csv,,,,silber,,
4250390929184,TYRE-R243343D7B5C9,KIA,FELGEN,13.csv,,,,silber,,
4250390929207,KH24-601546-M4-03,HYUNDAI,FELGEN,12.csv,,,,BLACK,,
4250390929313,OX14-751833-DB-03,OXXO,FELGEN,12.csv,,,,black,,
4250390929337,OX17-651633-V7-07,OXXO,FELGEN,12.csv,,,,silver,,
4250390929351,OX17-651641-V7-07,OXXO,FELGEN,12.csv,,,,silver,,
4250390929375,OX17-651643-V7-07,OXXO,FELGEN,12.csv,,,,silver,,
4250390929382,OX17-651646-V7-07,OXXO,FELGEN,12.csv,,,,silver,,
4250390929399,OX17-651648-V7-07,OXXO,FELGEN,12.csv,,,,silver,,
4250390929405,OX17-701635-D4-07,OXXO,FELGEN,12.csv,,,,silver,,
4250390929436,OX17-651738-V7-07,OXXO,FELGEN,12.csv,,,,silver,,
4250390929443,OX17-651741-V7-07,OXXO,FELGEN,12.csv,,,,silver,,
4250390929450,"OX17-651748,5-V7-07",OXXO,FELGEN,12.csv,,,,silver,,
4250390929467,OX17-701734-A1-07,OXXO,FELGEN,12.csv,,,,silver,,
4250390929474,OX17-701740-V7-07,OXXO,FELGEN,12.csv,,,,silver,,
4250390929481,OX17-701742-D4-07,OXXO,FELGEN,12.csv,,,,silver,,
4250390929498,OX17-701745-V7-07,OXXO,FELGEN,12.csv,,,,silver,,
4250390929504,OX17-751729-D4-07,OXXO,FELGEN,12.csv,,,,silver,,
4250390929528,OX17-751751-V7-07,OXXO,FELGEN,12.csv,,,,silver,,
4250390929542,OX17-701843-V7-07,OXXO,FELGEN,12.csv,,,,silver,,
4250390929559,OX17-701845-V7-07,OXXO,FELGEN,12.csv,,,,silver,,
4250390929580,OX17-751839-D4-07,OXXO,FELGEN,12.csv,,,,silver,,
4250390929597,OX17-751851-V7-07,OXXO,FELGEN,12.csv,,,,silver,,
4250390929610,OX17-801825-A1-07,OXXO,FELGEN,12.csv,,,,silver,,
4250390929634,OX17-801839-A1-07,OXXO,FELGEN,12.csv,,,,silver,,
4250390929641,OX17-801840-D4-07,OXXO,FELGEN,12.csv,,,,silver,,
4250390929672,OX17-701943-V7-07,OXXO,FELGEN,12.csv,,,,silver,,
4250390929696,OX17-801928-A1-07,OXXO,FELGEN,12.csv,,,,silver,,
4250390929719,OX17-801939-A1-07,OXXO,FELGEN,12.csv,,,,silver,,
4250390929733,OX17-651633-V7-04,OXXO,FELGEN,12.csv,,,,gunmetal,,
4250390929757,OX17-651641-V7-04,OXXO,FELGEN,12.csv,,,,gunmetal,,
4250390929771,OX17-651643-V7-04,OXXO,FELGEN,12.csv,,,,gunmetal,,
4250390929788,OX17-651646-V7-04,OXXO,FELGEN,12.csv,,,,gunmetal,,
4250390929801,OX17-701635-D4-04,OXXO,FELGEN,12.csv,,,,gunmetal,,
4250390929832,OX17-651738-V7-04,OXXO,FELGEN,12.csv,,,,gunmetal,,
4250390929849,OX17-651741-V7-04,OXXO,FELGEN,12.csv,,,,gunmetal,,
4250390929856,"OX17-651748,5-V7-04",OXXO,FELGEN,12.csv,,,,gunmetal,,
4250390929863,OX17-701734-A1-04,OXXO,FELGEN,12.csv,,,,gunmetal,,
4250390929870,OX17-701740-V7-04,OXXO,FELGEN,12.csv,,,,gunmetal,,
4250390929887,OX17-701742-D4-04,OXXO,FELGEN,12.csv,,,,gunmetal,,
4250390929894,OX17-701745-V7-04,OXXO,FELGEN,12.csv,,,,gunmetal,,
4250390929900,OX17-751729-D4-04,OXXO,FELGEN,12.csv,,,,gunmetal,,
4250390929924,OX17-751751-V7-04,OXXO,FELGEN,12.csv,,,,gunmetal,,
4250390929948,OX17-701843-V7-04,OXXO,FELGEN,12.csv,,,,gunmetal,,
4250390929955,OX17-701845-V7-04,OXXO,FELGEN,12.csv,,,,gunmetal,,
4250390929986,OX17-751839-D4-04,OXXO,FELGEN,12.csv,,,,gunmetal,,
4250390929993,OX17-751851-V7-04,OXXO,FELGEN,12.csv,,,,gunmetal,,
4250390930012,OX17-801825-A1-04,OXXO,FELGEN,12.csv,,,,gunmetal,,
4250390930036,OX17-801839-A1-04,OXXO,FELGEN,12.csv,,,,gunmetal,,
4250390930043,OX17-801840-D4-04,OXXO,FELGEN,12.csv,,,,gunmetal,,
4250390930074,OX17-701943-V7-04,OXXO,FELGEN,12.csv,,,,gunmetal,,
4250390930098,OX17-801928-A1-04,OXXO,FELGEN,12.csv,,,,gunmetal,,
4250390930111,OX17-801939-A1-04,OXXO,FELGEN,12.csv,,,,gunmetal,,
4250390930135,OX16-651739-B3-07,OXXO,FELGEN,12.csv,,,,silver,,
4250390930142,OX16-751727-B3-07,OXXO,FELGEN,12.csv,,,,silver,,
4250390930159,OX16-751752-B3-07,OXXO,FELGEN,12.csv,,,,silver,,
4250390930166,OX16-751754-B3-07,OXXO,FELGEN,12.csv,,,,silver,,
4250390930173,OX16-701822-B3-07,OXXO,FELGEN,12.csv,,,,silver,,
4250390930197,OX16-801830-B3-07,OXXO,FELGEN,12.csv,,,,silver,,
4250390930210,OX16-751932-B3-07,OXXO,FELGEN,12.csv,,,,silver,,
4250390930227,OX16-801930-B3-07,OXXO,FELGEN,12.csv,,,,silver,,
4250390930241,OX16-651739-B3-03,OXXO,FELGEN,12.csv,,,,black,,
4250390930258,OX16-751727-B3-03,OXXO,FELGEN,12.csv,,,,black,,
4250390930265,OX16-751752-B3-03,OXXO,FELGEN,12.csv,,,,black,,
4250390930272,OX16-751754-B3-03,OXXO,FELGEN,12.csv,,,,black,,
4250390930289,OX16-701822-B3-03,OXXO,FELGEN,12.csv,,,,black,,
4250390930302,OX16-801830-B3-03,OXXO,FELGEN,12.csv,,,,black,,
4250390930326,OX16-751932-B3-03,OXXO,FELGEN,12.csv,,,,black,,
4250390930333,OX16-801930-B3-03,OXXO,FELGEN,12.csv,,,,black,,
4250390930746,"OX07-651637,5-X3-07",OXXO,FELGEN,12.csv,,,,silver,,
4250390930753,"OX07-651637,5-X3-03",OXXO,FELGEN,12.csv,,,,black,,
4250390930845,OX17-801844-V7-07,OXXO,FELGEN,12.csv,,,,silver,,
4250390930852,OX17-801844-V7-04,OXXO,FELGEN,12.csv,,,,gunmetal,,
4250390930869,OX17-751736-D4-07,OXXO,FELGEN,12.csv,,,,silver,,
4250390930876,OX17-801839-D4-07,OXXO,FELGEN,12.csv,,,,silver,,
4250390930883,OX17-801939-D4-07,OXXO,FELGEN,12.csv,,,,silver,,
4250390930890,OX17-751736-D4-04,OXXO,FELGEN,12.csv,,,,gunmetal,,
4250390930906,OX17-801839-D4-04,OXXO,FELGEN,12.csv,,,,gunmetal,,
4250390930913,OX17-801939-D4-04,OXXO,FELGEN,12.csv,,,,gunmetal,,
4250390930920,OX14-651644-DB-07,OXXO,FELGEN,12.csv,,,,silver,,
4250390930937,OX14-651744-DB-07,OXXO,FELGEN,12.csv,,,,silver,,
4250390930944,OX14-751849-DB-07,OXXO,FELGEN,12.csv,,,,silver,,
4250390930951,OX14-651644-DB-03,OXXO,FELGEN,12.csv,,,,black,,
4250390930968,OX14-651744-DB-03,OXXO,FELGEN,12.csv,,,,black,,
4250390930975,OX14-751849-DB-03,OXXO,FELGEN,12.csv,,,,black,,
4250390930999,OX18-651638-X2-33,OXXO,FELGEN,12.csv,,,,black polished,,
4250390931033,OX18-651620-PC1-33,OXXO,FELGEN,12.csv,,,,black polished,,
4250390931057,OX18-651640-X5-33,OXXO,FELGEN,12.csv,,,,black polished,,
4250390931071,OX18-651640-Y1-33,OXXO,FELGEN,12.csv,,,,black polished,,
4250390931088,OX18-651650-Y1-33,OXXO,FELGEN,12.csv,,,,black polished,,
4250390931095,OX18-651640-B3-33,OXXO,FELGEN,12.csv,,,,black polished,,
4250390931101,OX18-651650-B3-33,OXXO,FELGEN,12.csv,,,,black polished,,
4250390931118,OX18-651640-W4-33,OXXO,FELGEN,12.csv,,,,black polished,,
4250390931125,OX18-651650-W4-33,OXXO,FELGEN,12.csv,,,,black polished,,
4250390931149,OX18-701738-X2-33,OXXO,FELGEN,12.csv,,,,black polished,,
4250390931200,OX18-701740-X5-33,OXXO,FELGEN,12.csv,,,,black polished,,
4250390931217,OX18-701748-X5-33,OXXO,FELGEN,12.csv,,,,black polished,,
4250390931231,OX18-701740-Y1-33,OXXO,FELGEN,12.csv,,,,black polished,,
4250390931248,OX18-701740-B3-33,OXXO,FELGEN,12.csv,,,,black polished,,
4250390931255,OX18-701748-B3-33,OXXO,FELGEN,12.csv,,,,black polished,,
4250390931279,OX18-701748-W4-33,OXXO,FELGEN,12.csv,,,,black polished,,
4250390931323,OX18-801848-Y1-33,OXXO,FELGEN,12.csv,,,,black polished,,
4250390931347,OX18-801838-B3-33,OXXO,FELGEN,12.csv,,,,black polished,,
4250390931354,OX18-801848-B3-33,OXXO,FELGEN,12.csv,,,,black polished,,
4250390931361,OX18-801838-W4-33,OXXO,FELGEN,12.csv,,,,black polished,,
4250390931378,OX18-801848-W4-33,OXXO,FELGEN,12.csv,,,,black polished,,
4250390931385,OX18-801838-C2-33,OXXO,FELGEN,12.csv,,,,black polished,,
4250390931422,OX18-751946-Y1-33,OXXO,FELGEN,12.csv,,,,black polished,,
4250390931446,OX18-751938-B3-33,OXXO,FELGEN,12.csv,,,,black polished,,
4250390931453,OX18-751946-B3-33,OXXO,FELGEN,12.csv,,,,black polished,,
4250390931477,OX18-751946-W4-33,OXXO,FELGEN,12.csv,,,,black polished,,
4250390931484,OX20-601545-X2-07,OXXO,FELGEN,12.csv,,,,silver,,
4250390931507,OX20-601545-X5-07,OXXO,FELGEN,12.csv,,,,silver,,
4250390931538,OX20-651645-X2-07,OXXO,FELGEN,12.csv,,,,silver,,
4250390931552,OX20-651645-X5-07,OXXO,FELGEN,12.csv,,,,silver,,
4250390931583,OX20-651645-B3-07,OXXO,FELGEN,12.csv,,,,silver,,
4250390931637,OX20-701745-Y1-07,OXXO,FELGEN,12.csv,,,,silver,,
4250390931675,OX20-701745-W4-07,OXXO,FELGEN,12.csv,,,,silver,,
4250390931682,OX20-751745-Y1-07,OXXO,FELGEN,12.csv,,,,silver,,
4250390931712,OX20-751745-B3-07,OXXO,FELGEN,12.csv,,,,silver,,
4250390931736,OX20-751845-Y1-07,OXXO,FELGEN,12.csv,,,,silver,,
4250390931743,OX20-751830-B3-07,OXXO,FELGEN,12.csv,,,,silver,,
4250390931750,OX20-751845-B3-07,OXXO,FELGEN,12.csv,,,,silver,,
4250390931767,OX20-751838-W4-07,OXXO,FELGEN,12.csv,,,,silver,,
4250390931774,OX20-751845-W4-07,OXXO,FELGEN,12.csv,,,,silver,,
4250390932313,OX18-651638-X2-04,OXXO,FELGEN,12.csv,,,,gunmetal,,
4250390932320,OX18-651648-X2-04,OXXO,FELGEN,12.csv,,,,gunmetal,,
4250390932351,OX18-651620-PC1-04,OXXO,FELGEN,12.csv,,,,gunmetal,,
4250390932375,OX18-651640-X5-04,OXXO,FELGEN,12.csv,,,,gunmetal,,
4250390932399,OX18-651640-Y1-04,OXXO,FELGEN,12.csv,,,,gunmetal,,
4250390932405,OX18-651650-Y1-04,OXXO,FELGEN,12.csv,,,,gunmetal,,
4250390932412,OX18-651640-B3-04,OXXO,FELGEN,12.csv,,,,gunmetal,,
4250390932429,OX18-651650-B3-04,OXXO,FELGEN,12.csv,,,,gunmetal,,
4250390932436,OX18-651640-W4-04,OXXO,FELGEN,12.csv,,,,gunmetal,,
4250390932443,OX18-651650-W4-04,OXXO,FELGEN,12.csv,,,,gunmetal,,
4250390932467,OX18-701738-X2-04,OXXO,FELGEN,12.csv,,,,gunmetal,,
4250390932528,OX18-701740-X5-04,OXXO,FELGEN,12.csv,,,,gunmetal,,
4250390932535,OX18-701748-X5-04,OXXO,FELGEN,12.csv,,,,gunmetal,,
4250390932559,OX18-701740-Y1-04,OXXO,FELGEN,12.csv,,,,gunmetal,,
4250390932566,OX18-701740-B3-04,OXXO,FELGEN,12.csv,,,,gunmetal,,
4250390932573,OX18-701748-B3-04,OXXO,FELGEN,12.csv,,,,gunmetal,,
4250390932580,OX18-701740-W4-04,OXXO,FELGEN,12.csv,,,,gunmetal,,
4250390932597,OX18-701748-W4-04,OXXO,FELGEN,12.csv,,,,gunmetal,,
4250390932641,OX18-801848-Y1-04,OXXO,FELGEN,12.csv,,,,gunmetal,,
4250390932665,OX18-801838-B3-04,OXXO,FELGEN,12.csv,,,,gunmetal,,
4250390932672,OX18-801848-B3-04,OXXO,FELGEN,12.csv,,,,gunmetal,,
4250390932689,OX18-801838-W4-04,OXXO,FELGEN,12.csv,,,,gunmetal,,
4250390932696,OX18-801848-W4-04,OXXO,FELGEN,12.csv,,,,gunmetal,,
4250390932702,OX18-801838-C2-04,OXXO,FELGEN,12.csv,,,,gunmetal,,
4250390932740,OX18-751946-Y1-04,OXXO,FELGEN,12.csv,,,,gunmetal,,
4250390932764,OX18-751938-B3-04,OXXO,FELGEN,12.csv,,,,gunmetal,,
4250390932771,OX18-751946-B3-04,OXXO,FELGEN,12.csv,,,,gunmetal,,
4250390932801,OX19-551432-F1-07,OXXO,FELGEN,12.csv,,,,silver,,
4250390932818,OX19-551440-X2-07,OXXO,FELGEN,12.csv,,,,silver,,
4250390932825,OX19-551445-X2-07,OXXO,FELGEN,12.csv,,,,silver,,
4250390932849,OX19-551440-V6-07,OXXO,FELGEN,12.csv,,,,silver,,
4250390932863,OX19-601540-X2-07,OXXO,FELGEN,12.csv,,,,silver,,
4250390932870,OX19-601545-X2-07,OXXO,FELGEN,12.csv,,,,silver,,
4250390932900,OX19-601540-W9-07,OXXO,FELGEN,12.csv,,,,silver,,
4250390932924,OX19-601538-X5-07,OXXO,FELGEN,12.csv,,,,silver,,
4250390932962,OX19-651640-X2-07,OXXO,FELGEN,12.csv,,,,silver,,
4250390932979,OX19-651648-X2-07,OXXO,FELGEN,12.csv,,,,silver,,
4250390933013,OX19-651640-X5-07,OXXO,FELGEN,12.csv,,,,silver,,
4250390933020,OX19-651648-X5-07,OXXO,FELGEN,12.csv,,,,silver,,
4250390933044,OX19-651640-Y1-07,OXXO,FELGEN,12.csv,,,,silver,,
4250390933051,OX19-651648-Y1-07,OXXO,FELGEN,12.csv,,,,silver,,
4250390933075,OX19-651640-B3-07,OXXO,FELGEN,12.csv,,,,silver,,
4250390933082,OX19-651648-B3-07,OXXO,FELGEN,12.csv,,,,silver,,
4250390933099,OX19-651640-W4-07,OXXO,FELGEN,12.csv,,,,silver,,
4250390933105,OX19-651648-W4-07,OXXO,FELGEN,12.csv,,,,silver,,
4250390933112,OX19-701740-X2-07,OXXO,FELGEN,12.csv,,,,silver,,
4250390933150,OX19-701740-X5-07,OXXO,FELGEN,12.csv,,,,silver,,
4250390933181,OX19-701740-Y1-07,OXXO,FELGEN,12.csv,,,,silver,,
4250390933198,OX19-701748-Y1-07,OXXO,FELGEN,12.csv,,,,silver,,
4250390933204,OX19-701740-B3-07,OXXO,FELGEN,12.csv,,,,silver,,
4250390933211,OX19-701748-B3-07,OXXO,FELGEN,12.csv,,,,silver,,
4250390933228,OX19-701740-W4-07,OXXO,FELGEN,12.csv,,,,silver,,
4250390933235,OX19-701748-W4-07,OXXO,FELGEN,12.csv,,,,silver,,
4250390933266,OX19-751840-Y1-07,OXXO,FELGEN,12.csv,,,,silver,,
4250390933273,OX19-751848-Y1-07,OXXO,FELGEN,12.csv,,,,silver,,
4250390933280,OX19-751840-B3-07,OXXO,FELGEN,12.csv,,,,silver,,
4250390933297,OX19-751848-B3-07,OXXO,FELGEN,12.csv,,,,silver,,
4250390933303,OX19-751840-W4-07,OXXO,FELGEN,12.csv,,,,silver,,
4250390933310,OX19-751848-W4-07,OXXO,FELGEN,12.csv,,,,silver,,
4250390933327,OX19-751840-C2-07,OXXO,FELGEN,12.csv,,,,silver,,
4250390933334,OX19-551432-F1-03,OXXO,FELGEN,12.csv,,,,black,,
4250390933341,OX19-551440-X2-03,OXXO,FELGEN,12.csv,,,,black,,
4250390933358,OX19-551445-X2-03,OXXO,FELGEN,12.csv,,,,black,,
4250390933372,OX19-551440-V6-03,OXXO,FELGEN,12.csv,,,,black,,
4250390933396,OX19-601540-X2-03,OXXO,FELGEN,12.csv,,,,black,,
4250390933402,OX19-601545-X2-03,OXXO,FELGEN,12.csv,,,,black,,
4250390933433,OX19-601540-W9-03,OXXO,FELGEN,12.csv,,,,black,,
4250390933457,OX19-601538-X5-03,OXXO,FELGEN,12.csv,,,,black,,
4250390933495,OX19-651640-X2-03,OXXO,FELGEN,12.csv,,,,black,,
4250390933501,OX19-651648-X2-03,OXXO,FELGEN,12.csv,,,,black,,
4250390933549,OX19-651640-X5-03,OXXO,FELGEN,12.csv,,,,black,,
4250390933556,OX19-651648-X5-03,OXXO,FELGEN,12.csv,,,,black,,
4250390933570,OX19-651640-Y1-03,OXXO,FELGEN,12.csv,,,,black,,
4250390933587,OX19-651648-Y1-03,OXXO,FELGEN,12.csv,,,,black,,
4250390933600,OX19-651640-B3-03,OXXO,FELGEN,12.csv,,,,black,,
4250390933617,OX19-651648-B3-03,OXXO,FELGEN,12.csv,,,,black,,
4250390933624,OX19-651640-W4-03,OXXO,FELGEN,12.csv,,,,black,,
4250390933631,OX19-651648-W4-03,OXXO,FELGEN,12.csv,,,,black,,
4250390933648,OX19-701740-X2-03,OXXO,FELGEN,12.csv,,,,black,,
4250390933686,OX19-701740-X5-03,OXXO,FELGEN,12.csv,,,,black,,
4250390933723,OX19-701748-Y1-03,OXXO,FELGEN,12.csv,,,,black,,
4250390933730,OX19-701740-B3-03,OXXO,FELGEN,12.csv,,,,black,,
4250390933747,OX19-701748-B3-03,OXXO,FELGEN,12.csv,,,,black,,
4250390933754,OX19-701740-W4-03,OXXO,FELGEN,12.csv,,,,black,,
4250390933761,OX19-701748-W4-03,OXXO,FELGEN,12.csv,,,,black,,
4250390933792,OX19-751840-Y1-03,OXXO,FELGEN,12.csv,,,,black,,
4250390933808,OX19-751848-Y1-03,OXXO,FELGEN,12.csv,,,,black,,
4250390933815,OX19-751840-B3-03,OXXO,FELGEN,12.csv,,,,black,,
4250390933822,OX19-751848-B3-03,OXXO,FELGEN,12.csv,,,,black,,
4250390933839,OX19-751840-W4-03,OXXO,FELGEN,12.csv,,,,black,,
4250390933846,OX19-751848-W4-03,OXXO,FELGEN,12.csv,,,,black,,
4250390933853,OX19-751840-C2-03,OXXO,FELGEN,12.csv,,,,black,,
4250390933884,OX20-601545-X2-03,OXXO,FELGEN,12.csv,,,,black,,
4250390933907,OX20-601545-X5-03,OXXO,FELGEN,12.csv,,,,black,,
4250390933938,OX20-651645-X2-03,OXXO,FELGEN,12.csv,,,,black,,
4250390933952,OX20-651645-X5-03,OXXO,FELGEN,12.csv,,,,black,,
4250390933969,OX20-651638-O5-03,OXXO,FELGEN,12.csv,,,,black,,
4250390933983,OX20-651645-B3-03,OXXO,FELGEN,12.csv,,,,black,,
4250390934034,OX20-701745-Y1-03,OXXO,FELGEN,12.csv,,,,black,,
4250390934041,OX20-701738-B3-03,OXXO,FELGEN,12.csv,,,,black,,
4250390934072,OX20-701745-W4-03,OXXO,FELGEN,12.csv,,,,black,,
4250390934089,OX20-751745-Y1-03,OXXO,FELGEN,12.csv,,,,black,,
4250390934119,OX20-751745-B3-03,OXXO,FELGEN,12.csv,,,,black,,
4250390934133,OX20-751845-Y1-03,OXXO,FELGEN,12.csv,,,,black,,
4250390934140,OX20-751830-B3-03,OXXO,FELGEN,12.csv,,,,black,,
4250390934157,OX20-751845-B3-03,OXXO,FELGEN,12.csv,,,,black,,
4250390934164,OX20-751838-W4-03,OXXO,FELGEN,12.csv,,,,black,,
4250390934171,OX20-751845-W4-03,OXXO,FELGEN,12.csv,,,,black,,
4250390934218,OX11-701755-F5-07,OXXO,FELGEN,12.csv,,,,silver,,
4250390934225,OX11-701755-F5-03,OXXO,FELGEN,12.csv,,,,black,,
4250390934331,OX08-701640-T4-07,OXXO,FELGEN,12.csv,,,,silver,,
4250390934355,OX08-751750-M4-07,OXXO,FELGEN,12.csv,,,,silver,,
4250390934362,OX08-701640-T4-03,OXXO,FELGEN,12.csv,,,,black,,
4250390934379,OX08-751740-T4-03,OXXO,FELGEN,12.csv,,,,black,,
4250390934393,OX16-651622-B3-07,OXXO,FELGEN,12.csv,,,,silver,,
4250390934409,OX16-651654-B3-07,OXXO,FELGEN,12.csv,,,,silver,,
4250390934416,OX16-751730-B3-07,OXXO,FELGEN,12.csv,,,,silver,,
4250390934423,OX16-901938-B3-07,OXXO,FELGEN,12.csv,,,,silver,,
4250390934430,OX16-651622-B3-03,OXXO,FELGEN,12.csv,,,,black,,
4250390934447,OX16-651654-B3-03,OXXO,FELGEN,12.csv,,,,black,,
4250390934454,OX16-751730-B3-03,OXXO,FELGEN,12.csv,,,,black,,
4250390934461,OX16-901938-B3-03,OXXO,FELGEN,12.csv,,,,black,,
4250390934485,OX21-55155-S4-53,OXXO,FELGEN,12.csv,,,,matt black,,
4250390934492,OX11-701746-PC-33,OXXO,FELGEN,12.csv,,,,black polished,,
4250390934508,ADV11-851840-TS3-07,OXXO,FELGEN,12.csv,,,,silver,,
4250390934508,TYRE-RBA63B0383D55,OXXO WHEELS,FELGEN,13.csv,,,,silver,,
4250390934683,EN05-801835-W4-54,Enkei,FELGEN,12.csv,,,,matt gunmetal (MGM),,
4250390934805,TYRE-RCFB857B84F27,OXXO WHEELS,FELGEN,13.csv,,,,black polished,,
4250390934805,ADV16-751740-X5-33,OXXO,FELGEN,12.csv,,,,black polished,,
4250390934812,TYRE-R7DB938F89081,OXXO WHEELS,FELGEN,13.csv,,,,black polished,,
4250390934812,ADV16-751745-Y1-33,OXXO,FELGEN,12.csv,,,,black polished,,
4250390934829,TYRE-RC10517D9167B,OXXO WHEELS,FELGEN,13.csv,,,,black polished,,
4250390934829,ADV16-751730-B3-33,OXXO,FELGEN,12.csv,,,,black polished,,
4250390934836,TYRE-RB1629B2C3989,OXXO WHEELS,FELGEN,13.csv,,,,black polished,,
4250390934836,ADV16-751745-B3-33,OXXO,FELGEN,12.csv,,,,black polished,,
4250390934843,ADV16-751730-W4-33,OXXO,FELGEN,12.csv,,,,black polished,,
4250390934843,TYRE-RA2643F81C450,OXXO WHEELS,FELGEN,13.csv,,,,black polished,,
4250390934850,ADV16-751745-W4-33,OXXO,FELGEN,12.csv,,,,black polished,,
4250390934850,TYRE-R4E96D98AB8F1,OXXO WHEELS,FELGEN,13.csv,,,,black polished,,
4250390934867,ADV16-801845-Y1-33,OXXO,FELGEN,12.csv,,,,black polished,,
4250390934867,TYRE-R440F39F89366,OXXO WHEELS,FELGEN,13.csv,,,,black polished,,
4250390934874,TYRE-RC527928E18E9,OXXO WHEELS,FELGEN,13.csv,,,,black polished,,
4250390934874,ADV16-801830-B3-33,OXXO,FELGEN,12.csv,,,,black polished,,
4250390934881,ADV16-801845-B3-33,OXXO,FELGEN,12.csv,,,,black polished,,
4250390934881,TYRE-R4516F60FD305,OXXO WHEELS,FELGEN,13.csv,,,,black polished,,
4250390934898,ADV16-801830-W4-33,OXXO,FELGEN,12.csv,,,,black polished,,
4250390934898,TYRE-R34FB0D3C37EC,OXXO WHEELS,FELGEN,13.csv,,,,black polished,,
4250390934904,ADV16-801845-W4-33,OXXO,FELGEN,12.csv,,,,black polished,,
4250390934904,TYRE-RC8634931F188,OXXO WHEELS,FELGEN,13.csv,,,,black polished,,
4250390934911,TYRE-RA6CFAF994CDC,OXXO WHEELS,FELGEN,13.csv,,,,black polished,,
4250390934911,ADV16-801945-Y1-33,OXXO,FELGEN,12.csv,,,,black polished,,
4250390934928,ADV16-801930-B3-33,OXXO,FELGEN,12.csv,,,,black polished,,
4250390934928,TYRE-R1EC96BD17F3D,OXXO WHEELS,FELGEN,13.csv,,,,black polished,,
4250390934935,ADV16-801945-B3-33,OXXO,FELGEN,12.csv,,,,black polished,,
4250390934935,TYRE-R545A9D601424,OXXO WHEELS,FELGEN,13.csv,,,,black polished,,
4250390934942,ADV16-801930-W4-33,OXXO,FELGEN,12.csv,,,,black polished,,
4250390934942,TYRE-R50260A5818CF,OXXO WHEELS,FELGEN,13.csv,,,,black polished,,
4250390934959,ADV16-801945-W4-33,OXXO,FELGEN,12.csv,,,,black polished,,
4250390934959,TYRE-R9A74B3915F4B,OXXO WHEELS,FELGEN,13.csv,,,,black polished,,
4250390934966,ADV16-852040-Y1-33,OXXO,FELGEN,12.csv,,,,black polished,,
4250390934966,TYRE-R1EFC2B735AB3,OXXO WHEELS,FELGEN,13.csv,,,,black polished,,
4250390934973,ADV16-852035-B3-33,OXXO,FELGEN,12.csv,,,,black polished,,
4250390934973,TYRE-RB790A11911B4,OXXO WHEELS,FELGEN,13.csv,,,,black polished,,
4250390934980,ADV16-852045-B3-33,OXXO,FELGEN,12.csv,,,,black polished,,
4250390934980,TYRE-RAA2D83A30646,OXXO WHEELS,FELGEN,13.csv,,,,black polished,,
4250390934997,TYRE-R5D0662C79227,OXXO WHEELS,FELGEN,13.csv,,,,black polished,,
4250390934997,ADV16-852035-W4-33,OXXO,FELGEN,12.csv,,,,black polished,,
4250390935000,ADV16-852045-W4-33,OXXO,FELGEN,12.csv,,,,black polished,,
4250390935000,TYRE-RF68E932B2BCE,OXXO WHEELS,FELGEN,13.csv,,,,black polished,,
4250390935017,OX16-701652-B3-07,OXXO,FELGEN,12.csv,,,,silver,,
4250390935024,OX16-701652-B3-03,OXXO,FELGEN,12.csv,,,,black,,
4250390935031,OX18-651638-Y2-33,OXXO,FELGEN,12.csv,,,,black polished,,
4250390935055,OX18-651638-Y2-04,OXXO,FELGEN,12.csv,,,,gunmetal,,
4250390935062,OX18-701738-Y2-33,OXXO,FELGEN,12.csv,,,,black polished,,
4250390935086,OX18-701738-Y2-04,OXXO,FELGEN,12.csv,,,,gunmetal,,
4250390935093,OX20-651638-Y2-07,OXXO,FELGEN,12.csv,,,,silver,,
4250390935109,OX20-651635-W4-07,OXXO,FELGEN,12.csv,,,,silver,,
4250390935116,OX20-701735-W4-07,OXXO,FELGEN,12.csv,,,,silver,,
4250390935123,OX20-751745-W4-07,OXXO,FELGEN,12.csv,,,,silver,,
4250390935130,OX20-651638-Y2-03,OXXO,FELGEN,12.csv,,,,black,,
4250390935147,OX20-651635-W4-03,OXXO,FELGEN,12.csv,,,,black,,
4250390935154,OX20-701735-W4-03,OXXO,FELGEN,12.csv,,,,black,,
4250390935178,OX07-601532-PC1-07,OXXO,FELGEN,12.csv,,,,silver,,
4250390935185,OX07-651632-PC1-07,OXXO,FELGEN,12.csv,,,,silver,,
4250390935192,OX07-651638-PC1-07,OXXO,FELGEN,12.csv,,,,silver,,
4250390935208,OX07-701732-PC1-07,OXXO,FELGEN,12.csv,,,,silver,,
4250390935215,OX07-601532-PC1-03,OXXO,FELGEN,12.csv,,,,black,,
4250390935222,OX07-651632-PC1-03,OXXO,FELGEN,12.csv,,,,black,,
4250390935239,OX07-651638-PC1-03,OXXO,FELGEN,12.csv,,,,black,,
4250390935246,OX07-701732-PC1-03,OXXO,FELGEN,12.csv,,,,black,,
4250390935253,OX07-601531-R1-07,OXXO,FELGEN,12.csv,,,,silver,,
4250390935314,OX08-701735-N4-07,OXXO,FELGEN,12.csv,,,,silver,,
4250390935321,OX08-651635-N4-03,OXXO,FELGEN,12.csv,,,,black,,
4250390935345,"OX14-901852,5-D6-07",OXXO,FELGEN,12.csv,,,,silver,,
4250390935352,"OX14-901852,5-D6-03",OXXO,FELGEN,12.csv,,,,black,,
4250390935376,EN05-851945-W4-55,Enkei,FELGEN,12.csv,,,,matt bronze (MR),,
4250390935482,KH23-651749-M1-04,KIA,FELGEN,12.csv,,,,gun metal,,
4250390935499,OX22-651645-Y1-07,OXXO,FELGEN,12.csv,,,,silver,,
4250390935505,OX22-651640-B3-07,OXXO,FELGEN,12.csv,,,,silver,,
4250390935512,OX22-651645-B3-07,OXXO,FELGEN,12.csv,,,,silver,,
4250390935529,OX22-651645-W4-07,OXXO,FELGEN,12.csv,,,,silver,,
4250390935536,OX22-701745-Y1-07,OXXO,FELGEN,12.csv,,,,silver,,
4250390935550,OX22-701745-B3-07,OXXO,FELGEN,12.csv,,,,silver,,
4250390935765,MW03-102032-D4-03,Meisterwerk,FELGEN,12.csv,,,,BLACK,,
4250390935819,MW03-902130-B1-03,Meisterwerk,FELGEN,12.csv,,,,BLACK,,
4250390935895,MW03-951935-B1-07,Meisterwerk,FELGEN,12.csv,,,,SILBER,,
4250390935949,MW03-1052135-B1-07,Meisterwerk,FELGEN,12.csv,,,,SILBER,,
4250390936151,OX07-651645-R1-07E,OXXO,FELGEN,12.csv,,,,silver,,
4250390936168,OX07-651645-R1-03E,OXXO,FELGEN,12.csv,,,,black,,
4250390936199,OX08-701748-S3-07E,OXXO,FELGEN,12.csv,,,,silver,,
4250390936205,OX08-701748-S3-03E,OXXO,FELGEN,12.csv,,,,black,,
4250390936212,OX08-651648-T2-07E,OXXO,FELGEN,12.csv,,,,silver,,
4250390936229,OX08-651638-O5-07E,OXXO,FELGEN,12.csv,,,,silver,,
4250390936236,OX08-651650-X4-07E,OXXO,FELGEN,12.csv,,,,silver,,
4250390936243,OX08-651647-PC-07E,OXXO,FELGEN,12.csv,,,,silver,,
4250390936250,OX08-651635-N4-07E,OXXO,FELGEN,12.csv,,,,silver,,
4250390936267,OX08-651650-T3-07E,OXXO,FELGEN,12.csv,,,,silver,,
4250390936274,OX08-651645-M4-07E,OXXO,FELGEN,12.csv,,,,silver,,
4250390936281,OX08-651650-M4-07E,OXXO,FELGEN,12.csv,,,,silver,,
4250390936304,OX08-651638-O5-03E,OXXO,FELGEN,12.csv,,,,black,,
4250390936311,OX08-651647-PC-03E,OXXO,FELGEN,12.csv,,,,black,,
4250390936328,OX08-651650-X4-03E,OXXO,FELGEN,12.csv,,,,black,,
4250390936335,OX08-651635-N4-03E,OXXO,FELGEN,12.csv,,,,black,,
4250390936342,OX08-651650-T3-03E,OXXO,FELGEN,12.csv,,,,black,,
4250390936366,OX08-651650-M4-03E,OXXO,FELGEN,12.csv,,,,black,,
4250390936373,OX08-701650-X4-07E,OXXO,FELGEN,12.csv,,,,silver,,
4250390936380,OX08-701644-PC-07E,OXXO,FELGEN,12.csv,,,,silver,,
4250390936397,OX08-701640-T4-07E,OXXO,FELGEN,12.csv,,,,silver,,
4250390936403,OX08-701644-PC-03E,OXXO,FELGEN,12.csv,,,,black,,
4250390936427,OX08-701640-T4-03E,OXXO,FELGEN,12.csv,,,,black,,
4250390936441,OX08-701750-X4-07E,OXXO,FELGEN,12.csv,,,,silver,,
4250390936458,OX08-701738-O5-07E,OXXO,FELGEN,12.csv,,,,silver,,
4250390936465,OX08-701742-PC-07E,OXXO,FELGEN,12.csv,,,,silver,,
4250390936472,OX08-701741-O2-07E,OXXO,FELGEN,12.csv,,,,silver,,
4250390936489,OX08-701739-T4-07E,OXXO,FELGEN,12.csv,,,,silver,,
4250390936496,OX08-701735-N4-07E,OXXO,FELGEN,12.csv,,,,silver,,
4250390936502,OX08-701747-M4-07E,OXXO,FELGEN,12.csv,,,,silver,,
4250390936519,OX08-701750-M4-07E,OXXO,FELGEN,12.csv,,,,silver,,
4250390936533,OX08-701738-O5-03E,OXXO,FELGEN,12.csv,,,,black,,
4250390936540,OX08-701742-PC-03E,OXXO,FELGEN,12.csv,,,,black,,
4250390936557,OX08-701750-X4-03E,OXXO,FELGEN,12.csv,,,,black,,
4250390936564,OX08-701741-O2-03E,OXXO,FELGEN,12.csv,,,,black,,
4250390936571,OX08-701739-T4-03E,OXXO,FELGEN,12.csv,,,,black,,
4250390936588,OX08-701735-N4-03E,OXXO,FELGEN,12.csv,,,,black,,
4250390936601,OX08-701750-M4-03E,OXXO,FELGEN,12.csv,,,,black,,
4250390936618,OX08-751744-O5-07E,OXXO,FELGEN,12.csv,,,,silver,,
4250390936625,OX08-751744-PC-07E,OXXO,FELGEN,12.csv,,,,silver,,
4250390936632,"OX08-751752,5-X7-07E",OXXO,FELGEN,12.csv,,,,silver,,
4250390936649,OX08-751740-T4-07E,OXXO,FELGEN,12.csv,,,,silver,,
4250390936656,OX08-751750-M4-07E,OXXO,FELGEN,12.csv,,,,silver,,
4250390936663,OX08-751745-C2-07E,OXXO,FELGEN,12.csv,,,,silver,,
4250390936670,OX08-751744-O5-03E,OXXO,FELGEN,12.csv,,,,black,,
4250390936687,OX08-751744-PC-03E,OXXO,FELGEN,12.csv,,,,black,,
4250390936694,"OX08-751752,5-X7-03E",OXXO,FELGEN,12.csv,,,,black,,
4250390936700,OX08-751740-T4-03E,OXXO,FELGEN,12.csv,,,,black,,
4250390936717,OX08-751750-M4-03E,OXXO,FELGEN,12.csv,,,,black,,
4250390936724,OX08-751745-C2-03E,OXXO,FELGEN,12.csv,,,,black,,
4250390936731,OX07-651645-M1-07E,OXXO,FELGEN,12.csv,,,,silver,,
4250390936748,OX07-651640-R1-07E,OXXO,FELGEN,12.csv,,,,silver,,
4250390936755,"OX07-651637,5-X3-07E",OXXO,FELGEN,12.csv,,,,silver,,
4250390936762,"OX07-651647,5-X3-07E",OXXO,FELGEN,12.csv,,,,silver,,
4250390936779,OX07-651620-PC1-07E,OXXO,FELGEN,12.csv,,,,silver,,
4250390936786,OX07-651632-PC1-07E,OXXO,FELGEN,12.csv,,,,silver,,
4250390936793,OX07-651638-PC1-07E,OXXO,FELGEN,12.csv,,,,silver,,
4250390936816,OX07-651640-R1-03E,OXXO,FELGEN,12.csv,,,,black,,
4250390936823,"OX07-651637,5-X3-03E",OXXO,FELGEN,12.csv,,,,black,,
4250390936861,OX07-651638-PC1-03E,OXXO,FELGEN,12.csv,,,,black,,
4250390936878,OX17-651633-V7-07E,OXXO,FELGEN,12.csv,,,,silver,,
4250390936892,OX17-651641-V7-07E,OXXO,FELGEN,12.csv,,,,silver,,
4250390936908,OX17-651642-V7-07E,OXXO,FELGEN,12.csv,,,,silver,,
4250390936922,OX17-651646-V7-07E,OXXO,FELGEN,12.csv,,,,silver,,
4250390936939,OX17-651648-V7-07E,OXXO,FELGEN,12.csv,,,,silver,,
4250390936946,OX17-701734-A1-07E,OXXO,FELGEN,12.csv,,,,silver,,
4250390936953,OX17-701740-V7-07E,OXXO,FELGEN,12.csv,,,,silver,,
4250390936960,OX17-701742-D4-07E,OXXO,FELGEN,12.csv,,,,silver,,
4250390936984,OX17-651633-V7-04E,OXXO,FELGEN,12.csv,,,,gunmetal,,
4250390937004,OX17-651641-V7-04E,OXXO,FELGEN,12.csv,,,,gunmetal,,
4250390937028,OX17-651643-V7-04E,OXXO,FELGEN,12.csv,,,,gunmetal,,
4250390937035,OX17-651646-V7-04E,OXXO,FELGEN,12.csv,,,,gunmetal,,
4250390937042,OX17-651648-V7-04E,OXXO,FELGEN,12.csv,,,,gunmetal,,
4250390937059,OX17-701734-A1-04E,OXXO,FELGEN,12.csv,,,,gunmetal,,
4250390937066,OX17-701740-V7-04E,OXXO,FELGEN,12.csv,,,,gunmetal,,
4250390937073,OX17-701742-D4-04E,OXXO,FELGEN,12.csv,,,,gunmetal,,
4250390937080,OX17-701745-V7-04E,OXXO,FELGEN,12.csv,,,,gunmetal,,
4250390937271,OX17-801945-V7-07,OXXO,FELGEN,12.csv,,,,silver,,
4250390937288,OX17-801945-V7-04,OXXO,FELGEN,12.csv,,,,gunmetal,,
4250390937325,"OX14-701744,5-DB-07",OXXO,FELGEN,12.csv,,,,silver,,
4250390937332,"OX14-701744,5-DB-03",OXXO,FELGEN,12.csv,,,,black,,
4250390937349,OX14-751840-DB-07,OXXO,FELGEN,12.csv,,,,silver,,
4250390937356,OX14-751840-DB-03,OXXO,FELGEN,12.csv,,,,black,,
4250390937424,BW01-851930-B3-23,Berlin Wheels,FELGEN,12.csv,,,,BLACK EDITION BRONZE,,
4250390937479,BW01-851945-B3-34,Berlin Wheels,FELGEN,12.csv,,,,PALLADIUM FRONT POLISH,,
4250390937530,RG14-601640-V6-07E,OXXO,FELGEN,12.csv,,,,silver,,
4250390937547,RG14-651640-V6-07E,OXXO,FELGEN,12.csv,,,,silver,,
4250390937561,RG14-651646-V7-07E,OXXO,FELGEN,12.csv,,,,silver,,
4250390937592,RG14-651640-V6-03E,OXXO,FELGEN,12.csv,,,,black,,
4250390937608,RG14-651641-V7-03E,OXXO,FELGEN,12.csv,,,,black,,
4250390937615,RG14-651646-V7-03E,OXXO,FELGEN,12.csv,,,,black,,
4250390937622,OX08-651645-T4-07E,OXXO,FELGEN,12.csv,,,,silver,,
4250390937639,OX08-651645-T4-03E,OXXO,FELGEN,12.csv,,,,black,,
4250390937653,C16-651543-V6-03,OXXO,FELGEN,12.csv,,,,black,,
4250390937660,C16-651545-V7-03,OXXO,FELGEN,12.csv,,,,black,,
4250390937677,C16-651535-W4-03,OXXO,FELGEN,12.csv,,,,black,,
4250390937684,C16-651545-W4-03,OXXO,FELGEN,12.csv,,,,black,,
4250390937691,C16-651642-X2-03,OXXO,FELGEN,12.csv,,,,black,,
4250390937707,C16-651645-Y1-03,OXXO,FELGEN,12.csv,,,,black,,
4250390937714,C16-651645-V7-03,OXXO,FELGEN,12.csv,,,,black,,
4250390937721,C16-651635-W4-03,OXXO,FELGEN,12.csv,,,,black,,
4250390937738,C16-651645-W4-03,OXXO,FELGEN,12.csv,,,,black,,
4250390937745,C16-751748-Y1-03,OXXO,FELGEN,12.csv,,,,black,,
4250390937752,C16-751740-D4-03,OXXO,FELGEN,12.csv,,,,black,,
4250390937769,C16-751748-D4-03,OXXO,FELGEN,12.csv,,,,black,,
4250390937776,C16-751735-W4-03,OXXO,FELGEN,12.csv,,,,black,,
4250390937783,C16-751748-W4-03,OXXO,FELGEN,12.csv,,,,black,,
4250390937813,OX22-651640-B3-07E,OXXO,FELGEN,12.csv,,,,silver,,
4250390937837,OX22-651645-W4-07E,OXXO,FELGEN,12.csv,,,,silver,,
4250390937844,OX22-701745-Y1-07E,OXXO,FELGEN,12.csv,,,,silver,,
4250390937851,OX22-701740-B3-07E,OXXO,FELGEN,12.csv,,,,silver,,
4250390937868,OX22-701745-B3-07E,OXXO,FELGEN,12.csv,,,,silver,,
4250390937882,OX22-751845-Y1-07E,OXXO,FELGEN,12.csv,,,,silver,,
4250390937899,OX22-751840-B3-07E,OXXO,FELGEN,12.csv,,,,silver,,
4250390937905,OX22-751845-B3-07E,OXXO,FELGEN,12.csv,,,,silver,,
4250390937912,OX22-751840-W4-07E,OXXO,FELGEN,12.csv,,,,silver,,
4250390938292,OX07-501740-T6-07E,OXXO,FELGEN,12.csv,,,,silver,,
4250390938308,OX07-501740-T6-03E,OXXO,FELGEN,12.csv,,,,black,,
4250390938339,OX11-601650-N4-07,OXXO,FELGEN,12.csv,,,,silver,,
4250390938346,OX11-601668-C6-07,OXXO,FELGEN,12.csv,,,,silver,,
4250390938353,OX11-601668-C5-07,OXXO,FELGEN,12.csv,,,,silver,,
4250390938360,OX11-601650-N4-03,OXXO,FELGEN,12.csv,,,,black,,
4250390938377,OX11-601668-C6-03,OXXO,FELGEN,12.csv,,,,black,,
4250390938384,OX11-601668-C5-03,OXXO,FELGEN,12.csv,,,,black,,
4250390938407,OX25-601535-X2-03,OXXO,FELGEN,12.csv,,,,black,,
4250390938414,OX25-601545-X2-03,OXXO,FELGEN,12.csv,,,,black,,
4250390938421,OX25-601535-Y2-03,OXXO,FELGEN,12.csv,,,,black,,
4250390938438,OX25-601535-X5-03,OXXO,FELGEN,12.csv,,,,black,,
4250390938445,OX25-651637-X2-03,OXXO,FELGEN,12.csv,,,,black,,
4250390938452,OX25-651645-X2-03,OXXO,FELGEN,12.csv,,,,black,,
4250390938469,OX25-651632-Y2-03,OXXO,FELGEN,12.csv,,,,black,,
4250390938476,OX25-651638-X5-03,OXXO,FELGEN,12.csv,,,,black,,
4250390938483,OX25-651645-Y1-03,OXXO,FELGEN,12.csv,,,,black,,
4250390938490,OX25-651638-D3-03,OXXO,FELGEN,12.csv,,,,black,,
4250390938506,OX25-651645-D3-03,OXXO,FELGEN,12.csv,,,,black,,
4250390938513,OX25-651635-W4-03,OXXO,FELGEN,12.csv,,,,black,,
4250390938520,OX25-651645-W4-03,OXXO,FELGEN,12.csv,,,,black,,
4250390938537,OX25-701738-X2-03,OXXO,FELGEN,12.csv,,,,black,,
4250390938544,OX25-701745-X2-03,OXXO,FELGEN,12.csv,,,,black,,
4250390938551,OX25-701732-Y2-03,OXXO,FELGEN,12.csv,,,,black,,
4250390938568,OX25-701738-X5-03,OXXO,FELGEN,12.csv,,,,black,,
4250390938575,OX25-701745-X5-03,OXXO,FELGEN,12.csv,,,,black,,
4250390938582,OX25-701735-Y1-03,OXXO,FELGEN,12.csv,,,,black,,
4250390938599,OX25-701745-Y1-03,OXXO,FELGEN,12.csv,,,,black,,
4250390938605,OX25-701735-O2-03,OXXO,FELGEN,12.csv,,,,black,,
4250390938612,OX25-701735-D3-03,OXXO,FELGEN,12.csv,,,,black,,
4250390938629,OX25-701745-D3-03,OXXO,FELGEN,12.csv,,,,black,,
4250390938636,OX25-701735-W4-03,OXXO,FELGEN,12.csv,,,,black,,
4250390938643,OX25-701745-W4-03,OXXO,FELGEN,12.csv,,,,black,,
4250390938674,OX16-751850-B3-07,OXXO,FELGEN,12.csv,,,,silver,,
4250390938681,OX16-751850-B3-03,OXXO,FELGEN,12.csv,,,,black,,
4250390938698,"OX14-801832,5-D6-07",OXXO,FELGEN,12.csv,,,,silver,,
4250390938704,"OX14-801932,5-D6-07",OXXO,FELGEN,12.csv,,,,silver,,
4250390938711,"OX14-801832,5-D6-03",OXXO,FELGEN,12.csv,,,,black,,
4250390938728,"OX14-801932,5-D6-03",OXXO,FELGEN,12.csv,,,,black,,
4250390938759,OX17-751740-V7-07,OXXO,FELGEN,12.csv,,,,silver,,
4250390938766,OX17-751746-V7-07,OXXO,FELGEN,12.csv,,,,silver,,
4250390938773,OX17-751846-V7-07,OXXO,FELGEN,12.csv,,,,silver,,
4250390938780,OX17-751850-V7-07,OXXO,FELGEN,12.csv,,,,silver,,
4250390938797,OX17-801840-V7-07,OXXO,FELGEN,12.csv,,,,silver,,
4250390938803,OX17-801940-V7-07,OXXO,FELGEN,12.csv,,,,silver,,
4250390938810,OX17-851936-A1-07,OXXO,FELGEN,12.csv,,,,silver,,
4250390938827,OX17-851942-V7-07,OXXO,FELGEN,12.csv,,,,silver,,
4250390938834,OX17-751740-V7-04,OXXO,FELGEN,12.csv,,,,gunmetal,,
4250390938841,OX17-751746-V7-04,OXXO,FELGEN,12.csv,,,,gunmetal,,
4250390938858,OX17-751846-V7-04,OXXO,FELGEN,12.csv,,,,gunmetal,,
4250390938865,OX17-751850-V7-04,OXXO,FELGEN,12.csv,,,,gunmetal,,
4250390938872,OX17-801840-V7-04,OXXO,FELGEN,12.csv,,,,gunmetal,,
4250390938889,OX17-801940-V7-04,OXXO,FELGEN,12.csv,,,,gunmetal,,
4250390938896,OX17-851936-A1-04,OXXO,FELGEN,12.csv,,,,gunmetal,,
4250390938902,OX17-851942-V7-04,OXXO,FELGEN,12.csv,,,,gunmetal,,
4250390938919,OX17-651641-V7-03,OXXO,FELGEN,12.csv,,,,black,,
4250390938926,OX17-651641-V7-03E,OXXO,FELGEN,12.csv,,,,black,,
4250390938933,OX17-651646-V7-03,OXXO,FELGEN,12.csv,,,,black,,
4250390938940,OX17-651646-V7-03E,OXXO,FELGEN,12.csv,,,,black,,
4250390938957,OX17-701740-V7-03,OXXO,FELGEN,12.csv,,,,black,,
4250390938964,OX17-701740-V7-03E,OXXO,FELGEN,12.csv,,,,black,,
4250390938971,OX17-701742-D4-03,OXXO,FELGEN,12.csv,,,,black,,
4250390938988,OX17-701742-D4-03E,OXXO,FELGEN,12.csv,,,,black,,
4250390938995,OX17-701745-V7-03,OXXO,FELGEN,12.csv,,,,black,,
4250390939015,OX17-751740-V7-03,OXXO,FELGEN,12.csv,,,,black,,
4250390939022,OX17-751746-V7-03,OXXO,FELGEN,12.csv,,,,black,,
4250390939039,OX17-701843-V7-03,OXXO,FELGEN,12.csv,,,,black,,
4250390939046,OX17-751846-V7-03,OXXO,FELGEN,12.csv,,,,black,,
4250390939053,OX17-751850-V7-03,OXXO,FELGEN,12.csv,,,,black,,
4250390939060,OX17-801839-D4-03,OXXO,FELGEN,12.csv,,,,black,,
4250390939077,OX17-801840-V7-03,OXXO,FELGEN,12.csv,,,,black,,
4250390939084,OX17-801844-V7-03,OXXO,FELGEN,12.csv,,,,black,,
4250390939091,OX17-801939-D4-03,OXXO,FELGEN,12.csv,,,,black,,
4250390939107,OX17-801940-V7-03,OXXO,FELGEN,12.csv,,,,black,,
4250390939114,OX17-801945-V7-03,OXXO,FELGEN,12.csv,,,,black,,
4250390939121,OX17-851942-V7-03,OXXO,FELGEN,12.csv,,,,black,,
4250390939190,OX16-701641-B3-07,OXXO,FELGEN,12.csv,,,,silver,,
4250390939206,OX16-701741-B3-07,OXXO,FELGEN,12.csv,,,,silver,,
4250390939213,OX16-751823-B3-07,OXXO,FELGEN,12.csv,,,,silver,,
4250390939220,OX16-801934-B3-07,OXXO,FELGEN,12.csv,,,,silver,,
4250390939237,OX16-851929-B3-07,OXXO,FELGEN,12.csv,,,,silver,,
4250390939244,OX16-701641-B3-03,OXXO,FELGEN,12.csv,,,,black,,
4250390939251,OX16-701741-B3-03,OXXO,FELGEN,12.csv,,,,black,,
4250390939268,OX16-751823-B3-03,OXXO,FELGEN,12.csv,,,,black,,
4250390939275,OX16-801934-B3-03,OXXO,FELGEN,12.csv,,,,black,,
4250390939282,OX16-851929-B3-03,OXXO,FELGEN,12.csv,,,,black,,
4250390939299,"OX14-801841,1-DB-07",OXXO,FELGEN,12.csv,,,,silver,,
4250390939305,OX14-901830-D6-07,OXXO,FELGEN,12.csv,,,,silver,,
4250390939312,OX14-901858-DB-07,OXXO,FELGEN,12.csv,,,,silver,,
4250390939329,OX14-851930-D6-07,OXXO,FELGEN,12.csv,,,,silver,,
4250390939336,"OX14-851935,5-D6-07",OXXO,FELGEN,12.csv,,,,silver,,
4250390939343,"OX14-851947,5-D6-07",OXXO,FELGEN,12.csv,,,,silver,,
4250390939350,OX14-901930-D6-07,OXXO,FELGEN,12.csv,,,,silver,,
4250390939367,OX14-951951-D6-07,OXXO,FELGEN,12.csv,,,,silver,,
4250390939374,"OX14-801841,1-DB-03",OXXO,FELGEN,12.csv,,,,black,,
4250390939381,OX14-901830-D6-03,OXXO,FELGEN,12.csv,,,,black,,
4250390939398,OX14-901858-DB-03,OXXO,FELGEN,12.csv,,,,black,,
4250390939404,OX14-851930-D6-03,OXXO,FELGEN,12.csv,,,,black,,
4250390939411,"OX14-851935,5-D6-03",OXXO,FELGEN,12.csv,,,,black,,
4250390939428,"OX14-851947,5-D6-03",OXXO,FELGEN,12.csv,,,,black,,
4250390939435,OX14-901930-D6-03,OXXO,FELGEN,12.csv,,,,black,,
4250390939442,OX14-951951-D6-03,OXXO,FELGEN,12.csv,,,,black,,
4250390939466,OX17-751840-V7-07,OXXO,FELGEN,12.csv,,,,silver,,
4250390939473,OX17-751840-V7-04,OXXO,FELGEN,12.csv,,,,gunmetal,,
4250390939480,OX17-751840-V7-03,OXXO,FELGEN,12.csv,,,,black,,
4250390939497,OX26-651650-F8-07,OXXO,FELGEN,12.csv,,,,silver,,
4250390939503,OX26-651750-F8-07,OXXO,FELGEN,12.csv,,,,silver,,
4250390939510,OX26-651650-F8-03,OXXO,FELGEN,12.csv,,,,black,,
4250390939527,OX26-651750-F8-03,OXXO,FELGEN,12.csv,,,,black,,
4250390939572,OX08-701643-V7-07E,OXXO,FELGEN,12.csv,,,,silver,,
4250390939589,OX08-701643-V7-03E,OXXO,FELGEN,12.csv,,,,black,,
4250390939596,OX08-751741-V7-07E,OXXO,FELGEN,12.csv,,,,silver,,
4250390939602,OX08-751741-V7-03E,OXXO,FELGEN,12.csv,,,,black,,
4250390939619,RG14-651640-V6-07,OXXO,FELGEN,12.csv,,,,silver,,
4250390939626,RG14-651641-V7-07,OXXO,FELGEN,12.csv,,,,silver,,
4250390939633,RG14-651646-V7-07,OXXO,FELGEN,12.csv,,,,silver,,
4250390939640,RG14-651640-V6-03,OXXO,FELGEN,12.csv,,,,black,,
4250390939657,RG14-651641-V7-03,OXXO,FELGEN,12.csv,,,,black,,
4250390939664,RG14-651646-V7-03,OXXO,FELGEN,12.csv,,,,black,,
4250390940721,2001389FO,B4T-OE,FELGEN,12.csv,,,,SCHWARZ,,
4250390940738,2612966FO,B4T-OE,FELGEN,12.csv,,,,SCHWARZ,,
4250390940806,OX17-801840-D4-03,OXXO,FELGEN,12.csv,,,,black,,
4250390940813,OX17-751741-D4-07,OXXO,FELGEN,12.csv,,,,silver,,
4250390940820,OX17-751741-D4-04,OXXO,FELGEN,12.csv,,,,gunmetal,,
4250390940837,OX17-751741-D4-03,OXXO,FELGEN,12.csv,,,,black,,
4250390940844,OX21-55155-S4-53ECE,OXXO,FELGEN,12.csv,,,,matt black,,
4250390940844,TYRE-R1F7F1A636248,OXXO WHEELS,FELGEN,13.csv,,,,matt black,,
4250683510228,1240000059,TOMASON,FELGEN,12.csv,,,,BRIGHT SILVER,,
4250683515117,1010000080,TOMASON,FELGEN,12.csv,,,,BLACK PAINTED,,
4250756101889,OP515024KPZ,ACCURIDE,FELGEN,12.csv,,,,SCHWARZ,,
4250756101889,TYRE-RF75E028B9F7F,KRONPRINZ,FELGEN,13.csv,,,,SCHWARZ,,
4250756102084,PS515045KPZ,ACCURIDE,FELGEN,12.csv,,,,SCHWARZ,,
4250756102084,TYRE-R288F6AC219EE,KRONPRINZ,FELGEN,13.csv,,,,SCHWARZ,,
4250756102091,154555.,Stahlfelge,FELGEN,07.csv,,,,,,
4250756102510,8873 / 163347,Stahlfelge,FELGEN,07.csv,,,,Schwarz,,
4250756102541,RE616012KPZ,ACCURIDE,FELGEN,12.csv,,,,SILBER,,
4250756103043,VO515024KPZ,ACCURIDE,FELGEN,12.csv,,,,SCHWARZ,,
4250756103180,TYRE-RB489D5E4031D,KRONPRINZ,FELGEN,13.csv,,,,SCHWARZ,,
4250756103180,VO516034KPZ,ACCURIDE,FELGEN,12.csv,,,,SCHWARZ,,
4250756110751,7870 / 163373,Stahlfelge,FELGEN,07.csv,,,,,,
4250756110751,ME616036KPZ,ACCURIDE,FELGEN,12.csv,,,,,,
4250756110843,PS516023KPZ,ACCURIDE,FELGEN,12.csv,,,,SCHWARZ,,
4250756110881,TYRE-R0E7562027C2C,KRONPRINZ,FELGEN,13.csv,,,,SCHWARZ,,
4250756110881,VO516037KPZ,ACCURIDE,FELGEN,12.csv,,,,SCHWARZ,,
4250756111222,TYRE-R65144D8AAF98,KRONPRINZ,FELGEN,13.csv,,,,,,
4250756111222,ME516027KPZ,ACCURIDE,FELGEN,12.csv,,,,,,
4250756111550,6011 / 163396,Alcar,FELGEN,07.csv,,,,,,
4250756112113,VO514022KPZ,ACCURIDE,FELGEN,12.csv,,,,,,
4250756113011,RE515036KPZ,ACCURIDE,FELGEN,12.csv,,,,,,
4250756113325,IV616015ACC,ACCURIDE,FELGEN,12.csv,,,,SILBER,,
4250756113356,PS518001KPZ,ACCURIDE,FELGEN,12.csv,,,,,,
4250906810142,15079MWD,MWD,FELGEN,12.csv,,,,schwarz,,
4250906810142,TYRE-R223888C02A7A,MWD,FELGEN,13.csv,,,,schwarz,,
4250906811323,14084MWD,MWD,FELGEN,12.csv,,,,schwarz,,
4250906811323,TYRE-RF7ECB2B83D46,MWD,FELGEN,13.csv,,,,schwarz,,
4250906812009,14083MWD,MWD,FELGEN,12.csv,,,,schwarz,,
4250906812009,TYRE-RC735445008E0,MWD,FELGEN,13.csv,,,,schwarz,,
4250906812290,15051MWD,MWD,FELGEN,12.csv,,,,schwarz,,
4250906812290,TYRE-RA1F242DA16DA,MWD,FELGEN,13.csv,,,,schwarz,,
4250906813471,16072MWD,MWD,FELGEN,12.csv,,,,silber,,
4250906813471,TYRE-REEAEF3A03003,MWD,FELGEN,13.csv,,,,silber,,
4250906813723,15101MWD,MWD,FELGEN,12.csv,,,,schwarz,,
4250906813723,TYRE-R7FABD901786B,MWD,FELGEN,13.csv,,,,schwarz,,
4250906813730,16034MWD,MWD,FELGEN,12.csv,,,,silber,,
4250906813730,TYRE-R93FBD57B7AA7,MWD,FELGEN,13.csv,,,,silber,,
4250906813990,14082MWD,MWD,FELGEN,12.csv,,,,schwarz,,
4250906813990,TYRE-R45FC9A10212B,MWD,FELGEN,13.csv,,,,schwarz,,
4250906814638,15144MWD,MWD,FELGEN,12.csv,,,,schwarz,,
4250906814638,TYRE-R1B314066021C,MWD,FELGEN,13.csv,,,,schwarz,,
4250906814645,14144MWD,MWD,FELGEN,12.csv,,,,schwarz,,
4250906814645,TYRE-RD3ABAFE9B2F2,MWD,FELGEN,13.csv,,,,schwarz,,
4250906814751,15159MWD,MWD,FELGEN,12.csv,,,,schwarz,,
4250906814751,TYRE-R796998440606,MWD,FELGEN,13.csv,,,,schwarz,,
4250906814782,15156MWD,MWD,FELGEN,12.csv,,,,schwarz,,
4250906814782,TYRE-R021EB5BC330D,MWD,FELGEN,13.csv,,,,schwarz,,
4250906814911,TYRE-R013C99702CAA,MWD,FELGEN,13.csv,,,,schwarz,,
4250906814911,16043MWD,MWD,FELGEN,12.csv,,,,schwarz,,
4250906814928,16044MWD,MWD,FELGEN,12.csv,,,,schwarz,,
4250906814928,TYRE-R7DFEDEB68DF1,MWD,FELGEN,13.csv,,,,schwarz,,
4250906815796,TYRE-R2968A9210B95,MWD,FELGEN,13.csv,,,,schwarz,,
4250906815796,15178MWD,MWD,FELGEN,12.csv,,,,schwarz,,
4250906815802,15179MWD,MWD,FELGEN,12.csv,,,,schwarz,,
4250906815802,TYRE-RB405E3E0A6B3,MWD,FELGEN,13.csv,,,,schwarz,,
4250906815932,TYRE-R341C83707FDF,MWD,FELGEN,13.csv,,,,schwarz,,
4250906815932,15185MWD,MWD,FELGEN,12.csv,,,,schwarz,,
4250906816366,16094MWD,MWD,FELGEN,12.csv,,,,silber,,
4250906816366,TYRE-R714ABB8094FF,MWD,FELGEN,13.csv,,,,silber,,
4250906816403,16003MWD,MWD,FELGEN,12.csv,,,,schwarz,,
4250906816403,TYRE-RE108F139E0B6,MWD,FELGEN,13.csv,,,,schwarz,,
4250906816458,16084MWD,MWD,FELGEN,12.csv,,,,schwarz,,
4250906816458,TYRE-RDE8A23A613CF,MWD,FELGEN,13.csv,,,,schwarz,,
4250906816519,15195MWD,MWD,FELGEN,12.csv,,,,schwarz,,
4250906816519,TYRE-RD10D657DBAB1,MWD,FELGEN,13.csv,,,,schwarz,,
4250906816724,14174MWD,MWD,FELGEN,12.csv,,,,schwarz,,
4250906816724,TYRE-RBEE778DACE61,MWD,FELGEN,13.csv,,,,schwarz,,
4250906816816,15211MWD,MWD,FELGEN,12.csv,,,,silber,,
4250906816816,TYRE-R3D1659924718,MWD,FELGEN,13.csv,,,,silber,,
4250906816892,14176MWD,MWD,FELGEN,12.csv,,,,schwarz,,
4250906816892,TYRE-R2326E023EFDF,MWD,FELGEN,13.csv,,,,schwarz,,
4250906817073,16115MWD,MWD,FELGEN,12.csv,,,,schwarz,,
4250906817073,TYRE-R40851155ABCB,MWD,FELGEN,13.csv,,,,schwarz,,
4250906817233,16117MWD,MWD,FELGEN,12.csv,,,,silber,,
4250906817233,TYRE-R616A094375E9,MWD,FELGEN,13.csv,,,,silber,,
4250906817301,TYRE-R8A1381A184B7,MWD,FELGEN,13.csv,,,,schwarz,,
4250906817301,15217MWD,MWD,FELGEN,12.csv,,,,schwarz,,
4250906817318,16127MWD,MWD,FELGEN,12.csv,,,,schwarz,,
4250906817318,TYRE-R173D4F5BD321,MWD,FELGEN,13.csv,,,,schwarz,,
4250906817325,16122MWD,MWD,FELGEN,12.csv,,,,schwarz,,
4250906817325,TYRE-RB1ED2C1AD5E1,MWD,FELGEN,13.csv,,,,schwarz,,
4250906817356,15213MWD,MWD,FELGEN,12.csv,,,,schwarz,,
4250906817356,TYRE-R12D1E40A1DD6,MWD,FELGEN,13.csv,,,,schwarz,,
4250906817387,14182MWD,MWD,FELGEN,12.csv,,,,schwarz,,
4250906817387,TYRE-RB85419FF1713,MWD,FELGEN,13.csv,,,,schwarz,,
4250906817431,15233MWD,MWD,FELGEN,12.csv,,,,silber,,
4250906817431,TYRE-R1B6A0E57F917,MWD,FELGEN,13.csv,,,,silber,,
4250906817776,16144MWD,MWD,FELGEN,12.csv,,,,schwarz,,
4250906817776,TYRE-R6407DCF3DA43,MWD,FELGEN,13.csv,,,,schwarz,,
4250906817790,16145MWD,MWD,FELGEN,12.csv,,,,silber,,
4250906817790,TYRE-R36D30CEBCDE4,MWD,FELGEN,13.csv,,,,silber,,
4250906817813,16152MWD,MWD,FELGEN,12.csv,,,,schwarz,,
4250906817813,TYRE-R0B923C53AFBE,MWD,FELGEN,13.csv,,,,schwarz,,
4250906817967,TYRE-R186DC52094B1,MWD,FELGEN,13.csv,,,,silber,,
4250906817967,15237MWD,MWD,FELGEN,12.csv,,,,silber,,
4250906818087,16163MWD,MWD,FELGEN,12.csv,,,,silber,,
4250906818087,TYRE-RFCC437B67B69,MWD,FELGEN,13.csv,,,,silber,,
4250906818124,16161MWD,MWD,FELGEN,12.csv,,,,schwarz,,
4250906818124,TYRE-RA85AF5CE8E2C,MWD,FELGEN,13.csv,,,,schwarz,,
4250906818179,15241MWD,MWD,FELGEN,12.csv,,,,schwarz,,
4250906818179,TYRE-R77E5F91788D3,MWD,FELGEN,13.csv,,,,schwarz,,
4250906818261,15247MWD,MWD,FELGEN,12.csv,,,,schwarz,,
4250906818261,TYRE-R3B57A3F48DB6,MWD,FELGEN,13.csv,,,,schwarz,,
4250906818285,15246MWD,MWD,FELGEN,12.csv,,,,schwarz,,
4250906818285,TYRE-R0C03D20AD6FA,MWD,FELGEN,13.csv,,,,schwarz,,
4250906818452,15249MWD,MWD,FELGEN,12.csv,,,,schwarz,,
4250906818452,TYRE-R31E402F3BC94,MWD,FELGEN,13.csv,,,,schwarz,,
4250906818513,16177MWD,MWD,FELGEN,12.csv,,,,schwarz,,
4250906818513,TYRE-R561B87418F25,MWD,FELGEN,13.csv,,,,schwarz,,
4250906818520,16178MWD,MWD,FELGEN,12.csv,,,,schwarz,,
4250906818520,TYRE-R645C0D2D3B56,MWD,FELGEN,13.csv,,,,schwarz,,
4250906818551,15253MWD,MWD,FELGEN,12.csv,,,,schwarz,,
4250906818551,TYRE-R8A20ACADA0C3,MWD,FELGEN,13.csv,,,,schwarz,,
4250906818605,14194 MWD,MWD,FELGEN,12.csv,,,,schwarz,,
4250906818629,TYRE-RE1D4B255957C,MWD,FELGEN,13.csv,,,,schwarz,,
4250906818629,16184MWD,MWD,FELGEN,12.csv,,,,schwarz,,
4250906818667,16181MWD,MWD,FELGEN,12.csv,,,,schwarz,,
4250906818667,TYRE-R6A6246E92632,MWD,FELGEN,13.csv,,,,schwarz,,
4250906818735,15258MWD,MWD,FELGEN,12.csv,,,,schwarz,,
4250906818735,TYRE-R2C87B25AEFAD,MWD,FELGEN,13.csv,,,,schwarz,,
4250906818810,15263MWD,MWD,FELGEN,12.csv,,,,schwarz,,
4250906818810,TYRE-RB36D005F1DF4,MWD,FELGEN,13.csv,,,,schwarz,,
4250906818872,16190MWD,MWD,FELGEN,12.csv,,,,schwarz,,
4250906818872,TYRE-R055522FDB683,MWD,FELGEN,13.csv,,,,schwarz,,
4250906818896,15261MWD,MWD,FELGEN,12.csv,,,,schwarz,,
4250906818896,TYRE-R84991170C6A2,MWD,FELGEN,13.csv,,,,schwarz,,
4250906818902,TYRE-RDD7F9F021EA9,MWD,FELGEN,13.csv,,,,schwarz,,
4250906818902,16189MWD,MWD,FELGEN,12.csv,,,,schwarz,,
4250906818919,15264MWD,MWD,FELGEN,12.csv,,,,schwarz,,
4250906818919,TYRE-R0EA71FCADD83,MWD,FELGEN,13.csv,,,,schwarz,,
4250906818964,16202MWD,MWD,FELGEN,12.csv,,,,silber,,
4250906818964,TYRE-R36FC1A65D425,MWD,FELGEN,13.csv,,,,silber,,
4250906818971,TYRE-R77123C45EC9F,MWD,FELGEN,13.csv,,,,schwarz,,
4250906818971,16201MWD,MWD,FELGEN,12.csv,,,,schwarz,,
4250906819077,16204MWD,MWD,FELGEN,12.csv,,,,schwarz,,
4250906819077,TYRE-R515F6E250D7A,MWD,FELGEN,13.csv,,,,schwarz,,
4250906819091,510068764,Stahlfelge,Felgen,16.csv,,,,,,
4250906819091,TYRE-RC8D97B1A69F7,MWD,FELGEN,13.csv,,,,schwarz,,
4250906819091,16208MWD,MWD,FELGEN,12.csv,,,,schwarz,,
4250906819121,17012MWD,MWD,FELGEN,12.csv,,,,silber,,
4250906819121,TYRE-R9FE875F57F82,MWD,FELGEN,13.csv,,,,silber,,
4250906819138,16214MWD,MWD,FELGEN,12.csv,,,,silber,,
4250906819138,510068820,Stahlfelge,Felgen,16.csv,,,,,,
4250906819138,TYRE-R1E1CEE29EA5E,MWD,FELGEN,13.csv,,,,silber,,
4250906819152,TYRE-R9764D63EF378,MWD,FELGEN,13.csv,,,,schwarz,,
4250906819152,15274MWD,MWD,FELGEN,12.csv,,,,schwarz,,
4250906819183,16213MWD,MWD,FELGEN,12.csv,,,,schwarz,,
4250906819183,TYRE-R8DA30B468D51,MWD,FELGEN,13.csv,,,,schwarz,,
4250906819213,TYRE-R5EBB9DFAD798,MWD,FELGEN,13.csv,,,,schwarz,,
4250906819213,16219MWD,MWD,FELGEN,12.csv,,,,schwarz,,
4250906819251,15277MWD,MWD,FELGEN,12.csv,,,,schwarz,,
4250906819251,TYRE-R6CF157FB7672,MWD,FELGEN,13.csv,,,,schwarz,,
4250906819305,TYRE-R57F1C95E110B,MWD,FELGEN,13.csv,,,,schwarz,,
4250906819305,14198MWD,MWD,FELGEN,12.csv,,,,schwarz,,
4250906819312,15275MWD,MWD,FELGEN,12.csv,,,,schwarz,,
4250906819312,TYRE-RB730FA7C12A2,MWD,FELGEN,13.csv,,,,schwarz,,
4250906819350,15270MWD,MWD,FELGEN,12.csv,,,,silber,,
4250906819350,TYRE-R78706227F649,MWD,FELGEN,13.csv,,,,silber,,
4250906819367,15271MWD,MWD,FELGEN,12.csv,,,,silber,,
4250906819367,TYRE-R95A2ECB8AA35,MWD,FELGEN,13.csv,,,,silber,,
4250906819374,TYRE-R17656D687B62,MWD,FELGEN,13.csv,,,,schwarz,,
4250906819374,15268MWD-SW,MWD,FELGEN,12.csv,,,,schwarz,,
4250906819381,15269MWD,MWD,FELGEN,12.csv,,,,schwarz,,
4250906819381,TYRE-RB32C9D0CE70E,MWD,FELGEN,13.csv,,,,schwarz,,
4250906819428,15282MWD,MWD,FELGEN,12.csv,,,,schwarz,,
4250906819428,TYRE-R02B18E947A88,MWD,FELGEN,13.csv,,,,schwarz,,
4250906819466,TYRE-RA58549FF44FB,MWD,FELGEN,13.csv,,,,schwarz,,
4250906819466,17019MWD,MWD,FELGEN,12.csv,,,,schwarz,,
4250906819473,16223MWD,MWD,FELGEN,12.csv,,,,schwarz,,
4250906819473,TYRE-R7DFF8F2A509E,MWD,FELGEN,13.csv,,,,schwarz,,
4250906819527,TYRE-R6D8A1B882166,MWD,FELGEN,13.csv,,,,schwarz,,
4250906819527,15286MWD,MWD,FELGEN,12.csv,,,,schwarz,,
4250906819534,16225MWD,MWD,FELGEN,12.csv,,,,schwarz,,
4250906819534,TYRE-R0FD4ABFA1A5C,MWD,FELGEN,13.csv,,,,schwarz,,
4250906819541,14201MWD,MWD,FELGEN,12.csv,,,,schwarz,,
4250906819541,TYRE-R4E6394CCB479,MWD,FELGEN,13.csv,,,,schwarz,,
4250906819565,TYRE-R6D6B8C8904BC,MWD,FELGEN,13.csv,,,,schwarz,,
4250906819565,16222MWD,MWD,FELGEN,12.csv,,,,schwarz,,
4250906819640,16228MWD,MWD,FELGEN,12.csv,,,,schwarz,,
4250906819640,TYRE-RBFBEA929A365,MWD,FELGEN,13.csv,,,,schwarz,,
4250906819664,16230MWD,MWD,FELGEN,12.csv,,,,silber,,
4250906819770,TYRE-R0D795AB52DA2,MWD,FELGEN,13.csv,,,,schwarz,,
4250906819770,15291MWD,MWD,FELGEN,12.csv,,,,schwarz,,
4250906819787,16235MWD,MWD,FELGEN,12.csv,,,,schwarz,,
4250906819787,TYRE-RE8A026487B72,MWD,FELGEN,13.csv,,,,schwarz,,
4250906819794,16236MWD,MWD,FELGEN,12.csv,,,,schwarz,,
4250906819794,TYRE-RDB6166C9F242,MWD,FELGEN,13.csv,,,,schwarz,,
4250906819800,16237MWD,MWD,FELGEN,12.csv,,,,silber,,
4250906819800,TYRE-R875D122CD15C,MWD,FELGEN,13.csv,,,,silber,,
4250906819817,TYRE-R755CD5168C35,MWD,FELGEN,13.csv,,,,schwarz,,
4250906819817,17021MWD,MWD,FELGEN,12.csv,,,,schwarz,,
4250906819831,17023MWD,MWD,FELGEN,12.csv,,,,schwarz,,
4250906819831,TYRE-R0C9A34AB614F,MWD,FELGEN,13.csv,,,,schwarz,,
4250906819893,15292MWD,MWD,FELGEN,12.csv,,,,schwarz,,
4250906819893,TYRE-R8750580698BD,MWD,FELGEN,13.csv,,,,schwarz,,
4250906820028,15296MWD,MWD,FELGEN,12.csv,,,,schwarz,,
4250906820028,TYRE-R766ADB962819,MWD,FELGEN,13.csv,,,,schwarz,,
4250906820080,15293MWD,MWD,FELGEN,12.csv,,,,schwarz,,
4250906820080,TYRE-R6895AC4F6046,MWD,FELGEN,13.csv,,,,schwarz,,
4250906820097,16246MWD,MWD,FELGEN,12.csv,,,,schwarz,,
4250906820097,TYRE-RE1353ADE58A7,MWD,FELGEN,13.csv,,,,schwarz,,
4250906820103,TYRE-RE1E96458D2A8,MWD,FELGEN,13.csv,,,,schwarz,,
4250906820103,15294MWD,MWD,FELGEN,12.csv,,,,schwarz,,
4250906820110,16247MWD,MWD,FELGEN,12.csv,,,,schwarz,,
4250906820110,TYRE-RDBA251B7D2CA,MWD,FELGEN,13.csv,,,,schwarz,,
4250906820158,16249MWD,MWD,FELGEN,12.csv,,,,silber,,
4250906820165,16250MWD,MWD,FELGEN,12.csv,,,,silber,,
4250906820165,TYRE-R392758E33469,MWD,FELGEN,13.csv,,,,silber,,
4250906820196,15299MWD,MWD,FELGEN,12.csv,,,,schwarz,,
4250906820196,TYRE-RDD86ECDEAF7C,MWD,FELGEN,13.csv,,,,schwarz,,
4250906820363,17026MWD,MWD,FELGEN,12.csv,,,,schwarz,,
4250906820363,TYRE-R28F98A6B75B9,MWD,FELGEN,13.csv,,,,schwarz,,
4250906820387,16253MWD,MWD,FELGEN,12.csv,,,,schwarz,,
4250906820387,TYRE-R04204CEC5D5B,MWD,FELGEN,13.csv,,,,schwarz,,
4250906820417,16256MWD,MWD,FELGEN,12.csv,,,,schwarz,,
4250906820417,TYRE-R501574CFE479,MWD,FELGEN,13.csv,,,,schwarz,,
4250906820455,15301MWD,MWD,FELGEN,12.csv,,,,schwarz,,
4250906820455,TYRE-RFB01C2EE2803,MWD,FELGEN,13.csv,,,,schwarz,,
4250906820479,TYRE-R2DE7DF329636,MWD,FELGEN,13.csv,,,,schwarz,,
4250906820479,16266MWD,MWD,FELGEN,12.csv,,,,schwarz,,
4250906820486,16270MWD,MWD,FELGEN,12.csv,,,,schwarz,,
4250906820486,TYRE-R002CE6B2B9BD,MWD,FELGEN,13.csv,,,,schwarz,,
4250906820493,17036MWD,MWD,FELGEN,12.csv,,,,schwarz,,
4250906820493,TYRE-RFE7BDE0650C5,MWD,FELGEN,13.csv,,,,schwarz,,
4250906820509,16268MWD,MWD,FELGEN,12.csv,,,,silber,,
4250906820509,TYRE-RDCC6E903C2A0,MWD,FELGEN,13.csv,,,,silber,,
4250906820516,TYRE-R1A30E47FC6C1,MWD,FELGEN,13.csv,,,,silber,,
4250906820516,16265MWD,MWD,FELGEN,12.csv,,,,silber,,
4250906820530,16271MWD,MWD,FELGEN,12.csv,,,,silber,,
4250906820530,TYRE-R163BA35F4C10,MWD,FELGEN,13.csv,,,,silber,,
4250906820561,15302MWD,MWD,FELGEN,12.csv,,,,silber,,
4250906820561,TYRE-R7B0B8603B027,MWD,FELGEN,13.csv,,,,silber,,
4250906820592,16273MWD,MWD,FELGEN,12.csv,,,,schwarz,,
4250906820592,TYRE-RFD7A0D401A1E,MWD,FELGEN,13.csv,,,,schwarz,,
4250906820608,15303MWD,MWD,FELGEN,12.csv,,,,schwarz,,
4250906820608,TYRE-R79D686AD22AE,MWD,FELGEN,13.csv,,,,schwarz,,
4250906820615,16274MWD,MWD,FELGEN,12.csv,,,,schwarz,,
4250906820615,TYRE-RF9EED9643505,MWD,FELGEN,13.csv,,,,schwarz,,
4250906820660,TYRE-R969C85237CC9,MWD,FELGEN,13.csv,,,,schwarz,,
4250906820660,16277MWD,MWD,FELGEN,12.csv,,,,schwarz,,
4250906820752,16282MWD,MWD,FELGEN,12.csv,,,,schwarz,,
4250906820752,TYRE-RB8429E338824,MWD,FELGEN,13.csv,,,,schwarz,,
4250906820769,16284MWD,MWD,FELGEN,12.csv,,,,schwarz,,
4250906820769,TYRE-R8909E00E7236,MWD,FELGEN,13.csv,,,,schwarz,,
4250906820783,TYRE-RC5CA60D375EB,MWD,FELGEN,13.csv,,,,schwarz,,
4250906820783,16283MWD,MWD,FELGEN,12.csv,,,,schwarz,,
4250906820813,15305MWD,MWD,FELGEN,12.csv,,,,schwarz,,
4250906820813,TYRE-R6BA89659D197,MWD,FELGEN,13.csv,,,,schwarz,,
4250906820837,16286MWD,MWD,FELGEN,12.csv,,,,schwarz,,
4250906820837,TYRE-R54FF88755E94,MWD,FELGEN,13.csv,,,,schwarz,,
4250906820851,14211MWD,MWD,FELGEN,12.csv,,,,schwarz,,
4250906820851,TYRE-RED61686FFFFD,MWD,FELGEN,13.csv,,,,schwarz,,
4250906820875,15310MWD,MWD,FELGEN,12.csv,,,,schwarz,,
4250906820875,TYRE-RF21237143408,MWD,FELGEN,13.csv,,,,schwarz,,
4250906820882,16275MWD,MWD,FELGEN,12.csv,,,,schwarz,,
4250906820882,TYRE-R69F8CF7DA30E,MWD,FELGEN,13.csv,,,,schwarz,,
4250906820905,TYRE-RF48C90D0C79A,MWD,FELGEN,13.csv,,,,silber,,
4250906820905,16287MWD,MWD,FELGEN,12.csv,,,,silber,,
4250906820912,TYRE-R7C5D64BDBD8C,MWD,FELGEN,13.csv,,,,silber,,
4250906820912,17041MWD,MWD,FELGEN,12.csv,,,,silber,,
4250906820929,16288MWD,MWD,FELGEN,12.csv,,,,schwarz,,
4250906820929,510068956,Stahlfelge,Felgen,16.csv,,,,,,
4250906820929,TYRE-R6BDEBC4A7D36,MWD,FELGEN,13.csv,,,,schwarz,,
4250906820936,17042MWD,MWD,FELGEN,12.csv,,,,silber,,
4250906820950,TYRE-R284FF8B493B5,MWD,FELGEN,13.csv,,,,schwarz,,
4250906820950,16290MWD,MWD,FELGEN,12.csv,,,,schwarz,,
4250906820967,15311MWD,MWD,FELGEN,12.csv,,,,schwarz,,
4250906820967,TYRE-R82788C8CAF64,MWD,FELGEN,13.csv,,,,schwarz,,
4250906820998,15313MWD,MWD,FELGEN,12.csv,,,,silber,,
4250906820998,TYRE-R8A1017E14CB4,MWD,FELGEN,13.csv,,,,silber,,
4250906821025,TYRE-RD7D56D6F2468,MWD,FELGEN,13.csv,,,,schwarz,,
4250906821025,16291MWD,MWD,FELGEN,12.csv,,,,schwarz,,
4250906821124,16293MWD,MWD,FELGEN,12.csv,,,,schwarz,,
4250906821124,TYRE-R95ED2E784B21,MWD,FELGEN,13.csv,,,,schwarz,,
4250906821131,TYRE-RB5EEBF655324,MWD,FELGEN,13.csv,,,,schwarz,,
4250906821131,14214MWD,MWD,FELGEN,12.csv,,,,schwarz,,
4250906821148,16295MWD,MWD,FELGEN,12.csv,,,,silber,,
4250906821148,TYRE-RAB43BD8F1F14,MWD,FELGEN,13.csv,,,,silber,,
4250906821230,17046MWD,MWD,FELGEN,12.csv,,,,schwarz,,
4250906821230,TYRE-RA5F9309FA23A,MWD,FELGEN,13.csv,,,,schwarz,,
4250906821292,17048MWD,MWD,FELGEN,12.csv,,,,schwarz,,
4250906821292,TYRE-R24C70541BD6B,MWD,FELGEN,13.csv,,,,schwarz,,
4250906821322,16303MWD,MWD,FELGEN,12.csv,,,,schwarz,,
4250906821322,TYRE-RD42CCABB41EC,MWD,FELGEN,13.csv,,,,schwarz,,
4250906821339,TYRE-RDAC7386A01D8,MWD,FELGEN,13.csv,,,,schwarz,,
4250906821339,16304MWD,MWD,FELGEN,12.csv,,,,schwarz,,
4250906821346,16305MWD,MWD,FELGEN,12.csv,,,,silber,,
4250906821346,TYRE-R8C76D1B7F9E4,MWD,FELGEN,13.csv,,,,silber,,
4250906821377,16306MWD,MWD,FELGEN,12.csv,,,,schwarz,,
4250996302558,620071436,RC-DESIGN,Felgen,16.csv,6,15,23,,,
4250996304460,RC29801935W5DSV,RC Design,FELGEN,12.csv,,,,dark-sparkle,,
4250996304941,580071440,BROCK,Felgen,16.csv,8.5,19,45,,,
4250996305986,RC30ECE651635F1KSV,RC Design,FELGEN,12.csv,,,,kristallsilber,,
4250996306037,RC30ECE651650X4KSV,RC Design,FELGEN,12.csv,,,,kristallsilber,,
4250996306648,RC30ECE651654BM1SGV,RC Design,FELGEN,12.csv,,,,schwarz glanz,,
4250996306686,620071013,RC-DESIGN,Felgen,16.csv,6.5,16,48,,,
4250996308017,RC30ECE7518495M3SGV,RC Design,FELGEN,12.csv,,,,schwarz glanz,,
4250996308710,RC31701655R4KSV,RC Design,FELGEN,12.csv,,,,kristallsilber,,
4250996309502,RC27ECE751736D9KSV,RC Design,FELGEN,12.csv,,,,kristallsilber,,
4250996313295,RC14S751740N2KSV,RC Design,FELGEN,12.csv,,,,KRISTALLSILBER,,
4250996317460,580081069,BROCK,Felgen,16.csv,8,18,45,,,
4250996320323,RC27ECE701943V7SKMV,RC Design,FELGEN,12.csv,,,,schwarz klar matt,,
4250996322501,580081177,BROCK,Felgen,16.csv,7.5,19,43,,,
4250996326066,RC32E701740O2SBMV,RC Design,FELGEN,12.csv,,,,satin black matt,,
4250996326288,RC32E701749V7SBMV,RC Design,FELGEN,12.csv,,,,satin black matt,,
4250996327056,RC32E751841O6HGVPV,RC Design,FELGEN,12.csv,,,,himalaya grey vollpoliert,,
4250996330360,RC27ECE651640V6KSV,RC Design,FELGEN,12.csv,,,,kristallsilber,,
4250996330698,BRB40E901948W6SBMV,Brock,FELGEN,12.csv,,,,satin black matt,,
4250996331664,320000129,Mitsubishi,Felgen,09.csv,8.5,20,40,,,
4250996331671,320000128,Mitsubishi,Felgen,09.csv,8.5,20,40,schwarz front-poliert,,
4250996332739,332739RC,RC Design,FELGEN,12.csv,,,,KRISTALLSILBER,,
4250996332784,TYRE-R0ABC6ADC5379,RC-DESIGN,FELGEN,13.csv,,,,HIMALAYA GREY MATT,,
4250996332784,332784RC,RC Design,FELGEN,12.csv,,,,HIMALAYA GREY MATT,,
4250996332791,RC32E801942X7FGMV,RC Design,FELGEN,12.csv,,,,ferric grey matt,,
4250996333286,620072723,RC-DESIGN,Felgen,16.csv,8,19,40,,,
4250996333309,RC32E801945V7SBMV,RC Design,FELGEN,12.csv,,,,satin black matt,,
4250996333651,RC32E751729D7FGMV,RC Design,FELGEN,12.csv,,,,ferric grey matt,,
4250996333828,RC32E751746V6HGVPV,RC Design,FELGEN,12.csv,,,,himalaya grey vollpoliert,,
4250996333828,TYRE-R9895857F494E,RC-DESIGN,FELGEN,13.csv,,,,himalaya grey vollpoliert,,
4250996334443,RC32E7519505X7FGMV,RC Design,FELGEN,12.csv,,,,ferric grey matt,,
4250996334443,TYRE-R94A5A5FA6F16,RC-DESIGN,FELGEN,13.csv,,,,ferric grey matt,,
4250996334733,RC32E751940O2SBMV,RC Design,FELGEN,12.csv,,,,satin black matt,,
4250996337550,B32ECE851940TS2SKMV,Brock,FELGEN,12.csv,,,,schwarz klar matt,,
4250996337574,BRB32ECE851840TS2KSV,Brock,FELGEN,12.csv,,,,kristallsilber,,
4250996337574,TYRE-R6EE235EDF38C,BROCK,FELGEN,13.csv,,,,kristallsilber,,
4250996337581,B32ECE851840TS2SKMV,Brock,FELGEN,12.csv,,,,schwarz klar matt,,
4250996337833,RC33XE55155S2TMV,RC Design,FELGEN,12.csv,,,,titan metallic,,
4250996340024,RC25TE651660V4SGVPV,RC Design,FELGEN,12.csv,,,,schwarz glanz vollpoliert,,
4250996340413,RC32E701748SU2HGVPV,RC Design,FELGEN,12.csv,,,,himalaya grey vollpoliert,,
4250996340468,620072974,RC-DESIGN,Felgen,16.csv,7,17,50,,,
4250996340567,BRB41E902044D13SGVPV,Brock,FELGEN,12.csv,,,,schwarz glanz vollpoliert,,
4250996340628,620072993,RC-DESIGN,Felgen,16.csv,8.5,20,43,,,
4250996342004,BRB41E1052064P1SGVPV,Brock,FELGEN,12.csv,,,,schwarz glanz vollpoliert,,
4250996342561,BRB41E902057D23SGV,Brock,FELGEN,12.csv,,,,schwarz glanz,,
4250996342769,342769RC,RC Design,FELGEN,12.csv,,,,SATIN BLACK MATT,,
4250996343032,B32ECE751853M45HGVPV,Brock,FELGEN,12.csv,,,,himalaya grey vollpoliert,,
4250996345579,RC34E801945V7SGVPV,RC Design,FELGEN,12.csv,,,,schwarz glanz vollpoliert,,
4250996346392,RC32E851947X7FGMV,RC Design,FELGEN,12.csv,,,,ferric grey matt,,
4250996346460,RC32E851940TS2FGMV,RC Design,FELGEN,12.csv,,,,ferric grey matt,,
4250996348662,RC34E651741F6SGV,RC Design,FELGEN,12.csv,,,,schwarz glanz,,
4250996349331,BRB32E951945TS3KSV,Brock,FELGEN,12.csv,,,,kristallsilber,,
4250996349348,BRBE32951945TS3SKMV,Brock,FELGEN,12.csv,,,,schwarz klar matt,,
4250996349546,BRB32E952045TS3SKMV,Brock,FELGEN,12.csv,,,,schwarz klar matt,,
4250996349553,BRB32E952045TS3KSV,Brock,FELGEN,12.csv,,,,kristallsilber,,
4250996350825,BRB42952045TS4SGV,Brock,FELGEN,12.csv,,,,schwarz glanz,,
4250996352034,RC34E651760V4KSV,RC Design,FELGEN,12.csv,,,,kristallsilber,,
4250996352072,RC34E651660V4KSV,RC Design,FELGEN,12.csv,,,,kristallsilber,,
4250996353772,RC34E701840O7SGVPV,RC Design,FELGEN,12.csv,,,,schwarz glanz vollpoliert,,
4250996353949,BRB32ECE851840TS2TMV,Brock,FELGEN,12.csv,,,,titan metallic,,
4250996354397,RC34E751851V7SGV,RC Design,FELGEN,12.csv,,,,schwarz glanz,,
4250996355196,RC34E751935N42KSV,RC Design,FELGEN,12.csv,,,,kristallsilber,,
4250996356322,BRB32ECE952045TS3TMV,Brock,FELGEN,12.csv,,,,titan metallic,,
4250996356513,RC34E701938PFKSV,RC Design,FELGEN,12.csv,,,,kristallsilber,,
4250996356568,RC34E7019475X7KSV,RC Design,FELGEN,12.csv,,,,kristallsilber,,
4250996356568,TYRE-R5A54F077BDAE,RC-DESIGN,FELGEN,13.csv,,,,kristallsilber,,
4250996356636,RC34E7019475X7SGV,RC Design,FELGEN,12.csv,,,,schwarz glanz,,
4250996357763,TYRE-R74E7B86E1BFD,BROCK,FELGEN,13.csv,,,,schwarz glanz,,
4250996357763,BRB32ECE851840TS2SGV,Brock,FELGEN,12.csv,,,,schwarz glanz,,
4250996357787,BRB32ECE951945TS3SGV,Brock,FELGEN,12.csv,,,,schwarz glanz,,
4250996357800,BRB32ECE952045TS3GV,Brock,FELGEN,12.csv,,,,schwarz glanz,,
4250996360060,RC27ECE651640V6SGV,RC Design,FELGEN,12.csv,,,,schwarz glanz,,
4250996360435,RC34E751841V10SGV,RC Design,FELGEN,12.csv,,,,schwarz glanz,,
4250996361302,RC32E751748H31FGMV,RC Design,FELGEN,12.csv,,,,ferric grey matt,,
4250996361326,RC32E751748H31SBMV,RC Design,FELGEN,12.csv,,,,satin black matt,,
4250996361562,BRB43E752045M45SGV,Brock,FELGEN,12.csv,,,,schwarz glanz,,
4250996362903,RC34E851840TS2SGV,RC Design,FELGEN,12.csv,,,,schwarz glanz,,
4250996364037,364037RC,RC Design,FELGEN,12.csv,,,,KRISTALLSILBER,,
4250996364037,TYRE-R7630BA7D9E34,RC-DESIGN,FELGEN,13.csv,,,,KRISTALLSILBER,,
4250996364372,BRB32ECE851838TS2KSV,Brock,FELGEN,12.csv,,,,kristallsilber,,
4250996364389,BRB32ECE851838TS2TMV,Brock,FELGEN,12.csv,,,,titan metallic,,
4250996364396,BRB32ECE851838TS2SGV,Brock,FELGEN,12.csv,,,,schwarz glanz,,
4250996364402,BRBECE851838TS2SKMV,Brock,FELGEN,12.csv,,,,schwarz klar matt,,
4250996364631,RC32E851942V7SBMV,RC Design,FELGEN,12.csv,,,,satin black matt,,
4250996365355,RC31701645FT1KSV,RC Design,FELGEN,12.csv,,,,kristallsilber,,
4250996365362,RC31701645FT1SBMV,RC Design,FELGEN,12.csv,,,,satin black matt,,
4250996366918,BRB44851925D3NSBMV,Brock,FELGEN,12.csv,,,,satin black matt,,
4250996368615,BRB45701745FT1BCMV,Brock,FELGEN,12.csv,,,,bronze copper matt,,
4250996370717,370717RC,RC Design,FELGEN,12.csv,,,,schwarz glanz vollpoliert,,
4250996371523,BRB43E902034TS2CGMV,Brock,FELGEN,12.csv,,,,Cosmic Grey Matt,,
4250996371530,BRB43E902034TS2SGV,Brock,FELGEN,12.csv,,,,schwarz glanz,,
4250996371554,BRB43E102045TS2CGMV,Brock,FELGEN,12.csv,,,,Cosmic Grey Matt,,
4250996371561,BRB43E102045TS2SGV,Brock,FELGEN,12.csv,,,,schwarz glanz,,
4250996371813,BRB43E802047V7SGV,Brock,FELGEN,12.csv,,,,schwarz glanz,,
4250996371820,BRB43E802047V7SGVPV,Brock,FELGEN,12.csv,,,,schwarz glanz vollpoliert,,
5707562274539,RP510001,ACCURIDE,FELGEN,12.csv,,,,,,
8002000044024,MTIS90204021831I,GMP,FELGEN,12.csv,,,,glossy black,,
8002000044024,TYRE-R9D377D406FEE,GMP,FELGEN,13.csv,,,,glossy black,,
8008018003350,STEL80183515440I,GMP,FELGEN,12.csv,,,,silver,,
8008018003350,TYRE-R8D7AC4D230DB,GMP,FELGEN,13.csv,,,,silver,,
8027529080384,TYRE-R140EAA1E503B,OZ,FELGEN,13.csv,,,,GRIGIO CORSA,,
8027529080384,W01895351P5,OZ,FELGEN,12.csv,,,,GRIGIO CORSA,,
8027529081916,W01903204G1,OZ,FELGEN,12.csv,,,,GRIGIO CORSA,,
8027529081916,TYRE-R7BBAF93D5769,OZ,FELGEN,13.csv,,,,GRIGIO CORSA,,
8027529090116,TYRE-R54AC6533FF55,OZ,FELGEN,13.csv,,,,MATT BLACK,,
8027529090116,W0189220753,OZ,FELGEN,12.csv,,,,MATT BLACK,,
8027529093049,TYRE-RFB468163BBD3,OZ,FELGEN,13.csv,,,,GRIGIO CORSA BRIGHT,,
8027529093049,W01974208H1,OZ,FELGEN,12.csv,,,,GRIGIO CORSA BRIGHT,,
8027529148770,W19320501T56,MSW,FELGEN,12.csv,,,,GLOSS BLACK FULL POLISHED,,
8027529191608,W19410502T56,MSW,FELGEN,12.csv,,,,GLOSS BLACK FULL POLISHED,,
8027529191677,W19412501T56,MSW,FELGEN,12.csv,,,,GLOSS BLACK FULL POLISHED,,
8030580136549,F6560ZHHS45GG3,MAK,FELGEN,12.csv,,,,hyper silver,,
8030580152570,F8090HIMB45GD3X,MAK,FELGEN,12.csv,,,,mat black,,
8030580152587,F8520HIMB45GD3X,MAK,FELGEN,12.csv,,,,mat black,,
8030580154987,F8080MUMB20NB,MAK,FELGEN,12.csv,,,,mat black,,
8030580154987,TYRE-R36770CC3BA1B,MAK,FELGEN,13.csv,,,,mat black,,
8030580154994,TYRE-RDFAAA87B280F,MAK,FELGEN,13.csv,,,,mat black,,
8030580154994,F8080MUMB30I2B,MAK,FELGEN,12.csv,,,,mat black,,
8030580155571,F9080MUQM20NB,MAK,FELGEN,12.csv,,,,gun metal - mirror face,,
8030580155571,TYRE-R73B08B087A4C,MAK,FELGEN,13.csv,,,,gun metal - mirror face,,
8030580156073,TYRE-RFA8F6468A088,MAK,FELGEN,13.csv,,,,mat black,,
8030580156073,F6560ZHMB45GG3,MAK,FELGEN,12.csv,,,,mat black,,
8030580156820,F5540ZHMB35C,MAK,FELGEN,12.csv,,,,mat black,,
8030580158848,F8080HIQM40FF,MAK,FELGEN,12.csv,,,,gun metal - mirror face,,
8030580159098,F7070ZHMB42VK2,MAK,FELGEN,12.csv,,,,mat black,,
8030580159852,F6550ZHHS40BD2,MAK,FELGEN,12.csv,,,,hyper silver,,
8030580160360,F8520HIMB47IR2,MAK,FELGEN,12.csv,,,,mat black,,
8030580160414,F8070ZHMB42VK2,MAK,FELGEN,12.csv,,,,mat black,,
8030580170703,F5090WTSI43WS3X,MAK,FELGEN,12.csv,,,,silver,,
8030580170703,TYRE-R0CBFCE404C27,MAK,FELGEN,13.csv,,,,silver,,
8030580172752,F7570ONSI35HAX,MAK,FELGEN,12.csv,,,,silver,,
8030580172752,TYRE-R54906A85C105,MAK,FELGEN,13.csv,,,,silver,,
8030580173704,F6560ONSI35AAX,MAK,FELGEN,12.csv,,,,silver,,
8030580173704,TYRE-R09C148F7D907,MAK,FELGEN,13.csv,,,,silver,,
8030580180962,F9520NNSI65KY5,MAK,FELGEN,12.csv,,,,silver,,
8030580181006,F1020NNMB19WSX,MAK,FELGEN,12.csv,,,,mat black,,
8030580189439,F9021NNMB26WSX,MAK,FELGEN,12.csv,,,,mat black,,
8030580191173,F7070ZHMB31AAX,MAK,FELGEN,12.csv,,,,mat black,,
8030580191173,TYRE-R3826F5BFBD47,MAK,FELGEN,13.csv,,,,mat black,,
8030580192873,F6550ZHMB40GH2X,MAK,FELGEN,12.csv,,,,mat black,,
8030580194129,F1020XMQM40IZX,MAK,FELGEN,12.csv,,,,gun metal - mirror face,,
8030580194129,TYRE-R2C102A5B87C5,MAK,FELGEN,13.csv,,,,gun metal - mirror face,,
8030580194563,F9522KDSI49IRR,MAK,FELGEN,12.csv,,,,silver,,
8030580195416,F1120XMQM35IZX,MAK,FELGEN,12.csv,,,,gun metal - mirror face,,
8030580195416,TYRE-RE082D451FB0E,MAK,FELGEN,13.csv,,,,gun metal - mirror face,,
8030580196390,F8080KSMT45GD3X,MAK,FELGEN,12.csv,,,,matt titan,,
8030580196413,F8080KSSI45GD3X,MAK,FELGEN,12.csv,,,,silver,,
8030580203029,F8520IRSI45GD3Y,MAK,FELGEN,12.csv,,,,silver,,
8030580203371,F6520WFSI33FNX,MAK,FELGEN,12.csv,,,,silver,,
8030580203371,TYRE-R7035D1FAAA65,MAK,FELGEN,13.csv,,,,silver,,
8030580203517,F6520WFGB33FNX,MAK,FELGEN,12.csv,,,,gloss black,,
8030580203517,TYRE-R1BF83D0A5908,MAK,FELGEN,13.csv,,,,gloss black,,
8030580204781,TYRE-R1C42B3ABD3CB,MAK,FELGEN,13.csv,,,,silver,,
8030580204781,F7570WFSI30LG,MAK,FELGEN,12.csv,,,,silver,,
8030580206969,F8520IRSI52WS5X,MAK,FELGEN,12.csv,,,,silver,,
8030580210546,F9522KDMB49IRR,MAK,FELGEN,12.csv,,,,mat black,,
8030580213028,F7070OFGB54WS5X,MAK,FELGEN,12.csv,,,,gloss black,,
8030580213028,TYRE-RAF205A320419,MAK,FELGEN,13.csv,,,,gloss black,,
8030580213264,F7060OFGB52WS4X,MAK,FELGEN,12.csv,,,,gloss black,,
8030580213264,TYRE-RC0C5788ACEBA,MAK,FELGEN,13.csv,,,,gloss black,,
8030580214445,F8520ECGB33I2BX,MAK,FELGEN,12.csv,,,,gloss black,,
8030580214926,F7070EBGB38PEX,MAK,FELGEN,12.csv,,,,gloss black,,
8030580215961,F1021LDBM38WS2X,MAK,FELGEN,12.csv,,,,black mirror,,
8030580215961,TYRE-RB2FC8E453887,MAK,FELGEN,13.csv,,,,black mirror,,
8030580216067,F1021LDGB42WS3X,MAK,FELGEN,12.csv,,,,gloss black,,
8030580216067,TYRE-R7F0C84A1ADFD,MAK,FELGEN,13.csv,,,,gloss black,,
8030580216272,F8521ECBM35WX,MAK,FELGEN,12.csv,,,,black mirror,,
8030580216272,TYRE-RC46DF52A303F,MAK,FELGEN,13.csv,,,,black mirror,,
8030580216333,F8521ECGB24IBX,MAK,FELGEN,12.csv,,,,gloss black,,
8030580216333,TYRE-R9228874B7D12,MAK,FELGEN,13.csv,,,,gloss black,,
8030580216401,F8521ECGB42I4BX,MAK,FELGEN,12.csv,,,,gloss black,,
8030580216401,TYRE-R6431E8119767,MAK,FELGEN,13.csv,,,,gloss black,,
8030580216418,F8521ECGB43WS3,MAK,FELGEN,12.csv,,,,gloss black,,
8030580216418,TYRE-RE4D6B8B93126,MAK,FELGEN,13.csv,,,,gloss black,,
8030580216685,F9021ECGB40FF,MAK,FELGEN,12.csv,,,,gloss black,,
8030580216685,TYRE-RBEFE1762CC0F,MAK,FELGEN,13.csv,,,,gloss black,,
8030580218085,F8080AF6GB30VU,MAK,FELGEN,12.csv,,,,gloss black,,
8030580218085,TYRE-RF5F37F5B7D52,MAK,FELGEN,13.csv,,,,gloss black,,
8030580220002,F7570AF6GB50M4,MAK,FELGEN,12.csv,,,,gloss black,,
8030580220002,TYRE-RC2B1BC8B5811,MAK,FELGEN,13.csv,,,,gloss black,,
8030580220019,F7570AF6GB50VJ4,MAK,FELGEN,12.csv,,,,gloss black,,
8030580220019,TYRE-R74C9FB8954E2,MAK,FELGEN,13.csv,,,,gloss black,,
8030580221764,F8521NBSI45GD3X,MAK,FELGEN,12.csv,,,,silver,,
8030580223140,F75805TGB58KZ2,MAK,FELGEN,12.csv,,,,gloss black,,
8030580223140,TYRE-R36DEE472AA34,MAK,FELGEN,13.csv,,,,gloss black,,
8030580224277,F70704MBR15EG,MAK,FELGEN,12.csv,,,,black and red,,
8030580224895,F8090NBGB45GG3,MAK,FELGEN,12.csv,,,,gloss black,,
8030580227551,F65605TBM65D3,MAK,FELGEN,12.csv,,,,black mirror,,
8030580227551,TYRE-RF73E1A443749,MAK,FELGEN,13.csv,,,,black mirror,,
8030580227568,F65605TBM65KZ2,MAK,FELGEN,12.csv,,,,black mirror,,
8030580227568,TYRE-R00EB9BCF812B,MAK,FELGEN,13.csv,,,,black mirror,,
8030580227582,F65605TGB65D3,MAK,FELGEN,12.csv,,,,gloss black,,
8030580227582,TYRE-REA63D9612872,MAK,FELGEN,13.csv,,,,gloss black,,
8030580229845,F70705DIB55IG3X,MAK,FELGEN,12.csv,,,,ice black,,
8030580230018,F70705D3SI55TGY,MAK,FELGEN,12.csv,,,,silver,,
8030580230018,TYRE-RB949B555B081,MAK,FELGEN,13.csv,,,,silver,,
8030580230384,F1022ECGB56WS5X,MAK,FELGEN,12.csv,,,,gloss black,,
8030580230384,TYRE-RE77464E0FD79,MAK,FELGEN,13.csv,,,,gloss black,,
8030580233989,F8020NDBM45GD3X,MAK,FELGEN,12.csv,,,,black mirror,,
8030580234009,F8020NDMB45GD3X,MAK,FELGEN,12.csv,,,,mat black,,
8030580234535,F8521NDSI42GD2X,MAK,FELGEN,12.csv,,,,silver,,
8030580234610,F9521NDSI49IRR,MAK,FELGEN,12.csv,,,,silver,,
8030580236256,F75705KIB55KT,MAK,FELGEN,12.csv,,,,ice black,,
8030580236645,F5090WTMB43WS3X,MAK,FELGEN,12.csv,,,,mat black,,
8030580236645,TYRE-R5C5EAEB66CF8,MAK,FELGEN,13.csv,,,,mat black,,
8030580238052,TYRE-RB69C5390905A,MAK,FELGEN,13.csv,,,,silver,,
8030580238052,F60505T3SI00AJ,MAK,FELGEN,12.csv,,,,silver,,
8030580239295,TYRE-R7352A7535953,MAK,FELGEN,13.csv,,,,matt graphite,,
8030580239295,F7070XNMH35AX,MAK,FELGEN,12.csv,,,,matt graphite,,
8030580242899,F8521NDMT42GD2X,MAK,FELGEN,12.csv,,,,mat titan,,
8030580242899,TYRE-RC9364E447637,MAK,FELGEN,13.csv,,,,mat titan,,
8030580243032,F65605TGB50IGX,MAK,FELGEN,12.csv,,,,gloss black,,
8030580243032,TYRE-RBDD5C5263243,MAK,FELGEN,13.csv,,,,gloss black,,
8030580243056,F65605TGB55KT,MAK,FELGEN,12.csv,,,,gloss black,,
8030580243056,TYRE-R519AE4F2BD7F,MAK,FELGEN,13.csv,,,,gloss black,,
8030580245302,F8090EVTM33WSX,MAK,FELGEN,12.csv,,,,matt titan,,
8030580256155,F8520UNGB40WS3X,MAK,FELGEN,12.csv,,,,gloss black,,
8030580256155,TYRE-R8D077F80CF65,MAK,FELGEN,13.csv,,,,gloss black,,
8030580256704,F9520LPQM68KY5,MAK,FELGEN,12.csv,,,,gun metal - mirror face,,
8030580256704,TYRE-R35F4854E09CC,MAK,FELGEN,13.csv,,,,gun metal - mirror face,,
8030580259064,F65605TGB46GG3X,MAK,FELGEN,12.csv,,,,gloss black,,
8030580259064,TYRE-RE5E842ACC8E1,MAK,FELGEN,13.csv,,,,gloss black,,
8030580259392,F9590LDGB42WS2,MAK,FELGEN,12.csv,,,,gloss black,,
8030580259583,F8580VJGM40FR3,MAK,FELGEN,12.csv,,,,gloss gun metallic,,
8030580259583,TYRE-R4B71B1341719,MAK,FELGEN,13.csv,,,,gloss gun metallic,,
8030580259590,TYRE-RC37A83817F3E,MAK,FELGEN,13.csv,,,,silver,,
8030580259590,F8580VJSI40FR3,MAK,FELGEN,12.csv,,,,silver,,
8030580259613,F8590VJGM40FR3,MAK,FELGEN,12.csv,,,,gloss gun metallic,,
8030580259613,TYRE-RF625EDC6FA99,MAK,FELGEN,13.csv,,,,gloss gun metallic,,
8030580259620,F8590VJSI40FR3,MAK,FELGEN,12.csv,,,,silver,,
8030580259620,TYRE-RDF612A468EFB,MAK,FELGEN,13.csv,,,,silver,,
8030580262040,F6060BRGB35PEX,MAK,FELGEN,12.csv,,,,gloss black,,
8030580262040,TYRE-RFF7C0EEF888B,MAK,FELGEN,13.csv,,,,gloss black,,
8030580262156,TYRE-RB4749E2238B9,MAK,FELGEN,13.csv,,,,gloss black,,
8030580262156,F6560BRGB32EG1X,MAK,FELGEN,12.csv,,,,gloss black,,
8030580262163,TYRE-RF4EC2B4AF5BD,MAK,FELGEN,13.csv,,,,gloss black,,
8030580262163,F6560BRGB32FN,MAK,FELGEN,12.csv,,,,gloss black,,
8030580262408,F6570BRGB45FP3X,MAK,FELGEN,12.csv,,,,gloss black,,
8030580262408,TYRE-R53DCF4B788E0,MAK,FELGEN,13.csv,,,,gloss black,,
8030580262439,F6570BRTM45FP3X,MAK,FELGEN,12.csv,,,,light titan,,
8030580262439,TYRE-RA95BA7C0ED2F,MAK,FELGEN,13.csv,,,,light titan,,
8030580262453,F7070BRGB35FN,MAK,FELGEN,12.csv,,,,gloss black,,
8030580262453,TYRE-R5DF5BB5470D4,MAK,FELGEN,13.csv,,,,gloss black,,
8030580262774,F7080BRGB35FPX,MAK,FELGEN,12.csv,,,,gloss black,,
8030580262774,TYRE-R407563279C29,MAK,FELGEN,13.csv,,,,gloss black,,
8030580262804,TYRE-RB5E658E533A3,MAK,FELGEN,13.csv,,,,gloss black,,
8030580262804,F7080BRGB43VE3X,MAK,FELGEN,12.csv,,,,gloss black,,
8030580262958,F7580BRGB51VE6X,MAK,FELGEN,12.csv,,,,gloss black,,
8030580262958,TYRE-R823205BE2BEA,MAK,FELGEN,13.csv,,,,gloss black,,
8030580263238,F7580BRGB46VE4Y,MAK,FELGEN,12.csv,,,,gloss black,,
8030580263238,TYRE-R2E272AEF38CB,MAK,FELGEN,13.csv,,,,gloss black,,
8030580267779,F5090WTMB28WSX,MAK,FELGEN,12.csv,,,,mat black,,
8030580267779,TYRE-R48939BF3E0B1,MAK,FELGEN,13.csv,,,,mat black,,
8030580267793,F7080BRGB51PM5X,MAK,FELGEN,12.csv,,,,gloss black,,
8030580267793,TYRE-R894D3F8C7F6D,MAK,FELGEN,13.csv,,,,gloss black,,
8030580267908,F7580BRGB45FO3,MAK,FELGEN,12.csv,,,,gloss black,,
8030580267908,TYRE-RD1E4CDAAEB48,MAK,FELGEN,13.csv,,,,gloss black,,
8030580268639,F8080BRGB40VW1X,MAK,FELGEN,12.csv,,,,gloss black,,
8030580268639,TYRE-R6C7EC40DEB13,MAK,FELGEN,13.csv,,,,gloss black,,
8030580268677,F7580BRGB50VW3X,MAK,FELGEN,12.csv,,,,gloss black,,
8030580268677,TYRE-R609EE9F2B8FA,MAK,FELGEN,13.csv,,,,gloss black,,
8030580269117,F7570GRMB48VK3,MAK,FELGEN,12.csv,,,,matt black,,
8030580269117,TYRE-R69B269F1931D,MAK,FELGEN,13.csv,,,,matt black,,
8030580269643,F7080BRGB40FP2X,MAK,FELGEN,12.csv,,,,gloss black,,
8030580269643,TYRE-RF80E758CDA11,MAK,FELGEN,13.csv,,,,gloss black,,
8030580270151,TYRE-RB20AFA554310,MAK,FELGEN,13.csv,,,,gloss black mirror ring,,
8030580270151,F8520EWGL51WS6Y,MAK,FELGEN,12.csv,,,,gloss black mirror ring,,
8030580270656,F8090EEGB50GD4,MAK,FELGEN,12.csv,,,,gloss black,,
8030580270656,TYRE-R3D0CAD996A99,MAK,FELGEN,13.csv,,,,gloss black,,
8030580270687,F9090EEGB53GD4,MAK,FELGEN,12.csv,,,,gloss black,,
8030580270687,TYRE-R6DBE1E603A45,MAK,FELGEN,13.csv,,,,gloss black,,
8030580271592,TYRE-R3C366D3E818D,MAK,FELGEN,13.csv,,,,gloss black,,
8030580271592,F7590KAGB51GD4X,MAK,FELGEN,12.csv,,,,gloss black,,
8030580272070,F9090EWGL20WSX,MAK,FELGEN,12.csv,,,,gloss black mirror ring,,
8030580272070,TYRE-R70C398B68E37,MAK,FELGEN,13.csv,,,,gloss black mirror ring,,
8030580273343,F6560LLGB35LG1X,MAK,FELGEN,12.csv,,,,gloss black,,
8030580273343,TYRE-R998BADB22DC5,MAK,FELGEN,13.csv,,,,gloss black,,
8030580274272,F9021TSGB25WSX,MAK,FELGEN,12.csv,,,,gloss black,,
8030580274272,TYRE-R5732F76539D3,MAK,FELGEN,13.csv,,,,gloss black,,
8030580275514,F8090MKGB34WS1X,MAK,FELGEN,12.csv,,,,gloss black,,
8030580275514,TYRE-RBECF3AD7CE88,MAK,FELGEN,13.csv,,,,gloss black,,
8030580275750,F7080BRGB34FN1,MAK,FELGEN,12.csv,,,,gloss black,,
8030580275750,TYRE-RF7C88AF2C9D9,MAK,FELGEN,13.csv,,,,gloss black,,
8030580276917,F9590SXGB45FR3,MAK,FELGEN,12.csv,,,,gloss black,,
8030580276917,TYRE-R539561AD6E19,MAK,FELGEN,13.csv,,,,gloss black,,
8030580276924,TYRE-R70AC847A660C,MAK,FELGEN,13.csv,,,,gloss gun metallic,,
8030580276924,F9590SXGM45FR3,MAK,FELGEN,12.csv,,,,gloss gun metallic,,
8030580277082,F8580SXGB40FR3,MAK,FELGEN,12.csv,,,,gloss black,,
8030580277082,TYRE-R1E2C483858C0,MAK,FELGEN,13.csv,,,,gloss black,,
8030580277099,F8580SXGM40FR3,MAK,FELGEN,12.csv,,,,gloss gun metallic,,
8030580277099,TYRE-RBC2375279630,MAK,FELGEN,13.csv,,,,gloss gun metallic,,
8030580277440,F7090BRGB32FN,MAK,FELGEN,12.csv,,,,gloss black,,
8030580277440,TYRE-R8D5D21855A7A,MAK,FELGEN,13.csv,,,,gloss black,,
8030580277457,F7090BRTM32FN,MAK,FELGEN,12.csv,,,,light titan,,
8030580277457,TYRE-R3878509BEECB,MAK,FELGEN,13.csv,,,,light titan,,
8030580278720,F70705DBM68D3,MAK,FELGEN,12.csv,,,,black mirror,,
8030580278720,TYRE-RADD88E531810,MAK,FELGEN,13.csv,,,,black mirror,,
8030580279420,F8580SXGB38FR2,MAK,FELGEN,12.csv,,,,gloss black,,
8030580279420,TYRE-RF214320F12CA,MAK,FELGEN,13.csv,,,,gloss black,,
8030580279437,F8580SXGM38FR2,MAK,FELGEN,12.csv,,,,gloss gun metallic,,
8030580279437,TYRE-R76AB782F4CE5,MAK,FELGEN,13.csv,,,,gloss gun metallic,,
8030580279444,F8580VJBM38FR2,MAK,FELGEN,12.csv,,,,black mirror,,
8030580279444,TYRE-RC8929610BAC2,MAK,FELGEN,13.csv,,,,black mirror,,
8030580279451,TYRE-R49F3037BA0C9,MAK,FELGEN,13.csv,,,,gloss gun metallic,,
8030580279451,F8580VJGM38FR2,MAK,FELGEN,12.csv,,,,gloss gun metallic,,
8030580279468,F8590VJBM38FR2,MAK,FELGEN,12.csv,,,,black mirror,,
8030580279468,TYRE-REB05BD15ED51,MAK,FELGEN,13.csv,,,,black mirror,,
8030580279475,F8590VJGM38FR2,MAK,FELGEN,12.csv,,,,gloss gun metallic,,
8030580279475,TYRE-R61B5D132B8B0,MAK,FELGEN,13.csv,,,,gloss gun metallic,,
8030580281065,F7070GRMB50TR,MAK,FELGEN,12.csv,,,,matt black,,
8030580281065,TYRE-R43C889C241CD,MAK,FELGEN,13.csv,,,,matt black,,
8030580281133,F6570AF6QM50TR,MAK,FELGEN,12.csv,,,,gun metal - mirror face,,
8030580281133,TYRE-R2578B9CA61A6,MAK,FELGEN,13.csv,,,,gun metal - mirror face,,
8030580281782,F9520SXGM45FR3,MAK,FELGEN,12.csv,,,,gloss gun metallic,,
8030580281782,TYRE-R6B5592CFC103,MAK,FELGEN,13.csv,,,,gloss gun metallic,,
8030580281799,F7580GRBM47TR,MAK,FELGEN,12.csv,,,,black mirror,,
8030580281799,TYRE-R020AB32A9337,MAK,FELGEN,13.csv,,,,black mirror,,
8030580281805,F7580GRMB47TR,MAK,FELGEN,12.csv,,,,matt black,,
8030580281805,TYRE-R89292680308F,MAK,FELGEN,13.csv,,,,matt black,,
8030580282819,F9020PXMB40VJ2Y,MAK,FELGEN,12.csv,,,,matt black,,
8030580282819,TYRE-RDD2B5D664F1C,MAK,FELGEN,13.csv,,,,matt black,,
8030580880480,F7590WFSI50VW2X,MAK,FELGEN,12.csv,,,,silver,,
8030580880480,TYRE-R015CA7068A70,MAK,FELGEN,13.csv,,,,silver,,
8030580880978,F7580KAGB42VW2X,MAK,FELGEN,12.csv,,,,gloss black,,
8030580880978,TYRE-R41B3C6FAF5A7,MAK,FELGEN,13.csv,,,,gloss black,,
8030580881036,F7580KAGB50VW3X,MAK,FELGEN,12.csv,,,,gloss black,,
8030580881036,TYRE-R439226A39AA6,MAK,FELGEN,13.csv,,,,gloss black,,
8030580881043,F7580KAGB51VW4X,MAK,FELGEN,12.csv,,,,gloss black,,
8030580881043,TYRE-R5D1BBBD0B663,MAK,FELGEN,13.csv,,,,gloss black,,
8030580881173,F7590KAGB50VW2X,MAK,FELGEN,12.csv,,,,gloss black,,
8030580881173,TYRE-R5F4CD199FBC3,MAK,FELGEN,13.csv,,,,gloss black,,
8030580881777,F8090KAGB42VK,MAK,FELGEN,12.csv,,,,gloss black,,
8030580881777,TYRE-R4695D3553397,MAK,FELGEN,13.csv,,,,gloss black,,
8030580881821,F8090KAGB50VW3X,MAK,FELGEN,12.csv,,,,gloss black,,
8030580881821,TYRE-R6EA2AB801007,MAK,FELGEN,13.csv,,,,gloss black,,
8030580882675,F1023ECGB30WS1Y,MAK,FELGEN,12.csv,,,,gloss black,,
8030580882675,TYRE-R1E6B59F1EFC3,MAK,FELGEN,13.csv,,,,gloss black,,
8030580882835,F8020EEGB45VW3X,MAK,FELGEN,12.csv,,,,gloss black,,
8030580882934,F8090ECGB45VW3X,MAK,FELGEN,12.csv,,,,gloss black,,
8030580882934,TYRE-RB8DEF59CAA12,MAK,FELGEN,13.csv,,,,gloss black,,
8030580883047,F9020EEGB35FR3,MAK,FELGEN,12.csv,,,,gloss black,,
8030580883047,TYRE-RCB85D6A51DE3,MAK,FELGEN,13.csv,,,,gloss black,,
8030580883061,F9020EEGB42VW2X,MAK,FELGEN,12.csv,,,,gloss black,,
8030580883061,TYRE-R8BE2630E854B,MAK,FELGEN,13.csv,,,,gloss black,,
8030580883290,F8090EEGB45VW3X,MAK,FELGEN,12.csv,,,,gloss black,,
8030580883290,TYRE-R0329F52E6AF7,MAK,FELGEN,13.csv,,,,gloss black,,
8030580884969,F65704BTM32EG1X,MAK,FELGEN,12.csv,,,,light titan,,
8030580884969,TYRE-R96F7D90C29B3,MAK,FELGEN,13.csv,,,,light titan,,
8030580885614,F8080EVGL48WS4X,MAK,FELGEN,12.csv,,,,gloss black mirror ring,,
8030580885645,F8090EVGL48WS4X,MAK,FELGEN,12.csv,,,,gloss black mirror ring,,
8030580886833,TYRE-RAFC4E850A69B,MAK,FELGEN,13.csv,,,,gloss black,,
8030580886833,F7080BRGB35FN,MAK,FELGEN,12.csv,,,,gloss black,,
8030580886864,F7080BRGB48GD3X,MAK,FELGEN,12.csv,,,,gloss black,,
8030580886864,TYRE-R5CEEDC55AFCD,MAK,FELGEN,13.csv,,,,gloss black,,
8030580889407,F8090EEGB35F,MAK,FELGEN,12.csv,,,,gloss black,,
8030580889407,TYRE-RF26EB2D225E7,MAK,FELGEN,13.csv,,,,gloss black,,
8030580889629,TYRE-R5E301ACAAB35,MAK,FELGEN,13.csv,,,,gloss black,,
8030580889629,F7090BRGB32EG1X,MAK,FELGEN,12.csv,,,,gloss black,,
8030580889674,F7570LAQM39LGX,MAK,FELGEN,12.csv,,,,gun metal - mirror face,,
8030580890106,F9090OWGL20WSX,MAK,FELGEN,12.csv,,,,gloss black mirror ring,,
8030580890106,TYRE-RF4794E02EA79,MAK,FELGEN,13.csv,,,,gloss black mirror ring,,
8030580893213,TYRE-R05EAAE4E97BC,MAK,FELGEN,13.csv,,,,gloss black,,
8030580893213,F75805TGB43N4,MAK,FELGEN,12.csv,,,,gloss black,,
8030580893916,F9020PXMB55VJ5,MAK,FELGEN,12.csv,,,,matt black,,
8030580893916,TYRE-R93FC01ACF56F,MAK,FELGEN,13.csv,,,,matt black,,
8030580894784,F9590VJGM45FR3,MAK,FELGEN,12.csv,,,,gloss gun metallic,,
8030580894784,TYRE-RC7BE5CB69956,MAK,FELGEN,13.csv,,,,gloss gun metallic,,
8030580894791,F9590VJSI45FR3,MAK,FELGEN,12.csv,,,,silver,,
8030580894791,TYRE-R51A2BC524D18,MAK,FELGEN,13.csv,,,,silver,,
8030580895873,F6560ES3GB60TGX,MAK,FELGEN,12.csv,,,,gloss black,,
8030580895873,TYRE-R54D552445016,MAK,FELGEN,13.csv,,,,gloss black,,
8030580895880,F6560ES3TD60TGX,MAK,FELGEN,12.csv,,,,m-titan,,
8030580896139,F7070ESGB45FN3Y,MAK,FELGEN,12.csv,,,,gloss black,,
8030580896139,TYRE-R7A8DAB646DC5,MAK,FELGEN,13.csv,,,,gloss black,,
8030580896146,F7070ESGB46GGX,MAK,FELGEN,12.csv,,,,gloss black,,
8030580896146,TYRE-RE31BE12E6F22,MAK,FELGEN,13.csv,,,,gloss black,,
8030580896160,TYRE-R35FCE6CADD71,MAK,FELGEN,13.csv,,,,gloss black,,
8030580896160,F7070ESGB51WS4X,MAK,FELGEN,12.csv,,,,gloss black,,
8030580896214,F7070ESTD45FN3Y,MAK,FELGEN,12.csv,,,,m-titan,,
8030580896214,TYRE-R8DA86CEE049B,MAK,FELGEN,13.csv,,,,m-titan,,
8030580896245,F7070ESTD51WS4X,MAK,FELGEN,12.csv,,,,m-titan,,
8030580896245,TYRE-RC7E8B10D3DBE,MAK,FELGEN,13.csv,,,,m-titan,,
8030580896290,F7070ES3GB55TGX,MAK,FELGEN,12.csv,,,,gloss black,,
8030580896290,TYRE-RFA6353E5D202,MAK,FELGEN,13.csv,,,,gloss black,,
8030580896771,F7580ESGB52WS5X,MAK,FELGEN,12.csv,,,,gloss black,,
8030580896771,TYRE-RA2ABC33E57FD,MAK,FELGEN,13.csv,,,,gloss black,,
8030580896801,F7580ESTD38FN2Y,MAK,FELGEN,12.csv,,,,m-titan,,
8030580896870,F7580ES3TD50TGX,MAK,FELGEN,12.csv,,,,m-titan,,
8030580897310,F7580KABB50VW3X,MAK,FELGEN,12.csv,,,,black & bronze,,
8030580897310,TYRE-R9C53DE5A74B6,MAK,FELGEN,13.csv,,,,black & bronze,,
8030580897327,F7590KABB50VW2X,MAK,FELGEN,12.csv,,,,black & bronze,,
8030580897327,TYRE-RC9E7956CE293,MAK,FELGEN,13.csv,,,,black & bronze,,
8030580897334,F8020KABB40VW2X,MAK,FELGEN,12.csv,,,,black & bronze,,
8030580897341,TYRE-RFB62050BBD9C,MAK,FELGEN,13.csv,,,,black & bronze,,
8030580897341,F8020KABB48VK,MAK,FELGEN,12.csv,,,,black & bronze,,
8030580897358,F8080KABB39WS2X,MAK,FELGEN,12.csv,,,,black & bronze,,
8030580897358,TYRE-RC3F7F94C9BE3,MAK,FELGEN,13.csv,,,,black & bronze,,
8030580897365,F8090KABB40VK1,MAK,FELGEN,12.csv,,,,black & bronze,,
8030580897365,TYRE-R515A427C8D9C,MAK,FELGEN,13.csv,,,,black & bronze,,
8030580897594,TYRE-RAA2C330E7E68,MAK,FELGEN,13.csv,,,,gloss black,,
8030580897594,F8520QVGB38WS3X,MAK,FELGEN,12.csv,,,,gloss black,,
8030580897624,F8520QVTD38WS3X,MAK,FELGEN,12.csv,,,,m-titan,,
8030580897624,TYRE-R222F11D41977,MAK,FELGEN,13.csv,,,,m-titan,,
8030580897723,F8590QVGB45WS4X,MAK,FELGEN,12.csv,,,,gloss black,,
8030580897723,TYRE-RDC94387FC0D3,MAK,FELGEN,13.csv,,,,gloss black,,
8030580897761,TYRE-RD9CEFF64483F,MAK,FELGEN,13.csv,,,,m-titan,,
8030580897761,F8590QVTD38WS3X,MAK,FELGEN,12.csv,,,,m-titan,,
8030580897778,TYRE-R322DC19F0B1F,MAK,FELGEN,13.csv,,,,m-titan,,
8030580897778,F8590QVTD45WS4X,MAK,FELGEN,12.csv,,,,m-titan,,
8030580898140,F7090EEGB48GD3X,MAK,FELGEN,12.csv,,,,gloss black,,
8030580898140,TYRE-RE4957F6738B7,MAK,FELGEN,13.csv,,,,gloss black,,
8030580898201,F7590EETM50FO5X,MAK,FELGEN,12.csv,,,,light titan,,
8030580898201,TYRE-R9B1C084EF01E,MAK,FELGEN,13.csv,,,,light titan,,
8030580898225,F8020EEBM48GD3X,MAK,FELGEN,12.csv,,,,black mirror,,
8030580898225,TYRE-R968593750D32,MAK,FELGEN,13.csv,,,,black mirror,,
8030580898959,F7590KMGL32WSY,MAK,FELGEN,12.csv,,,,gloss black mirror ring,,
8030580899369,F65605DGB55D3,MAK,FELGEN,12.csv,,,,gloss black,,
8030580899369,TYRE-R5BF4F267182C,MAK,FELGEN,13.csv,,,,gloss black,,
8030580899543,F7080BRGB50FP4X,MAK,FELGEN,12.csv,,,,gloss black,,
8030580899543,TYRE-RFA5CF51CE091,MAK,FELGEN,13.csv,,,,gloss black,,
8030580899567,F7570AF6GB48VK3,MAK,FELGEN,12.csv,,,,gloss black,,
8030580899567,TYRE-R1597ABCFBBCF,MAK,FELGEN,13.csv,,,,gloss black,,
8030580899598,F7570KABB40VW1X,MAK,FELGEN,12.csv,,,,black & bronze,,
8030580899604,F7580KABB50VW3Y,MAK,FELGEN,12.csv,,,,black & bronze,,
8030580899611,F7590KABB50VW4X,MAK,FELGEN,12.csv,,,,black & bronze,,
8030580899611,TYRE-R493FC68CD1B4,MAK,FELGEN,13.csv,,,,black & bronze,,
8030580899628,F8080AF6GB53VK3,MAK,FELGEN,12.csv,,,,gloss black,,
8030580899628,TYRE-RB3E9395A82F7,MAK,FELGEN,13.csv,,,,gloss black,,
8030580899659,F8080KABB40VW1X,MAK,FELGEN,12.csv,,,,black & bronze,,
8030580899659,TYRE-R3BAD243227D2,MAK,FELGEN,13.csv,,,,black & bronze,,
8030580899666,F8090KABB40VW1X,MAK,FELGEN,12.csv,,,,black & bronze,,
8030580899666,TYRE-R2F0DE385DB19,MAK,FELGEN,13.csv,,,,black & bronze,,
8030580902229,F7060FHGB41WS3X,MAK,FELGEN,12.csv,,,,gloss black,,
8030580902823,F8080QVGB39WS2X,MAK,FELGEN,12.csv,,,,gloss black,,
8030580902823,TYRE-R3D197A4B0C3E,MAK,FELGEN,13.csv,,,,gloss black,,
8030580902861,F8080QVTD39WS2X,MAK,FELGEN,12.csv,,,,m-titan,,
8030580902861,TYRE-R201B0C96F09E,MAK,FELGEN,13.csv,,,,m-titan,,
8030580903332,TYRE-RD707E63FAB52,MAK,FELGEN,13.csv,,,,gloss black,,
8030580903332,F8090KAGB45VW4X,MAK,FELGEN,12.csv,,,,gloss black,,
8030580905206,F6570BRGB46WS3,MAK,FELGEN,12.csv,,,,gloss black,,
8030580905206,TYRE-R19D475C092F2,MAK,FELGEN,13.csv,,,,gloss black,,
8030580905213,F6570BRTM46WS3,MAK,FELGEN,12.csv,,,,light titan,,
8030580905213,TYRE-RE620110BA8E0,MAK,FELGEN,13.csv,,,,light titan,,
8030580905220,F7580BRGB46WS3,MAK,FELGEN,12.csv,,,,gloss black,,
8030580905220,TYRE-R841AFC415CE6,MAK,FELGEN,13.csv,,,,gloss black,,
8030580905237,F7580BRTM46WS3,MAK,FELGEN,12.csv,,,,light titan,,
8030580905237,TYRE-R4A6EC6CC5C66,MAK,FELGEN,13.csv,,,,light titan,,
9008070000082,7432.,Alcar,FELGEN,07.csv,,,,Black,,
9008070000082,7432ALC,Alcar,FELGEN,12.csv,,,,,,
9008070000235,4012ALC,Alcar,FELGEN,12.csv,,,,,,
9008070000235,4012.,Alcar,FELGEN,07.csv,,,,,,
9008070000297,6666.,Alcar,FELGEN,07.csv,,,,Silver,,
9008070000914,510068918,Stahlfelge,Felgen,16.csv,,,,,,
9008070000914,8703ALC-SIL,Alcar,FELGEN,12.csv,,,,SILBER,,
9008070000921,9703ALC,Alcar,FELGEN,12.csv,,,,SILBER,,
9008070001027,9393ALC,Alcar,FELGEN,12.csv,,,,BLACK,,
9008070001256,6516.,Alcar,FELGEN,07.csv,,,,SCHWARZ,,
9008070001256,6516ALC,Alcar,FELGEN,12.csv,,,,SCHWARZ,,
9008070001379,ORGDB24,DOTZ,FELGEN,12.csv,,,,BLACK,,
9008070001379,TYRE-R0C5955D8FE4B,DOTZ,FELGEN,13.csv,,,,BLACK,,
9008070001416,9616ALC,Alcar,FELGEN,12.csv,,,,SW,,
9008070001430,9104ALC,Alcar,FELGEN,12.csv,,,,BLACK,,
9008070001430,9104.,Alcar,FELGEN,07.csv,,,,Black,,
9008070001546,9384.,Alcar,FELGEN,07.csv,,,,Black,,
9008070001652,8186ALC,Alcar,FELGEN,12.csv,,,,SCHWARZ,,
9008070001829,7470.,Alcar,FELGEN,07.csv,,,,Silver,,
9008070001843,6132ALC,Alcar,FELGEN,12.csv,,,,silber,,
9008070001843,TYRE-R372D22531F5E,ALCAR,FELGEN,13.csv,,,,silber,,
9008070001867,9209ALC,Alcar,FELGEN,12.csv,,,,SILBER,,
9008070001867,TYRE-R49268ECB0CE9,ALCAR,FELGEN,13.csv,,,,SILBER,,
9008070001973,F6007ALC,Alcar,FELGEN,12.csv,,,,BLACK,,
9008070001973,510068932,Stahlfelge,Felgen,16.csv,,,,,,
9008070002062,3515ALC,Alcar,FELGEN,12.csv,,,,BLACK,,
9008070002062,510068931,Stahlfelge,Felgen,16.csv,,,,,,
9008070002123,9834ALC,Alcar,FELGEN,12.csv,,,,BLACK,,
9008070002321,6017ALC,Alcar,FELGEN,12.csv,,,,SILBER,,
9008070002789,4005ALC,Alcar,FELGEN,12.csv,,,,SCHWARZ,,
9008070002802,9494ALC,Alcar,FELGEN,12.csv,,,,schwarz,,
9008070003052,TYRE-RD0138F0BE5B6,ALCAR,FELGEN,13.csv,,,,SCHWARZ,,
9008070003052,7002ALC,Alcar,FELGEN,12.csv,,,,SCHWARZ,,
9008070003069,6789ALC,Alcar,FELGEN,12.csv,,,,schwarz,,
9008070003168,9988ALC,Alcar,FELGEN,12.csv,,,,schwarz,,
9008070003168,TYRE-RECBF4ECFC2AF,ALCAR,FELGEN,13.csv,,,,schwarz,,
9008070003281,8133ALC,Alcar,FELGEN,12.csv,,,,schwarz,,
9008070003601,9991ALC,Alcar,FELGEN,12.csv,,,,schwarz,,
9008070003618,6109ALC,Alcar,FELGEN,12.csv,,,,silber,,
9008070003625,6119ALC,Alcar,FELGEN,12.csv,,,,silber,,
9008070003717,9526ALC,Alcar,FELGEN,12.csv,,,,schwarz,,
9008070003755,6385ALC,Alcar,FELGEN,12.csv,,,,schwarz,,
9008070003847,6788ALC,Alcar,FELGEN,12.csv,,,,schwarz,,
9008070036357,510068831,Stahlfelge,Felgen,16.csv,,,,,,
9008070040408,4040ALC,Alcar,FELGEN,12.csv,,,, ,,
9008070040408,TYRE-R7E8CCBB3415F,ALCAR,FELGEN,13.csv,,,, ,,
9008070040651,4065ALC,Alcar,FELGEN,12.csv,,,,,,
9008070041054,4105 / 154688,Stahlfelge,FELGEN,07.csv,,,,,,
9008070041054,510068809,Stahlfelge,Felgen,16.csv,,,,,,
9008070041108,510068837,Stahlfelge,Felgen,16.csv,,,,,,
9008070041306,4130ALC,Alcar,FELGEN,12.csv,,,,SCHWARZ,,
9008070044444,4444ALC,Alcar,FELGEN,12.csv,,,,SCHWARZ,,
9008070048657,4865.,Alcar,FELGEN,07.csv,,,,Stahlfelge,,
9008070048657,4865ALC,Alcar,FELGEN,12.csv,,,,,,
9008070048657,510068893,Stahlfelge,Felgen,16.csv,,,,,,
9008070050209,5020ALC,Alcar,FELGEN,12.csv,,,,BLACK,,
9008070050209,TYRE-RB05151E3CE7E,ALCAR,FELGEN,13.csv,,,,BLACK,,
9008070052104,5210 / 143502,Alcar,FELGEN,07.csv,,,,,,
9008070052159,5215 / 143607,Alcar,FELGEN,07.csv,,,,SCHWARZ,,
9008070052159,5215ALC,Alcar,FELGEN,12.csv,,,,SCHWARZ,,
9008070052708,5270ALC,Alcar,FELGEN,12.csv,,,,,,
9008070052708,TYRE-RE01FB12B7E04,ALCAR,FELGEN,13.csv,,,,,,
9008070054771,5477 / 154708,Alcar,FELGEN,07.csv,,,,,,
9008070064350,6435 / 154532,Stahlfelge,FELGEN,07.csv,,,,,,
9008070064459,6445 / 155001,Stahlfelge,FELGEN,07.csv,,,,,,
9008070065203,6520 / 143755,Stahlfelge,FELGEN,07.csv,,,,,,
9008070065258,6525ALC,Alcar,FELGEN,12.csv,,,,SCHWARZ,,
9008070065258,6525 / 163406,Alcar,FELGEN,07.csv,,,,SCHWARZ,,
9008070065968,6596ALC,Alcar,FELGEN,12.csv,,,,,,
9008070068150,6815 / 154591,Stahlfelge,FELGEN,07.csv,,,,,,
9008070070016,510068870,Stahlfelge,Felgen,16.csv,,,,,,
9008070070054,7005 / 163407,Alcar,FELGEN,07.csv,,,,BLACK,,
9008070070054,7005ALC,Alcar,FELGEN,12.csv,,,,BLACK,,
9008070070115,7011ALC,Alcar,FELGEN,12.csv,,,,SILBER,,
9008070070252,7025ALC,Alcar,FELGEN,12.csv,,,,SCHWARZ,,
9008070070634,7063.,Stahlfelge,FELGEN,07.csv,,,,,,
9008070072157,7215 / 154574,Stahlfelge,FELGEN,07.csv,,,,,,
9008070072256,510068737,Stahlfelge,Felgen,16.csv,,,,,,
9008070072256,7225ALC,Alcar,FELGEN,12.csv,,,,BLACK,,
9008070074151,7415 / 155301,Alcar,FELGEN,07.csv,,,,BLACK,,
9008070074151,7415ALC,Alcar,FELGEN,12.csv,,,,BLACK,,
9008070074601,7460.,Alcar,FELGEN,07.csv,,,,,,
9008070074601,510068876,Stahlfelge,Felgen,16.csv,,,,,,
9008070074618,510068895,Stahlfelge,Felgen,16.csv,,,,,,
9008070074618,7461ALC,Alcar,FELGEN,12.csv,,,,SCHWARZ,,
9008070075035,7503ALC,Alcar,FELGEN,12.csv,,,,,,
9008070075059,7505ALC,Alcar,FELGEN,12.csv,,,,SILBER,,
9008070076407,510068532,Stahlfelge,Felgen,16.csv,,,,,,
9008070076605,7660 / 154696,Stahlfelge,FELGEN,07.csv,,,,,,
9008070077602,510068492,Stahlfelge,Felgen,16.csv,,,,,,
9008070077602,7760 / 154105,Stahlfelge,FELGEN,07.csv,,,,,,
9008070077770,510068681,Stahlfelge,Felgen,16.csv,,,,,,
9008070078203,7820ALC,Alcar,FELGEN,12.csv,,,,,,
9008070078562,7856ALC,Alcar,FELGEN,12.csv,,,,BLACK,,
9008070080077,8007.,Stahlfelge,FELGEN,07.csv,,,,,,
9008070080305,8030 / 154650,Stahlfelge,FELGEN,07.csv,,,,,,
9008070081951,8195 / 154672,Stahlfelge,FELGEN,07.csv,,,,,,
9008070082651,8265 / 175471,Stahlfelge,FELGEN,07.csv,,,,,,
9008070082668,8266ALC,Alcar,FELGEN,12.csv,,,,,,
9008070083252,510068461,Stahlfelge,Felgen,16.csv,,,,,,
9008070083252,8325ALC,Alcar,FELGEN,12.csv,,,,SCHWARZ,,
9008070084303,8430.,Stahlfelge,FELGEN,07.csv,,,,,,
9008070085652,8565 / 163361,Stahlfelge,FELGEN,07.csv,,,,,,
9008070085959,8595ALC,Alcar,FELGEN,12.csv,,,,,,
9008070087588,TYRE-R58F8E370CBB1,ALCAR,Felgen,13.csv,,,,Stahlfelge,,
9008070087588,510068734,Stahlfelge,Felgen,16.csv,,,,,,
9008070087878,8787 / 163426,Stahlfelge,FELGEN,07.csv,,,,,,
9008070088455,8845 / 153302,Alcar,FELGEN,07.csv,,,,Stahlfelge,,
9008070088455,8845ALC,Alcar,FELGEN,12.csv,,,,,,
9008070088738,510068554,Stahlfelge,Felgen,16.csv,,,,,,
9008070088738,8873ALC,Alcar,FELGEN,12.csv,,,,SILBER,,
9008070089834,8983ALC,Alcar,FELGEN,12.csv,,,,,,
9008070090021,9002 / 175303,Alcar,FELGEN,07.csv,,,,,,
9008070090021,9002ALC,Alcar,FELGEN,12.csv,,,,,,
9008070090212,9021.,Alcar,FELGEN,07.csv,,,,,,
9008070090212,510068811,Stahlfelge,Felgen,16.csv,,,,,,
9008070090366,9036ALC,Alcar,FELGEN,12.csv,,,,BLACK,,
9008070090625,9062ALC,Alcar,FELGEN,12.csv,,,,,,
9008070090625,9062 / 163342,Stahlfelge,FELGEN,07.csv,,,,Stahlfelge,,
9008070091271,9127 / 163329,Stahlfelge,FELGEN,07.csv,,,,,,
9008070091271,9127ALC,Alcar,FELGEN,12.csv,,,,,,
9008070093176,9317ALC,Alcar,FELGEN,12.csv,,,,SCHWARZ,,
9008070093176,TYRE-R865572BBB4C6,ALCAR,FELGEN,13.csv,,,,SCHWARZ,,
9008070093374,510068581,Stahlfelge,Felgen,16.csv,,,,,,
9008070094906,9490ALC,Alcar,FELGEN,12.csv,,,,,,
9008070094937,9493ALC,Alcar,FELGEN,12.csv,,,,SCHWARZ,,
9008070095200,9520 / 154671,Stahlfelge,FELGEN,07.csv,,,,,,
9008070096139,TYRE-R49648D34FFF3,ALCAR,FELGEN,13.csv,,,,,,
9008070096139,9613ALC,Alcar,FELGEN,12.csv,,,,,,
9008070096573,9657 / 163339,Stahlfelge,FELGEN,07.csv,,,,BLACK,,
9008070096573,9657ALC,Alcar,FELGEN,12.csv,,,,BLACK,,
9008070096757,9675ALC,Alcar,FELGEN,12.csv,,,,,,
9008070096900,9690ALC,Alcar,FELGEN,12.csv,,,,SCHWARZ,,
9008070096900,TYRE-R48EE9AF85C01,ALCAR,FELGEN,13.csv,,,,SCHWARZ,,
9008070098331,510068704,Stahlfelge,Felgen,16.csv,,,,,,
9008070098638,TYRE-R70AA63EADDB2,ALCAR,FELGEN,13.csv,,,,SCHWARZ,,
9008070098638,9863ALC,Alcar,FELGEN,12.csv,,,,SCHWARZ,,
9008070099802,510068344,Stahlfelge,Felgen,16.csv,,,,,,
9008070099802,TYRE-R7E4D5B7494E6,ALCAR,Felgen,13.csv,,,,,,
9008070140955,4095ALC,Alcar,FELGEN,12.csv,,,,SCHWARZ,,
9008070147558,4755ALC,Alcar,FELGEN,12.csv,,,,SCHWARZ,,
9008070170105,7010ALC,Alcar,FELGEN,12.csv,,,,,,
9008070170372,7037ALC,Alcar,FELGEN,12.csv,,,,,,
9008070172550,7255 / 154542,Stahlfelge,FELGEN,07.csv,,,,,,
9008070182450,8245 / 153902,Alcar,FELGEN,07.csv,,,,,,
9008070182450,8245ALC,Alcar,FELGEN,12.csv,,,,,,
9008070184263,510068756,Stahlfelge,Felgen,16.csv,,,,,,
9008070185208,8520 / 154506,Stahlfelge,FELGEN,07.csv,,,,,,
9008070185550,TYRE-R1D013A49BFD0,ALCAR,FELGEN,13.csv,,,,SILVER,,
9008070185550,8555ALC,Alcar,FELGEN,12.csv,,,,SILVER,,
9008070187950,8795 / 154509,Alcar,FELGEN,07.csv,,,,,,
9008070187950,8795ALC,Alcar,FELGEN,12.csv,,,,,,
9008070192152,9215ALC,Alcar,FELGEN,12.csv,,,,SILBER,,
9008070192169,9216ALC,Alcar,FELGEN,12.csv,,,,,,
9008070192251,9225ALC,Alcar,FELGEN,12.csv,,,,,,
9008070192473,9247ALC,Alcar,FELGEN,12.csv,,,,,,
9008070192572,9257ALC,Alcar,FELGEN,12.csv,,,,SCHWARZ,,
9008070192572,9257 / 163307,Stahlfelge,FELGEN,07.csv,,,,SCHWARZ,,
9008070196839,9683ALC,Alcar,FELGEN,12.csv,,,,BLACK,,
9008070196853,510068323,Stahlfelge,Felgen,16.csv,,,,,,
9008070196853,9685ALC,Alcar,FELGEN,12.csv,,,,,,
9008070196860,9686ALC,Alcar,FELGEN,12.csv,,,,SILVER,,
9008070196860,TYRE-R8325F127C08A,ALCAR,FELGEN,13.csv,,,,SILVER,,
9008070198451,F98456X16T4CARAVELSI,Alcar,FELGEN,12.csv,,,,,,
9008070198901,9890ALC,Alcar,FELGEN,12.csv,,,,,,
9008070198901,TYRE-RD012E6B206C1,ALCAR,FELGEN,13.csv,,,,,,
9008070199229,9922 / 163907,Stahlfelge,FELGEN,07.csv,,,,,,
9008070199755,510068328,Stahlfelge,Felgen,16.csv,,,,,,
9008070230557,3055 / 144101,Stahlfelge,FELGEN,07.csv,,,,,,
9008070230557,510068841,Stahlfelge,Felgen,16.csv,,,,,,
9008070232605,3260ALC,Alcar,FELGEN,12.csv,,,,SCHWARZ,,
9008070240556,510068842,Stahlfelge,Felgen,16.csv,,,,,,
9008070240556,4055 / 155901,Alcar,FELGEN,07.csv,,,,Stahlfelge,,
9008070255802,510068891,Stahlfelge,Felgen,16.csv,,,,,,
9008070260233,6023ALC,Alcar,FELGEN,12.csv,,,,SILBER,,
9008070260233,TYRE-R3C3F355CDE35,ALCAR,FELGEN,13.csv,,,,SILBER,,
9008070262152,6215ALC,Alcar,FELGEN,12.csv,,,,,,
9008070264354,6435ALC,Alcar,FELGEN,12.csv,,,,,,
9008070264453,6445ALC,Alcar,FELGEN,12.csv,,,,,,
9008070265016,510068739,Stahlfelge,Felgen,16.csv,,,,,,
9008070265153,6515 / 143626,Alcar,FELGEN,07.csv,,,,Stahlfelge,,
9008070266648,6664ALC,Alcar,FELGEN,12.csv,,,,,,
9008070266648,TYRE-RE9623BBCF478,ALCAR,FELGEN,13.csv,,,,,,
9008070266655,510068814,Stahlfelge,Felgen,16.csv,,,,,,
9008070266655,6665ALC,Alcar,FELGEN,12.csv,,,,BLACK,,
9008070269557,510068875,Stahlfelge,Felgen,16.csv,,,,,,
9008070269779,510068888,Stahlfelge,Felgen,16.csv,,,,,,
9008070269779,TYRE-R9356FAFBBA41,ALCAR,Felgen,13.csv,,,,,,
9008070272328,7232.,Alcar,FELGEN,07.csv,,,,,,
9008070272335,7233ALC,Alcar,FELGEN,12.csv,,,,SILVER,,
9008070273127,7312ALC,Alcar,FELGEN,12.csv,,,,,,
9008070273127,510068886,Stahlfelge,Felgen,16.csv,,,,,,
9008070273851,7385ALC,Alcar,FELGEN,12.csv,,,,BLACK,,
9008070276166,7616.,Alcar,FELGEN,07.csv,,,,Black,,
9008070276166,7616ALC,Alcar,FELGEN,12.csv,,,,SCHWARZ,,
9008070280002,8000ALC,Alcar,FELGEN,12.csv,,,,,,
9008070280552,8055ALC,Alcar,FELGEN,12.csv,,,,,,
9008070282471,510068664,Stahlfelge,Felgen,16.csv,,,,,,
9008070282471,8247ALC,Alcar,FELGEN,12.csv,,,,BLACK,,
9008070283607,TYRE-R5FEFF3B984F9,ALCAR,FELGEN,13.csv,,,,SILVER,,
9008070283607,8360ALC,Alcar,FELGEN,12.csv,,,,SILVER,,
9008070286677,8667ALC,Alcar,FELGEN,12.csv,,,,BLACK,,
9008070290018,9001ALC,Alcar,FELGEN,12.csv,,,,BLACK,,
9008070290018,9001 / 175304,Stahlfelge,FELGEN,07.csv,,,,BLACK,,
9008070290315,9031ALC,Alcar,FELGEN,12.csv,,,,,,
9008070290315,TYRE-RCC8312B30E0E,ALCAR,FELGEN,13.csv,,,,,,
9008070294320,9432ALC,Alcar,FELGEN,12.csv,,,,,,
9008070294320,510068698,Stahlfelge,Felgen,16.csv,,,,,,
9008070294719,9471ALC,Alcar,FELGEN,12.csv,,,,SILVER,,
9008070294719,TYRE-R6FB404DBE4A2,ALCAR,FELGEN,13.csv,,,,SILVER,,
9008070294887,9488 / 163323,Stahlfelge,FELGEN,07.csv,,,,,,
9008070295433,9543ALC,Alcar,FELGEN,12.csv,,,,BLACK,,
9008070298977,9897ALC,Alcar,FELGEN,12.csv,,,,SILVER,,
9008070298977,9897 / 163321,Alcar,FELGEN,07.csv,,,,SILVER,,
9008070299363,9936ALC,Alcar,FELGEN,12.csv,,,,,,
9008070299813,9981ALC,Alcar,FELGEN,12.csv,,,,,,
9008070335535,3553ALC,Alcar,FELGEN,12.csv,,,,SCHWARZ,,
9008070340119,4011 / 154547,Stahlfelge,FELGEN,07.csv,,,,,,
9008070350156,5015ALC,Alcar,FELGEN,12.csv,,,,SCHWARZ,,
9008070366850,6685ALC,Alcar,FELGEN,12.csv,,,,,,
9008070375203,7520ALC,Alcar,FELGEN,12.csv,,,,SCHWARZ,,
9008070377153,7715ALC,Alcar,FELGEN,12.csv,,,,,,
9008070383376,510068665,Stahlfelge,Felgen,16.csv,,,,,,
9008070390169,9016ALC,Alcar,FELGEN,12.csv,,,,,,
9008070391180,9118ALC,Alcar,FELGEN,12.csv,,,,SILBER,,
9008070391180,9118 / 163337,Alcar,FELGEN,07.csv,,,,SILBER,,
9008070391180,510068667,Stahlfelge,Felgen,16.csv,,,,,,
9008070391333,9133ALC,Alcar,FELGEN,12.csv,,,,,,
9008070391975,510068759,Stahlfelge,Felgen,16.csv,,,,,,
9008070392651,9265ALC,Alcar,FELGEN,12.csv,,,,,,
9008070445951,4595ALC,Alcar,FELGEN,12.csv,,,,,,
9008070445951,510068828,Stahlfelge,Felgen,16.csv,,,,,,
9008070457701,5770 / 143720,Stahlfelge,FELGEN,07.csv,,,,,,
9008070457701,5770ALC,Alcar,FELGEN,12.csv,,,,,,
9008070461319,6131ALC,Alcar,FELGEN,12.csv,,,,SILBER,,
9008070461319,TYRE-RE5EE5EB0432D,ALCAR,FELGEN,13.csv,,,,SILBER,,
9008070461319,510068868,Stahlfelge,Felgen,16.csv,,,,,,
9008070465935,510068890,Stahlfelge,Felgen,16.csv,,,,,,
9008070465935,6593.,Alcar,FELGEN,07.csv,,,,Black,,
9008070465935,6593ALC,Alcar,FELGEN,12.csv,,,,,,
9008070466963,510068869,Stahlfelge,Felgen,16.csv,,,,,,
9008070467953,6795ALC,Alcar,FELGEN,12.csv,,,,,,
9008070470359,7035ALC,Alcar,FELGEN,12.csv,,,,SCHWARZ,,
9008070474425,7442ALC,Alcar,FELGEN,12.csv,,,,SCHWARZ,,
9008070474883,TYRE-R32AA99ED3980,ALCAR,FELGEN,13.csv,,,,SILVER,,
9008070474883,7488ALC,Alcar,FELGEN,12.csv,,,,SILVER,,
9008070474883,510068866,Stahlfelge,Felgen,16.csv,,,,,,
9008070474937,510068884,Stahlfelge,Felgen,16.csv,,,,,,
9008070474937,7493ALC,Alcar,FELGEN,12.csv,,,,SCHWARZ,,
9008070475101,7510 / 154629,Stahlfelge,FELGEN,07.csv,,,,,,
9008070482000,8200ALC,Alcar,FELGEN,12.csv,,,, ,,
9008070482000,TYRE-RBF6AD4738C74,ALCAR,FELGEN,13.csv,,,, ,,
9008070483854,8385 / 154106,Stahlfelge,FELGEN,07.csv,,,,,,
9008070483854,8385ALC,Alcar,FELGEN,12.csv,,,,,,
9008070484264,8426ALC,Alcar,FELGEN,12.csv,,,,BLACK,,
9008070493730,9373ALC,Alcar,FELGEN,12.csv,,,,BLACK,,
9008070493839,9383.,Alcar,FELGEN,07.csv,,,,Black,,
9008070493839,9383ALC,Alcar,FELGEN,12.csv,,,,SCHWARZ,,
9008070495352,510068303,Stahlfelge,Felgen,16.csv,,,,,,
9008070497028,9702 / 164002,Stahlfelge,FELGEN,07.csv,,,,,,
9008070684428,TYRE-R976306DD17A0,ALCAR,FELGEN,13.csv,,,, ,,
9008070684428,8442ALC,Alcar,FELGEN,12.csv,,,, ,,
9008071300013,130001ALC,Alcar,FELGEN,12.csv,,,,SILVER,,
9008071300013,TYRE-R150205A30D2C,ALCAR,FELGEN,13.csv,,,,SILVER,,
9008071315000,131500ALC,Alcar,FELGEN,12.csv,,,,SILVER,,
9008071315000,TYRE-RA77F2E4E2763,ALCAR,FELGEN,13.csv,,,,SILVER,,
9008071328000,132800ALC,Alcar,FELGEN,12.csv,,,,SILVER,,
9008071328000,TYRE-RC16058B28CA9,ALCAR,FELGEN,13.csv,,,,SILVER,,
9008071784608,510068235,Stahlfelge,Felgen,16.csv,,,,,,
9008073077753,7775ALC,Alcar,FELGEN,12.csv,,,,SCHWARZ,,
9008073215001,131500AALC,Alcar,FELGEN,12.csv,,,,ANTHRACITE,,
9008073215001,TYRE-R09B95E4FB9B4,ALCAR,FELGEN,13.csv,,,,ANTHRACITE,,
9008075059955,510068431,Stahlfelge,Felgen,16.csv,,,,,,
9008075059955,5995 / 143673,Stahlfelge,FELGEN,07.csv,,,,,,
9008075082250,8225.,Stahlfelge,FELGEN,07.csv,,,,,,
9008075192478,9247 / 163333,Alcar,FELGEN,07.csv,,,,,,
9008075193277,9327 / 163334,Alcar,FELGEN,07.csv,,,,,,
9008079070116,510068796,Stahlfelge,Felgen,16.csv,,,,,,
9008079073407,7340 / 154646,Stahlfelge,FELGEN,07.csv,,,,,,
9008079075036,510068745,Stahlfelge,Felgen,16.csv,,,,,,
9008079090022,510068740,Stahlfelge,Felgen,16.csv,,,,,,
9008079091333,510068572,Stahlfelge,Felgen,16.csv,,,,,,
9008079840016,4001.,Alcar,FELGEN,07.csv,,,,,,
9008079840047,4004 / 154609,Stahlfelge,FELGEN,07.csv,,,,,,
9008079875032,7503 / 163428,Stahlfelge,FELGEN,07.csv,,,,,,
9008079889527,8952 / 166201,Stahlfelge,FELGEN,07.csv,,,,,,
